warehouse_id,mapper_variant_id,mapper_variant_name,helper,pr_qty,wh_os,vm_os,kit_prepared_qty,calc_direct_refill,total_fresh,extra,remove,expire,sales,wh_cs_calc,vm_cs_calc
0,0,Unknown/Unmapped,0|0,760285.0,0.0,0.0,0.0,0.0,0.0,0.0,0.0,0.0,0.0,760285.0,0.0
0,10109,Fabeato Salt & Pepper Cashews,0|10109,1950.0,0.0,0.0,0.0,0.0,0.0,0.0,0.0,0.0,0.0,1950.0,0.0
0,10321,Superyou Strawberry Wafer Bar,0|10321,2900.0,0.0,0.0,0.0,0.0,0.0,0.0,0.0,0.0,0.0,2900.0,0.0
0,10390,Sweet Karam Coffee Madras Mixture,0|10390,4900.0,0.0,0.0,0.0,0.0,0.0,0.0,0.0,0.0,0.0,4900.0,0.0
0,10602,Fit & Flex Almond Mini Bytes ,0|10602,64.0,0.0,0.0,0.0,0.0,0.0,0.0,0.0,0.0,0.0,64.0,0.0
0,1069, Sunfeast Dark Fantasy Choco Fill Cookies Rs 10,0|1069,1008.0,0.0,0.0,0.0,0.0,0.0,0.0,0.0,0.0,0.0,1008.0,0.0
0,10845,Lotus Masala Chaach,0|10845,1464.0,0.0,0.0,0.0,0.0,0.0,0.0,0.0,0.0,0.0,1464.0,0.0
0,109,Real Mixed Fruit Juice Rs 20,0|109,1500.0,0.0,0.0,0.0,0.0,0.0,0.0,0.0,0.0,0.0,1500.0,0.0
0,1091,Max Protein Desi Masala  Rs 40,0|1091,864.0,0.0,0.0,0.0,0.0,0.0,0.0,0.0,0.0,0.0,864.0,0.0
0,11008,Reload Orange Rush Drink ,0|11008,5140.0,0.0,0.0,0.0,0.0,0.0,0.0,0.0,0.0,0.0,5140.0,0.0
0,11171,Superyou Multigrain Super Masala Chips 40,0|11171,2016.0,0.0,0.0,0.0,0.0,0.0,0.0,0.0,0.0,0.0,2016.0,0.0
0,11178,Sweet Karam Coffee Potato Chips 30g,0|11178,800.0,0.0,0.0,0.0,0.0,0.0,0.0,0.0,0.0,0.0,800.0,0.0
0,11179,Sweet Karam Coffee Garlic Murukku Sticks 30g,0|11179,400.0,0.0,0.0,0.0,0.0,0.0,0.0,0.0,0.0,0.0,400.0,0.0
0,11180,Sweet Karam Coffee Green Chilli Potato Chips 30g,0|11180,500.0,0.0,0.0,0.0,0.0,0.0,0.0,0.0,0.0,0.0,500.0,0.0
0,1120,Fanta Can ,0|1120,2419.0,0.0,0.0,0.0,0.0,0.0,0.0,0.0,0.0,0.0,2419.0,0.0
0,11388,Lets Try Aloo Bhujia ,0|11388,600.0,0.0,0.0,0.0,0.0,0.0,0.0,0.0,0.0,0.0,600.0,0.0
0,11392,Lets Try Kettle Peanut Party Mix ,0|11392,1200.0,0.0,0.0,0.0,0.0,0.0,0.0,0.0,0.0,0.0,1200.0,0.0
0,11613,Fabeato Korean Kimchi Banana Chips,0|11613,4350.0,0.0,0.0,0.0,0.0,0.0,0.0,0.0,0.0,0.0,4350.0,0.0
0,1170,Haldirams NGP Salted Peanut ,0|1170,10488.0,0.0,0.0,0.0,0.0,0.0,0.0,0.0,0.0,0.0,10488.0,0.0
0,120,Real Orange Juice 1,0|120,450.0,0.0,0.0,0.0,0.0,0.0,0.0,0.0,0.0,0.0,450.0,0.0
0,1241, Lays Indian Magic Masala Rs 20,0|1241,1920.0,0.0,0.0,0.0,0.0,0.0,0.0,0.0,0.0,0.0,1920.0,0.0
0,12429,Madmix Jowar Bhujia Masala Masti,0|12429,3600.0,0.0,0.0,0.0,0.0,0.0,0.0,0.0,0.0,0.0,3600.0,0.0
0,125,Fanta Pet 250ml Rs 20,0|125,1500.0,0.0,0.0,0.0,0.0,0.0,0.0,0.0,0.0,0.0,1500.0,0.0
0,12716,Klaw Masala Madness Sticks,0|12716,1008.0,0.0,0.0,0.0,0.0,0.0,0.0,0.0,0.0,0.0,1008.0,0.0
0,130,Choco Chips Cookies,0|130,19328.0,0.0,0.0,0.0,0.0,0.0,0.0,0.0,0.0,0.0,19328.0,0.0
0,1301,Maggi Cuppa Noodles Masala ,0|1301,7776.0,0.0,0.0,0.0,0.0,0.0,0.0,0.0,0.0,0.0,7776.0,0.0
0,1315, Britannia Treat Jim Jam Rs 10,0|1315,2490.0,0.0,0.0,0.0,0.0,0.0,0.0,0.0,0.0,0.0,2490.0,0.0
0,1326,Unibic Choco Chip Cookies ,0|1326,8832.0,0.0,0.0,0.0,0.0,0.0,0.0,0.0,0.0,0.0,8832.0,0.0
0,136,Real Guava Juice,0|136,660.0,0.0,0.0,0.0,0.0,0.0,0.0,0.0,0.0,0.0,660.0,0.0
0,139,Nestle Classic Chocolate ,0|139,30861.0,0.0,0.0,0.0,0.0,0.0,0.0,0.0,0.0,0.0,30861.0,0.0
0,140,Cadbury Dairy Milk Rs 20,0|140,432.0,0.0,0.0,0.0,0.0,0.0,0.0,0.0,0.0,0.0,432.0,0.0
0,1494,Britannia Treat Croissant Vanilla Rs15,0|1494,288.0,0.0,0.0,0.0,0.0,0.0,0.0,0.0,0.0,0.0,288.0,0.0
0,1606,BRB Popped Potato Chips Pasta Cheese ,0|1606,10136.0,0.0,0.0,0.0,0.0,0.0,0.0,0.0,0.0,0.0,10136.0,0.0
0,1608,Makino Nacho Chips Jalapeno ,0|1608,26088.0,0.0,0.0,0.0,0.0,0.0,0.0,0.0,0.0,0.0,26088.0,0.0
0,1636,Kurkure Solid Masti Rs 20,0|1636,3760.0,0.0,0.0,0.0,0.0,0.0,0.0,0.0,0.0,0.0,3760.0,0.0
0,17,McVities Digestive Rs 10,0|17,576.0,0.0,0.0,0.0,0.0,0.0,0.0,0.0,0.0,0.0,576.0,0.0
0,1738,Maggi Cuppa NDLS Masala Rs 55,0|1738,264.0,0.0,0.0,0.0,0.0,0.0,0.0,0.0,0.0,0.0,264.0,0.0
0,1743,Act 2 Popcorn Butter,0|1743,720.0,0.0,0.0,0.0,0.0,0.0,0.0,0.0,0.0,0.0,720.0,0.0
0,1931,Britannia Jim Jam ,0|1931,660.0,0.0,0.0,0.0,0.0,0.0,0.0,0.0,0.0,0.0,660.0,0.0
0,1959,Snickers Rs 20,0|1959,11744.0,0.0,0.0,0.0,0.0,0.0,0.0,0.0,0.0,0.0,11744.0,0.0
0,1972,Storia Coconut Water Rs 35,0|1972,240.0,0.0,0.0,0.0,0.0,0.0,0.0,0.0,0.0,0.0,240.0,0.0
0,2090,Bingo Tedhe Medhe Masala Tadka Rs 15,0|2090,1100.0,0.0,0.0,0.0,0.0,0.0,0.0,0.0,0.0,0.0,1100.0,0.0
0,2173,Coke Diet Can Rs 40,0|2173,480.0,0.0,0.0,0.0,0.0,0.0,0.0,0.0,0.0,0.0,480.0,0.0
0,2183,Kit Kat ,0|2183,11084.0,0.0,0.0,0.0,0.0,0.0,0.0,0.0,0.0,0.0,11084.0,0.0
0,2330,Bikano Bikaneri Bhujia ,0|2330,5580.0,0.0,0.0,0.0,0.0,0.0,0.0,0.0,0.0,0.0,5580.0,0.0
0,2412,Nescafe Chilled Latte Rs 45,0|2412,3210.0,0.0,0.0,0.0,0.0,0.0,0.0,0.0,0.0,0.0,3210.0,0.0
0,2456,Unibic Choco Chip Cookies Rs 40,0|2456,768.0,0.0,0.0,0.0,0.0,0.0,0.0,0.0,0.0,0.0,768.0,0.0
0,252,Thumps Up Can,0|252,2760.0,0.0,0.0,0.0,0.0,0.0,0.0,0.0,0.0,0.0,2760.0,0.0
0,2584,Paper Boat Chocolate Milkshake Rs35,0|2584,405.0,0.0,0.0,0.0,0.0,0.0,0.0,0.0,0.0,0.0,405.0,0.0
0,261,McVitie's Digestive Biscuits,0|261,2592.0,0.0,0.0,0.0,0.0,0.0,0.0,0.0,0.0,0.0,2592.0,0.0
0,2818,Cadbury 5 Star Oreo Rs 35,0|2818,336.0,0.0,0.0,0.0,0.0,0.0,0.0,0.0,0.0,0.0,336.0,0.0
0,282,Too Yumm Veggie Stix Cheese & Herbs Rs 20,0|282,47134.0,0.0,0.0,0.0,0.0,0.0,0.0,0.0,0.0,0.0,47134.0,0.0
0,290,Kurkure Masala Munch ,0|290,450.0,0.0,0.0,0.0,0.0,0.0,0.0,0.0,0.0,0.0,450.0,0.0
0,2910,Cavins Badam Milkshake Rs 60,0|2910,270.0,0.0,0.0,0.0,0.0,0.0,0.0,0.0,0.0,0.0,270.0,0.0
0,3002,Snickers Kesar Pista Rs 30,0|3002,192.0,0.0,0.0,0.0,0.0,0.0,0.0,0.0,0.0,0.0,192.0,0.0
0,306,Hazelnut Latte,0|306,720.0,0.0,0.0,0.0,0.0,0.0,0.0,0.0,0.0,0.0,720.0,0.0
0,3092,Alo Frut Kiwi Rs 30,0|3092,288.0,0.0,0.0,0.0,0.0,0.0,0.0,0.0,0.0,0.0,288.0,0.0
0,313,Paperboat Chikki,0|313,540.0,0.0,0.0,0.0,0.0,0.0,0.0,0.0,0.0,0.0,540.0,0.0
0,318,Coke Zero,0|318,2520.0,0.0,0.0,0.0,0.0,0.0,0.0,0.0,0.0,0.0,2520.0,0.0
0,3286,Limca Rs 40,0|3286,720.0,0.0,0.0,0.0,0.0,0.0,0.0,0.0,0.0,0.0,720.0,0.0
0,3298,Paper Boat Aamras ,0|3298,360.0,0.0,0.0,0.0,0.0,0.0,0.0,0.0,0.0,0.0,360.0,0.0
0,331,Britannia Veg Cake Fruity Fun Rs 20,0|331,1188.0,0.0,0.0,0.0,0.0,0.0,0.0,0.0,0.0,0.0,1188.0,0.0
0,3387,Nescafe Intense Cafe ,0|3387,180.0,0.0,0.0,0.0,0.0,0.0,0.0,0.0,0.0,0.0,180.0,0.0
0,3535,Coca cola Original Taste ,0|3535,480.0,0.0,0.0,0.0,0.0,0.0,0.0,0.0,0.0,0.0,480.0,0.0
0,3810,Lays Wavay Cream Onion Flavour Rs 15,0|3810,4800.0,0.0,0.0,0.0,0.0,0.0,0.0,0.0,0.0,0.0,4800.0,0.0
0,395,Too Yum- Multigrain Chips,0|395,8318.0,0.0,0.0,0.0,0.0,0.0,0.0,0.0,0.0,0.0,8318.0,0.0
0,401,Bingo - Potato Chips Masala,0|401,8703.0,0.0,0.0,0.0,0.0,0.0,0.0,0.0,0.0,0.0,8703.0,0.0
0,4036,Snickers Kesar Pista Stick Rs 30,0|4036,2736.0,0.0,0.0,0.0,0.0,0.0,0.0,0.0,0.0,0.0,2736.0,0.0
0,4037,Snickers Almond Stick ,0|4037,192.0,0.0,0.0,0.0,0.0,0.0,0.0,0.0,0.0,0.0,192.0,0.0
0,4068,Alo Frut Orange Rs 30,0|4068,360.0,0.0,0.0,0.0,0.0,0.0,0.0,0.0,0.0,0.0,360.0,0.0
0,4234,Mars Snickers,0|4234,576.0,0.0,0.0,0.0,0.0,0.0,0.0,0.0,0.0,0.0,576.0,0.0
0,4238,Fit And Flex Cheesy Cheese Flavour ,0|4238,540.0,0.0,0.0,0.0,0.0,0.0,0.0,0.0,0.0,0.0,540.0,0.0
0,430,Haldiram's Moong Dal Rs 10 ,0|430,180.0,0.0,0.0,0.0,0.0,0.0,0.0,0.0,0.0,0.0,180.0,0.0
0,4335,Townbus Madras Mixture,0|4335,17232.0,0.0,0.0,0.0,0.0,0.0,0.0,0.0,0.0,0.0,17232.0,0.0
0,4545,Snickers chocolate bar Rs 50,0|4545,2160.0,0.0,0.0,0.0,0.0,0.0,0.0,0.0,0.0,0.0,2160.0,0.0
0,4565,Snickers chocolate ,0|4565,408.0,0.0,0.0,0.0,0.0,0.0,0.0,0.0,0.0,0.0,408.0,0.0
0,478,Kit Kat Rs 25,0|478,18284.0,0.0,0.0,0.0,0.0,0.0,0.0,0.0,0.0,0.0,18284.0,0.0
0,4968,Cracker Bee Fruit And Nut Rs 30,0|4968,960.0,0.0,0.0,0.0,0.0,0.0,0.0,0.0,0.0,0.0,960.0,0.0
0,5090,Rewynd Khakhra Methi Thepla 40g Rs 20,0|5090,864.0,0.0,0.0,0.0,0.0,0.0,0.0,0.0,0.0,0.0,864.0,0.0
0,5283,4700BC 100 Corn Chips Salt And Truffle Rs 20,0|5283,3192.0,0.0,0.0,0.0,0.0,0.0,0.0,0.0,0.0,0.0,3192.0,0.0
0,5351,Puzzles Aloo Bhujia Rs 10,0|5351,288.0,0.0,0.0,0.0,0.0,0.0,0.0,0.0,0.0,0.0,288.0,0.0
0,5364,Puzzles Nut Crackers Rs 20 ,0|5364,576.0,0.0,0.0,0.0,0.0,0.0,0.0,0.0,0.0,0.0,576.0,0.0
0,541,Too Yumm Karare Munchy Masala Rs 20,0|541,4352.0,0.0,0.0,0.0,0.0,0.0,0.0,0.0,0.0,0.0,4352.0,0.0
0,5494,Farmley Roasted Makhana Cream And Onion Rs 30,0|5494,3700.0,0.0,0.0,0.0,0.0,0.0,0.0,0.0,0.0,0.0,3700.0,0.0
0,5495,Farmley Peri Peri Roasted Makhana ,0|5495,240.0,0.0,0.0,0.0,0.0,0.0,0.0,0.0,0.0,0.0,240.0,0.0
0,5879,Townbus Bombay Mixture,0|5879,720.0,0.0,0.0,0.0,0.0,0.0,0.0,0.0,0.0,0.0,720.0,0.0
0,61,Paper Boat Lychee Ras Rs 20,0|61,180.0,0.0,0.0,0.0,0.0,0.0,0.0,0.0,0.0,0.0,180.0,0.0
0,663,Britannia Veg Cake Chocolate Rs 20,0|663,4020.0,0.0,0.0,0.0,0.0,0.0,0.0,0.0,0.0,0.0,4020.0,0.0
0,678,Britannia Bourbon-Rs 10,0|678,17064.0,0.0,0.0,0.0,0.0,0.0,0.0,0.0,0.0,0.0,17064.0,0.0
0,691,Britannia Chocolate Shake Rs 30 ,0|691,648.0,0.0,0.0,0.0,0.0,0.0,0.0,0.0,0.0,0.0,648.0,0.0
0,693,Snickers,0|693,8480.0,0.0,0.0,0.0,0.0,0.0,0.0,0.0,0.0,0.0,8480.0,0.0
0,694,Frooti ,0|694,13360.0,0.0,0.0,0.0,0.0,0.0,0.0,0.0,0.0,0.0,13360.0,0.0
0,7088,Dates Bites Sachet Rs 40,0|7088,6576.0,0.0,0.0,0.0,0.0,0.0,0.0,0.0,0.0,0.0,6576.0,0.0
0,7112,Cheese & Herbs Corn Chips Rs 20,0|7112,1200.0,0.0,0.0,0.0,0.0,0.0,0.0,0.0,0.0,0.0,1200.0,0.0
0,7214,The Theatre Project Popcorn Cheddar Cheese Rs 20,0|7214,600.0,0.0,0.0,0.0,0.0,0.0,0.0,0.0,0.0,0.0,600.0,0.0
0,73,Cavin's Lassi,0|73,14460.0,0.0,0.0,0.0,0.0,0.0,0.0,0.0,0.0,0.0,14460.0,0.0
0,7483,Farmley Achaari Munchies Rs 20,0|7483,960.0,0.0,0.0,0.0,0.0,0.0,0.0,0.0,0.0,0.0,960.0,0.0
0,7759,Alo Frut Kiwi Alovera Rs 30,0|7759,288.0,0.0,0.0,0.0,0.0,0.0,0.0,0.0,0.0,0.0,288.0,0.0
0,794,Britannia Little Hearts,0|794,1204.0,0.0,0.0,0.0,0.0,0.0,0.0,0.0,0.0,0.0,1204.0,0.0
0,80,Cavin's Spiced ButterMilk,0|80,7830.0,0.0,0.0,0.0,0.0,0.0,0.0,0.0,0.0,0.0,7830.0,0.0
0,82,Paper Boat Alphonso Aam Rs 25,0|82,6570.0,0.0,0.0,0.0,0.0,0.0,0.0,0.0,0.0,0.0,6570.0,0.0
0,8279,Lotus Thandai Badam Milk ,0|8279,1050.0,0.0,0.0,0.0,0.0,0.0,0.0,0.0,0.0,0.0,1050.0,0.0
0,8287,Wonderland Foods Almond Roasted & Salted,0|8287,7900.0,0.0,0.0,0.0,0.0,0.0,0.0,0.0,0.0,0.0,7900.0,0.0
0,831,Too Yumm Veggie Stix  Sour Cream & Onion ,0|831,4632.0,0.0,0.0,0.0,0.0,0.0,0.0,0.0,0.0,0.0,4632.0,0.0
0,8481,Campa Orange Rs 10,0|8481,900.0,0.0,0.0,0.0,0.0,0.0,0.0,0.0,0.0,0.0,900.0,0.0
0,8668,Britannia Good Day Cashew Cookies ,0|8668,240.0,0.0,0.0,0.0,0.0,0.0,0.0,0.0,0.0,0.0,240.0,0.0
0,929,Sprite750ml,0|929,5520.0,0.0,0.0,0.0,0.0,0.0,0.0,0.0,0.0,0.0,5520.0,0.0
0,935,Lays - American Style Cream and Onion ,0|935,13640.0,0.0,0.0,0.0,0.0,0.0,0.0,0.0,0.0,0.0,13640.0,0.0
0,984,Appy 200ml Rs 15,0|984,4110.0,0.0,0.0,0.0,0.0,0.0,0.0,0.0,0.0,0.0,4110.0,0.0
0,9851,Farmley Cream & Onion Makhana Rs 50,0|9851,720.0,0.0,0.0,0.0,0.0,0.0,0.0,0.0,0.0,0.0,720.0,0.0
0,9994,Fit & flex Masala Protein Puffs ,0|9994,112.0,0.0,0.0,0.0,0.0,0.0,0.0,0.0,0.0,0.0,112.0,0.0
1,0,Unknown/Unmapped,1|0,48488.0,0.0,0.0,23588.0,0.0,23588.0,0.0,437.0,110.0,15011.0,25337.0,8030.0
1,1,Soya Masala Snacker,1|1,0.0,1.0,0.0,0.0,0.0,0.0,0.0,0.0,0.0,0.0,1.0,0.0
1,10,Mother Dairy Chach Rs 10,1|10,0.0,0.0,0.0,0.0,0.0,0.0,0.0,0.0,0.0,0.0,0.0,0.0
1,10017,Plum Sunscreen ,1|10017,0.0,0.0,0.0,64.0,0.0,64.0,0.0,33.0,0.0,45.0,-31.0,-14.0
1,10048,Just Herbs Lipstick Micro Mini Kit Rs 575,1|10048,0.0,0.0,0.0,231.0,0.0,231.0,0.0,141.0,6.0,23.0,-90.0,61.0
1,10068,Idli Chutney,1|10068,190.0,0.0,0.0,138.0,0.0,138.0,0.0,0.0,96.0,42.0,52.0,0.0
1,101,Aloo Matar Sandwich,1|101,0.0,0.0,0.0,0.0,0.0,0.0,0.0,12.0,0.0,0.0,12.0,-12.0
1,10109,Fabeato Salt & Pepper Cashews,1|10109,0.0,0.0,5.0,899.0,0.0,899.0,3.0,89.0,40.0,839.0,-807.0,-67.0
1,10114,Nutrezy Raisin Omega & Crunch Trail Mix,1|10114,920.0,474.0,26.0,1673.0,0.0,1673.0,0.0,319.0,4.0,1145.0,40.0,231.0
1,10163,Lotus Cold Coffee Classic ,1|10163,4500.0,0.0,0.0,4832.0,0.0,4832.0,4.0,422.0,76.0,4141.0,94.0,189.0
1,10173,Pilgrim French Red Vine Face Cream Rs 200,1|10173,0.0,0.0,0.0,35.0,0.0,35.0,0.0,0.0,0.0,44.0,-35.0,-9.0
1,10194,tehs,1|10194,0.0,0.0,0.0,0.0,0.0,0.0,0.0,0.0,0.0,0.0,0.0,0.0
1,10195,hehsh,1|10195,0.0,0.0,0.0,0.0,0.0,0.0,0.0,0.0,0.0,0.0,0.0,0.0
1,1020,Cremica Choco Chip Cookies Rs 20,1|1020,0.0,0.0,0.0,0.0,0.0,0.0,0.0,0.0,0.0,0.0,0.0,0.0
1,1023,Britannia Chocolate Shake Rs 35,1|1023,0.0,0.0,0.0,42.0,0.0,42.0,0.0,1.0,0.0,45.0,-41.0,-4.0
1,10230,Bassheads 100 Black,1|10230,0.0,0.0,0.0,25.0,0.0,25.0,0.0,22.0,0.0,2.0,-3.0,1.0
1,10231,EnergyShroom PB300 Lite Carbon Black,1|10231,0.0,0.0,0.0,7.0,0.0,7.0,0.0,4.0,0.0,1.0,-3.0,2.0
1,10232,Type C A320,1|10232,0.0,0.0,0.0,23.0,0.0,23.0,0.0,19.0,0.0,2.0,-4.0,2.0
1,10292,Mcaffeine Pumpkin Spice Latte Body Wash 300 ml,1|10292,0.0,0.0,0.0,0.0,0.0,0.0,0.0,0.0,0.0,0.0,0.0,0.0
1,1032,Snickers Rs 40,1|1032,0.0,0.0,0.0,0.0,0.0,0.0,0.0,0.0,0.0,0.0,0.0,0.0
1,10321,Superyou Strawberry Wafer Bar,1|10321,16840.0,293.0,15.0,18447.0,0.0,18447.0,7.0,1418.0,658.0,16413.0,111.0,-34.0
1,10390,Sweet Karam Coffee Madras Mixture,1|10390,0.0,0.0,0.0,188.0,0.0,188.0,0.0,12.0,0.0,165.0,-176.0,11.0
1,1048,Balaji Wafers Pizzy Masala Rs 10,1|1048,0.0,0.0,0.0,1855.0,0.0,1855.0,14.0,26.0,10.0,1793.0,-1815.0,12.0
1,10489,Puri Bhaji,1|10489,0.0,0.0,0.0,2.0,0.0,2.0,0.0,0.0,0.0,0.0,-2.0,2.0
1,10501,Veg Poha ,1|10501,2803.0,0.0,0.0,2325.0,0.0,2325.0,0.0,130.0,1026.0,731.0,608.0,438.0
1,10539,Sugar Pop SPF Sunscreen Rs 349,1|10539,0.0,0.0,0.0,255.0,0.0,255.0,0.0,39.0,44.0,154.0,-216.0,18.0
1,1054,Cavins Strawberry Milk Shake Rs 35,1|1054,0.0,0.0,0.0,0.0,0.0,0.0,0.0,0.0,0.0,0.0,0.0,0.0
1,10586,Ritebite Melting Chocolate ,1|10586,8784.0,0.0,0.0,7169.0,0.0,7169.0,10.0,423.0,93.0,6641.0,2048.0,2.0
1,1059,Cavin's Spiced Butter Milk Rs 15,1|1059,0.0,0.0,0.0,0.0,0.0,0.0,0.0,0.0,0.0,0.0,0.0,0.0
1,10603,Mens Brief Brekkie M,1|10603,0.0,0.0,0.0,35.0,0.0,35.0,0.0,4.0,0.0,23.0,-31.0,8.0
1,10681,The Derma Co Kojic Acid Daily Facewash Rs 299,1|10681,0.0,0.0,0.0,216.0,0.0,216.0,0.0,82.0,16.0,75.0,-134.0,43.0
1,10682,The Derma Co Face Serum 30 ml Rs 499,1|10682,0.0,0.0,0.0,120.0,0.0,120.0,0.0,84.0,0.0,11.0,-36.0,25.0
1,10683,The Derma Co Niacinamide Serum 30ml Rs 599,1|10683,0.0,0.0,0.0,68.0,0.0,68.0,0.0,45.0,0.0,14.0,-23.0,9.0
1,10684,The Derma Co Sunscreen Aqua Gel 80g Rs 649 ,1|10684,0.0,0.0,0.0,68.0,0.0,68.0,0.0,28.0,11.0,13.0,-40.0,16.0
1,10686,The Derma Co Salicylic Acid Serum 30ml Rs 649,1|10686,0.0,0.0,0.0,64.0,0.0,64.0,0.0,44.0,0.0,8.0,-20.0,12.0
1,10688,Aqualogica Dewy Sunscreen Rs 449,1|10688,0.0,0.0,0.0,199.0,0.0,199.0,0.0,123.0,5.0,56.0,-76.0,15.0
1,10689,Aqualogica Facewash 100ml Rs 249,1|10689,0.0,0.0,0.0,118.0,0.0,118.0,0.0,58.0,4.0,30.0,-60.0,26.0
1,1069, Sunfeast Dark Fantasy Choco Fill Cookies Rs 10,1|1069,0.0,0.0,0.0,0.0,0.0,0.0,0.0,0.0,0.0,0.0,0.0,0.0
1,10696,Insta Ahaar Classic Masala Poha ,1|10696,1680.0,0.0,0.0,1672.0,0.0,1672.0,0.0,472.0,348.0,700.0,480.0,152.0
1,10697,Insta Ahaar Cuppa Classic Masala Poha ,1|10697,432.0,0.0,0.0,173.0,0.0,173.0,0.0,28.0,16.0,123.0,287.0,6.0
1,10702,Insta Ahaar Veggie Upma 60gms,1|10702,0.0,0.0,0.0,70.0,0.0,70.0,0.0,4.0,0.0,16.0,-66.0,50.0
1,10710,Campa Cola ,1|10710,0.0,0.0,0.0,159.0,0.0,159.0,0.0,0.0,2.0,115.0,-159.0,42.0
1,10724,Bru Cold Coffee ,1|10724,6440.0,0.0,0.0,377.0,0.0,377.0,0.0,59.0,18.0,248.0,6122.0,52.0
1,10735,Cholai Laddu ,1|10735,0.0,0.0,0.0,431.0,0.0,431.0,0.0,35.0,3.0,434.0,-396.0,-41.0
1,10736,Yellow Banana Chips ,1|10736,0.0,0.0,0.0,408.0,0.0,408.0,0.0,16.0,0.0,432.0,-392.0,-40.0
1,10737,Salted Potato Chips ,1|10737,0.0,0.0,2.0,459.0,0.0,459.0,0.0,46.0,3.0,439.0,-413.0,-27.0
1,10844,Lotus Lassi,1|10844,7200.0,0.0,0.0,7287.0,3.0,7290.0,3.0,400.0,88.0,6663.0,313.0,136.0
1,10845,Lotus Masala Chaach,1|10845,8400.0,0.0,0.0,8710.0,0.0,8710.0,7.0,436.0,55.0,8073.0,133.0,139.0
1,10856,Jimmys Classic Lime Lemonade,1|10856,2640.0,0.0,0.0,2735.0,0.0,2735.0,3.0,202.0,25.0,2382.0,110.0,123.0
1,10857,Swizzle Desi Lemonade ,1|10857,2112.0,0.0,0.0,1146.0,12.0,1158.0,0.0,178.0,76.0,501.0,1132.0,403.0
1,10892,Crispy Veg Cutlet,1|10892,0.0,0.0,0.0,2.0,0.0,2.0,0.0,0.0,0.0,0.0,-2.0,2.0
1,109,Real Mixed Fruit Juice Rs 20,1|109,13740.0,5498.0,290.0,19733.0,0.0,19733.0,11.0,1526.0,625.0,20023.0,1042.0,-2162.0
1,10900,Medu wada with coconut chutney ,1|10900,548.0,0.0,0.0,429.0,0.0,429.0,0.0,29.0,224.0,162.0,148.0,14.0
1,10901,Idli Vada With Chutney ,1|10901,477.0,0.0,0.0,366.0,0.0,366.0,0.0,34.0,198.0,122.0,145.0,12.0
1,10902,Veg Afghani Chaap Roll,1|10902,600.0,0.0,0.0,415.0,0.0,415.0,1.0,26.0,215.0,138.0,212.0,35.0
1,10903,Soya Chaap Roll,1|10903,588.0,0.0,0.0,605.0,0.0,605.0,0.0,44.0,357.0,200.0,27.0,4.0
1,1091,Max Protein Desi Masala  Rs 40,1|1091,720.0,0.0,0.0,1873.0,0.0,1873.0,0.0,201.0,41.0,1533.0,-952.0,98.0
1,1096,Kinley Water Rs 8,1|1096,0.0,0.0,0.0,0.0,0.0,0.0,0.0,0.0,0.0,0.0,0.0,0.0
1,1097,Eighty 7 Cranberries 200 gm Rs 347,1|1097,0.0,0.0,0.0,0.0,0.0,0.0,0.0,0.0,0.0,0.0,0.0,0.0
1,11,Mother Dairy Sweet Lassi,1|11,67500.0,2162.0,113.0,68246.0,7.0,68253.0,39.0,1708.0,520.0,61739.0,3156.0,4360.0
1,11008,Reload Orange Rush Drink ,1|11008,9640.0,0.0,0.0,10183.0,30.0,10213.0,3.0,810.0,90.0,7668.0,240.0,1642.0
1,11106,Eat Better Millet Namkeen Desi Masala ,1|11106,15960.0,0.0,0.0,14894.0,0.0,14894.0,7.0,1078.0,991.0,10578.0,2151.0,2240.0
1,11146,Swap Lemon Zing ,1|11146,2160.0,0.0,0.0,2511.0,0.0,2511.0,1.0,478.0,98.0,1222.0,128.0,712.0
1,11152,Ella Foods Ready To Eat Poha 65g,1|11152,1024.0,0.0,0.0,1064.0,0.0,1064.0,1.0,206.0,200.0,580.0,167.0,77.0
1,11154,Ella Foods Salted Almonds,1|11154,0.0,0.0,0.0,18.0,0.0,18.0,0.0,9.0,0.0,9.0,-9.0,0.0
1,1116,TEST PRODUCT,1|1116,0.0,0.0,0.0,110.0,0.0,110.0,0.0,16.0,0.0,0.0,-94.0,94.0
1,11171,Superyou Multigrain Super Masala Chips 40,1|11171,20928.0,0.0,0.0,19211.0,6.0,19217.0,10.0,1644.0,135.0,17011.0,3365.0,417.0
1,11178,Sweet Karam Coffee Potato Chips 30g,1|11178,9200.0,0.0,0.0,6961.0,0.0,6961.0,3.0,309.0,83.0,6391.0,2551.0,175.0
1,11180,Sweet Karam Coffee Green Chilli Potato Chips 30g,1|11180,1250.0,0.0,0.0,3860.0,6.0,3866.0,2.0,177.0,18.0,3429.0,-2437.0,240.0
1,1120,Fanta Can ,1|1120,0.0,0.0,3.0,2278.0,1.0,2279.0,0.0,115.0,15.0,2046.0,-2164.0,106.0
1,11251,Bru Cold Coffee 200 ML,1|11251,0.0,0.0,0.0,5553.0,8.0,5561.0,18.0,344.0,38.0,3395.0,-5199.0,1766.0
1,11252,Boost Ready To Drink 180 ML,1|11252,9750.0,0.0,0.0,7419.0,30.0,7449.0,0.0,613.0,249.0,4719.0,2914.0,1868.0
1,11274,Millet Bank Chilli Chataka Stix,1|11274,9200.0,0.0,0.0,10390.0,6.0,10396.0,3.0,917.0,132.0,8652.0,-276.0,692.0
1,11289,Yogritu Daily Boost,1|11289,1290.0,0.0,0.0,1301.0,0.0,1301.0,0.0,303.0,12.0,437.0,292.0,549.0
1,11388,Lets Try Aloo Bhujia ,1|11388,85800.0,0.0,0.0,77835.0,16.0,77851.0,10.0,2070.0,922.0,69361.0,10029.0,5488.0
1,114,Coke Regular Can Rs 35,1|114,0.0,0.0,0.0,0.0,0.0,0.0,0.0,0.0,0.0,0.0,0.0,0.0
1,1140,Nutty Gritties Roasted & Salted Pistachios 200g Rs 420,1|1140,0.0,0.0,0.0,0.0,0.0,0.0,0.0,0.0,0.0,0.0,0.0,0.0
1,11411,Heat Omatic Upma ,1|11411,300.0,0.0,0.0,129.0,0.0,129.0,0.0,7.0,3.0,27.0,178.0,92.0
1,1143,Nestle Kit Kat,1|1143,24540.0,4427.0,239.0,13327.0,0.0,13327.0,1.0,436.0,131.0,12063.0,16077.0,935.0
1,11431,Stuffed Bread Roll,1|11431,4724.0,0.0,0.0,4308.0,0.0,4308.0,6.0,551.0,1750.0,1904.0,973.0,97.0
1,11433,Coleslaw Sandwich ,1|11433,1535.0,0.0,0.0,1373.0,0.0,1373.0,1.0,195.0,640.0,530.0,358.0,7.0
1,11434,Paneer Paratha ,1|11434,1495.0,0.0,0.0,1256.0,0.0,1256.0,1.0,224.0,859.0,162.0,464.0,10.0
1,1144,DM Tomato Ketchup Rs-1,1|1144,0.0,4.0,0.0,0.0,0.0,0.0,0.0,0.0,0.0,0.0,4.0,0.0
1,11507,Budweiser Magnum Beer,1|11507,0.0,0.0,0.0,198.0,0.0,198.0,0.0,12.0,0.0,62.0,-186.0,124.0
1,11531,Veg Cheese Sandwich ,1|11531,796.0,0.0,0.0,714.0,0.0,714.0,0.0,104.0,356.0,243.0,186.0,11.0
1,11532,Panner Pakora,1|11532,3978.0,0.0,0.0,3315.0,0.0,3315.0,2.0,285.0,1261.0,1579.0,950.0,188.0
1,11533,Samosa,1|11533,1291.0,0.0,0.0,1156.0,0.0,1156.0,1.0,45.0,224.0,798.0,181.0,88.0
1,11536,Paneer Roll,1|11536,573.0,0.0,0.0,387.0,0.0,387.0,0.0,64.0,245.0,49.0,250.0,29.0
1,11613,Fabeato Korean Kimchi Banana Chips,1|11613,11240.0,0.0,0.0,10103.0,2.0,10105.0,2.0,758.0,222.0,7919.0,1895.0,1204.0
1,11617,Butter Popcorn Jumbo Pack,1|11617,0.0,0.0,0.0,1764.0,9.0,1773.0,7.0,144.0,17.0,1489.0,-1622.0,116.0
1,11683,Navratri Panner Pakora Vrat Saunth,1|11683,426.0,0.0,0.0,353.0,0.0,353.0,0.0,51.0,123.0,179.0,124.0,0.0
1,11686,Navratri Aloo Tikki With Vrat Saunth,1|11686,240.0,0.0,0.0,220.0,0.0,220.0,0.0,25.0,49.0,142.0,45.0,4.0
1,11687,Navratri Singara Atta Burfi 100 gm,1|11687,349.0,0.0,0.0,235.0,0.0,235.0,0.0,23.0,60.0,147.0,137.0,5.0
1,1170,Haldirams NGP Salted Peanut ,1|1170,0.0,6113.0,330.0,76878.0,2.0,76880.0,31.0,7074.0,3562.0,71775.0,-63662.0,-5232.0
1,11716,Cholai Laddu,1|11716,350.0,0.0,0.0,366.0,0.0,366.0,0.0,73.0,36.0,253.0,57.0,4.0
1,11717,Yellow Chips,1|11717,350.0,0.0,0.0,334.0,0.0,334.0,0.0,12.0,4.0,318.0,28.0,0.0
1,11718,Salted Potato Chips,1|11718,350.0,0.0,0.0,336.0,0.0,336.0,0.0,56.0,1.0,278.0,70.0,1.0
1,1176,Grilled Veggie Sandwich Rs 45,1|1176,0.0,0.0,0.0,0.0,0.0,0.0,0.0,0.0,0.0,0.0,0.0,0.0
1,11768,Kakaji Nimbu Bhujia,1|11768,0.0,0.0,0.0,0.0,0.0,0.0,0.0,5.0,0.0,0.0,5.0,-5.0
1,11788,Envy Luv Deodorant Women 120 ml,1|11788,121.0,0.0,0.0,138.0,0.0,138.0,0.0,64.0,1.0,17.0,47.0,56.0
1,11789,Park Avenue Strom Classic Deo 150ml,1|11789,155.0,0.0,0.0,211.0,0.0,211.0,0.0,86.0,3.0,22.0,30.0,100.0
1,11790,The Man Company Gold Legend Deo 150ml,1|11790,112.0,0.0,0.0,133.0,0.0,133.0,0.0,55.0,0.0,5.0,34.0,73.0
1,11791,Dettol Hand Santizier 50ml,1|11791,184.0,0.0,0.0,188.0,0.0,188.0,0.0,29.0,0.0,133.0,25.0,26.0
1,11792,Dettol Original Multiuse Skin & Surface Wipes 10U,1|11792,88.0,0.0,0.0,85.0,0.0,85.0,0.0,22.0,0.0,50.0,25.0,13.0
1,11793,Clean & Clear Face Wash 50ml,1|11793,120.0,0.0,0.0,155.0,0.0,155.0,0.0,74.0,0.0,39.0,39.0,42.0
1,11794,Nivea All In One Face Wash 50 ml,1|11794,46.0,0.0,0.0,44.0,0.0,44.0,0.0,27.0,0.0,11.0,29.0,6.0
1,11795,Ustraa Face Wash Dry Skin 100g,1|11795,119.0,0.0,0.0,168.0,0.0,168.0,0.0,75.0,0.0,15.0,26.0,78.0
1,11796,Ustraa Power Face Wash Energize Detan 100g,1|11796,142.0,0.0,0.0,185.0,0.0,185.0,0.0,72.0,0.0,19.0,29.0,94.0
1,11797,Fem Gold Bleach 8g,1|11797,60.0,0.0,0.0,85.0,0.0,85.0,0.0,66.0,0.0,4.0,41.0,15.0
1,11798,Lotus Herbals White Glow Scrub 150ml,1|11798,113.0,0.0,0.0,135.0,0.0,135.0,0.0,49.0,0.0,2.0,27.0,84.0
1,11799,Boroplus Antiseptic Cream 10ml,1|11799,48.0,0.0,0.0,39.0,0.0,39.0,0.0,14.0,0.0,23.0,23.0,2.0
1,11800,Mankind Gasofast Lemon 5g Pack of 6,1|11800,88.0,0.0,0.0,107.0,0.0,107.0,0.0,61.0,0.0,28.0,42.0,18.0
1,11801,Tulips White Cotton Balls Zip 50U,1|11801,48.0,0.0,0.0,67.0,0.0,67.0,0.0,55.0,0.0,7.0,36.0,5.0
1,11802,Double Side Foam Tape ,1|11802,160.0,0.0,0.0,226.0,0.0,226.0,0.0,139.0,0.0,0.0,73.0,87.0
1,11803,Vaseline Petroleum Jelly 40g,1|11803,48.0,0.0,0.0,34.0,0.0,34.0,0.0,22.0,0.0,17.0,36.0,-5.0
1,1187,Tender Coconut Drink 200ml Rs 40,1|1187,0.0,0.0,0.0,0.0,0.0,0.0,0.0,0.0,0.0,0.0,0.0,0.0
1,11879,Campa Orange,1|11879,0.0,0.0,0.0,91.0,0.0,91.0,0.0,0.0,1.0,59.0,-91.0,31.0
1,11881,Chole Bhature,1|11881,61.0,0.0,0.0,51.0,0.0,51.0,0.0,22.0,24.0,5.0,32.0,0.0
1,11883,Adilqadri Shanaya Attar Arabic French Blend Non Alcoholic Roll on Fragrance,1|11883,275.0,0.0,0.0,260.0,0.0,260.0,0.0,0.0,0.0,8.0,15.0,252.0
1,11908,Clear Water Bottle ,1|11908,9336.0,0.0,0.0,6784.0,50.0,6834.0,0.0,253.0,75.0,6285.0,2755.0,221.0
1,11915,Atovio Nova N99 Mask Black,1|11915,240.0,0.0,0.0,210.0,0.0,210.0,0.0,150.0,60.0,0.0,180.0,0.0
1,11939,Moong Dal Pakoda,1|11939,0.0,0.0,0.0,124.0,0.0,124.0,3.0,3.0,1.0,99.0,-118.0,18.0
1,11970,Swashray Garlic Mamara Rs 13,1|11970,0.0,0.0,0.0,63.0,0.0,63.0,0.0,1.0,15.0,41.0,-62.0,6.0
1,11988,Swap Aam Panna Rs 60,1|11988,1680.0,0.0,0.0,1594.0,12.0,1606.0,1.0,212.0,219.0,677.0,287.0,497.0
1,11996,Mother Dairy Mango Milkshake Rs 28,1|11996,0.0,0.0,0.0,553.0,0.0,553.0,0.0,89.0,64.0,379.0,-464.0,21.0
1,120,Real Orange Juice 1,1|120,0.0,0.0,0.0,27.0,0.0,27.0,0.0,0.0,0.0,26.0,-27.0,1.0
1,12013,Volls Sante Strawberry Protein Bar Rs 90,1|12013,1000.0,0.0,0.0,253.0,0.0,253.0,0.0,46.0,0.0,135.0,793.0,72.0
1,1202,Vada Pav,1|1202,0.0,0.0,3.0,1.0,0.0,1.0,0.0,0.0,1.0,0.0,-1.0,3.0
1,12057,Design All Purpose Ankle Socks Grey Pack of 3,1|12057,78.0,0.0,0.0,83.0,0.0,83.0,0.0,35.0,69.0,7.0,30.0,-28.0
1,12060,Sports Running Ankle Socks Classic Pack of 2,1|12060,52.0,0.0,0.0,52.0,0.0,52.0,0.0,20.0,43.0,4.0,20.0,-15.0
1,12079,Himalaya Purifying Neem Face Wash 50 Ml,1|12079,112.0,0.0,0.0,176.0,0.0,176.0,0.0,102.0,6.0,21.0,38.0,47.0
1,12080,Everyuth Naturals Golden Glow Peel Off Mask Pouch,1|12080,910.0,0.0,0.0,1124.0,0.0,1124.0,0.0,307.0,3.0,353.0,93.0,461.0
1,12081,Vaseline Intensive Care Deep Moisture Lotion 90 ml,1|12081,136.0,0.0,0.0,169.0,0.0,169.0,1.0,86.0,2.0,45.0,54.0,35.0
1,12082,Bombay Shaving Company Sensi Stud Razor Pack of 1,1|12082,190.0,0.0,0.0,275.0,0.0,275.0,0.0,103.0,11.0,105.0,18.0,56.0
1,12083,Bombay Shaving Company Sensitive Shaving Foam,1|12083,90.0,0.0,0.0,0.0,0.0,0.0,0.0,0.0,0.0,0.0,90.0,0.0
1,12084,VI John Premium Shaving Foam Calming Aqua 200 G,1|12084,22.0,0.0,0.0,43.0,0.0,43.0,0.0,26.0,1.0,2.0,5.0,14.0
1,12085,Eno Lemon Sachet ,1|12085,184.0,0.0,0.0,241.0,0.0,241.0,0.0,86.0,2.0,60.0,29.0,93.0
1,12086,Compostable Garbage Bag 19x21 15U(M),1|12086,90.0,0.0,0.0,156.0,0.0,156.0,0.0,78.0,0.0,4.0,12.0,74.0
1,12088,"7396 Jockey Ankle Length Socks, White x 1",1|12088,21.0,0.0,0.0,25.0,0.0,25.0,0.0,17.0,0.0,16.0,13.0,-8.0
1,1209,Priniti Foods Spicy Masti Potato Chips Rs 10,1|1209,0.0,0.0,0.0,0.0,0.0,0.0,0.0,0.0,0.0,0.0,0.0,0.0
1,12150,"7016 Jockey USA Org Crew Socks, Assorted x 1",1|12150,14.0,0.0,0.0,18.0,0.0,18.0,0.0,13.0,0.0,6.0,9.0,-1.0
1,12153," 7487 Jockey Toe Socks, Skin x 2",1|12153,23.0,0.0,0.0,14.0,0.0,14.0,0.0,0.0,0.0,8.0,9.0,6.0
1,12155,Coloressence Nail Color Removal 100ml,1|12155,10.0,0.0,0.0,10.0,0.0,10.0,0.0,2.0,0.0,1.0,2.0,7.0
1,12156,Garnier Vitamin C Serum,1|12156,3.0,0.0,0.0,0.0,0.0,0.0,0.0,0.0,0.0,0.0,3.0,0.0
1,12157,Oxylife Bleach,1|12157,4.0,0.0,0.0,4.0,0.0,4.0,0.0,0.0,0.0,0.0,0.0,4.0
1,12158,Vaseline Lip Care 85g,1|12158,6.0,0.0,0.0,6.0,0.0,6.0,0.0,0.0,0.0,2.0,0.0,4.0
1,12159,Vaseline Aloe Fresh Body Lotion 400ml,1|12159,3.0,0.0,0.0,2.0,0.0,2.0,0.0,0.0,0.0,0.0,1.0,2.0
1,12160,Garnier Hair Colour 5 Light Brown,1|12160,8.0,0.0,0.0,8.0,0.0,8.0,0.0,0.0,0.0,0.0,0.0,8.0
1,12163,Revlon Hair Colour 5G Light Golden Brown,1|12163,2.0,0.0,0.0,2.0,0.0,2.0,0.0,0.0,0.0,1.0,0.0,1.0
1,12164,Old Spice After Shave Original 100ml,1|12164,4.0,0.0,0.0,4.0,0.0,4.0,0.0,0.0,0.0,1.0,0.0,3.0
1,12165,Old Spice After Shave Fresh Lime 50ml,1|12165,6.0,0.0,0.0,6.0,0.0,6.0,0.0,0.0,0.0,1.0,0.0,5.0
1,12167,Denver Hamilton Perfume Spray,1|12167,2.0,0.0,0.0,2.0,0.0,2.0,0.0,0.0,0.0,0.0,0.0,2.0
1,12170,Old Spice Shaving Cream Original 70g,1|12170,6.0,0.0,0.0,6.0,0.0,6.0,0.0,0.0,0.0,0.0,0.0,6.0
1,12172,Ambi Pur Sandalwood Air Freshner 275g,1|12172,4.0,0.0,0.0,0.0,0.0,0.0,0.0,0.0,0.0,0.0,4.0,0.0
1,12173,Odonil Sandal Bouquet Air Freshner ,1|12173,6.0,0.0,0.0,0.0,0.0,0.0,0.0,0.0,0.0,0.0,6.0,0.0
1,12213,"MC09 Jockey Classic Brief, Assorted M x 1",1|12213,2.0,0.0,0.0,2.0,0.0,2.0,0.0,0.0,0.0,0.0,0.0,2.0
1,12214,"MC09 Jockey Classic Brief, Assorted L x1",1|12214,2.0,0.0,0.0,2.0,0.0,2.0,0.0,0.0,0.0,1.0,0.0,1.0
1,12216,"US52 Jockey US Series Brief, Assorted, XL x 2",1|12216,12.0,0.0,0.0,14.0,0.0,14.0,0.0,6.0,0.0,1.0,4.0,7.0
1,12217,"US52 Jockey US Series Brief, Assorted, M x 2",1|12217,10.0,0.0,0.0,13.0,0.0,13.0,0.0,8.0,0.0,2.0,5.0,3.0
1,12218,"8820 Jockey Classic Vest, White, XL x 2",1|12218,5.0,0.0,0.0,0.0,0.0,0.0,0.0,0.0,0.0,0.0,5.0,0.0
1,12222,"EL09 Jockey Elance Trunk, Assorted XL x 1",1|12222,4.0,0.0,0.0,2.0,0.0,2.0,0.0,0.0,0.0,1.0,2.0,1.0
1,12223,"1005 Jockey Elance Brief, Assorted,  S x 2",1|12223,14.0,0.0,0.0,14.0,0.0,14.0,0.0,6.0,0.0,3.0,6.0,5.0
1,12228,"8008 Jockey Classic Trunk, Assorted, S x 2",1|12228,15.0,0.0,0.0,3.0,0.0,3.0,0.0,0.0,0.0,1.0,12.0,2.0
1,12229,"8008 Jockey Classic Trunk, Assorted, S x 2",1|12229,6.0,0.0,0.0,1.0,0.0,1.0,0.0,0.0,0.0,0.0,5.0,1.0
1,12231,"8008 Jockey Classic Trunk, Assorted, M x 2",1|12231,20.0,0.0,0.0,10.0,0.0,10.0,0.0,10.0,0.0,0.0,20.0,0.0
1,12239,"1011 Jockey Elance Brief, Assorted, S x 2",1|12239,4.0,0.0,0.0,3.0,0.0,3.0,0.0,0.0,0.0,3.0,1.0,0.0
1,12240,"1011 Jockey Elance Brief, Assorted, S x 2",1|12240,3.0,0.0,0.0,3.0,0.0,3.0,0.0,0.0,0.0,0.0,0.0,3.0
1,12243,"1009 Jockey Elance Brief, White, XXL x 2",1|12243,25.0,0.0,0.0,23.0,0.0,23.0,0.0,6.0,0.0,3.0,8.0,14.0
1,12244,"1009 Jockey Elance Brief, White, XL x 2",1|12244,10.0,0.0,0.0,8.0,0.0,8.0,0.0,0.0,0.0,1.0,2.0,7.0
1,12246,"1009 Jockey Elance Brief, White, L x 2",1|12246,2.0,0.0,0.0,0.0,0.0,0.0,0.0,0.0,0.0,0.0,2.0,0.0
1,12249,"8015 Jockey Classic Trunk, Assorted, L x 2",1|12249,4.0,0.0,0.0,4.0,0.0,4.0,0.0,0.0,0.0,1.0,0.0,3.0
1,12254,"8035 Jockey Classic Brief, Assorted, M x 3",1|12254,31.0,0.0,0.0,18.0,0.0,18.0,0.0,0.0,3.0,0.0,13.0,15.0
1,12267,"8817 Jockey Sleeved Vest, White, L x 3",1|12267,3.0,0.0,0.0,0.0,0.0,0.0,0.0,0.0,0.0,0.0,3.0,0.0
1,12279,"US17 Jockey US Series Brief, Assorted, S x 2",1|12279,18.0,0.0,0.0,16.0,0.0,16.0,0.0,7.0,0.0,1.0,9.0,8.0
1,12289,"1242 Jockey WF Xover Bra, Assorted, 34C x 1",1|12289,6.0,0.0,0.0,0.0,0.0,0.0,0.0,0.0,0.0,0.0,6.0,0.0
1,12300,"1529 Jockey Cycling Shorts , Assorted, M x 1",1|12300,10.0,0.0,0.0,7.0,0.0,7.0,0.0,0.0,0.0,0.0,3.0,7.0
1,1233,Doritos Sweet Chilli Rs 20,1|1233,0.0,0.0,0.0,0.0,0.0,0.0,0.0,0.0,0.0,0.0,0.0,0.0
1,12353,"1525P Jockey Bikini panties, Assorted, L x 2",1|12353,6.0,0.0,0.0,4.0,0.0,4.0,0.0,0.0,0.0,0.0,2.0,4.0
1,12369,"6702 Jockey Shpwear Bikini, Assorted, M x 1",1|12369,7.0,0.0,0.0,0.0,0.0,0.0,0.0,0.0,0.0,0.0,7.0,0.0
1,124,Sprite Rs 20,1|124,0.0,0.0,0.0,35.0,0.0,35.0,0.0,27.0,0.0,84.0,-8.0,-76.0
1,1241, Lays Indian Magic Masala Rs 20,1|1241,0.0,0.0,0.0,0.0,0.0,0.0,0.0,0.0,0.0,0.0,0.0,0.0
1,12429,Madmix Jowar Bhujia Masala Masti,1|12429,3960.0,0.0,0.0,4082.0,6.0,4088.0,0.0,94.0,13.0,3028.0,-34.0,953.0
1,1243,RedBull Rs 125,1|1243,6648.0,456.0,24.0,4495.0,12.0,4507.0,1.0,243.0,28.0,2758.0,2841.0,1501.0
1,12437,Lynk Peri Peri Makhana ,1|12437,1500.0,0.0,0.0,1653.0,0.0,1653.0,0.0,122.0,12.0,832.0,-31.0,687.0
1,12452,Mcvities Digestive Cookies ,1|12452,2880.0,0.0,0.0,1771.0,0.0,1771.0,1.0,111.0,11.0,1376.0,1221.0,272.0
1,12579,Ocean Crispy Orange Apple Fruit Drink Rs 38,1|12579,2340.0,0.0,0.0,2464.0,0.0,2464.0,12.0,64.0,14.0,1699.0,-48.0,675.0
1,126,Coke Regular Pet 250ml Rs 20,1|126,0.0,0.0,0.0,112.0,0.0,112.0,0.0,5.0,0.0,97.0,-107.0,10.0
1,12637,Premium Pack of 2,1|12637,384.0,0.0,0.0,190.0,0.0,190.0,0.0,0.0,0.0,15.0,194.0,175.0
1,12640,Trubeing Roasted Peanuts Plain Salted,1|12640,97680.0,0.0,0.0,27419.0,34.0,27453.0,2.0,1207.0,120.0,20141.0,71436.0,5983.0
1,12644,Trubeing Roasted Makhana Himalayan Pink Salt,1|12644,9780.0,0.0,0.0,4255.0,24.0,4279.0,1.0,273.0,33.0,3320.0,5775.0,652.0
1,12650,Trubeing Soya Chips,1|12650,13530.0,0.0,0.0,7734.0,12.0,7746.0,0.0,100.0,5.0,6947.0,5884.0,694.0
1,1270,Haldiram's Khatta Meetha Rs 30,1|1270,0.0,0.0,0.0,266.0,0.0,266.0,0.0,100.0,53.0,433.0,-166.0,-320.0
1,12715,Badiyanath Choco Nuts Protein Bar ,1|12715,6280.0,0.0,0.0,4838.0,0.0,4838.0,0.0,285.0,9.0,1583.0,1727.0,2961.0
1,12716,Klaw Masala Madness Sticks,1|12716,3600.0,0.0,0.0,2420.0,6.0,2426.0,0.0,132.0,10.0,1978.0,1306.0,306.0
1,12733,Vi John Shaving Foam,1|12733,2.0,0.0,0.0,2.0,0.0,2.0,0.0,0.0,0.0,0.0,0.0,2.0
1,12788,Thryve Whey Protein Chocolate Flavour 24g,1|12788,249.0,0.0,0.0,243.0,0.0,243.0,0.0,0.0,0.0,80.0,6.0,163.0
1,12966,Raj Uphaar Chilli Lime Crispies ,1|12966,3000.0,0.0,0.0,382.0,0.0,382.0,0.0,28.0,0.0,339.0,2646.0,15.0
1,12971,Raj Uphaar Protein Pure Cacao Bar,1|12971,3936.0,0.0,0.0,1054.0,0.0,1054.0,0.0,29.0,0.0,353.0,2911.0,672.0
1,12973,Acme Poshan Nutri Puffs Masala Masti 50gms,1|12973,972.0,0.0,0.0,206.0,0.0,206.0,0.0,0.0,0.0,182.0,766.0,24.0
1,12975,Acme Poshan Dates And Almonds Protein Bar ,1|12975,3480.0,0.0,0.0,960.0,0.0,960.0,0.0,29.0,4.0,448.0,2549.0,479.0
1,1299,Happy Bar Energy Snack Rs 40,1|1299,0.0,0.0,0.0,0.0,0.0,0.0,0.0,0.0,0.0,0.0,0.0,0.0
1,13,Cornitos Nachos - Cheese and Herbs,1|13,0.0,19.0,0.0,20.0,0.0,20.0,0.0,53.0,0.0,1.0,52.0,-34.0
1,130,Choco Chips Cookies,1|130,81688.0,10949.0,622.0,76219.0,15.0,76234.0,38.0,2885.0,620.0,74976.0,19326.0,-1663.0
1,1301,Maggi Cuppa Noodles Masala ,1|1301,2160.0,371.0,19.0,1892.0,0.0,1892.0,0.0,149.0,204.0,1660.0,788.0,-102.0
1,1302,Born Reborn Oats & Jowar Garlic Zen Rs 30,1|1302,0.0,0.0,0.0,0.0,0.0,0.0,0.0,0.0,0.0,0.0,0.0,0.0
1,1315, Britannia Treat Jim Jam Rs 10,1|1315,0.0,325.0,18.0,110.0,0.0,110.0,0.0,9.0,0.0,105.0,224.0,14.0
1,1318,Havit Rasbhari Gujia,1|1318,0.0,0.0,0.0,0.0,0.0,0.0,0.0,0.0,0.0,0.0,0.0,0.0
1,132,Maggi Masala ,1|132,15163.0,151.0,8.0,17315.0,3.0,17318.0,7.0,703.0,188.0,15591.0,-1294.0,837.0
1,1323,MTR Breakfast Vegetable Upma Rs 25,1|1323,1897.0,0.0,0.0,915.0,0.0,915.0,0.0,92.0,4.0,842.0,1074.0,-23.0
1,1326,Unibic Choco Chip Cookies ,1|1326,13440.0,4.0,0.0,26496.0,45.0,26541.0,6.0,803.0,128.0,23099.0,-12288.0,2505.0
1,1338, Karikari Salt Pepper Rs 50,1|1338,0.0,0.0,0.0,0.0,0.0,0.0,0.0,0.0,0.0,0.0,0.0,0.0
1,1344,NIDZ Dark Milk Roasted Cashew Chocolate Rs 60,1|1344,0.0,0.0,0.0,0.0,0.0,0.0,0.0,0.0,0.0,0.0,0.0,0.0
1,136,Real Guava Juice,1|136,5280.0,1328.0,70.0,5462.0,0.0,5462.0,0.0,445.0,113.0,5535.0,1591.0,-561.0
1,1376,Real Bites Farali Wafers Rs 10,1|1376,0.0,0.0,0.0,8.0,0.0,8.0,0.0,8.0,0.0,0.0,0.0,0.0
1,139,Nestle Classic Chocolate ,1|139,92232.0,3634.0,204.0,71119.0,32.0,71151.0,11.0,1784.0,221.0,60979.0,26510.0,8360.0
1,1399,Aloo Masala Sandwich,1|1399,0.0,0.0,0.0,0.0,0.0,0.0,0.0,0.0,0.0,0.0,0.0,0.0
1,140,Cadbury Dairy Milk Rs 20,1|140,133204.0,3510.0,200.0,90780.0,107.0,90887.0,61.0,3194.0,141.0,83092.0,49082.0,4599.0
1,141,Crispy Veggie Cutlet ,1|141,0.0,0.0,0.0,1.0,0.0,1.0,0.0,0.0,1.0,0.0,-1.0,0.0
1,143,Minute Maid Mixed Fruit Rs 10,1|143,0.0,0.0,0.0,0.0,0.0,0.0,0.0,0.0,0.0,0.0,0.0,0.0
1,1467, Snickers Fruit & Nut Rs 50,1|1467,0.0,618.0,33.0,0.0,0.0,0.0,0.0,0.0,0.0,0.0,618.0,33.0
1,1482,Parle Agro Appy Fizz ,1|1482,0.0,0.0,0.0,89.0,0.0,89.0,0.0,15.0,0.0,74.0,-74.0,0.0
1,1488,Swashray Chavanu Rs 10,1|1488,0.0,0.0,0.0,0.0,0.0,0.0,0.0,0.0,0.0,0.0,0.0,0.0
1,1494,Britannia Treat Croissant Vanilla Rs15,1|1494,0.0,0.0,0.0,0.0,0.0,0.0,0.0,0.0,0.0,0.0,0.0,0.0
1,15,Vermicelli Upma,1|15,0.0,0.0,0.0,0.0,0.0,0.0,0.0,0.0,0.0,0.0,0.0,0.0
1,1583,Lavian Choco Vanilla Brownie Cake Rs 10,1|1583,0.0,0.0,0.0,0.0,0.0,0.0,0.0,0.0,0.0,0.0,0.0,0.0
1,1598,Oriental Mix Tai Sun,1|1598,0.0,0.0,0.0,0.0,0.0,0.0,0.0,0.0,0.0,0.0,0.0,0.0
1,1603,Swashray Masala Poori Rs 11,1|1603,0.0,0.0,0.0,233.0,0.0,233.0,3.0,10.0,22.0,208.0,-220.0,-10.0
1,1606,BRB Popped Potato Chips Pasta Cheese ,1|1606,45264.0,5579.0,293.0,44641.0,14.0,44655.0,15.0,2143.0,156.0,40808.0,8346.0,1826.0
1,1608,Makino Nacho Chips Jalapeno ,1|1608,128520.0,6200.0,340.0,138466.0,24.0,138490.0,75.0,8311.0,704.0,129292.0,4616.0,448.0
1,1623,Cadbury Dairy Milk Chocolate Rs 50,1|1623,8280.0,986.0,52.0,32.0,0.0,32.0,0.0,53.0,0.0,165.0,9287.0,-134.0
1,1627,Yoga Bar Breakfast Protein Blueberry Pie,1|1627,0.0,0.0,0.0,0.0,0.0,0.0,0.0,0.0,0.0,0.0,0.0,0.0
1,1636,Kurkure Solid Masti Rs 20,1|1636,0.0,476.0,25.0,113.0,0.0,113.0,0.0,8.0,0.0,105.0,371.0,25.0
1,164,ThumbsUp Charged - No Sugar,1|164,3.0,0.0,0.0,575.0,0.0,575.0,70.0,430.0,0.0,0.0,-72.0,75.0
1,169,Minute Maid Guava Rs 20,1|169,0.0,0.0,0.0,0.0,0.0,0.0,0.0,0.0,0.0,0.0,0.0,0.0
1,17,McVities Digestive Rs 10,1|17,5760.0,2859.0,150.0,9183.0,0.0,9183.0,6.0,379.0,114.0,9600.0,-179.0,-766.0
1,170,Limca Can Rs 25,1|170,21600.0,2202.0,116.0,21292.0,9.0,21301.0,26.0,688.0,96.0,20255.0,3215.0,352.0
1,172,Cadbury Fruit and Nut ,1|172,0.0,815.0,43.0,1763.0,0.0,1763.0,0.0,7.0,0.0,1760.0,-941.0,39.0
1,1738,Maggi Cuppa NDLS Masala Rs 55,1|1738,1680.0,0.0,0.0,1460.0,0.0,1460.0,0.0,112.0,5.0,1253.0,332.0,90.0
1,1743,Act 2 Popcorn Butter,1|1743,0.0,0.0,0.0,266.0,0.0,266.0,0.0,7.0,0.0,254.0,-259.0,5.0
1,1759,Frooti ,1|1759,0.0,0.0,0.0,0.0,0.0,0.0,0.0,0.0,0.0,0.0,0.0,0.0
1,1761,Haldiram Chips classic salted 43 gm,1|1761,0.0,0.0,0.0,0.0,0.0,0.0,0.0,0.0,0.0,0.0,0.0,0.0
1,1762,Tedhe Medhe 50gm,1|1762,0.0,0.0,0.0,0.0,0.0,0.0,0.0,0.0,0.0,0.0,0.0,0.0
1,1767,Little hearts 75gm,1|1767,0.0,3.0,0.0,937.0,0.0,937.0,0.0,15.0,4.0,925.0,-919.0,-7.0
1,1776,Open Secret Spicy Peanut Butter Rs 40,1|1776,0.0,0.0,0.0,0.0,0.0,0.0,0.0,0.0,0.0,0.0,0.0,0.0
1,18,Red Bull Rs 115,1|18,0.0,0.0,0.0,0.0,0.0,0.0,0.0,0.0,0.0,0.0,0.0,0.0
1,1807,Nescafe Chilled Latte Rs 40,1|1807,0.0,0.0,0.0,0.0,0.0,0.0,0.0,0.0,0.0,0.0,0.0,0.0
1,1825,Open Secret White Choco Cashew Nutty Cookies Rs 35,1|1825,0.0,0.0,0.0,0.0,0.0,0.0,0.0,0.0,0.0,0.0,0.0,0.0
1,185,Thums UP CHARGED Rs 20,1|185,28085.0,3243.0,193.0,31140.0,1.0,31141.0,88.0,1265.0,90.0,29649.0,1540.0,242.0
1,1883,Parle Cakes Vanilla (Contains Egg) Rs 30,1|1883,0.0,0.0,0.0,0.0,0.0,0.0,0.0,0.0,0.0,0.0,0.0,0.0
1,1889,Brew House Apple Cinnamon Iced Tea Rs 40,1|1889,0.0,0.0,0.0,0.0,0.0,0.0,0.0,0.0,0.0,0.0,0.0,0.0
1,1896,Amrit Foods JUST Chocolate Protein Shake Rs 150,1|1896,0.0,0.0,0.0,0.0,0.0,0.0,0.0,0.0,0.0,0.0,0.0,0.0
1,190,Pepsi Black,1|190,0.0,0.0,0.0,180.0,0.0,180.0,0.0,4.0,0.0,182.0,-176.0,-6.0
1,1926,Amrit Foods JUST Cold Coffee Rs 120,1|1926,0.0,0.0,0.0,0.0,0.0,0.0,0.0,0.0,0.0,0.0,0.0,0.0
1,193,Monster Energy,1|193,0.0,1.0,0.0,0.0,0.0,0.0,0.0,0.0,0.0,0.0,1.0,0.0
1,1930,Britannia  Good Day Chocochip Cookies Rs 30,1|1930,0.0,0.0,0.0,7.0,0.0,7.0,0.0,0.0,0.0,7.0,-7.0,0.0
1,1931,Britannia Jim Jam ,1|1931,5040.0,0.0,0.0,3222.0,0.0,3222.0,1.0,142.0,24.0,2977.0,1961.0,78.0
1,1944,Cravova Peri Peri Roasted Peanuts Rs 25,1|1944,0.0,0.0,0.0,0.0,0.0,0.0,0.0,0.0,0.0,0.0,0.0,0.0
1,1959,Snickers Rs 20,1|1959,0.0,2715.0,158.0,248.0,0.0,248.0,0.0,60.0,8.0,289.0,2527.0,49.0
1,1995,Unibic Cashew Badam Cookies Rs 15,1|1995,0.0,0.0,0.0,0.0,0.0,0.0,0.0,1.0,0.0,0.0,1.0,-1.0
1,2006,Saliah Dates with Lemon & Orange Peel Rs 30,1|2006,0.0,0.0,0.0,0.0,0.0,0.0,0.0,0.0,0.0,0.0,0.0,0.0
1,2008,Parle Cakes Vanilla Contains Eggs Rs 40,1|2008,0.0,0.0,0.0,0.0,0.0,0.0,0.0,0.0,0.0,0.0,0.0,0.0
1,203,Sprite Pop Can Rs 25,1|203,29160.0,2996.0,176.0,29475.0,0.0,29475.0,18.0,1032.0,245.0,27902.0,3731.0,454.0
1,2030,Winkies Fruit Cake with Raisin & Tutti Frutti Rs 35,1|2030,0.0,0.0,0.0,0.0,0.0,0.0,0.0,0.0,0.0,0.0,0.0,0.0
1,2031,Sprite Can Rs 35,1|2031,0.0,0.0,0.0,0.0,0.0,0.0,0.0,0.0,0.0,0.0,0.0,0.0
1,2033,Anmol Romanzo Choco Filled Cookies Rs 10,1|2033,0.0,0.0,0.0,0.0,0.0,0.0,0.0,0.0,0.0,0.0,0.0,0.0
1,2047,Nourish Organics Lime Chia Bar Rs 60,1|2047,0.0,0.0,0.0,0.0,0.0,0.0,0.0,0.0,0.0,0.0,0.0,0.0
1,2052,Elevate Granola Almonds and Seeds Rs 50,1|2052,0.0,3.0,0.0,0.0,0.0,0.0,0.0,0.0,0.0,0.0,3.0,0.0
1,2068,Veggie Mint Sauce Sandwich,1|2068,460.0,150.0,8.0,305.0,0.0,305.0,0.0,6.0,146.0,87.0,311.0,74.0
1,2069,Veggie Mustard Sauce Sandwich,1|2069,51.0,0.0,0.0,51.0,0.0,51.0,0.0,7.0,8.0,36.0,7.0,0.0
1,2071,Corn Mint Sauce Sandwich,1|2071,780.0,174.0,9.0,638.0,0.0,638.0,0.0,36.0,414.0,176.0,352.0,21.0
1,2087,Maggi Masala Single Pack Rs14,1|2087,2880.0,1308.0,68.0,543.0,0.0,543.0,0.0,25.0,10.0,496.0,3670.0,80.0
1,2090,Bingo Tedhe Medhe Masala Tadka Rs 15,1|2090,0.0,5725.0,315.0,2.0,0.0,2.0,0.0,11.0,7.0,8.0,5734.0,291.0
1,2097,Bikaji Kuch Kuch Rs 20,1|2097,0.0,2.0,0.0,10.0,0.0,10.0,0.0,10.0,0.0,0.0,2.0,0.0
1,2106,Winkies Fruit Cake with Raisin and Tutti Frutti ,1|2106,0.0,1.0,0.0,0.0,0.0,0.0,0.0,0.0,0.0,0.0,1.0,0.0
1,2115,Millet Bowl Protein Shake Chocolate Rs 70,1|2115,0.0,0.0,0.0,0.0,0.0,0.0,0.0,0.0,0.0,0.0,0.0,0.0
1,2121,Test Slot 00,1|2121,0.0,0.0,0.0,0.0,0.0,0.0,0.0,0.0,0.0,0.0,0.0,0.0
1,2164,Cremica Honey Oatmeal Cookies Rs 25,1|2164,0.0,0.0,0.0,0.0,0.0,0.0,0.0,0.0,0.0,0.0,0.0,0.0
1,2209,Paperboat Chilli Guava Juice Rs 20,1|2209,855.0,0.0,0.0,891.0,0.0,891.0,0.0,130.0,76.0,624.0,94.0,61.0
1,2216,Frussh Mango Orange Juice Rs 40,1|2216,0.0,0.0,0.0,0.0,0.0,0.0,0.0,0.0,0.0,0.0,0.0,0.0
1,2230,Sunfeast Dark Fantasy Bourbon Rs20,1|2230,0.0,0.0,0.0,9.0,0.0,9.0,0.0,0.0,0.0,9.0,-9.0,0.0
1,2239,Cadbury Chocolate Rs 50,1|2239,20400.0,285.0,15.0,18917.0,24.0,18941.0,2.0,326.0,10.0,18262.0,2072.0,356.0
1,2249,Haldirams Chips Classic Salted Rs 15,1|2249,4581.0,538.0,32.0,3777.0,2.0,3779.0,0.0,248.0,21.0,3508.0,1588.0,34.0
1,2250,Ananda Flavoured Milk Coffee Rs 30,1|2250,0.0,0.0,0.0,0.0,0.0,0.0,0.0,0.0,0.0,0.0,0.0,0.0
1,2272,Jus Coconut Water Rs 45,1|2272,0.0,0.0,0.0,0.0,0.0,0.0,0.0,0.0,0.0,0.0,0.0,0.0
1,2295,EGO Sweet Potato Mexican Twist Rs 40,1|2295,0.0,0.0,0.0,0.0,0.0,0.0,0.0,0.0,0.0,0.0,0.0,0.0
1,2330,Bikano Bikaneri Bhujia ,1|2330,162396.0,7181.0,378.0,152447.0,102.0,152549.0,67.0,7205.0,1001.0,143599.0,24300.0,1055.0
1,2358,B Natural Mixed Fruit Juice Rs 20,1|2358,0.0,3172.0,165.0,100.0,0.0,100.0,0.0,167.0,66.0,174.0,3239.0,-142.0
1,236,Go Grub Peanut + Blueberry,1|236,0.0,0.0,0.0,17.0,0.0,17.0,0.0,17.0,0.0,0.0,0.0,0.0
1,2371,Maggi Masala Single Pack Rs 14,1|2371,0.0,0.0,0.0,0.0,0.0,0.0,0.0,0.0,0.0,0.0,0.0,0.0
1,2384,TWT ENERGY BAR Almond Choco Fudge,1|2384,0.0,0.0,0.0,0.0,0.0,0.0,0.0,0.0,0.0,0.0,0.0,0.0
1,24,Rajma-Chawal Combo,1|24,1455.0,326.0,17.0,1192.0,0.0,1192.0,0.0,65.0,435.0,635.0,654.0,74.0
1,2400,Punjabi Jeera Masala Soda 200ml ,1|2400,0.0,0.0,0.0,0.0,0.0,0.0,0.0,0.0,0.0,0.0,0.0,0.0
1,241,Tangy Mix Sauce Macronii,1|241,0.0,0.0,0.0,0.0,0.0,0.0,0.0,0.0,0.0,0.0,0.0,0.0
1,2412,Nescafe Chilled Latte Rs 45,1|2412,50910.0,4169.0,218.0,55124.0,27.0,55151.0,30.0,2697.0,615.0,48924.0,2655.0,3103.0
1,2414,Cup Noodles Veggie Manchow Rs 50 ,1|2414,0.0,0.0,0.0,0.0,0.0,0.0,0.0,0.0,0.0,0.0,0.0,0.0
1,2418,Garden Onion Pakoda Rs 20,1|2418,0.0,0.0,0.0,0.0,0.0,0.0,0.0,0.0,0.0,0.0,0.0,0.0
1,2430,Sting Energy ,1|2430,0.0,1049.0,55.0,0.0,0.0,0.0,0.0,0.0,0.0,0.0,1049.0,55.0
1,2431,Sirimiri Almonds And Raisin Snack Bar 50,1|2431,0.0,0.0,0.0,0.0,0.0,0.0,0.0,0.0,0.0,0.0,0.0,0.0
1,2448,Too Yumm American Style Cream & Onion Chips,1|2448,0.0,2.0,0.0,0.0,0.0,0.0,0.0,0.0,0.0,0.0,2.0,0.0
1,2509,Snack Factory Makhana Cheesy Garlic Twist,1|2509,0.0,0.0,0.0,0.0,0.0,0.0,0.0,0.0,5.0,0.0,0.0,-5.0
1,252,Thumps Up Can,1|252,9601.0,0.0,0.0,9881.0,17.0,9898.0,30.0,451.0,37.0,8084.0,184.0,1296.0
1,253,Nescafe Chilled Latte ,1|253,0.0,0.0,0.0,0.0,0.0,0.0,0.0,5.0,0.0,2.0,5.0,-7.0
1,2550,Max Protein Desi Masala Rs45,1|2550,27648.0,2768.0,146.0,26496.0,14.0,26510.0,15.0,2227.0,506.0,25317.0,6148.0,-1409.0
1,256,M&M- Chocolate Rs 75,1|256,0.0,0.0,0.0,7.0,0.0,7.0,0.0,17.0,0.0,0.0,10.0,-10.0
1,2571,Proto Coconut Water Rs 50,1|2571,0.0,0.0,0.0,0.0,0.0,0.0,0.0,0.0,0.0,0.0,0.0,0.0
1,258,eighty7- Chilean Walnuts,1|258,0.0,0.0,0.0,120.0,0.0,120.0,8.0,142.0,0.0,0.0,30.0,-30.0
1,2584,Paper Boat Chocolate Milkshake Rs35,1|2584,0.0,1.0,0.0,18.0,0.0,18.0,0.0,2.0,0.0,16.0,-15.0,0.0
1,2603,MOM Masala Upma Rs 25,1|2603,0.0,0.0,0.0,0.0,0.0,0.0,0.0,0.0,0.0,0.0,0.0,0.0
1,2604,Nidz Dark Roasted Cashew Chocolate Rs 70,1|2604,0.0,0.0,0.0,0.0,0.0,0.0,0.0,0.0,0.0,0.0,0.0,0.0
1,261,McVitie's Digestive Biscuits,1|261,90360.0,2137.0,116.0,97776.0,16.0,97792.0,37.0,2920.0,766.0,87122.0,-2338.0,7063.0
1,262,Monginis Veg Fruit Cakes,1|262,0.0,0.0,0.0,10.0,0.0,10.0,0.0,0.0,0.0,0.0,-10.0,10.0
1,263,Creme Bite- Orange Flavour,1|263,0.0,0.0,0.0,10.0,0.0,10.0,0.0,0.0,0.0,0.0,-10.0,10.0
1,2677,Chennai Test Product Rs 1,1|2677,0.0,0.0,0.0,0.0,0.0,0.0,0.0,0.0,0.0,0.0,0.0,0.0
1,2713,Britannia Milk Bikis,1|2713,2000.0,0.0,0.0,1621.0,0.0,1621.0,0.0,66.0,7.0,1518.0,445.0,30.0
1,2730,Cavins Cold Coffee Chilled Latte ,1|2730,0.0,3.0,0.0,0.0,0.0,0.0,0.0,0.0,0.0,0.0,3.0,0.0
1,2760,Puzzles Khatta Meetha Rs10,1|2760,0.0,3341.0,176.0,585.0,0.0,585.0,3.0,164.0,69.0,640.0,2923.0,-115.0
1,278,Unibic Chocolate Cookies,1|278,0.0,0.0,0.0,40.0,0.0,40.0,0.0,8.0,0.0,32.0,-32.0,0.0
1,279,Snickers - Small,1|279,0.0,0.0,0.0,87.0,0.0,87.0,0.0,0.0,0.0,82.0,-87.0,5.0
1,282,Too Yumm Veggie Stix Cheese & Herbs Rs 20,1|282,0.0,752.0,40.0,935.0,0.0,935.0,19.0,202.0,0.0,790.0,38.0,-36.0
1,2895,Sleepy Owl Cold Coffee Rs 125,1|2895,0.0,0.0,0.0,0.0,0.0,0.0,0.0,0.0,0.0,0.0,0.0,0.0
1,290,Kurkure Masala Munch ,1|290,0.0,0.0,0.0,0.0,0.0,0.0,0.0,0.0,0.0,0.0,0.0,0.0
1,291,Lay's American style Cream & Onion Rs 10,1|291,1200.0,113.0,6.0,998.0,0.0,998.0,0.0,44.0,0.0,950.0,359.0,10.0
1,2926,Nenimemi Popcorn Classic Butter Rs 20,1|2926,0.0,1.0,0.0,0.0,0.0,0.0,0.0,0.0,0.0,0.0,1.0,0.0
1,297,Sabudana Khichdi,1|297,100.0,0.0,0.0,83.0,0.0,83.0,0.0,41.0,23.0,40.0,58.0,-21.0
1,2987,Wingreen Naan chips Tez tandoori Rs 20,1|2987,0.0,493.0,26.0,1.0,0.0,1.0,0.0,0.0,1.0,0.0,492.0,26.0
1,2997,7up lemon Rs 35,1|2997,0.0,2.0,0.0,0.0,0.0,0.0,0.0,0.0,0.0,0.0,2.0,0.0
1,300,Himalayan Salt & Pepper Makhana,1|300,0.0,0.0,0.0,20.0,0.0,20.0,0.0,40.0,0.0,0.0,20.0,-20.0
1,3007,MTR Poha,1|3007,840.0,579.0,35.0,1832.0,0.0,1832.0,0.0,290.0,9.0,1520.0,-123.0,48.0
1,3011,Cadbury Chocolate Rs 45,1|3011,9120.0,0.0,0.0,7057.0,32.0,7089.0,0.0,687.0,156.0,5057.0,2718.0,1189.0
1,3050,Happy Bar Coco Rs 50,1|3050,0.0,0.0,0.0,0.0,0.0,0.0,0.0,0.0,0.0,0.0,0.0,0.0
1,3052,Swashray Methi Wheat Sticks Rs 12,1|3052,0.0,0.0,0.0,351.0,0.0,351.0,19.0,62.0,47.0,257.0,-270.0,-34.0
1,3053,Swashray Rava Besan Gathiya Rs 15,1|3053,0.0,0.0,0.0,73.0,0.0,73.0,1.0,17.0,35.0,26.0,-55.0,-6.0
1,306,Hazelnut Latte,1|306,0.0,0.0,0.0,0.0,0.0,0.0,0.0,0.0,0.0,3.0,0.0,-3.0
1,3070,Americana  Cheese Cracker Biscuits  Rs 10,1|3070,0.0,2431.0,153.0,34.0,0.0,34.0,0.0,55.0,20.0,58.0,2452.0,54.0
1,3092,Alo Frut Kiwi Rs 30,1|3092,12720.0,1836.0,95.0,16157.0,0.0,16157.0,26.0,1611.0,205.0,13986.0,36.0,424.0
1,3096,Alo Frut Coconut Water Rs 50,1|3096,3672.0,413.0,22.0,5220.0,0.0,5220.0,0.0,404.0,66.0,5039.0,-731.0,-267.0
1,310,Baked Khakhra Chips Methi Flavour,1|310,0.0,0.0,0.0,7.0,0.0,7.0,0.0,20.0,0.0,0.0,13.0,-13.0
1,313,Paperboat Chikki,1|313,0.0,1520.0,80.0,534.0,0.0,534.0,6.0,457.0,100.0,1069.0,1449.0,-1018.0
1,3136,Paneer Sandwich Rs 60,1|3136,0.0,0.0,0.0,0.0,0.0,0.0,0.0,0.0,0.0,0.0,0.0,0.0
1,3145,Gobi Paratha with Curd ,1|3145,0.0,0.0,0.0,614.0,0.0,614.0,5.0,42.0,68.0,360.0,-567.0,139.0
1,3146,GOBI PARATHA WITH CURD,1|3146,0.0,0.0,0.0,2087.0,0.0,2087.0,8.0,187.0,81.0,1313.0,-1892.0,498.0
1,3148,Gobi Paratha with Curd ,1|3148,0.0,0.0,0.0,250.0,0.0,250.0,0.0,13.0,22.0,166.0,-237.0,49.0
1,316,Minute Maid Pulpy Orange,1|316,0.0,0.0,0.0,0.0,0.0,0.0,0.0,0.0,0.0,0.0,0.0,0.0
1,318,Coke Zero,1|318,79560.0,2848.0,150.0,78681.0,54.0,78735.0,15.0,1906.0,632.0,72794.0,5594.0,3538.0
1,320,Unibic Choco Hazelnut Cookies Rs 10,1|320,0.0,0.0,0.0,0.0,0.0,0.0,0.0,0.0,0.0,0.0,0.0,0.0
1,323,Piri Piri Paradise Makhana,1|323,29520.0,1713.0,90.0,27969.0,22.0,27991.0,18.0,1411.0,11.0,26972.0,4671.0,-331.0
1,3244,Snickers Kesar Pista Rs 60,1|3244,0.0,0.0,0.0,0.0,0.0,0.0,0.0,0.0,0.0,0.0,0.0,0.0
1,3286,Limca Rs 40,1|3286,12000.0,23.0,1.0,9919.0,15.0,9934.0,0.0,207.0,48.0,8129.0,2296.0,1551.0
1,3288,Hershey Kisses Almond Rs 50,1|3288,0.0,0.0,0.0,0.0,0.0,0.0,0.0,0.0,0.0,0.0,0.0,0.0
1,3298,Paper Boat Aamras ,1|3298,10710.0,0.0,0.0,6403.0,7.0,6410.0,0.0,568.0,220.0,5241.0,4868.0,381.0
1,33,Kadi Pakora with Steamed Rice,1|33,0.0,0.0,0.0,0.0,0.0,0.0,0.0,0.0,0.0,0.0,0.0,0.0
1,331,Britannia Veg Cake Fruity Fun Rs 20,1|331,16380.0,1536.0,81.0,17381.0,0.0,17381.0,5.0,443.0,58.0,16446.0,983.0,510.0
1,3359,Thums up Rs 60 ,1|3359,1.0,0.0,0.0,0.0,0.0,0.0,0.0,0.0,0.0,0.0,1.0,0.0
1,3387,Nescafe Intense Cafe ,1|3387,0.0,0.0,0.0,14.0,0.0,14.0,0.0,5.0,0.0,12.0,-9.0,-3.0
1,3452,Smarty Bar Rs 40,1|3452,0.0,0.0,0.0,0.0,0.0,0.0,0.0,0.0,0.0,0.0,0.0,0.0
1,3457,Jus Coconut Water Rs 50,1|3457,0.0,2.0,0.0,0.0,0.0,0.0,0.0,0.0,0.0,0.0,2.0,0.0
1,3488,Bicano Moong Dal Rs 58,1|3488,0.0,0.0,0.0,0.0,0.0,0.0,0.0,0.0,0.0,0.0,0.0,0.0
1,3506,Coleslaw Sandwich SPL,1|3506,266.0,179.0,9.0,343.0,0.0,343.0,1.0,4.0,89.0,129.0,107.0,129.0
1,3507,Veggie Mustard Sauce Sandwich SPL,1|3507,0.0,0.0,2.0,1.0,0.0,1.0,0.0,0.0,1.0,0.0,-1.0,2.0
1,3508,Poha SPL,1|3508,1032.0,0.0,4.0,1017.0,0.0,1017.0,0.0,64.0,462.0,372.0,79.0,123.0
1,3515,Cavins Kaju Butterscotch Milkshake  ,1|3515,0.0,0.0,0.0,20.0,0.0,20.0,0.0,0.0,0.0,16.0,-20.0,4.0
1,3520,Sweet Corn Sandwich SPL,1|3520,0.0,0.0,3.0,0.0,0.0,0.0,0.0,0.0,0.0,0.0,0.0,3.0
1,3521,Paneer Mayo Sandwich SPL ,1|3521,0.0,0.0,2.0,118.0,0.0,118.0,0.0,14.0,35.0,69.0,-104.0,2.0
1,3522,Aloo Parantha SPL,1|3522,604.0,0.0,5.0,422.0,0.0,422.0,0.0,58.0,227.0,137.0,240.0,5.0
1,3531,Sabudana Khichdi SPL,1|3531,524.0,0.0,3.0,502.0,0.0,502.0,1.0,5.0,292.0,109.0,28.0,98.0
1,3534,Aloo Samosa SPL ,1|3534,188.0,0.0,1.0,147.0,0.0,147.0,0.0,6.0,58.0,83.0,47.0,1.0
1,3542,Taali Masala Mania Protien Puffs Rs 20,1|3542,0.0,1506.0,80.0,0.0,0.0,0.0,0.0,10.0,4.0,0.0,1516.0,66.0
1,3571,Raw Coconut Water Rs 60,1|3571,0.0,0.0,0.0,0.0,0.0,0.0,0.0,0.0,0.0,0.0,0.0,0.0
1,3577,Bauli Moonfills Caramel Creme Rs 25 ,1|3577,0.0,0.0,0.0,0.0,0.0,0.0,0.0,0.0,0.0,0.0,0.0,0.0
1,3636,Vada Pav SPL ,1|3636,854.0,0.0,3.0,807.0,0.0,807.0,0.0,37.0,272.0,329.0,84.0,172.0
1,3701,Mother Dairy Chhach Rs 13,1|3701,0.0,0.0,0.0,0.0,0.0,0.0,0.0,0.0,0.0,0.0,0.0,0.0
1,3709,Haldirams Chips Pudina Treat,1|3709,0.0,0.0,0.0,0.0,0.0,0.0,0.0,0.0,0.0,0.0,0.0,0.0
1,3714,Test Product Rs 1,1|3714,0.0,0.0,0.0,0.0,0.0,0.0,0.0,0.0,0.0,0.0,0.0,0.0
1,3746,Whisper Choice XL ,1|3746,4.0,0.0,0.0,0.0,0.0,0.0,0.0,0.0,0.0,0.0,4.0,0.0
1,3747,Stayfree Secure XL Rs 37 ,1|3747,19.0,0.0,0.0,0.0,0.0,0.0,0.0,0.0,0.0,0.0,19.0,0.0
1,3782,Britannia Winkin Cow Rs 35,1|3782,0.0,0.0,0.0,23.0,0.0,23.0,0.0,8.0,0.0,14.0,-15.0,1.0
1,38,Amul Masti Buttermilk Rs 10,1|38,0.0,0.0,0.0,0.0,0.0,0.0,0.0,0.0,0.0,0.0,0.0,0.0
1,3810,Lays Wavay Cream Onion Flavour Rs 15,1|3810,94200.0,4839.0,255.0,84568.0,17.0,84585.0,41.0,2661.0,711.0,80079.0,17156.0,1348.0
1,3884,Corn Capsicum Tandoori Sandwich SPL,1|3884,479.0,0.0,0.0,457.0,0.0,457.0,0.0,62.0,293.0,96.0,84.0,6.0
1,3886,Italian Sandwich SPL,1|3886,441.0,134.0,7.0,443.0,0.0,443.0,0.0,68.0,128.0,242.0,200.0,12.0
1,3887,Mexican Sandwich SPL,1|3887,0.0,0.0,0.0,0.0,0.0,0.0,0.0,0.0,0.0,0.0,0.0,0.0
1,3911,Nestle KitKat,1|3911,0.0,32.0,0.0,4452.0,0.0,4452.0,0.0,57.0,0.0,4400.0,-4363.0,-5.0
1,3916,Fast&Up Reload Hydration & Energy Drink,1|3916,0.0,0.0,0.0,8.0,0.0,8.0,0.0,0.0,0.0,4.0,-8.0,4.0
1,392,Test,1|392,0.0,0.0,0.0,12.0,0.0,12.0,0.0,12.0,0.0,0.0,0.0,0.0
1,395,Too Yum- Multigrain Chips,1|395,0.0,0.0,0.0,15.0,0.0,15.0,0.0,15.0,1.0,0.0,0.0,-1.0
1,401,Bingo - Potato Chips Masala,1|401,0.0,551.0,29.0,199.0,0.0,199.0,0.0,26.0,0.0,201.0,378.0,1.0
1,4036,Snickers Kesar Pista Stick Rs 30,1|4036,0.0,0.0,0.0,37.0,0.0,37.0,0.0,1.0,0.0,21.0,-36.0,15.0
1,4048,Epigamia Strawberry Milkshake 40,1|4048,0.0,0.0,0.0,0.0,0.0,0.0,0.0,0.0,0.0,0.0,0.0,0.0
1,4102,Soft Bodyfit,1|4102,13.0,0.0,0.0,0.0,0.0,0.0,0.0,0.0,0.0,0.0,13.0,0.0
1,4133,Round Box 300ml PP container with Lid,1|4133,4278.0,1163.0,61.0,0.0,0.0,0.0,0.0,0.0,0.0,0.0,5441.0,61.0
1,4136,Axe Signature Body Deodorant,1|4136,79.0,0.0,0.0,87.0,0.0,87.0,0.0,30.0,0.0,44.0,22.0,13.0
1,4149,Gillette Foam,1|4149,7.0,0.0,0.0,7.0,0.0,7.0,0.0,0.0,0.0,0.0,0.0,7.0
1,4230,Coca Cola Rs 25,1|4230,0.0,12.0,1.0,4739.0,0.0,4739.0,0.0,158.0,32.0,4453.0,-4569.0,97.0
1,4238,Fit And Flex Cheesy Cheese Flavour ,1|4238,0.0,2264.0,119.0,2666.0,0.0,2666.0,0.0,517.0,171.0,3004.0,115.0,-907.0
1,4242,Max Protein Daily Bar Choco Almond,1|4242,864.0,0.0,0.0,3435.0,0.0,3435.0,0.0,352.0,38.0,2649.0,-2219.0,396.0
1,430,Haldiram's Moong Dal Rs 10 ,1|430,77316.0,10186.0,535.0,56750.0,28.0,56778.0,38.0,2817.0,385.0,52559.0,33579.0,1514.0
1,434,Uncle Chips - Spicy Treat,1|434,0.0,0.0,0.0,14343.0,4.0,14347.0,10.0,312.0,6.0,14136.0,-14025.0,-117.0
1,4425,TATA Copper Water Rs 10,1|4425,0.0,468.0,25.0,0.0,0.0,0.0,0.0,0.0,0.0,0.0,468.0,25.0
1,4430,Americana Coconut Cookies Rs 20,1|4430,0.0,0.0,0.0,23.0,0.0,23.0,0.0,1.0,0.0,22.0,-22.0,0.0
1,4452,Bingo Chilli Sprinkled,1|4452,0.0,0.0,0.0,0.0,0.0,0.0,0.0,0.0,0.0,0.0,0.0,0.0
1,4477,Chings Soup,1|4477,0.0,0.0,0.0,0.0,0.0,0.0,0.0,0.0,0.0,0.0,0.0,0.0
1,4478,Act 2 Classic Salted,1|4478,0.0,0.0,0.0,40.0,0.0,40.0,10.0,50.0,0.0,0.0,20.0,-20.0
1,4506,Gatorade Orange,1|4506,0.0,2.0,0.0,0.0,0.0,0.0,0.0,0.0,0.0,0.0,2.0,0.0
1,4507, Dole Juice Pineapple Orange Banana Rs 60,1|4507,0.0,0.0,0.0,0.0,0.0,0.0,0.0,0.0,0.0,0.0,0.0,0.0
1,4538,Rewynd Peanuts Chikki,1|4538,0.0,507.0,27.0,240.0,0.0,240.0,27.0,3.0,3.0,256.0,297.0,-22.0
1,4545,Snickers chocolate bar Rs 50,1|4545,0.0,909.0,48.0,281.0,0.0,281.0,0.0,209.0,10.0,348.0,837.0,-238.0
1,4555,test1,1|4555,0.0,0.0,0.0,0.0,0.0,0.0,0.0,0.0,0.0,0.0,0.0,0.0
1,4558,Beyond Snacks Kerala Banana Original Style Chips Rs 60,1|4558,0.0,0.0,0.0,0.0,0.0,0.0,0.0,0.0,0.0,0.0,0.0,0.0
1,4565,Snickers chocolate ,1|4565,0.0,0.0,0.0,47.0,0.0,47.0,0.0,1.0,0.0,22.0,-46.0,24.0
1,46,Paper Boat Coconut Water,1|46,6300.0,500.0,26.0,7739.0,0.0,7739.0,4.0,847.0,824.0,6071.0,-88.0,19.0
1,4676,Test Unibic Fruit and Nut ,1|4676,0.0,0.0,0.0,0.0,0.0,0.0,0.0,0.0,0.0,0.0,0.0,0.0
1,4680,Mcvities Bourbon Delight Rs 30,1|4680,0.0,0.0,0.0,30.0,0.0,30.0,0.0,0.0,0.0,28.0,-30.0,2.0
1,47,Mother Dairy Chocolate shake ,1|47,19140.0,2306.0,122.0,21851.0,6.0,21857.0,12.0,1393.0,653.0,20211.0,994.0,-290.0
1,4737,Paper Boat Chikki Rs 7,1|4737,0.0,0.0,0.0,0.0,0.0,0.0,0.0,16.0,0.0,0.0,16.0,-16.0
1,478,Kit Kat Rs 25,1|478,48748.0,1728.0,91.0,40494.0,10.0,40504.0,9.0,1255.0,67.0,37448.0,11236.0,1816.0
1,4822,Desi Popz Tangy Imli Rs 50,1|4822,0.0,23.0,1.0,0.0,0.0,0.0,0.0,0.0,0.0,0.0,23.0,1.0
1,4851,Kerala Banana Chips Desi Masala Rs 20,1|4851,0.0,429.0,23.0,0.0,0.0,0.0,0.0,0.0,0.0,0.0,429.0,23.0
1,4866,Coolberg Cranberry Non Alcoholic Beer ,1|4866,0.0,0.0,0.0,0.0,0.0,0.0,0.0,0.0,0.0,0.0,0.0,0.0
1,4880,Happy Jars Afters Ginger Bells Rs 50,1|4880,0.0,0.0,0.0,0.0,0.0,0.0,0.0,0.0,0.0,0.0,0.0,0.0
1,493,Test Product,1|493,3000.0,0.0,0.0,5680.0,72.0,5752.0,11.0,3506.0,20.0,2401.0,765.0,-186.0
1,4930,Open Secert Choco Almond  Brownie Rs 55,1|4930,0.0,0.0,0.0,0.0,0.0,0.0,0.0,0.0,0.0,0.0,0.0,0.0
1,4934,Chana Jor Lime And Chilli Rs 10,1|4934,0.0,1682.0,89.0,165.0,0.0,165.0,0.0,122.0,26.0,598.0,1639.0,-492.0
1,494,Test Product,1|494,0.0,0.0,0.0,0.0,0.0,0.0,0.0,0.0,0.0,0.0,0.0,0.0
1,4957,Alo Frut Kiwi Aloevera Frut Pulp Juice Rs 40,1|4957,0.0,0.0,0.0,0.0,0.0,0.0,0.0,0.0,0.0,0.0,0.0,0.0
1,4974,Sweet Corn Mayo Sandwich,1|4974,866.0,367.0,19.0,760.0,0.0,760.0,0.0,40.0,293.0,429.0,513.0,17.0
1,4975,Paneer Mayo Sandwich,1|4975,423.0,247.0,18.0,436.0,0.0,436.0,0.0,24.0,170.0,183.0,258.0,77.0
1,4977,Veggie Mint Sauce Sandwich,1|4977,392.0,203.0,11.0,400.0,0.0,400.0,0.0,45.0,157.0,166.0,240.0,43.0
1,5002,Cothas Mocha Cold Coffee Rs 80,1|5002,0.0,0.0,0.0,0.0,0.0,0.0,0.0,0.0,0.0,0.0,0.0,0.0
1,5007,Kurkure Lehar Mast Masala Rs 15,1|5007,50550.0,357.0,19.0,45584.0,8.0,45592.0,30.0,1241.0,227.0,43680.0,6586.0,433.0
1,5069,Lahori Jeera Rs 10,1|5069,0.0,0.0,1.0,0.0,0.0,0.0,0.0,0.0,0.0,0.0,0.0,1.0
1,5081,Happilo Makhana Perky Pudina ,1|5081,0.0,0.0,0.0,0.0,0.0,0.0,0.0,0.0,0.0,0.0,0.0,0.0
1,5094,Sleepy Owl Hazelnut Cold Coffee ,1|5094,0.0,0.0,0.0,0.0,0.0,0.0,0.0,0.0,0.0,0.0,0.0,0.0
1,5097,Kari Kari Chilli Garlic Rs 20,1|5097,9780.0,1980.0,104.0,11301.0,0.0,11301.0,5.0,1610.0,806.0,8764.0,2074.0,220.0
1,5110,Stuffed Bread Roll SPL,1|5110,1050.0,381.0,20.0,1000.0,0.0,1000.0,0.0,62.0,296.0,595.0,493.0,67.0
1,5272,Nutrezy Almond Cranberry Crunchy Bar,1|5272,5000.0,690.0,36.0,6307.0,0.0,6307.0,1.0,759.0,707.0,4625.0,143.0,251.0
1,5275,Pokka Vanilla Coffee Rs 105,1|5275,0.0,3.0,0.0,0.0,0.0,0.0,0.0,0.0,0.0,0.0,3.0,0.0
1,5283,4700BC 100 Corn Chips Salt And Truffle Rs 20,1|5283,16260.0,0.0,0.0,16658.0,0.0,16658.0,7.0,1179.0,99.0,15016.0,788.0,357.0
1,529,Doublemint,1|529,0.0,0.0,0.0,28.0,0.0,28.0,0.0,20.0,0.0,0.0,-8.0,8.0
1,5338,Yu Coconut Water Rs 60,1|5338,0.0,0.0,0.0,0.0,0.0,0.0,0.0,0.0,0.0,0.0,0.0,0.0
1,535,Kinley Water Bottle ,1|535,0.0,0.0,0.0,0.0,0.0,0.0,0.0,0.0,0.0,0.0,0.0,0.0
1,5351,Puzzles Aloo Bhujia Rs 10,1|5351,0.0,0.0,0.0,35.0,0.0,35.0,0.0,0.0,0.0,35.0,-35.0,0.0
1,5367,Almond Brittle Coffee Rs 40,1|5367,0.0,397.0,21.0,0.0,0.0,0.0,0.0,0.0,0.0,0.0,397.0,21.0
1,5419,Mcvities Butter Cookies ,1|5419,14520.0,0.0,0.0,6980.0,32.0,7012.0,0.0,248.0,42.0,5395.0,7756.0,1327.0
1,542,Limca 250ml Pet Rs 20,1|542,0.0,0.0,0.0,21.0,0.0,21.0,0.0,7.0,0.0,14.0,-14.0,0.0
1,5453,Nestle KitKat ,1|5453,37926.0,916.0,49.0,40623.0,0.0,40623.0,28.0,2169.0,59.0,37259.0,416.0,1157.0
1,5471,Foodrik Choco Nutri Bar Rs 40,1|5471,0.0,186.0,10.0,0.0,0.0,0.0,0.0,0.0,0.0,0.0,186.0,10.0
1,5485,Bonn Choco Chip Cookies Rs 10,1|5485,0.0,0.0,0.0,161.0,0.0,161.0,2.0,7.0,0.0,156.0,-152.0,-4.0
1,5486,Bonn classic Bourbonn Biscuits Rs 15,1|5486,0.0,0.0,0.0,0.0,0.0,0.0,0.0,0.0,0.0,0.0,0.0,0.0
1,5493,Dates Bites Sachet Rs 35,1|5493,0.0,46.0,2.0,12.0,0.0,12.0,0.0,9.0,7.0,9.0,43.0,-11.0
1,5494,Farmley Roasted Makhana Cream And Onion Rs 30,1|5494,27020.0,5076.0,269.0,30692.0,21.0,30713.0,9.0,1768.0,356.0,27662.0,3160.0,1187.0
1,5549,Clear Water Bottle Rs 10,1|5549,1560.0,0.0,0.0,1717.0,0.0,1717.0,0.0,211.0,6.0,1482.0,54.0,18.0
1,5556,Max Protein Chocoberry bar Rs 75,1|5556,0.0,0.0,0.0,0.0,0.0,0.0,0.0,0.0,0.0,0.0,0.0,0.0
1,5557,Max Protein Choco Almond Bar Rs 75,1|5557,17280.0,0.0,0.0,12762.0,0.0,12762.0,0.0,726.0,209.0,11284.0,5244.0,543.0
1,556,Gillette Foam,1|556,5.0,0.0,0.0,5.0,0.0,5.0,0.0,0.0,0.0,0.0,0.0,5.0
1,5586,Farm Fresh Veggie Wrap SPL,1|5586,0.0,0.0,0.0,0.0,0.0,0.0,0.0,0.0,0.0,0.0,0.0,0.0
1,5649,Roohafza Lassi 180 ml Rs 25,1|5649,0.0,0.0,0.0,0.0,0.0,0.0,0.0,0.0,0.0,0.0,0.0,0.0
1,5687,Hamdard Nariyal Paani Rs 50,1|5687,0.0,1.0,0.0,0.0,0.0,0.0,0.0,0.0,0.0,0.0,1.0,0.0
1,5688,Ripe Jackfruit With Chilli Mango Rs 59,1|5688,0.0,0.0,0.0,0.0,0.0,0.0,0.0,0.0,0.0,0.0,0.0,0.0
1,572,Sweet Corn Mayo Sandwich,1|572,0.0,0.0,0.0,59.0,0.0,59.0,0.0,3.0,40.0,16.0,-56.0,0.0
1,575,Frooti Rs 10,1|575,0.0,0.0,0.0,5.0,0.0,5.0,0.0,3.0,0.0,2.0,-2.0,0.0
1,584,Fanta Can 180 ml Rs 25,1|584,30210.0,2366.0,125.0,30213.0,4.0,30217.0,10.0,996.0,262.0,28393.0,3365.0,681.0
1,586,Coke Regular Pop Can Rs 25,1|586,7417.0,420.0,22.0,3207.0,0.0,3207.0,41.0,311.0,13.0,2684.0,4982.0,180.0
1,59,Tropicana Juice,1|59,0.0,2546.0,134.0,0.0,0.0,0.0,0.0,0.0,0.0,0.0,2546.0,134.0
1,5946,Kelloggs Corn Flakes,1|5946,0.0,161.0,9.0,0.0,0.0,0.0,0.0,0.0,0.0,0.0,161.0,9.0
1,598,Moong Daal & Rice Combo,1|598,0.0,0.0,0.0,17.0,0.0,17.0,0.0,17.0,0.0,0.0,0.0,0.0
1,600,Garden Mini Bhakarwadi Rs 10,1|600,0.0,0.0,0.0,10.0,0.0,10.0,0.0,10.0,0.0,0.0,0.0,0.0
1,6096,Ananda Kesar Badam ,1|6096,0.0,46.0,2.0,0.0,0.0,0.0,0.0,0.0,0.0,0.0,46.0,2.0
1,61,Paper Boat Lychee Ras Rs 20,1|61,4500.0,232.0,11.0,7132.0,0.0,7132.0,4.0,563.0,44.0,6264.0,-1833.0,268.0
1,6103,D Nature Eatery Roasted Cashew,1|6103,0.0,890.0,47.0,0.0,0.0,0.0,0.0,15.0,0.0,1.0,905.0,31.0
1,626,Opera - Potato Crisps,1|626,0.0,0.0,0.0,0.0,0.0,0.0,0.0,0.0,0.0,0.0,0.0,0.0
1,629,Baked Bhakri,1|629,0.0,0.0,0.0,1.0,0.0,1.0,0.0,0.0,1.0,0.0,-1.0,0.0
1,6314,Schezwan Cuppa Rice,1|6314,0.0,2.0,0.0,0.0,0.0,0.0,0.0,0.0,0.0,0.0,2.0,0.0
1,633,Max Protein-Spanish Tomato Rs 20,1|633,0.0,0.0,0.0,3.0,0.0,3.0,0.0,0.0,0.0,3.0,-3.0,0.0
1,641,Sattviko - Zesty Tasty,1|641,0.0,0.0,0.0,0.0,0.0,0.0,0.0,0.0,0.0,0.0,0.0,0.0
1,6480,Tong Garden Onion & Garlic Coated peanut 20 gm Rs 10,1|6480,0.0,3602.0,189.0,9.0,0.0,9.0,0.0,15.0,0.0,29.0,3608.0,154.0
1,6482,Tong Garden Onion & Garlic Small Green Peas ,1|6482,0.0,290.0,15.0,63.0,0.0,63.0,0.0,64.0,8.0,103.0,291.0,-97.0
1,6530,Anmol Chocolate Cake Rs 30,1|6530,0.0,0.0,0.0,0.0,0.0,0.0,0.0,0.0,0.0,0.0,0.0,0.0
1,6575,Dukes Waffy Vanilla Rs 50,1|6575,0.0,0.0,0.0,0.0,0.0,0.0,0.0,4.0,0.0,0.0,4.0,-4.0
1,6600,Millets Ragi Namkeen Rs 15,1|6600,0.0,0.0,0.0,0.0,0.0,0.0,0.0,0.0,0.0,0.0,0.0,0.0
1,6601,Saffola Munchiez Ragi Chips Masala Twist ,1|6601,0.0,0.0,0.0,0.0,0.0,0.0,0.0,0.0,0.0,0.0,0.0,0.0
1,6604,Heka Bites Roasted Jowar Puffs ,1|6604,0.0,0.0,0.0,0.0,0.0,0.0,0.0,0.0,0.0,0.0,0.0,0.0
1,6605,Good Diet Millet Murukku ,1|6605,0.0,0.0,0.0,0.0,0.0,0.0,0.0,0.0,0.0,0.0,0.0,0.0
1,6606,Parle Nutricrunch Digestive Biscuits ,1|6606,0.0,0.0,0.0,0.0,0.0,0.0,0.0,0.0,0.0,0.0,0.0,0.0
1,663,Britannia Veg Cake Chocolate Rs 20,1|663,16392.0,3270.0,172.0,16962.0,0.0,16962.0,5.0,470.0,162.0,15933.0,3175.0,564.0
1,6654,Saffola Ragi Chips Takatak Tomato Rs 25,1|6654,0.0,0.0,0.0,0.0,0.0,0.0,0.0,0.0,0.0,0.0,0.0,0.0
1,668,Maaza Pet Bottle Rs 20,1|668,0.0,0.0,0.0,13.0,0.0,13.0,0.0,4.0,0.0,9.0,-9.0,0.0
1,6700,Spinner Energy Drink,1|6700,0.0,0.0,0.0,0.0,0.0,0.0,0.0,4.0,0.0,0.0,4.0,-4.0
1,6707,Haldiram Aloo Bhujia,1|6707,80.0,0.0,0.0,0.0,0.0,0.0,0.0,0.0,0.0,0.0,80.0,0.0
1,678,Britannia Bourbon-Rs 10,1|678,0.0,1161.0,61.0,4052.0,0.0,4052.0,15.0,87.0,14.0,4023.0,-2789.0,-26.0
1,680,Cornitos Roasted Cashews Lightly Salted ,1|680,0.0,5.0,0.0,0.0,0.0,0.0,0.0,0.0,0.0,0.0,5.0,0.0
1,6808,Cornitos Nacho Chips Sizzlin Jalapeno ,1|6808,0.0,0.0,0.0,0.0,0.0,0.0,0.0,5.0,0.0,0.0,5.0,-5.0
1,683,Cornitos Roasted Salted-Pumpkin Seeds,1|683,0.0,0.0,0.0,0.0,0.0,0.0,0.0,0.0,0.0,0.0,0.0,0.0
1,6837,Mcvities Dark Cookies Cream Chocolate,1|6837,0.0,2.0,0.0,0.0,0.0,0.0,0.0,0.0,0.0,0.0,2.0,0.0
1,690,Amul Lassi Rs 15,1|690,0.0,3109.0,163.0,0.0,0.0,0.0,0.0,2.0,1.0,0.0,3111.0,160.0
1,691,Britannia Chocolate Shake Rs 30 ,1|691,0.0,0.0,0.0,74.0,0.0,74.0,0.0,3.0,0.0,79.0,-71.0,-8.0
1,693,Snickers,1|693,0.0,0.0,0.0,68.0,0.0,68.0,0.0,29.0,0.0,24.0,-39.0,15.0
1,694,Frooti ,1|694,52320.0,1584.0,83.0,53010.0,18.0,53028.0,16.0,1455.0,310.0,50247.0,2347.0,1083.0
1,6942,B Natural Guava Rs 10,1|6942,0.0,0.0,0.0,0.0,0.0,0.0,0.0,0.0,0.0,2.0,0.0,-2.0
1,699,Aloo Bread Toast,1|699,0.0,0.0,0.0,0.0,0.0,0.0,0.0,0.0,0.0,0.0,0.0,0.0
1,7,Healthy Vegetable Poha,1|7,0.0,0.0,0.0,0.0,0.0,0.0,0.0,0.0,0.0,0.0,0.0,0.0
1,700,Aloo Parantha,1|700,0.0,0.0,0.0,0.0,0.0,0.0,0.0,0.0,0.0,0.0,0.0,0.0
1,7008,Doritos Sweet Chilli Chips Rs 30,1|7008,0.0,0.0,0.0,0.0,0.0,0.0,0.0,0.0,0.0,0.0,0.0,0.0
1,7088,Dates Bites Sachet Rs 40,1|7088,45480.0,1011.0,53.0,44444.0,36.0,44480.0,22.0,2745.0,758.0,37708.0,4778.0,3300.0
1,7112,Cheese & Herbs Corn Chips Rs 20,1|7112,13296.0,0.0,0.0,11583.0,3.0,11586.0,13.0,766.0,143.0,10175.0,2489.0,489.0
1,713,Raw Coconut Water Rs 60,1|713,0.0,175.0,9.0,0.0,0.0,0.0,0.0,0.0,0.0,0.0,175.0,9.0
1,72,Dried Banana Chips,1|72,0.0,0.0,0.0,0.0,0.0,0.0,0.0,0.0,0.0,0.0,0.0,0.0
1,7209,Galaxy Smooth Milk Rs 80,1|7209,0.0,0.0,0.0,0.0,0.0,0.0,0.0,0.0,0.0,0.0,0.0,0.0
1,7214,The Theatre Project Popcorn Cheddar Cheese Rs 20,1|7214,0.0,1556.0,82.0,17.0,0.0,17.0,0.0,9.0,10.0,24.0,1548.0,56.0
1,73,Cavin's Lassi,1|73,0.0,702.0,37.0,319.0,0.0,319.0,0.0,84.0,17.0,339.0,467.0,-84.0
1,7320,Oddy Sticky Notes,1|7320,228.0,0.0,0.0,204.0,0.0,204.0,0.0,121.0,0.0,17.0,145.0,66.0
1,74,Sabudana Vada - Vrat Special,1|74,0.0,0.0,0.0,0.0,0.0,0.0,0.0,0.0,0.0,0.0,0.0,0.0
1,7421,Hustle Energy Drink Rs 60,1|7421,2400.0,343.0,18.0,2623.0,0.0,2623.0,0.0,336.0,25.0,2267.0,456.0,13.0
1,7433,Orange 400 Gram,1|7433,0.0,7.0,0.0,0.0,0.0,0.0,0.0,0.0,0.0,0.0,7.0,0.0
1,7462,Banana 300 gm,1|7462,0.0,1.0,0.0,0.0,0.0,0.0,0.0,0.0,0.0,0.0,1.0,0.0
1,7463,Kinnu Orange 370gm,1|7463,0.0,0.0,0.0,0.0,0.0,0.0,0.0,0.0,0.0,0.0,0.0,0.0
1,7465,Blueberry Fruit Yogurt Rs 35,1|7465,0.0,2.0,1.0,0.0,0.0,0.0,0.0,0.0,0.0,0.0,2.0,1.0
1,7482,Farmley Masala Munchies ,1|7482,80.0,1.0,0.0,74.0,0.0,74.0,0.0,6.0,3.0,54.0,13.0,11.0
1,7485,Coolberg Peach Beer Rs 99,1|7485,0.0,13.0,0.0,0.0,0.0,0.0,0.0,0.0,0.0,0.0,13.0,0.0
1,75,Aloo Peanut Falahar - Vrat Special,1|75,50.0,0.0,0.0,57.0,0.0,57.0,0.0,11.0,11.0,35.0,4.0,0.0
1,7631,Tata Soulfull Ragi Bites Vanilla Fills Rs 20,1|7631,0.0,1.0,0.0,0.0,0.0,0.0,0.0,0.0,0.0,0.0,1.0,0.0
1,764,Amul Milk Chocolate Rs 25,1|764,0.0,2490.0,131.0,200.0,0.0,200.0,0.0,5.0,4.0,120.0,2295.0,202.0
1,766,Amul Rose Lassi Rs 20 ,1|766,0.0,0.0,0.0,49.0,0.0,49.0,0.0,0.0,0.0,44.0,-49.0,5.0
1,7681,Farmley Dates Bites Sachet,1|7681,0.0,1.0,0.0,0.0,0.0,0.0,0.0,0.0,0.0,0.0,1.0,0.0
1,7682,Roasty Tasty Multigrain Sweet And Tangy,1|7682,0.0,1.0,0.0,0.0,0.0,0.0,0.0,0.0,0.0,0.0,1.0,0.0
1,7683,Bauli Moonfils Choco,1|7683,0.0,1.0,0.0,0.0,0.0,0.0,0.0,0.0,0.0,0.0,1.0,0.0
1,7686,Paper Boat Buttermilk ,1|7686,0.0,4.0,0.0,0.0,0.0,0.0,0.0,0.0,0.0,0.0,4.0,0.0
1,7690,Britannia Choco Chill Veg Cake ,1|7690,0.0,1.0,0.0,0.0,0.0,0.0,0.0,0.0,0.0,0.0,1.0,0.0
1,7696,Sprite Can ,1|7696,0.0,1.0,0.0,0.0,0.0,0.0,0.0,0.0,0.0,0.0,1.0,0.0
1,7699,Bingo Mad Angles Achaari Masti ,1|7699,0.0,1842.0,97.0,140.0,0.0,140.0,0.0,29.0,9.0,196.0,1731.0,3.0
1,7704,ThumsUp Can,1|7704,0.0,1.0,0.0,0.0,0.0,0.0,0.0,0.0,0.0,0.0,1.0,0.0
1,777,Big Box 500ml PP Container ,1|777,1071.0,446.0,28.0,0.0,0.0,0.0,0.0,0.0,0.0,0.0,1517.0,28.0
1,7786,Taali Sriracha Spice Rs 40,1|7786,0.0,221.0,12.0,0.0,0.0,0.0,0.0,4.0,0.0,0.0,225.0,8.0
1,7790,3 Sisters Indie Sodas Jeera Masala Rs 80,1|7790,0.0,37.0,2.0,79.0,0.0,79.0,0.0,67.0,29.0,84.0,25.0,-99.0
1,7792,Solh Cold Coffee Mocha Rs 50,1|7792,0.0,674.0,36.0,0.0,0.0,0.0,0.0,0.0,0.0,0.0,674.0,36.0
1,789,Knorr - Sweet Corn Soup Veg Rs.10,1|789,1392.0,311.0,15.0,3028.0,1.0,3029.0,0.0,475.0,277.0,2147.0,-851.0,145.0
1,7924,Masala Idli SPL,1|7924,731.0,66.0,3.0,416.0,0.0,416.0,0.0,24.0,150.0,225.0,405.0,20.0
1,7925,Vermicelli Upma SPL,1|7925,279.0,0.0,0.0,92.0,0.0,92.0,0.0,9.0,34.0,47.0,196.0,2.0
1,7928,Paneer Paratha ,1|7928,330.0,0.0,0.0,162.0,0.0,162.0,0.0,10.0,83.0,59.0,178.0,10.0
1,7931,Aloo Samosa SPL,1|7931,10.0,0.0,0.0,0.0,0.0,0.0,0.0,0.0,0.0,0.0,10.0,0.0
1,7932,Vada Pav SPL,1|7932,1375.0,252.0,13.0,1043.0,0.0,1043.0,0.0,45.0,142.0,846.0,629.0,23.0
1,7934,Stuffed Bread Pakora SPL,1|7934,225.0,0.0,0.0,157.0,0.0,157.0,0.0,10.0,51.0,96.0,78.0,0.0
1,7935,Coleslaw Sandwich SPL,1|7935,0.0,0.0,0.0,0.0,0.0,0.0,0.0,0.0,0.0,0.0,0.0,0.0
1,794,Britannia Little Hearts,1|794,0.0,0.0,0.0,90.0,0.0,90.0,0.0,2.0,0.0,88.0,-88.0,0.0
1,796,Mother Dairy Chach Rs 12,1|796,77970.0,1821.0,96.0,80046.0,4.0,80050.0,44.0,1683.0,245.0,75083.0,1468.0,3091.0
1,799,Mr Makhana Cream & Onion,1|799,0.0,1.0,0.0,31.0,0.0,31.0,0.0,14.0,4.0,13.0,-16.0,0.0
1,80,Cavin's Spiced ButterMilk,1|80,0.0,1381.0,72.0,821.0,0.0,821.0,0.0,139.0,105.0,853.0,699.0,-204.0
1,809,Chinese Style Stir Fry IDLIi,1|809,0.0,0.0,3.0,0.0,0.0,0.0,0.0,0.0,0.0,0.0,0.0,3.0
1,814,Ritebite Sport Bar Almond Mocha,1|814,1440.0,0.0,0.0,4949.0,16.0,4965.0,3.0,285.0,21.0,4489.0,-3237.0,167.0
1,82,Paper Boat Alphonso Aam Rs 25,1|82,37485.0,0.0,0.0,34818.0,3.0,34821.0,19.0,2444.0,2201.0,28608.0,5127.0,1549.0
1,8202,Rebound Mango Rs 100,1|8202,0.0,40.0,2.0,0.0,0.0,0.0,0.0,0.0,3.0,0.0,40.0,-1.0
1,8207,Mulberry Zingals Chocolate Slice Cake ,1|8207,6480.0,0.0,0.0,6005.0,8.0,6013.0,0.0,297.0,170.0,4940.0,764.0,606.0
1,822,Britannia Good Day Cashew ,1|822,0.0,0.0,0.0,18.0,0.0,18.0,0.0,0.0,0.0,18.0,-18.0,0.0
1,8221,Test S 00138483,1|8221,0.0,0.0,0.0,0.0,0.0,0.0,0.0,0.0,0.0,0.0,0.0,0.0
1,824,Mr Makhana Piri Piri Rs 35,1|824,0.0,0.0,0.0,0.0,0.0,0.0,0.0,0.0,0.0,0.0,0.0,0.0
1,8249,Real Coconut Water Rs 35,1|8249,4500.0,74.0,4.0,4029.0,10.0,4039.0,3.0,261.0,24.0,3663.0,799.0,92.0
1,825,Amul Masti Buttermilk Rs 12,1|825,0.0,0.0,0.0,0.0,0.0,0.0,0.0,0.0,0.0,0.0,0.0,0.0
1,8279,Lotus Thandai Badam Milk ,1|8279,19500.0,1834.0,97.0,21260.0,0.0,21260.0,1.0,1922.0,374.0,18402.0,1997.0,658.0
1,8282,Adishtu Strawberry Energy Bar Rs 75,1|8282,0.0,110.0,6.0,0.0,0.0,0.0,0.0,0.0,2.0,0.0,110.0,4.0
1,8287,Wonderland Foods Almond Roasted & Salted,1|8287,30050.0,2659.0,140.0,37468.0,0.0,37468.0,28.0,4729.0,822.0,31585.0,-2.0,444.0
1,8368,Test Tarun 1234,1|8368,0.0,0.0,0.0,0.0,0.0,0.0,0.0,0.0,0.0,0.0,0.0,0.0
1,840,Hershey's Chocolate Milk Shake Rs 35,1|840,0.0,0.0,0.0,0.0,0.0,0.0,0.0,0.0,0.0,0.0,0.0,0.0
1,8454,Chennai Star Banana Chips Navratri Special ,1|8454,0.0,0.0,0.0,0.0,0.0,0.0,0.0,0.0,0.0,0.0,0.0,0.0
1,8455,Jhumar Potato Wafer Rs 50,1|8455,0.0,0.0,0.0,0.0,0.0,0.0,0.0,0.0,0.0,0.0,0.0,0.0
1,846,Kelloggs Chocos,1|846,0.0,215.0,11.0,0.0,0.0,0.0,0.0,0.0,0.0,0.0,215.0,11.0
1,8464,Aadishwar Cholai Laddu Navratri Special Rs 24,1|8464,0.0,102.0,10.0,0.0,0.0,0.0,0.0,0.0,0.0,0.0,102.0,10.0
1,8467,Aadishwar Yellow Banana Chips Navratri Special Rs 39,1|8467,0.0,0.0,5.0,0.0,0.0,0.0,0.0,0.0,0.0,0.0,0.0,5.0
1,8468,Aadishwar Salted Potato Chips Navratri Special Rs 19,1|8468,0.0,0.0,0.0,0.0,0.0,0.0,0.0,0.0,0.0,0.0,0.0,0.0
1,8481,Campa Orange Rs 10,1|8481,0.0,0.0,0.0,1319.0,0.0,1319.0,38.0,165.0,98.0,1027.0,-1116.0,-9.0
1,8520,Absolut Raspberry & Lemon Mixer Rs 100,1|8520,0.0,0.0,3.0,0.0,0.0,0.0,0.0,0.0,0.0,0.0,0.0,3.0
1,8521,Jameson Ginger Ale Rs 100,1|8521,720.0,0.0,0.0,848.0,0.0,848.0,2.0,164.0,143.0,499.0,38.0,40.0
1,8522,Crizpo Banana Chips Creamy Cheddar Rs 60,1|8522,0.0,476.0,25.0,414.0,1.0,415.0,0.0,126.0,26.0,394.0,187.0,-106.0
1,8540,Aloo Masala Sandwich ,1|8540,0.0,0.0,0.0,0.0,0.0,0.0,0.0,0.0,0.0,0.0,0.0,0.0
1,8758,Sanitary Pads Rs 8,1|8758,0.0,0.0,0.0,0.0,0.0,0.0,0.0,0.0,0.0,0.0,0.0,0.0
1,876,Coleslaw Sandwich,1|876,0.0,0.0,4.0,0.0,0.0,0.0,0.0,0.0,0.0,0.0,0.0,4.0
1,8798,Act 2 Classic Caramel Popcorn Rs 10,1|8798,0.0,0.0,0.0,50.0,0.0,50.0,0.0,0.0,0.0,0.0,-50.0,50.0
1,89,Stuffed Bread Roll,1|89,0.0,0.0,0.0,0.0,0.0,0.0,0.0,0.0,0.0,0.0,0.0,0.0
1,8905,Lotus Sun Cold Brew Classic Latte Rs 100,1|8905,0.0,0.0,0.0,2.0,0.0,2.0,0.0,5.0,0.0,8.0,3.0,-11.0
1,8907,Crizpo Banana Chips Green chilli Delight Rs 60,1|8907,0.0,0.0,3.0,31.0,0.0,31.0,0.0,9.0,0.0,47.0,-22.0,-22.0
1,8908,Nutraj Snackrite R & S Almond Cashew Mix Rs 49,1|8908,0.0,476.0,25.0,0.0,0.0,0.0,0.0,0.0,0.0,0.0,476.0,25.0
1,891,RiteBite Peanut Butter,1|891,20880.0,2352.0,149.0,19966.0,0.0,19966.0,8.0,2655.0,794.0,18531.0,5929.0,-1873.0
1,8910,45 Energy Drink Blue Rush Rs 80,1|8910,0.0,0.0,5.0,46.0,0.0,46.0,0.0,52.0,19.0,44.0,6.0,-64.0
1,896,Yoga Pulp Aloevera KiwiJuice Rs 30,1|896,0.0,1.0,0.0,331.0,0.0,331.0,0.0,40.0,0.0,297.0,-290.0,-6.0
1,9024,Kadi Pakora With Steamed Rice ,1|9024,0.0,0.0,0.0,0.0,0.0,0.0,0.0,0.0,0.0,0.0,0.0,0.0
1,9029,Matar Kulcha Sandwich ,1|9029,21.0,0.0,0.0,0.0,0.0,0.0,0.0,0.0,0.0,0.0,21.0,0.0
1,9083,Meow Crispy Himalayan Pink Salt Rs 30,1|9083,0.0,1228.0,70.0,15.0,0.0,15.0,0.0,24.0,61.0,57.0,1237.0,-57.0
1,9089,Mountain Tribe Gingerade Kombucha ,1|9089,1092.0,0.0,5.0,1124.0,0.0,1124.0,0.0,183.0,127.0,509.0,151.0,310.0
1,9119,Sanitary Pads ,1|9119,0.0,0.0,4.0,2600.0,0.0,2600.0,0.0,1661.0,980.0,55.0,-939.0,-92.0
1,915,Cremica Bourbon Biscuits Rs 15,1|915,0.0,1.0,0.0,0.0,0.0,0.0,0.0,0.0,0.0,0.0,1.0,0.0
1,9191,Nuttoz Roasted Peanuts Rs 20,1|9191,0.0,833.0,44.0,18.0,0.0,18.0,0.0,22.0,2.0,24.0,837.0,14.0
1,929,Sprite750ml,1|929,12600.0,0.0,3.0,11192.0,13.0,11205.0,7.0,402.0,57.0,9276.0,1804.0,1466.0
1,9308,Volls Pro Plant Protein Caramel ,1|9308,376.0,0.0,4.0,423.0,0.0,423.0,2.0,47.0,59.0,301.0,2.0,18.0
1,935,Lays - American Style Cream and Onion ,1|935,20336.0,867.0,45.0,8811.0,0.0,8811.0,0.0,320.0,17.0,8334.0,12712.0,185.0
1,9380,Satyfree Secure Regular,1|9380,7.0,0.0,0.0,0.0,0.0,0.0,0.0,0.0,0.0,0.0,7.0,0.0
1,94,Maaza Tetrapack Rs 10,1|94,0.0,0.0,0.0,0.0,0.0,0.0,0.0,0.0,0.0,0.0,0.0,0.0
1,941,MTR - Vegetable Upma,1|941,0.0,0.0,0.0,0.0,0.0,0.0,0.0,0.0,0.0,0.0,0.0,0.0
1,95,Parle Appy Rs 10,1|95,0.0,425.0,22.0,18.0,0.0,18.0,0.0,3.0,4.0,19.0,410.0,14.0
1,9558,Corn Makhani Sauce Sandwich ,1|9558,497.0,0.0,0.0,436.0,0.0,436.0,0.0,13.0,188.0,134.0,74.0,101.0
1,9559,Sweet Corn Mayo Sandwich,1|9559,492.0,0.0,0.0,406.0,0.0,406.0,0.0,20.0,206.0,160.0,106.0,20.0
1,9560,Paneer Mayo Sandwich ,1|9560,57.0,0.0,0.0,7.0,0.0,7.0,0.0,0.0,2.0,5.0,50.0,0.0
1,9561,Veggie Mint Sauce Sandwich ,1|9561,0.0,0.0,0.0,0.0,0.0,0.0,0.0,0.0,0.0,0.0,0.0,0.0
1,9562,Corn Capsicum Tandoori Sandwich ,1|9562,0.0,0.0,0.0,0.0,0.0,0.0,0.0,0.0,0.0,0.0,0.0,0.0
1,9563,Coleslaw Sandwich SPL ,1|9563,450.0,0.0,0.0,297.0,0.0,297.0,0.0,18.0,151.0,106.0,171.0,22.0
1,959,Test product-2,1|959,0.0,0.0,0.0,1.0,1.0,2.0,0.0,0.0,0.0,0.0,-2.0,2.0
1,9655,Kakaji Cream & Onion Chips ,1|9655,0.0,690.0,36.0,62.0,0.0,62.0,2.0,66.0,66.0,104.0,696.0,-140.0
1,9656,Kakaji Bikaneri Bhujia Rs 10,1|9656,0.0,1143.0,60.0,0.0,0.0,0.0,0.0,6.0,4.0,1.0,1149.0,49.0
1,974,Hyderbadi Veg Biryani from Jubilant,1|974,0.0,0.0,0.0,0.0,0.0,0.0,0.0,0.0,0.0,0.0,0.0,0.0
1,9803,Nissin Masala Cup Noodles,1|9803,0.0,0.0,0.0,0.0,0.0,0.0,0.0,4.0,0.0,0.0,4.0,-4.0
1,984,Appy 200ml Rs 15,1|984,34950.0,1415.0,75.0,35596.0,0.0,35596.0,14.0,1081.0,263.0,34241.0,1864.0,72.0
1,9851,Farmley Cream & Onion Makhana Rs 50,1|9851,5400.0,237.0,18.0,6704.0,6.0,6710.0,3.0,504.0,27.0,6406.0,-566.0,-212.0
1,9853,Hydroshark Lime Drink Rs 80,1|9853,0.0,0.0,0.0,30.0,0.0,30.0,0.0,34.0,30.0,40.0,4.0,-74.0
1,986,Haldiram's Chips Pudina Treat Rs 15 ,1|986,0.0,2095.0,110.0,59.0,0.0,59.0,0.0,20.0,29.0,84.0,2056.0,36.0
1,9899,Nitric Whey Protein Rs 249,1|9899,0.0,0.0,0.0,0.0,0.0,0.0,0.0,0.0,0.0,0.0,0.0,0.0
1,9912,4700 BC Sea Salt Protein Pops ,1|9912,6468.0,0.0,0.0,4931.0,6.0,4937.0,1.0,232.0,35.0,4215.0,1764.0,454.0
1,9925,Sugar Free Diet Mocha Hazelnut Cookies ,1|9925,0.0,0.0,4.0,826.0,0.0,826.0,0.0,80.0,117.0,601.0,-746.0,32.0
1,9992,Coffee Body Wash With Berries ,1|9992,0.0,0.0,0.0,482.0,1.0,483.0,0.0,136.0,7.0,313.0,-347.0,27.0
1,9994,Fit & flex Masala Protein Puffs ,1|9994,0.0,189.0,10.0,2585.0,0.0,2585.0,0.0,226.0,78.0,2339.0,-2170.0,-48.0
1,9996,Welbe Plain Murukku ,1|9996,17280.0,1143.0,60.0,25414.0,0.0,25414.0,19.0,2519.0,954.0,25601.0,-4453.0,-3619.0
11,0,Unknown/Unmapped,11|0,0.0,0.0,0.0,23.0,0.0,23.0,0.0,0.0,0.0,5.0,-23.0,18.0
11,10114,Nutrezy Raisin Omega & Crunch Trail Mix,11|10114,0.0,0.0,0.0,24.0,0.0,24.0,0.0,0.0,0.0,10.0,-24.0,14.0
11,1048,Balaji Wafers Pizzy Masala Rs 10,11|1048,0.0,0.0,0.0,469.0,0.0,469.0,0.0,21.0,0.0,446.0,-448.0,2.0
11,10845,Lotus Masala Chaach,11|10845,0.0,0.0,0.0,23.0,0.0,23.0,0.0,0.0,0.0,23.0,-23.0,0.0
11,11171,Superyou Multigrain Super Masala Chips 40,11|11171,0.0,0.0,0.0,68.0,0.0,68.0,0.0,18.0,8.0,34.0,-50.0,8.0
11,11252,Boost Ready To Drink 180 ML,11|11252,0.0,0.0,0.0,7.0,0.0,7.0,0.0,2.0,0.0,5.0,-5.0,0.0
11,11388,Lets Try Aloo Bhujia ,11|11388,0.0,0.0,0.0,42.0,0.0,42.0,0.0,2.0,0.0,24.0,-40.0,16.0
11,11613,Fabeato Korean Kimchi Banana Chips,11|11613,0.0,0.0,0.0,24.0,0.0,24.0,0.0,0.0,0.0,14.0,-24.0,10.0
11,12429,Madmix Jowar Bhujia Masala Masti,11|12429,0.0,0.0,0.0,22.0,0.0,22.0,0.0,0.0,0.0,10.0,-22.0,12.0
11,12640,Trubeing Roasted Peanuts Plain Salted,11|12640,0.0,0.0,0.0,6.0,0.0,6.0,0.0,0.0,0.0,3.0,-6.0,3.0
11,12650,Trubeing Soya Chips,11|12650,0.0,0.0,0.0,6.0,0.0,6.0,0.0,6.0,0.0,0.0,0.0,0.0
11,130,Choco Chips Cookies,11|130,0.0,0.0,0.0,108.0,0.0,108.0,0.0,0.0,0.0,104.0,-108.0,4.0
11,1301,Maggi Cuppa Noodles Masala ,11|1301,0.0,0.0,0.0,10.0,0.0,10.0,0.0,0.0,4.0,2.0,-10.0,4.0
11,1326,Unibic Choco Chip Cookies ,11|1326,0.0,0.0,0.0,10.0,0.0,10.0,0.0,0.0,0.0,4.0,-10.0,6.0
11,1608,Makino Nacho Chips Jalapeno ,11|1608,0.0,0.0,0.0,112.0,0.0,112.0,0.0,11.0,1.0,98.0,-101.0,2.0
11,2412,Nescafe Chilled Latte Rs 45,11|2412,0.0,0.0,0.0,37.0,0.0,37.0,0.0,1.0,0.0,35.0,-36.0,1.0
11,252,Thumps Up Can,11|252,0.0,0.0,0.0,31.0,0.0,31.0,0.0,0.0,0.0,28.0,-31.0,3.0
11,261,McVitie's Digestive Biscuits,11|261,0.0,0.0,0.0,14.0,0.0,14.0,0.0,0.0,0.0,2.0,-14.0,12.0
11,282,Too Yumm Veggie Stix Cheese & Herbs Rs 20,11|282,0.0,0.0,0.0,71.0,0.0,71.0,0.0,15.0,0.0,48.0,-56.0,8.0
11,318,Coke Zero,11|318,0.0,0.0,0.0,69.0,0.0,69.0,0.0,12.0,3.0,45.0,-57.0,9.0
11,38,Amul Masti Buttermilk Rs 10,11|38,0.0,0.0,0.0,18.0,0.0,18.0,0.0,1.0,0.0,17.0,-17.0,0.0
11,4068,Alo Frut Orange Rs 30,11|4068,0.0,0.0,0.0,31.0,0.0,31.0,0.0,3.0,0.0,27.0,-28.0,1.0
11,430,Haldiram's Moong Dal Rs 10 ,11|430,0.0,0.0,0.0,613.0,0.0,613.0,0.0,62.0,2.0,527.0,-551.0,22.0
11,4538,Rewynd Peanuts Chikki,11|4538,0.0,0.0,0.0,84.0,0.0,84.0,0.0,6.0,0.0,55.0,-78.0,23.0
11,4565,Snickers chocolate ,11|4565,0.0,0.0,0.0,20.0,0.0,20.0,0.0,0.0,0.0,13.0,-20.0,7.0
11,478,Kit Kat Rs 25,11|478,0.0,0.0,0.0,150.0,0.0,150.0,0.0,31.0,0.0,105.0,-119.0,14.0
11,493,Test Product,11|493,0.0,0.0,0.0,21.0,0.0,21.0,0.0,19.0,0.0,2.0,-2.0,0.0
11,5283,4700BC 100 Corn Chips Salt And Truffle Rs 20,11|5283,0.0,0.0,0.0,21.0,0.0,21.0,0.0,10.0,0.0,11.0,-11.0,0.0
11,5351,Puzzles Aloo Bhujia Rs 10,11|5351,0.0,0.0,0.0,5.0,0.0,5.0,0.0,0.0,0.0,5.0,-5.0,0.0
11,5494,Farmley Roasted Makhana Cream And Onion Rs 30,11|5494,0.0,0.0,0.0,10.0,0.0,10.0,0.0,0.0,0.0,5.0,-10.0,5.0
11,663,Britannia Veg Cake Chocolate Rs 20,11|663,0.0,0.0,0.0,54.0,0.0,54.0,1.0,7.0,0.0,48.0,-46.0,-2.0
11,678,Britannia Bourbon-Rs 10,11|678,0.0,0.0,0.0,164.0,0.0,164.0,0.0,11.0,0.0,148.0,-153.0,5.0
11,693,Snickers,11|693,0.0,0.0,0.0,24.0,0.0,24.0,0.0,11.0,0.0,10.0,-13.0,3.0
11,694,Frooti ,11|694,0.0,0.0,0.0,43.0,0.0,43.0,0.0,6.0,2.0,28.0,-37.0,7.0
11,73,Cavin's Lassi,11|73,0.0,0.0,0.0,81.0,0.0,81.0,0.0,8.0,0.0,65.0,-73.0,8.0
11,766,Amul Rose Lassi Rs 20 ,11|766,0.0,0.0,0.0,7.0,0.0,7.0,0.0,1.0,0.0,6.0,-6.0,0.0
11,794,Britannia Little Hearts,11|794,0.0,0.0,0.0,93.0,0.0,93.0,0.0,3.0,0.0,89.0,-90.0,1.0
11,80,Cavin's Spiced ButterMilk,11|80,0.0,0.0,0.0,99.0,0.0,99.0,0.0,7.0,3.0,88.0,-92.0,1.0
11,8207,Mulberry Zingals Chocolate Slice Cake ,11|8207,0.0,0.0,0.0,47.0,0.0,47.0,0.0,1.0,0.0,46.0,-46.0,0.0
12,0,Unknown/Unmapped,12|0,25899.0,0.0,0.0,5558.0,0.0,5558.0,12.0,349.0,5.0,3687.0,20702.0,1505.0
12,10114,Nutrezy Raisin Omega & Crunch Trail Mix,12|10114,7200.0,0.0,0.0,6576.0,209.0,6785.0,21.0,526.0,17.0,5308.0,962.0,913.0
12,1020,Cremica Choco Chip Cookies Rs 20,12|1020,0.0,0.0,3.0,0.0,0.0,0.0,0.0,0.0,0.0,0.0,0.0,3.0
12,1023,Britannia Chocolate Shake Rs 35,12|1023,0.0,0.0,0.0,0.0,0.0,0.0,0.0,0.0,0.0,0.0,0.0,0.0
12,10273,Veg Puff,12|10273,494.0,0.0,0.0,487.0,0.0,487.0,0.0,57.0,367.0,71.0,64.0,-8.0
12,10274,Paneer Puff,12|10274,698.0,0.0,1.0,675.0,0.0,675.0,0.0,40.0,559.0,95.0,63.0,-18.0
12,10294,Vegetable Sandwich ,12|10294,299.0,0.0,0.0,293.0,0.0,293.0,0.0,33.0,199.0,68.0,39.0,-7.0
12,10301,Paneer Paratha,12|10301,108.0,0.0,0.0,115.0,0.0,115.0,0.0,0.0,109.0,12.0,-7.0,-6.0
12,10302,Methi Thepla,12|10302,408.0,0.0,0.0,399.0,0.0,399.0,0.0,58.0,302.0,47.0,67.0,-8.0
12,10303,Chinese Puff,12|10303,470.0,0.0,0.0,482.0,0.0,482.0,1.0,30.0,387.0,68.0,19.0,-4.0
12,10304,Dalvada,12|10304,479.0,0.0,0.0,464.0,0.0,464.0,1.0,36.0,392.0,32.0,52.0,3.0
12,10318,Mayo Veg Sandwich ,12|10318,207.0,0.0,0.0,192.0,0.0,192.0,0.0,7.0,155.0,32.0,22.0,-2.0
12,10319,Mini Cheese Pizza Samosa,12|10319,701.0,0.0,0.0,690.0,0.0,690.0,1.0,56.0,552.0,90.0,68.0,-9.0
12,10390,Sweet Karam Coffee Madras Mixture,12|10390,0.0,0.0,0.0,169.0,0.0,169.0,0.0,0.0,0.0,167.0,-169.0,2.0
12,1048,Balaji Wafers Pizzy Masala Rs 10,12|1048,187416.0,10144.0,545.0,122266.0,481.0,122747.0,147.0,3810.0,213.0,117318.0,78770.0,1804.0
12,1059,Cavin's Spiced Butter Milk Rs 15,12|1059,0.0,0.0,0.0,282.0,0.0,282.0,0.0,37.0,0.0,249.0,-245.0,-4.0
12,1069, Sunfeast Dark Fantasy Choco Fill Cookies Rs 10,12|1069,0.0,0.0,0.0,0.0,0.0,0.0,0.0,0.0,0.0,0.0,0.0,0.0
12,10696,Insta Ahaar Classic Masala Poha ,12|10696,0.0,0.0,0.0,8.0,0.0,8.0,0.0,3.0,0.0,5.0,-5.0,0.0
12,10724,Bru Cold Coffee ,12|10724,0.0,0.0,0.0,17.0,0.0,17.0,0.0,1.0,0.0,13.0,-16.0,3.0
12,10733,Lemon Breeze Low Sugar Soft Drink ,12|10733,0.0,0.0,0.0,70.0,0.0,70.0,0.0,12.0,0.0,57.0,-58.0,1.0
12,10737,Salted Potato Chips ,12|10737,0.0,0.0,0.0,7.0,0.0,7.0,0.0,2.0,0.0,5.0,-5.0,0.0
12,10845,Lotus Masala Chaach,12|10845,8088.0,0.0,0.0,6826.0,0.0,6826.0,2.0,414.0,55.0,6253.0,1678.0,102.0
12,10857,Swizzle Desi Lemonade ,12|10857,1344.0,0.0,0.0,527.0,0.0,527.0,2.0,102.0,9.0,339.0,921.0,75.0
12,11008,Reload Orange Rush Drink ,12|11008,960.0,0.0,0.0,103.0,0.0,103.0,0.0,0.0,0.0,103.0,857.0,0.0
12,1104,Haldirams NGP Lite Chiwda Rs 10,12|1104,0.0,0.0,0.0,480.0,0.0,480.0,5.0,62.0,14.0,413.0,-413.0,-14.0
12,11152,Ella Foods Ready To Eat Poha 65g,12|11152,240.0,0.0,0.0,180.0,0.0,180.0,0.0,18.0,0.0,106.0,78.0,56.0
12,11171,Superyou Multigrain Super Masala Chips 40,12|11171,7056.0,0.0,0.0,7144.0,41.0,7185.0,11.0,859.0,61.0,6195.0,741.0,59.0
12,112,Granola - Berries and Almond,12|112,0.0,0.0,0.0,4.0,0.0,4.0,0.0,0.0,0.0,4.0,-4.0,0.0
12,1120,Fanta Can ,12|1120,0.0,0.0,0.0,6.0,0.0,6.0,0.0,0.0,0.0,6.0,-6.0,0.0
12,11251,Bru Cold Coffee 200 ML,12|11251,2088.0,0.0,0.0,1731.0,29.0,1760.0,0.0,168.0,19.0,1450.0,496.0,123.0
12,11252,Boost Ready To Drink 180 ML,12|11252,1200.0,0.0,0.0,984.0,42.0,1026.0,1.0,92.0,0.0,934.0,267.0,-1.0
12,11274,Millet Bank Chilli Chataka Stix,12|11274,5160.0,0.0,0.0,5485.0,37.0,5522.0,14.0,541.0,6.0,4848.0,193.0,113.0
12,11388,Lets Try Aloo Bhujia ,12|11388,24608.0,0.0,0.0,18994.0,0.0,18994.0,53.0,1073.0,5.0,16799.0,6740.0,1064.0
12,11393,Lets Try Salted Popcorn ,12|11393,0.0,0.0,0.0,32.0,0.0,32.0,7.0,13.0,1.0,31.0,-12.0,-20.0
12,114,Coke Regular Can Rs 35,12|114,0.0,0.0,0.0,5.0,0.0,5.0,0.0,0.0,0.0,0.0,-5.0,5.0
12,115,Coke Diet Can Rs 35,12|115,27360.0,170.0,9.0,0.0,0.0,0.0,0.0,0.0,0.0,0.0,27530.0,9.0
12,11613,Fabeato Korean Kimchi Banana Chips,12|11613,6800.0,0.0,0.0,6169.0,26.0,6195.0,32.0,480.0,0.0,5496.0,1117.0,187.0
12,1170,Haldirams NGP Salted Peanut ,12|1170,0.0,127.0,17.0,32.0,0.0,32.0,0.0,62.0,4.0,86.0,157.0,-103.0
12,124,Sprite Rs 20,12|124,0.0,0.0,0.0,0.0,0.0,0.0,0.0,0.0,0.0,0.0,0.0,0.0
12,12429,Madmix Jowar Bhujia Masala Masti,12|12429,13400.0,0.0,0.0,12795.0,5.0,12800.0,27.0,1090.0,59.0,10704.0,1717.0,920.0
12,1243,RedBull Rs 125,12|1243,0.0,0.0,0.0,0.0,0.0,0.0,0.0,0.0,0.0,0.0,0.0,0.0
12,12452,Mcvities Digestive Cookies ,12|12452,0.0,0.0,0.0,33.0,0.0,33.0,0.0,6.0,0.0,27.0,-27.0,0.0
12,12579,Ocean Crispy Orange Apple Fruit Drink Rs 38,12|12579,0.0,0.0,0.0,7.0,0.0,7.0,0.0,0.0,0.0,5.0,-7.0,2.0
12,126,Coke Regular Pet 250ml Rs 20,12|126,0.0,0.0,0.0,0.0,0.0,0.0,0.0,0.0,0.0,0.0,0.0,0.0
12,12640,Trubeing Roasted Peanuts Plain Salted,12|12640,7530.0,0.0,0.0,7510.0,36.0,7546.0,24.0,472.0,16.0,6010.0,480.0,1024.0
12,12644,Trubeing Roasted Makhana Himalayan Pink Salt,12|12644,4320.0,0.0,0.0,2502.0,14.0,2516.0,10.0,297.0,20.0,1814.0,2111.0,375.0
12,12650,Trubeing Soya Chips,12|12650,2700.0,0.0,0.0,2543.0,11.0,2554.0,7.0,162.0,0.0,2392.0,315.0,-7.0
12,130,Choco Chips Cookies,12|130,53280.0,1170.0,62.0,37958.0,130.0,38088.0,74.0,1647.0,67.0,34630.0,18083.0,1732.0
12,1301,Maggi Cuppa Noodles Masala ,12|1301,1344.0,113.0,6.0,2442.0,10.0,2452.0,2.0,195.0,14.0,2162.0,-798.0,85.0
12,132,Maggi Masala ,12|132,0.0,0.0,0.0,499.0,4.0,503.0,0.0,45.0,3.0,466.0,-458.0,-11.0
12,1326,Unibic Choco Chip Cookies ,12|1326,13224.0,0.0,0.0,7267.0,0.0,7267.0,11.0,293.0,0.0,6730.0,6261.0,233.0
12,1376,Real Bites Farali Wafers Rs 10,12|1376,0.0,109.0,44.0,0.0,0.0,0.0,0.0,0.0,0.0,0.0,109.0,44.0
12,139,Nestle Classic Chocolate ,12|139,0.0,129.0,7.0,76.0,0.0,76.0,0.0,47.0,5.0,37.0,100.0,-6.0
12,140,Cadbury Dairy Milk Rs 20,12|140,0.0,392.0,20.0,0.0,0.0,0.0,0.0,0.0,0.0,0.0,392.0,20.0
12,1467, Snickers Fruit & Nut Rs 50,12|1467,0.0,140.0,7.0,124.0,0.0,124.0,0.0,62.0,3.0,86.0,78.0,-20.0
12,147,Snickers Rs 35,12|147,12984.0,0.0,0.0,3571.0,39.0,3610.0,5.0,377.0,12.0,2956.0,9756.0,260.0
12,1494,Britannia Treat Croissant Vanilla Rs15,12|1494,0.0,0.0,0.0,186.0,0.0,186.0,0.0,0.0,0.0,186.0,-186.0,0.0
12,1507,Real Bites Moong Dal Rs 10,12|1507,0.0,129.0,12.0,0.0,0.0,0.0,0.0,0.0,0.0,0.0,129.0,12.0
12,1542,Cup Noodles,12|1542,0.0,0.0,0.0,50.0,0.0,50.0,0.0,3.0,0.0,47.0,-47.0,0.0
12,1606,BRB Popped Potato Chips Pasta Cheese ,12|1606,0.0,329.0,18.0,185.0,0.0,185.0,0.0,33.0,2.0,206.0,177.0,-38.0
12,1608,Makino Nacho Chips Jalapeno ,12|1608,40788.0,811.0,42.0,36787.0,48.0,36835.0,68.0,2475.0,72.0,33800.0,7307.0,462.0
12,1636,Kurkure Solid Masti Rs 20,12|1636,0.0,0.0,0.0,0.0,0.0,0.0,0.0,0.0,0.0,0.0,0.0,0.0
12,1668,7up Rs20,12|1668,0.0,0.0,0.0,0.0,0.0,0.0,0.0,0.0,0.0,0.0,0.0,0.0
12,1708,Mirinda Orange Rs20,12|1708,0.0,594.0,31.0,0.0,0.0,0.0,0.0,0.0,0.0,0.0,594.0,31.0
12,172,Cadbury Fruit and Nut ,12|172,0.0,0.0,0.0,0.0,0.0,0.0,0.0,0.0,0.0,0.0,0.0,0.0
12,1738,Maggi Cuppa NDLS Masala Rs 55,12|1738,0.0,0.0,0.0,123.0,10.0,133.0,0.0,9.0,0.0,113.0,-124.0,11.0
12,185,Thums UP CHARGED Rs 20,12|185,0.0,0.0,1.0,1.0,0.0,1.0,0.0,2.0,0.0,0.0,1.0,0.0
12,1883,Parle Cakes Vanilla (Contains Egg) Rs 30,12|1883,0.0,0.0,0.0,0.0,0.0,0.0,0.0,0.0,0.0,0.0,0.0,0.0
12,1930,Britannia  Good Day Chocochip Cookies Rs 30,12|1930,0.0,0.0,0.0,133.0,0.0,133.0,0.0,0.0,1.0,132.0,-133.0,0.0
12,1931,Britannia Jim Jam ,12|1931,3000.0,0.0,0.0,2859.0,0.0,2859.0,3.0,136.0,1.0,2692.0,280.0,27.0
12,1959,Snickers Rs 20,12|1959,0.0,212.0,16.0,1469.0,0.0,1469.0,3.0,85.0,2.0,1296.0,-1169.0,99.0
12,196,Cadbury Dairy Milk Rs 40,12|196,0.0,0.0,0.0,0.0,0.0,0.0,0.0,0.0,0.0,0.0,0.0,0.0
12,1985,Amul Kool Kesar ,12|1985,0.0,0.0,4.0,0.0,0.0,0.0,0.0,0.0,0.0,0.0,0.0,4.0
12,1994,Amul Dark Chocolate,12|1994,0.0,0.0,0.0,0.0,0.0,0.0,0.0,0.0,0.0,0.0,0.0,0.0
12,2087,Maggi Masala Single Pack Rs14,12|2087,0.0,0.0,4.0,0.0,0.0,0.0,0.0,0.0,0.0,0.0,0.0,4.0
12,2106,Winkies Fruit Cake with Raisin and Tutti Frutti ,12|2106,0.0,0.0,1.0,0.0,0.0,0.0,0.0,0.0,0.0,0.0,0.0,1.0
12,2239,Cadbury Chocolate Rs 50,12|2239,2400.0,0.0,0.0,2084.0,24.0,2108.0,2.0,101.0,0.0,1910.0,395.0,95.0
12,224,Amul Kool Cafe Rs 30,12|224,0.0,0.0,0.0,0.0,0.0,0.0,0.0,0.0,0.0,0.0,0.0,0.0
12,2360,Real Koolerz Mango Rs 10,12|2360,0.0,0.0,0.0,0.0,0.0,0.0,0.0,0.0,0.0,0.0,0.0,0.0
12,2412,Nescafe Chilled Latte Rs 45,12|2412,10350.0,130.0,7.0,6789.0,61.0,6850.0,2.0,376.0,61.0,6155.0,4008.0,263.0
12,2430,Sting Energy ,12|2430,0.0,0.0,8.0,0.0,0.0,0.0,0.0,0.0,0.0,0.0,0.0,8.0
12,2456,Unibic Choco Chip Cookies Rs 40,12|2456,0.0,0.0,0.0,0.0,0.0,0.0,0.0,0.0,0.0,0.0,0.0,0.0
12,252,Thumps Up Can,12|252,23520.0,170.0,9.0,16995.0,163.0,17158.0,44.0,664.0,37.0,15370.0,7240.0,1052.0
12,261,McVitie's Digestive Biscuits,12|261,11952.0,0.0,0.0,7844.0,0.0,7844.0,15.0,247.0,0.0,6721.0,4370.0,861.0
12,2696,Masala Peanut ,12|2696,0.0,0.0,0.0,1095.0,0.0,1095.0,13.0,5.0,0.0,1096.0,-1077.0,-19.0
12,2698,Madras Mixture,12|2698,0.0,0.0,0.0,32.0,0.0,32.0,0.0,0.0,0.0,32.0,-32.0,0.0
12,278,Unibic Chocolate Cookies,12|278,0.0,0.0,0.0,82.0,0.0,82.0,0.0,26.0,0.0,77.0,-56.0,-21.0
12,279,Snickers - Small,12|279,0.0,0.0,0.0,98.0,0.0,98.0,1.0,14.0,2.0,84.0,-83.0,-3.0
12,2818,Cadbury 5 Star Oreo Rs 35,12|2818,0.0,0.0,0.0,0.0,0.0,0.0,0.0,0.0,0.0,0.0,0.0,0.0
12,282,Too Yumm Veggie Stix Cheese & Herbs Rs 20,12|282,27512.0,708.0,45.0,18959.0,0.0,18959.0,25.0,1041.0,23.0,18042.0,10327.0,-127.0
12,291,Lay's American style Cream & Onion Rs 10,12|291,0.0,0.0,0.0,0.0,0.0,0.0,0.0,0.0,0.0,0.0,0.0,0.0
12,2997,7up lemon Rs 35,12|2997,0.0,0.0,1.0,0.0,0.0,0.0,0.0,0.0,0.0,0.0,0.0,1.0
12,3001,Unibic Choco Nut Cookies Rs 20,12|3001,0.0,0.0,0.0,0.0,0.0,0.0,0.0,0.0,0.0,0.0,0.0,0.0
12,3083,Amul Kool Koko Chocolate Rs 35,12|3083,0.0,0.0,1.0,0.0,0.0,0.0,0.0,0.0,0.0,0.0,0.0,1.0
12,3092,Alo Frut Kiwi Rs 30,12|3092,0.0,0.0,0.0,1266.0,0.0,1266.0,0.0,168.0,7.0,1064.0,-1098.0,27.0
12,3124,Max Protein Daily Almond Bar Rs 70,12|3124,282.0,0.0,0.0,369.0,0.0,369.0,0.0,88.0,8.0,260.0,1.0,13.0
12,313,Paperboat Chikki,12|313,0.0,0.0,5.0,0.0,0.0,0.0,0.0,0.0,0.0,0.0,0.0,5.0
12,3131,Sunfeast Dark Fantasy Choco Cream Rs 30,12|3131,0.0,0.0,0.0,0.0,0.0,0.0,0.0,0.0,0.0,0.0,0.0,0.0
12,316,Minute Maid Pulpy Orange,12|316,0.0,0.0,0.0,0.0,0.0,0.0,0.0,0.0,0.0,0.0,0.0,0.0
12,318,Coke Zero,12|318,19440.0,189.0,10.0,32672.0,376.0,33048.0,77.0,1185.0,449.0,28936.0,-12157.0,2411.0
12,320,Unibic Choco Hazelnut Cookies Rs 10,12|320,0.0,212.0,21.0,30.0,0.0,30.0,5.0,25.0,0.0,26.0,212.0,-5.0
12,331,Britannia Veg Cake Fruity Fun Rs 20,12|331,0.0,0.0,0.0,10.0,0.0,10.0,0.0,0.0,0.0,10.0,-10.0,0.0
12,3387,Nescafe Intense Cafe ,12|3387,0.0,0.0,0.0,78.0,0.0,78.0,0.0,11.0,0.0,62.0,-67.0,5.0
12,3548,Samrat Namkeen Tam Tam Rs 10,12|3548,0.0,0.0,4.0,198.0,0.0,198.0,0.0,0.0,0.0,79.0,-198.0,123.0
12,3665,Max Protein Daily Choco Almond Bar Rs 70,12|3665,0.0,0.0,0.0,52.0,0.0,52.0,0.0,15.0,16.0,19.0,-37.0,2.0
12,3719,Galaxy Milk Chocolate Rs 20 ,12|3719,0.0,0.0,0.0,0.0,0.0,0.0,0.0,0.0,0.0,10.0,0.0,-10.0
12,38,Amul Masti Buttermilk Rs 10,12|38,6990.0,581.0,38.0,5576.0,15.0,5591.0,4.0,320.0,20.0,5181.0,2304.0,104.0
12,392,Test,12|392,0.0,0.0,0.0,1.0,0.0,1.0,0.0,1.0,0.0,0.0,0.0,0.0
12,395,Too Yum- Multigrain Chips,12|395,0.0,0.0,0.0,98.0,0.0,98.0,0.0,14.0,0.0,92.0,-84.0,-8.0
12,4004,Haldirams Lite cornflakes Rs10,12|4004,1728.0,0.0,0.0,20.0,0.0,20.0,0.0,0.0,0.0,18.0,1708.0,2.0
12,4036,Snickers Kesar Pista Stick Rs 30,12|4036,2880.0,0.0,2.0,15340.0,7.0,15347.0,30.0,1378.0,23.0,11332.0,-11059.0,2586.0
12,4037,Snickers Almond Stick ,12|4037,0.0,0.0,0.0,0.0,0.0,0.0,0.0,0.0,0.0,0.0,0.0,0.0
12,4048,Epigamia Strawberry Milkshake 40,12|4048,0.0,0.0,1.0,0.0,0.0,0.0,0.0,0.0,0.0,0.0,0.0,1.0
12,4068,Alo Frut Orange Rs 30,12|4068,19500.0,1022.0,58.0,15311.0,61.0,15372.0,15.0,975.0,62.0,14586.0,6140.0,-208.0
12,4238,Fit And Flex Cheesy Cheese Flavour ,12|4238,0.0,0.0,13.0,44.0,0.0,44.0,0.0,19.0,3.0,50.0,-25.0,-15.0
12,4291,Bounty Coconut Chocolate,12|4291,0.0,0.0,0.0,0.0,0.0,0.0,0.0,0.0,0.0,0.0,0.0,0.0
12,430,Haldiram's Moong Dal Rs 10 ,12|430,327144.0,5868.0,332.0,255091.0,811.0,255902.0,584.0,11849.0,548.0,236829.0,89543.0,6424.0
12,4316,Britannia Gobbles,12|4316,0.0,0.0,0.0,229.0,0.0,229.0,0.0,0.0,0.0,225.0,-229.0,4.0
12,434,Uncle Chips - Spicy Treat,12|434,0.0,0.0,0.0,0.0,0.0,0.0,0.0,0.0,0.0,0.0,0.0,0.0
12,4499,Coca Cola Monster Energy,12|4499,0.0,0.0,0.0,0.0,0.0,0.0,0.0,0.0,0.0,0.0,0.0,0.0
12,4538,Rewynd Peanuts Chikki,12|4538,24000.0,184.0,15.0,21980.0,71.0,22051.0,81.0,748.0,56.0,19864.0,2962.0,1317.0
12,4545,Snickers chocolate bar Rs 50,12|4545,0.0,0.0,0.0,0.0,0.0,0.0,0.0,20.0,0.0,7.0,20.0,-27.0
12,4565,Snickers chocolate ,12|4565,6480.0,0.0,0.0,4764.0,36.0,4800.0,19.0,621.0,17.0,3649.0,2320.0,494.0
12,4571,Maggi Cup Noodles Delicious masala flavour,12|4571,240.0,0.0,0.0,787.0,4.0,791.0,0.0,52.0,16.0,708.0,-499.0,15.0
12,4638,Paper Boat Dry Fruit Chikki Rs 30,12|4638,0.0,106.0,6.0,0.0,0.0,0.0,0.0,0.0,0.0,0.0,106.0,6.0
12,4738,Tender Coconut Water Pure Rs 50,12|4738,0.0,121.0,6.0,0.0,0.0,0.0,0.0,10.0,4.0,1.0,131.0,-9.0
12,474,Snickers Almond Rs 25,12|474,10368.0,0.0,5.0,302.0,0.0,302.0,0.0,42.0,0.0,251.0,10108.0,14.0
12,478,Kit Kat Rs 25,12|478,50904.0,1120.0,59.0,37548.0,101.0,37649.0,69.0,1763.0,112.0,34242.0,16207.0,1522.0
12,493,Test Product,12|493,0.0,0.0,0.0,2306.0,20.0,2326.0,1.0,1229.0,8.0,1183.0,-1096.0,-95.0
12,5090,Rewynd Khakhra Methi Thepla 40g Rs 20,12|5090,0.0,147.0,8.0,44.0,0.0,44.0,0.0,29.0,13.0,38.0,132.0,-28.0
12,5097,Kari Kari Chilli Garlic Rs 20,12|5097,1100.0,126.0,7.0,1488.0,0.0,1488.0,0.0,441.0,42.0,1038.0,179.0,-26.0
12,5103,Hersheys Milk Shake Vanilla Ice Cream Flavored Rs 40,12|5103,0.0,0.0,0.0,0.0,0.0,0.0,0.0,0.0,0.0,0.0,0.0,0.0
12,5283,4700BC 100 Corn Chips Salt And Truffle Rs 20,12|5283,4544.0,0.0,0.0,5493.0,0.0,5493.0,7.0,678.0,22.0,4708.0,-264.0,78.0
12,529,Doublemint,12|529,0.0,0.0,0.0,6.0,0.0,6.0,0.0,6.0,0.0,0.0,0.0,0.0
12,535,Kinley Water Bottle ,12|535,360.0,0.0,0.0,0.0,0.0,0.0,0.0,0.0,0.0,0.0,360.0,0.0
12,5351,Puzzles Aloo Bhujia Rs 10,12|5351,3456.0,786.0,41.0,5774.0,0.0,5774.0,5.0,764.0,28.0,5425.0,-763.0,-407.0
12,5419,Mcvities Butter Cookies ,12|5419,0.0,0.0,0.0,35.0,0.0,35.0,0.0,0.0,0.0,34.0,-35.0,1.0
12,542,Limca 250ml Pet Rs 20,12|542,0.0,0.0,0.0,0.0,0.0,0.0,0.0,0.0,0.0,0.0,0.0,0.0
12,5494,Farmley Roasted Makhana Cream And Onion Rs 30,12|5494,1800.0,0.0,8.0,1952.0,0.0,1952.0,3.0,240.0,1.0,1564.0,91.0,152.0
12,5557,Max Protein Choco Almond Bar Rs 75,12|5557,96.0,0.0,0.0,119.0,0.0,119.0,0.0,33.0,0.0,86.0,10.0,0.0
12,575,Frooti Rs 10,12|575,0.0,0.0,0.0,6.0,0.0,6.0,0.0,0.0,0.0,6.0,-6.0,0.0
12,5968,Milky Mist Chocolate Milkshake ,12|5968,0.0,0.0,0.0,0.0,0.0,0.0,0.0,0.0,0.0,0.0,0.0,0.0
12,6033,Snickers Butterscotch ,12|6033,0.0,0.0,0.0,25.0,0.0,25.0,0.0,32.0,0.0,28.0,7.0,-35.0
12,61,Paper Boat Lychee Ras Rs 20,12|61,0.0,671.0,47.0,4.0,0.0,4.0,0.0,0.0,0.0,4.0,667.0,47.0
12,6278,Winkies Fruit Cake Sliced Rs 20,12|6278,0.0,0.0,3.0,0.0,0.0,0.0,0.0,0.0,0.0,0.0,0.0,3.0
12,6556,Milky Mist Spiced Butter Milk Rs 20,12|6556,0.0,0.0,0.0,0.0,0.0,0.0,0.0,0.0,0.0,0.0,0.0,0.0
12,663,Britannia Veg Cake Chocolate Rs 20,12|663,5160.0,362.0,19.0,5335.0,0.0,5335.0,6.0,404.0,47.0,4821.0,597.0,76.0
12,668,Maaza Pet Bottle Rs 20,12|668,0.0,0.0,0.0,0.0,0.0,0.0,0.0,0.0,0.0,0.0,0.0,0.0
12,678,Britannia Bourbon-Rs 10,12|678,71436.0,2425.0,132.0,37367.0,171.0,37538.0,55.0,1919.0,89.0,35546.0,38297.0,61.0
12,690,Amul Lassi Rs 15,12|690,0.0,198.0,15.0,0.0,0.0,0.0,0.0,0.0,0.0,0.0,198.0,15.0
12,691,Britannia Chocolate Shake Rs 30 ,12|691,1560.0,0.0,1.0,226.0,0.0,226.0,0.0,21.0,2.0,231.0,1355.0,-27.0
12,693,Snickers,12|693,8352.0,1046.0,55.0,6219.0,0.0,6219.0,30.0,811.0,204.0,5932.0,4020.0,-703.0
12,694,Frooti ,12|694,16080.0,0.0,0.0,14255.0,150.0,14405.0,17.0,472.0,39.0,13415.0,2164.0,462.0
12,7072,Priyagold Cashew Cookies Rs 10,12|7072,0.0,0.0,0.0,0.0,0.0,0.0,0.0,0.0,0.0,0.0,0.0,0.0
12,7214,The Theatre Project Popcorn Cheddar Cheese Rs 20,12|7214,0.0,0.0,2.0,0.0,0.0,0.0,0.0,0.0,0.0,0.0,0.0,2.0
12,7237,Galaxy Fusions Dark chocolate ,12|7237,0.0,136.0,7.0,1249.0,0.0,1249.0,1.0,228.0,82.0,1044.0,-884.0,-99.0
12,73,Cavin's Lassi,12|73,28590.0,332.0,18.0,22530.0,59.0,22589.0,39.0,865.0,29.0,21291.0,7237.0,383.0
12,764,Amul Milk Chocolate Rs 25,12|764,0.0,382.0,37.0,0.0,0.0,0.0,0.0,0.0,0.0,0.0,382.0,37.0
12,766,Amul Rose Lassi Rs 20 ,12|766,8700.0,0.0,4.0,6382.0,0.0,6382.0,12.0,262.0,3.0,5964.0,2592.0,145.0
12,769,Cadbury Dairy Milk Rs.10,12|769,0.0,0.0,6.0,0.0,0.0,0.0,0.0,0.0,0.0,0.0,0.0,6.0
12,7729,Amul Kesar Elachi Basundi ,12|7729,0.0,0.0,0.0,0.0,0.0,0.0,0.0,0.0,0.0,0.0,0.0,0.0
12,777,Big Box 500ml PP Container ,12|777,48.0,0.0,0.0,0.0,0.0,0.0,0.0,0.0,0.0,0.0,48.0,0.0
12,794,Britannia Little Hearts,12|794,1224.0,0.0,0.0,20905.0,20.0,20925.0,36.0,1079.0,20.0,19751.0,-18586.0,39.0
12,7972,Epigamia Refresh Lassi With Strawberry Rs 30,12|7972,0.0,0.0,0.0,0.0,0.0,0.0,0.0,0.0,0.0,0.0,0.0,0.0
12,799,Mr Makhana Cream & Onion,12|799,0.0,0.0,0.0,33.0,0.0,33.0,0.0,18.0,0.0,15.0,-15.0,0.0
12,80,Cavin's Spiced ButterMilk,12|80,30390.0,473.0,29.0,26416.0,101.0,26517.0,36.0,1882.0,386.0,24643.0,6264.0,-401.0
12,82,Paper Boat Alphonso Aam Rs 25,12|82,3600.0,0.0,4.0,2633.0,0.0,2633.0,3.0,144.0,6.0,2023.0,1114.0,461.0
12,8207,Mulberry Zingals Chocolate Slice Cake ,12|8207,14640.0,0.0,0.0,12474.0,55.0,12529.0,9.0,601.0,83.0,11245.0,2721.0,591.0
12,8279,Lotus Thandai Badam Milk ,12|8279,3600.0,331.0,18.0,3167.0,5.0,3172.0,4.0,538.0,89.0,2868.0,1301.0,-309.0
12,8287,Wonderland Foods Almond Roasted & Salted,12|8287,1800.0,0.0,4.0,1990.0,2.0,1992.0,1.0,549.0,23.0,1481.0,358.0,-58.0
12,8309,Vyndo Methi Bajara Khakhra,12|8309,0.0,0.0,0.0,0.0,0.0,0.0,0.0,0.0,0.0,0.0,0.0,0.0
12,8310,Vyndo Chorafali Khakhra,12|8310,0.0,0.0,2.0,0.0,0.0,0.0,0.0,0.0,0.0,0.0,0.0,2.0
12,8521,Jameson Ginger Ale Rs 100,12|8521,0.0,0.0,0.0,11.0,0.0,11.0,0.0,5.0,0.0,4.0,-6.0,2.0
12,8534,Veg Poha,12|8534,12.0,0.0,0.0,0.0,0.0,0.0,0.0,0.0,0.0,0.0,12.0,0.0
12,8535,Veg Upma,12|8535,0.0,0.0,0.0,0.0,0.0,0.0,0.0,0.0,0.0,0.0,0.0,0.0
12,8536,Aloo Paratha ,12|8536,36.0,0.0,0.0,0.0,0.0,0.0,0.0,0.0,0.0,0.0,36.0,0.0
12,9011,Archi Pops Popcorn Rs 20,12|9011,0.0,0.0,0.0,0.0,0.0,0.0,0.0,0.0,0.0,0.0,0.0,0.0
12,9012,Archi Pops Cheese Rs 30,12|9012,0.0,0.0,0.0,0.0,0.0,0.0,0.0,0.0,0.0,0.0,0.0,0.0
12,904,Galaxy Milk Chocolate Rs.70,12|904,480.0,0.0,0.0,414.0,0.0,414.0,0.0,18.0,0.0,358.0,84.0,38.0
12,9083,Meow Crispy Himalayan Pink Salt Rs 30,12|9083,0.0,288.0,20.0,1.0,0.0,1.0,0.0,0.0,10.0,0.0,287.0,11.0
12,9089,Mountain Tribe Gingerade Kombucha ,12|9089,312.0,0.0,0.0,242.0,3.0,245.0,3.0,48.0,27.0,146.0,118.0,21.0
12,915,Cremica Bourbon Biscuits Rs 15,12|915,0.0,0.0,3.0,0.0,0.0,0.0,0.0,0.0,0.0,0.0,0.0,3.0
12,922,Maaza ,12|922,0.0,0.0,0.0,0.0,0.0,0.0,0.0,0.0,0.0,0.0,0.0,0.0
12,9271,Nata de coco Strawberry Drink ,12|9271,0.0,0.0,0.0,0.0,0.0,0.0,0.0,0.0,0.0,0.0,0.0,0.0
12,929,Sprite750ml,12|929,0.0,0.0,0.0,53.0,0.0,53.0,0.0,2.0,0.0,49.0,-51.0,2.0
12,935,Lays - American Style Cream and Onion ,12|935,0.0,0.0,0.0,485.0,0.0,485.0,0.0,0.0,3.0,478.0,-485.0,4.0
12,94,Maaza Tetrapack Rs 10,12|94,0.0,0.0,0.0,0.0,0.0,0.0,0.0,0.0,0.0,0.0,0.0,0.0
12,95,Parle Appy Rs 10,12|95,0.0,0.0,0.0,0.0,0.0,0.0,0.0,0.0,0.0,0.0,0.0,0.0
12,986,Haldiram's Chips Pudina Treat Rs 15 ,12|986,900.0,214.0,11.0,952.0,0.0,952.0,0.0,76.0,0.0,944.0,238.0,-57.0
12,9912,4700 BC Sea Salt Protein Pops ,12|9912,3918.0,0.0,0.0,3403.0,22.0,3425.0,7.0,462.0,0.0,2794.0,962.0,162.0
12,9994,Fit & flex Masala Protein Puffs ,12|9994,400.0,0.0,2.0,1034.0,0.0,1034.0,0.0,184.0,4.0,850.0,-450.0,-2.0
12,9996,Welbe Plain Murukku ,12|9996,0.0,0.0,0.0,23.0,0.0,23.0,0.0,2.0,0.0,20.0,-21.0,1.0
13,0,Unknown/Unmapped,13|0,0.0,0.0,0.0,1008.0,0.0,1008.0,0.0,24.0,0.0,513.0,-984.0,471.0
13,10114,Nutrezy Raisin Omega & Crunch Trail Mix,13|10114,0.0,0.0,0.0,135.0,0.0,135.0,0.0,10.0,0.0,125.0,-125.0,0.0
13,1020,Cremica Choco Chip Cookies Rs 20,13|1020,0.0,44.0,0.0,0.0,0.0,0.0,0.0,0.0,0.0,0.0,44.0,0.0
13,1023,Britannia Chocolate Shake Rs 35,13|1023,0.0,0.0,0.0,0.0,0.0,0.0,0.0,0.0,0.0,0.0,0.0,0.0
13,10273,Veg Puff,13|10273,0.0,0.0,0.0,0.0,0.0,0.0,0.0,0.0,0.0,0.0,0.0,0.0
13,10274,Paneer Puff,13|10274,0.0,0.0,0.0,0.0,0.0,0.0,0.0,0.0,0.0,0.0,0.0,0.0
13,10294,Vegetable Sandwich ,13|10294,0.0,0.0,0.0,0.0,0.0,0.0,0.0,0.0,0.0,0.0,0.0,0.0
13,10301,Paneer Paratha,13|10301,0.0,0.0,0.0,0.0,0.0,0.0,0.0,0.0,0.0,0.0,0.0,0.0
13,10302,Methi Thepla,13|10302,0.0,0.0,0.0,0.0,0.0,0.0,0.0,0.0,0.0,0.0,0.0,0.0
13,10303,Chinese Puff,13|10303,0.0,0.0,0.0,0.0,0.0,0.0,0.0,0.0,0.0,0.0,0.0,0.0
13,10304,Dalvada,13|10304,0.0,0.0,0.0,0.0,0.0,0.0,0.0,0.0,0.0,0.0,0.0,0.0
13,10318,Mayo Veg Sandwich ,13|10318,0.0,0.0,0.0,0.0,0.0,0.0,0.0,0.0,0.0,0.0,0.0,0.0
13,10319,Mini Cheese Pizza Samosa,13|10319,0.0,0.0,0.0,0.0,0.0,0.0,0.0,0.0,0.0,0.0,0.0,0.0
13,1048,Balaji Wafers Pizzy Masala Rs 10,13|1048,0.0,57.0,0.0,29294.0,9.0,29303.0,40.0,1253.0,2.0,28066.0,-27953.0,-58.0
13,10532,Shiok Kiwi,13|10532,0.0,0.0,0.0,0.0,0.0,0.0,0.0,0.0,0.0,0.0,0.0,0.0
13,1059,Cavin's Spiced Butter Milk Rs 15,13|1059,0.0,0.0,0.0,17.0,0.0,17.0,0.0,9.0,0.0,6.0,-8.0,2.0
13,1069, Sunfeast Dark Fantasy Choco Fill Cookies Rs 10,13|1069,0.0,0.0,0.0,0.0,0.0,0.0,0.0,0.0,0.0,0.0,0.0,0.0
13,10845,Lotus Masala Chaach,13|10845,0.0,0.0,0.0,1425.0,0.0,1425.0,3.0,124.0,0.0,1295.0,-1298.0,3.0
13,11171,Superyou Multigrain Super Masala Chips 40,13|11171,0.0,0.0,0.0,438.0,0.0,438.0,1.0,137.0,0.0,286.0,-300.0,14.0
13,1120,Fanta Can ,13|1120,0.0,0.0,0.0,0.0,0.0,0.0,0.0,0.0,0.0,0.0,0.0,0.0
13,11251,Bru Cold Coffee 200 ML,13|11251,0.0,0.0,0.0,75.0,0.0,75.0,0.0,11.0,0.0,66.0,-64.0,-2.0
13,11252,Boost Ready To Drink 180 ML,13|11252,0.0,0.0,0.0,250.0,0.0,250.0,0.0,15.0,0.0,226.0,-235.0,9.0
13,11274,Millet Bank Chilli Chataka Stix,13|11274,0.0,0.0,0.0,126.0,0.0,126.0,0.0,48.0,0.0,77.0,-78.0,1.0
13,11388,Lets Try Aloo Bhujia ,13|11388,0.0,0.0,0.0,1355.0,0.0,1355.0,1.0,266.0,0.0,1110.0,-1088.0,-22.0
13,114,Coke Regular Can Rs 35,13|114,0.0,0.0,0.0,61.0,0.0,61.0,0.0,6.0,2.0,53.0,-55.0,0.0
13,115,Coke Diet Can Rs 35,13|115,0.0,0.0,0.0,0.0,0.0,0.0,0.0,0.0,0.0,0.0,0.0,0.0
13,11613,Fabeato Korean Kimchi Banana Chips,13|11613,0.0,0.0,0.0,219.0,5.0,224.0,0.0,23.0,0.0,201.0,-201.0,0.0
13,1170,Haldirams NGP Salted Peanut ,13|1170,0.0,0.0,0.0,7.0,0.0,7.0,0.0,0.0,0.0,11.0,-7.0,-4.0
13,124,Sprite Rs 20,13|124,0.0,0.0,0.0,0.0,0.0,0.0,0.0,0.0,0.0,0.0,0.0,0.0
13,12429,Madmix Jowar Bhujia Masala Masti,13|12429,0.0,0.0,0.0,1214.0,10.0,1224.0,0.0,461.0,0.0,735.0,-763.0,28.0
13,1243,RedBull Rs 125,13|1243,0.0,0.0,0.0,0.0,0.0,0.0,0.0,0.0,0.0,0.0,0.0,0.0
13,125,Fanta Pet 250ml Rs 20,13|125,0.0,0.0,0.0,0.0,0.0,0.0,0.0,0.0,0.0,0.0,0.0,0.0
13,126,Coke Regular Pet 250ml Rs 20,13|126,0.0,0.0,0.0,0.0,0.0,0.0,0.0,0.0,0.0,0.0,0.0,0.0
13,12640,Trubeing Roasted Peanuts Plain Salted,13|12640,0.0,0.0,0.0,944.0,0.0,944.0,0.0,265.0,0.0,645.0,-679.0,34.0
13,12644,Trubeing Roasted Makhana Himalayan Pink Salt,13|12644,0.0,0.0,0.0,216.0,0.0,216.0,0.0,54.0,0.0,150.0,-162.0,12.0
13,12650,Trubeing Soya Chips,13|12650,0.0,0.0,0.0,170.0,0.0,170.0,0.0,25.0,0.0,154.0,-145.0,-9.0
13,130,Choco Chips Cookies,13|130,0.0,0.0,0.0,12948.0,4.0,12952.0,35.0,1127.0,2.0,11274.0,-11790.0,514.0
13,1301,Maggi Cuppa Noodles Masala ,13|1301,0.0,0.0,0.0,9.0,0.0,9.0,0.0,0.0,0.0,9.0,-9.0,0.0
13,1302,Born Reborn Oats & Jowar Garlic Zen Rs 30,13|1302,0.0,0.0,0.0,0.0,0.0,0.0,0.0,0.0,0.0,0.0,0.0,0.0
13,132,Maggi Masala ,13|132,0.0,0.0,0.0,49.0,0.0,49.0,0.0,7.0,0.0,46.0,-42.0,-4.0
13,1326,Unibic Choco Chip Cookies ,13|1326,0.0,0.0,0.0,2342.0,0.0,2342.0,1.0,104.0,0.0,2224.0,-2237.0,13.0
13,1376,Real Bites Farali Wafers Rs 10,13|1376,0.0,0.0,0.0,0.0,0.0,0.0,0.0,0.0,0.0,0.0,0.0,0.0
13,139,Nestle Classic Chocolate ,13|139,0.0,0.0,0.0,0.0,0.0,0.0,0.0,0.0,0.0,0.0,0.0,0.0
13,140,Cadbury Dairy Milk Rs 20,13|140,0.0,0.0,0.0,0.0,0.0,0.0,0.0,0.0,0.0,0.0,0.0,0.0
13,1448,RiteBite - Choco Delite Rs.35,13|1448,0.0,6.0,0.0,0.0,0.0,0.0,0.0,0.0,0.0,0.0,6.0,0.0
13,1467, Snickers Fruit & Nut Rs 50,13|1467,0.0,0.0,0.0,0.0,0.0,0.0,0.0,26.0,0.0,1.0,26.0,-27.0
13,147,Snickers Rs 35,13|147,0.0,0.0,0.0,573.0,4.0,577.0,0.0,120.0,0.0,415.0,-457.0,42.0
13,1484,Haldiram Matka JhatkaRs12,13|1484,0.0,0.0,0.0,0.0,0.0,0.0,0.0,0.0,0.0,0.0,0.0,0.0
13,1494,Britannia Treat Croissant Vanilla Rs15,13|1494,0.0,0.0,0.0,0.0,0.0,0.0,0.0,0.0,0.0,0.0,0.0,0.0
13,1507,Real Bites Moong Dal Rs 10,13|1507,0.0,0.0,0.0,0.0,0.0,0.0,0.0,0.0,0.0,0.0,0.0,0.0
13,1606,BRB Popped Potato Chips Pasta Cheese ,13|1606,0.0,0.0,0.0,2.0,0.0,2.0,0.0,2.0,0.0,11.0,0.0,-11.0
13,1608,Makino Nacho Chips Jalapeno ,13|1608,0.0,0.0,0.0,8698.0,10.0,8708.0,26.0,1135.0,2.0,7544.0,-7547.0,1.0
13,1636,Kurkure Solid Masti Rs 20,13|1636,0.0,0.0,0.0,0.0,0.0,0.0,0.0,0.0,0.0,0.0,0.0,0.0
13,1668,7up Rs20,13|1668,0.0,0.0,0.0,0.0,0.0,0.0,0.0,0.0,0.0,0.0,0.0,0.0
13,1708,Mirinda Orange Rs20,13|1708,0.0,0.0,0.0,0.0,0.0,0.0,0.0,0.0,0.0,0.0,0.0,0.0
13,172,Cadbury Fruit and Nut ,13|172,0.0,0.0,0.0,0.0,0.0,0.0,0.0,0.0,0.0,0.0,0.0,0.0
13,185,Thums UP CHARGED Rs 20,13|185,0.0,0.0,0.0,0.0,0.0,0.0,0.0,0.0,0.0,0.0,0.0,0.0
13,1883,Parle Cakes Vanilla (Contains Egg) Rs 30,13|1883,0.0,0.0,0.0,0.0,0.0,0.0,0.0,0.0,0.0,0.0,0.0,0.0
13,1931,Britannia Jim Jam ,13|1931,0.0,0.0,0.0,185.0,0.0,185.0,0.0,29.0,0.0,174.0,-156.0,-18.0
13,1959,Snickers Rs 20,13|1959,0.0,1.0,0.0,926.0,0.0,926.0,43.0,104.0,0.0,806.0,-778.0,-27.0
13,196,Cadbury Dairy Milk Rs 40,13|196,0.0,0.0,0.0,0.0,0.0,0.0,0.0,0.0,0.0,0.0,0.0,0.0
13,1985,Amul Kool Kesar ,13|1985,0.0,0.0,0.0,0.0,0.0,0.0,0.0,0.0,0.0,0.0,0.0,0.0
13,1994,Amul Dark Chocolate,13|1994,0.0,0.0,0.0,0.0,0.0,0.0,0.0,0.0,0.0,0.0,0.0,0.0
13,2027,Sunfeast Dark Fantasy Chocolate Shake Rs35,13|2027,0.0,0.0,0.0,0.0,0.0,0.0,0.0,0.0,0.0,0.0,0.0,0.0
13,2087,Maggi Masala Single Pack Rs14,13|2087,0.0,0.0,0.0,0.0,0.0,0.0,0.0,0.0,0.0,0.0,0.0,0.0
13,2106,Winkies Fruit Cake with Raisin and Tutti Frutti ,13|2106,0.0,0.0,0.0,0.0,0.0,0.0,0.0,0.0,0.0,0.0,0.0,0.0
13,2127,Ultrapop Popcorn Cheese Rs 20,13|2127,0.0,0.0,0.0,0.0,0.0,0.0,0.0,0.0,0.0,0.0,0.0,0.0
13,2239,Cadbury Chocolate Rs 50,13|2239,0.0,0.0,0.0,230.0,0.0,230.0,0.0,39.0,0.0,158.0,-191.0,33.0
13,224,Amul Kool Cafe Rs 30,13|224,0.0,19.0,0.0,0.0,0.0,0.0,0.0,0.0,0.0,0.0,19.0,0.0
13,2330,Bikano Bikaneri Bhujia ,13|2330,0.0,0.0,0.0,0.0,0.0,0.0,0.0,0.0,0.0,0.0,0.0,0.0
13,2360,Real Koolerz Mango Rs 10,13|2360,0.0,0.0,0.0,0.0,0.0,0.0,0.0,0.0,0.0,0.0,0.0,0.0
13,2390,Davat Jira Digestive Drink Rs 10,13|2390,0.0,0.0,0.0,0.0,0.0,0.0,0.0,0.0,0.0,0.0,0.0,0.0
13,2412,Nescafe Chilled Latte Rs 45,13|2412,0.0,0.0,0.0,1364.0,0.0,1364.0,23.0,158.0,0.0,1165.0,-1183.0,18.0
13,2430,Sting Energy ,13|2430,0.0,0.0,0.0,0.0,0.0,0.0,0.0,0.0,0.0,0.0,0.0,0.0
13,2456,Unibic Choco Chip Cookies Rs 40,13|2456,0.0,0.0,0.0,13.0,0.0,13.0,0.0,12.0,0.0,1.0,-1.0,0.0
13,2502,Sting Energy Drink 35,13|2502,0.0,0.0,0.0,0.0,0.0,0.0,0.0,0.0,0.0,0.0,0.0,0.0
13,252,Thumps Up Can,13|252,0.0,0.0,0.0,5408.0,8.0,5416.0,14.0,260.0,2.0,4957.0,-5142.0,183.0
13,2584,Paper Boat Chocolate Milkshake Rs35,13|2584,0.0,0.0,0.0,0.0,0.0,0.0,0.0,0.0,0.0,0.0,0.0,0.0
13,2598,Amul Premium Buttermilk Rs 16,13|2598,0.0,0.0,0.0,0.0,0.0,0.0,0.0,0.0,0.0,0.0,0.0,0.0
13,261,McVitie's Digestive Biscuits,13|261,0.0,0.0,0.0,733.0,0.0,733.0,3.0,111.0,0.0,545.0,-619.0,74.0
13,278,Unibic Chocolate Cookies,13|278,0.0,0.0,0.0,0.0,0.0,0.0,0.0,0.0,0.0,0.0,0.0,0.0
13,282,Too Yumm Veggie Stix Cheese & Herbs Rs 20,13|282,0.0,0.0,0.0,6432.0,4.0,6436.0,15.0,592.0,16.0,6037.0,-5829.0,-224.0
13,290,Kurkure Masala Munch ,13|290,0.0,0.0,0.0,0.0,0.0,0.0,0.0,0.0,0.0,0.0,0.0,0.0
13,291,Lay's American style Cream & Onion Rs 10,13|291,0.0,0.0,0.0,0.0,0.0,0.0,0.0,0.0,0.0,0.0,0.0,0.0
13,2997,7up lemon Rs 35,13|2997,0.0,0.0,0.0,0.0,0.0,0.0,0.0,0.0,0.0,0.0,0.0,0.0
13,3001,Unibic Choco Nut Cookies Rs 20,13|3001,0.0,0.0,0.0,0.0,0.0,0.0,0.0,0.0,0.0,0.0,0.0,0.0
13,3002,Snickers Kesar Pista Rs 30,13|3002,0.0,0.0,0.0,0.0,0.0,0.0,0.0,0.0,0.0,0.0,0.0,0.0
13,3083,Amul Kool Koko Chocolate Rs 35,13|3083,0.0,0.0,0.0,0.0,0.0,0.0,0.0,0.0,0.0,0.0,0.0,0.0
13,3092,Alo Frut Kiwi Rs 30,13|3092,0.0,0.0,0.0,1127.0,0.0,1127.0,2.0,314.0,19.0,785.0,-811.0,7.0
13,3124,Max Protein Daily Almond Bar Rs 70,13|3124,0.0,0.0,0.0,10.0,0.0,10.0,0.0,0.0,0.0,9.0,-10.0,1.0
13,313,Paperboat Chikki,13|313,0.0,0.0,0.0,0.0,0.0,0.0,0.0,0.0,0.0,0.0,0.0,0.0
13,316,Minute Maid Pulpy Orange,13|316,0.0,0.0,0.0,0.0,0.0,0.0,0.0,0.0,0.0,0.0,0.0,0.0
13,318,Coke Zero,13|318,0.0,0.0,0.0,11054.0,12.0,11066.0,16.0,641.0,39.0,10061.0,-10409.0,309.0
13,320,Unibic Choco Hazelnut Cookies Rs 10,13|320,0.0,0.0,0.0,7.0,0.0,7.0,0.0,0.0,0.0,7.0,-7.0,0.0
13,322,Modern Cake Choco Cheer,13|322,0.0,0.0,0.0,0.0,0.0,0.0,0.0,0.0,0.0,0.0,0.0,0.0
13,331,Britannia Veg Cake Fruity Fun Rs 20,13|331,0.0,0.0,0.0,61.0,0.0,61.0,1.0,9.0,0.0,53.0,-51.0,-2.0
13,3387,Nescafe Intense Cafe ,13|3387,0.0,0.0,0.0,267.0,0.0,267.0,0.0,46.0,0.0,221.0,-221.0,0.0
13,3427,Amul Lassi Rs 17,13|3427,0.0,0.0,0.0,0.0,0.0,0.0,0.0,0.0,0.0,0.0,0.0,0.0
13,3472,Amul Lassi Rs 23,13|3472,0.0,0.0,0.0,0.0,0.0,0.0,0.0,0.0,0.0,0.0,0.0,0.0
13,3548,Samrat Namkeen Tam Tam Rs 10,13|3548,0.0,0.0,0.0,76.0,0.0,76.0,0.0,16.0,0.0,59.0,-60.0,1.0
13,3719,Galaxy Milk Chocolate Rs 20 ,13|3719,0.0,0.0,0.0,17.0,0.0,17.0,0.0,5.0,4.0,12.0,-12.0,-4.0
13,38,Amul Masti Buttermilk Rs 10,13|38,0.0,0.0,0.0,3695.0,0.0,3695.0,0.0,118.0,0.0,3577.0,-3577.0,0.0
13,392,Test,13|392,0.0,0.0,0.0,0.0,0.0,0.0,0.0,1.0,0.0,0.0,1.0,-1.0
13,395,Too Yum- Multigrain Chips,13|395,0.0,0.0,0.0,74.0,0.0,74.0,0.0,26.0,0.0,51.0,-48.0,-3.0
13,4036,Snickers Kesar Pista Stick Rs 30,13|4036,0.0,0.0,0.0,3686.0,4.0,3690.0,25.0,181.0,5.0,2852.0,-3484.0,627.0
13,4037,Snickers Almond Stick ,13|4037,0.0,0.0,0.0,0.0,0.0,0.0,0.0,0.0,0.0,0.0,0.0,0.0
13,4048,Epigamia Strawberry Milkshake 40,13|4048,0.0,0.0,0.0,0.0,0.0,0.0,0.0,0.0,0.0,0.0,0.0,0.0
13,4068,Alo Frut Orange Rs 30,13|4068,0.0,0.0,0.0,5878.0,0.0,5878.0,21.0,704.0,1.0,5574.0,-5153.0,-422.0
13,4238,Fit And Flex Cheesy Cheese Flavour ,13|4238,0.0,0.0,0.0,10.0,0.0,10.0,0.0,3.0,0.0,10.0,-7.0,-3.0
13,430,Haldiram's Moong Dal Rs 10 ,13|430,0.0,195.0,4.0,69970.0,122.0,70092.0,118.0,4927.0,21.0,65464.0,-64852.0,-434.0
13,4302,Phab Strawberries And Cream,13|4302,0.0,0.0,0.0,0.0,0.0,0.0,0.0,0.0,0.0,0.0,0.0,0.0
13,434,Uncle Chips - Spicy Treat,13|434,0.0,0.0,0.0,0.0,0.0,0.0,0.0,0.0,0.0,0.0,0.0,0.0
13,4499,Coca Cola Monster Energy,13|4499,0.0,0.0,0.0,0.0,0.0,0.0,0.0,0.0,0.0,0.0,0.0,0.0
13,4538,Rewynd Peanuts Chikki,13|4538,0.0,0.0,0.0,1512.0,0.0,1512.0,2.0,83.0,0.0,1363.0,-1427.0,64.0
13,4545,Snickers chocolate bar Rs 50,13|4545,0.0,0.0,0.0,53.0,0.0,53.0,0.0,37.0,0.0,59.0,-16.0,-43.0
13,4565,Snickers chocolate ,13|4565,0.0,0.0,0.0,944.0,0.0,944.0,33.0,285.0,0.0,509.0,-626.0,117.0
13,4571,Maggi Cup Noodles Delicious masala flavour,13|4571,0.0,0.0,0.0,0.0,0.0,0.0,0.0,0.0,0.0,0.0,0.0,0.0
13,4638,Paper Boat Dry Fruit Chikki Rs 30,13|4638,0.0,0.0,0.0,0.0,0.0,0.0,0.0,0.0,0.0,0.0,0.0,0.0
13,4738,Tender Coconut Water Pure Rs 50,13|4738,0.0,0.0,0.0,0.0,0.0,0.0,0.0,0.0,0.0,0.0,0.0,0.0
13,474,Snickers Almond Rs 25,13|474,0.0,0.0,0.0,18.0,0.0,18.0,0.0,0.0,0.0,18.0,-18.0,0.0
13,478,Kit Kat Rs 25,13|478,0.0,0.0,0.0,10133.0,0.0,10133.0,297.0,600.0,3.0,9129.0,-9236.0,104.0
13,4927,Mirinda Rs 60,13|4927,0.0,0.0,0.0,0.0,0.0,0.0,0.0,0.0,0.0,0.0,0.0,0.0
13,493,Test Product,13|493,0.0,0.0,0.0,112.0,0.0,112.0,0.0,64.0,0.0,55.0,-48.0,-7.0
13,4963,Mayora Malkist Cheese Rs 10,13|4963,0.0,0.0,0.0,0.0,0.0,0.0,0.0,0.0,0.0,0.0,0.0,0.0
13,5009,Snickers Butterscotch ,13|5009,0.0,0.0,0.0,8.0,0.0,8.0,0.0,4.0,0.0,4.0,-4.0,0.0
13,5090,Rewynd Khakhra Methi Thepla 40g Rs 20,13|5090,0.0,0.0,0.0,0.0,0.0,0.0,0.0,12.0,9.0,15.0,12.0,-36.0
13,5097,Kari Kari Chilli Garlic Rs 20,13|5097,0.0,0.0,0.0,43.0,0.0,43.0,0.0,71.0,0.0,14.0,28.0,-42.0
13,5103,Hersheys Milk Shake Vanilla Ice Cream Flavored Rs 40,13|5103,0.0,0.0,0.0,0.0,0.0,0.0,0.0,0.0,0.0,0.0,0.0,0.0
13,5283,4700BC 100 Corn Chips Salt And Truffle Rs 20,13|5283,0.0,0.0,0.0,259.0,0.0,259.0,1.0,42.0,0.0,216.0,-216.0,0.0
13,529,Doublemint,13|529,0.0,0.0,0.0,0.0,0.0,0.0,0.0,0.0,0.0,0.0,0.0,0.0
13,535,Kinley Water Bottle ,13|535,0.0,0.0,0.0,317.0,0.0,317.0,1.0,12.0,0.0,284.0,-304.0,20.0
13,5351,Puzzles Aloo Bhujia Rs 10,13|5351,0.0,0.0,0.0,1607.0,0.0,1607.0,2.0,391.0,17.0,1276.0,-1214.0,-79.0
13,5374,Mogu Mogu Lychee Juice,13|5374,0.0,0.0,0.0,0.0,0.0,0.0,0.0,0.0,0.0,0.0,0.0,0.0
13,542,Limca 250ml Pet Rs 20,13|542,0.0,0.0,0.0,0.0,0.0,0.0,0.0,0.0,0.0,0.0,0.0,0.0
13,5484,Yes Coco Orange Juice Rs 70,13|5484,0.0,0.0,0.0,0.0,0.0,0.0,0.0,0.0,0.0,0.0,0.0,0.0
13,5494,Farmley Roasted Makhana Cream And Onion Rs 30,13|5494,0.0,0.0,0.0,59.0,0.0,59.0,0.0,0.0,0.0,34.0,-59.0,25.0
13,5502,Amul Kool Cafe ,13|5502,0.0,5.0,0.0,0.0,0.0,0.0,0.0,0.0,0.0,0.0,5.0,0.0
13,5952,Samrat Mung Dal,13|5952,0.0,0.0,0.0,0.0,0.0,0.0,0.0,0.0,0.0,0.0,0.0,0.0
13,5968,Milky Mist Chocolate Milkshake ,13|5968,0.0,32.0,1.0,0.0,0.0,0.0,0.0,0.0,0.0,0.0,32.0,1.0
13,5990,Ocean Crispy Apple Rs 40,13|5990,0.0,0.0,0.0,0.0,0.0,0.0,0.0,0.0,0.0,0.0,0.0,0.0
13,6033,Snickers Butterscotch ,13|6033,0.0,0.0,0.0,17.0,0.0,17.0,0.0,33.0,0.0,30.0,16.0,-46.0
13,61,Paper Boat Lychee Ras Rs 20,13|61,0.0,98.0,2.0,0.0,0.0,0.0,0.0,0.0,0.0,0.0,98.0,2.0
13,6278,Winkies Fruit Cake Sliced Rs 20,13|6278,0.0,33.0,2.0,0.0,0.0,0.0,0.0,0.0,0.0,0.0,33.0,2.0
13,6556,Milky Mist Spiced Butter Milk Rs 20,13|6556,0.0,43.0,0.0,0.0,0.0,0.0,0.0,0.0,0.0,0.0,43.0,0.0
13,663,Britannia Veg Cake Chocolate Rs 20,13|663,0.0,0.0,0.0,2065.0,0.0,2065.0,7.0,229.0,0.0,1783.0,-1829.0,46.0
13,668,Maaza Pet Bottle Rs 20,13|668,0.0,0.0,0.0,0.0,0.0,0.0,0.0,0.0,0.0,0.0,0.0,0.0
13,678,Britannia Bourbon-Rs 10,13|678,0.0,0.0,0.0,10536.0,29.0,10565.0,24.0,894.0,4.0,9642.0,-9647.0,1.0
13,690,Amul Lassi Rs 15,13|690,0.0,3.0,0.0,0.0,0.0,0.0,0.0,0.0,0.0,0.0,3.0,0.0
13,691,Britannia Chocolate Shake Rs 30 ,13|691,0.0,0.0,0.0,0.0,0.0,0.0,0.0,1.0,0.0,2.0,1.0,-3.0
13,693,Snickers,13|693,0.0,9.0,0.0,2202.0,0.0,2202.0,39.0,719.0,12.0,1849.0,-1435.0,-417.0
13,694,Frooti ,13|694,0.0,0.0,0.0,1406.0,0.0,1406.0,1.0,35.0,0.0,1360.0,-1370.0,10.0
13,7072,Priyagold Cashew Cookies Rs 10,13|7072,0.0,0.0,0.0,0.0,0.0,0.0,0.0,0.0,0.0,0.0,0.0,0.0
13,7214,The Theatre Project Popcorn Cheddar Cheese Rs 20,13|7214,0.0,0.0,0.0,0.0,0.0,0.0,0.0,0.0,0.0,0.0,0.0,0.0
13,7237,Galaxy Fusions Dark chocolate ,13|7237,0.0,0.0,0.0,28.0,0.0,28.0,0.0,0.0,0.0,21.0,-28.0,7.0
13,73,Cavin's Lassi,13|73,0.0,0.0,0.0,6756.0,0.0,6756.0,37.0,402.0,11.0,6343.0,-6317.0,-37.0
13,764,Amul Milk Chocolate Rs 25,13|764,0.0,54.0,1.0,0.0,0.0,0.0,0.0,0.0,0.0,0.0,54.0,1.0
13,766,Amul Rose Lassi Rs 20 ,13|766,0.0,0.0,0.0,3424.0,0.0,3424.0,5.0,301.0,15.0,3075.0,-3118.0,28.0
13,769,Cadbury Dairy Milk Rs.10,13|769,0.0,0.0,0.0,0.0,0.0,0.0,0.0,0.0,0.0,0.0,0.0,0.0
13,7729,Amul Kesar Elachi Basundi ,13|7729,0.0,0.0,0.0,0.0,0.0,0.0,0.0,0.0,0.0,0.0,0.0,0.0
13,7804,Milky Mist Lassi Mango Rs 30,13|7804,0.0,1.0,0.0,0.0,0.0,0.0,0.0,0.0,0.0,0.0,1.0,0.0
13,794,Britannia Little Hearts,13|794,0.0,0.0,0.0,6365.0,7.0,6372.0,13.0,550.0,0.0,5861.0,-5809.0,-52.0
13,7972,Epigamia Refresh Lassi With Strawberry Rs 30,13|7972,0.0,0.0,0.0,0.0,0.0,0.0,0.0,0.0,0.0,0.0,0.0,0.0
13,799,Mr Makhana Cream & Onion,13|799,0.0,0.0,0.0,241.0,0.0,241.0,0.0,77.0,0.0,160.0,-164.0,4.0
13,80,Cavin's Spiced ButterMilk,13|80,0.0,0.0,0.0,7320.0,0.0,7320.0,33.0,690.0,33.0,6666.0,-6597.0,-102.0
13,82,Paper Boat Alphonso Aam Rs 25,13|82,0.0,0.0,0.0,64.0,0.0,64.0,0.0,2.0,0.0,34.0,-62.0,28.0
13,8207,Mulberry Zingals Chocolate Slice Cake ,13|8207,0.0,0.0,0.0,974.0,6.0,980.0,2.0,56.0,0.0,911.0,-922.0,11.0
13,8279,Lotus Thandai Badam Milk ,13|8279,0.0,0.0,0.0,1462.0,0.0,1462.0,5.0,421.0,12.0,1243.0,-1036.0,-219.0
13,8287,Wonderland Foods Almond Roasted & Salted,13|8287,0.0,0.0,0.0,61.0,0.0,61.0,0.0,21.0,0.0,39.0,-40.0,1.0
13,8309,Vyndo Methi Bajara Khakhra,13|8309,0.0,6.0,0.0,0.0,0.0,0.0,0.0,0.0,0.0,0.0,6.0,0.0
13,8310,Vyndo Chorafali Khakhra,13|8310,0.0,63.0,0.0,0.0,0.0,0.0,0.0,0.0,0.0,0.0,63.0,0.0
13,840,Hershey's Chocolate Milk Shake Rs 35,13|840,0.0,0.0,0.0,0.0,0.0,0.0,0.0,0.0,0.0,0.0,0.0,0.0
13,856,Amul Masti Buttermilk Rs 14,13|856,0.0,0.0,0.0,0.0,0.0,0.0,0.0,0.0,0.0,0.0,0.0,0.0
13,9011,Archi Pops Popcorn Rs 20,13|9011,0.0,0.0,0.0,0.0,0.0,0.0,0.0,0.0,0.0,0.0,0.0,0.0
13,9012,Archi Pops Cheese Rs 30,13|9012,0.0,0.0,0.0,0.0,0.0,0.0,0.0,0.0,0.0,0.0,0.0,0.0
13,904,Galaxy Milk Chocolate Rs.70,13|904,0.0,0.0,0.0,12.0,0.0,12.0,0.0,0.0,0.0,10.0,-12.0,2.0
13,9083,Meow Crispy Himalayan Pink Salt Rs 30,13|9083,0.0,0.0,0.0,0.0,0.0,0.0,0.0,0.0,0.0,0.0,0.0,0.0
13,914,Cremica Butter Cookies,13|914,0.0,73.0,4.0,0.0,0.0,0.0,0.0,0.0,0.0,0.0,73.0,4.0
13,915,Cremica Bourbon Biscuits Rs 15,13|915,0.0,0.0,0.0,0.0,0.0,0.0,0.0,0.0,0.0,0.0,0.0,0.0
13,922,Maaza ,13|922,0.0,0.0,0.0,0.0,0.0,0.0,0.0,0.0,0.0,0.0,0.0,0.0
13,9271,Nata de coco Strawberry Drink ,13|9271,0.0,0.0,0.0,0.0,0.0,0.0,0.0,0.0,0.0,0.0,0.0,0.0
13,929,Sprite750ml,13|929,0.0,0.0,0.0,0.0,0.0,0.0,0.0,0.0,0.0,0.0,0.0,0.0
13,935,Lays - American Style Cream and Onion ,13|935,0.0,0.0,0.0,0.0,0.0,0.0,0.0,0.0,0.0,0.0,0.0,0.0
13,94,Maaza Tetrapack Rs 10,13|94,0.0,0.0,0.0,0.0,0.0,0.0,0.0,0.0,0.0,0.0,0.0,0.0
13,95,Parle Appy Rs 10,13|95,0.0,0.0,0.0,0.0,0.0,0.0,0.0,0.0,0.0,0.0,0.0,0.0
13,986,Haldiram's Chips Pudina Treat Rs 15 ,13|986,0.0,0.0,0.0,156.0,0.0,156.0,0.0,15.0,0.0,147.0,-141.0,-6.0
13,9912,4700 BC Sea Salt Protein Pops ,13|9912,0.0,0.0,0.0,132.0,2.0,134.0,0.0,12.0,0.0,106.0,-122.0,16.0
13,9994,Fit & flex Masala Protein Puffs ,13|9994,0.0,0.0,0.0,27.0,0.0,27.0,0.0,0.0,0.0,26.0,-27.0,1.0
15,0,Unknown/Unmapped,15|0,22242.0,0.0,0.0,1212.0,0.0,1212.0,0.0,48.0,0.0,964.0,21078.0,200.0
15,1,Soya Masala Snacker,15|1,0.0,0.0,0.0,0.0,0.0,0.0,0.0,0.0,0.0,0.0,0.0,0.0
15,1023,Britannia Chocolate Shake Rs 35,15|1023,3090.0,106.0,13.0,15.0,0.0,15.0,0.0,11.0,0.0,37.0,3192.0,-20.0
15,1069, Sunfeast Dark Fantasy Choco Fill Cookies Rs 10,15|1069,1900.0,0.0,0.0,221.0,0.0,221.0,0.0,2.0,0.0,210.0,1681.0,9.0
15,109,Real Mixed Fruit Juice Rs 20,15|109,4740.0,0.0,0.0,0.0,0.0,0.0,0.0,0.0,0.0,0.0,4740.0,0.0
15,1120,Fanta Can ,15|1120,4944.0,185.0,10.0,239.0,0.0,239.0,0.0,28.0,0.0,197.0,4918.0,24.0
15,11299,Rimzim Jeera,15|11299,2940.0,0.0,0.0,576.0,0.0,576.0,1.0,2.0,0.0,559.0,2367.0,14.0
15,1143,Nestle Kit Kat,15|1143,210.0,555.0,29.0,0.0,0.0,0.0,0.0,0.0,0.0,0.0,765.0,29.0
15,1170,Haldirams NGP Salted Peanut ,15|1170,8448.0,387.0,24.0,952.0,0.0,952.0,0.0,27.0,0.0,807.0,7910.0,142.0
15,124,Sprite Rs 20,15|124,9244.0,619.0,33.0,3170.0,5.0,3175.0,1.0,33.0,0.0,3112.0,6722.0,62.0
15,125,Fanta Pet 250ml Rs 20,15|125,5880.0,210.0,11.0,1578.0,0.0,1578.0,0.0,49.0,0.0,1529.0,4561.0,11.0
15,126,Coke Regular Pet 250ml Rs 20,15|126,32064.0,1529.0,87.0,7388.0,15.0,7403.0,2.0,176.0,14.0,7135.0,26368.0,163.0
15,12778,Cavins Choco Mocha,15|12778,336.0,0.0,0.0,70.0,0.0,70.0,0.0,0.0,0.0,65.0,266.0,5.0
15,12779,Cavins Creamy Latte,15|12779,96.0,0.0,0.0,6.0,0.0,6.0,0.0,0.0,0.0,6.0,90.0,0.0
15,1301,Maggi Cuppa Noodles Masala ,15|1301,840.0,0.0,0.0,0.0,0.0,0.0,0.0,0.0,0.0,0.0,840.0,0.0
15,1315, Britannia Treat Jim Jam Rs 10,15|1315,8650.0,0.0,2.0,2764.0,0.0,2764.0,1.0,168.0,0.0,2563.0,6055.0,34.0
15,1383,Nestle Kitkat Rs 10,15|1383,0.0,116.0,9.0,0.0,0.0,0.0,0.0,0.0,0.0,0.0,116.0,9.0
15,139,Nestle Classic Chocolate ,15|139,6375.0,670.0,38.0,811.0,0.0,811.0,0.0,45.0,0.0,641.0,6279.0,163.0
15,140,Cadbury Dairy Milk Rs 20,15|140,1720.0,1518.0,83.0,0.0,0.0,0.0,0.0,0.0,0.0,0.0,3238.0,83.0
15,143,Minute Maid Mixed Fruit Rs 10,15|143,0.0,0.0,0.0,0.0,0.0,0.0,0.0,0.0,0.0,0.0,0.0,0.0
15,147,Snickers Rs 35,15|147,816.0,0.0,0.0,1340.0,0.0,1340.0,0.0,109.0,0.0,1200.0,-415.0,31.0
15,1482,Parle Agro Appy Fizz ,15|1482,0.0,0.0,0.0,0.0,0.0,0.0,0.0,0.0,0.0,0.0,0.0,0.0
15,1608,Makino Nacho Chips Jalapeno ,15|1608,0.0,1538.0,81.0,308.0,5.0,313.0,0.0,52.0,2.0,404.0,1277.0,-64.0
15,1636,Kurkure Solid Masti Rs 20,15|1636,6400.0,165.0,9.0,593.0,0.0,593.0,0.0,12.0,0.0,579.0,5984.0,11.0
15,164,ThumbsUp Charged - No Sugar,15|164,1932.0,0.0,0.0,383.0,0.0,383.0,0.0,11.0,0.0,374.0,1560.0,-2.0
15,169,Minute Maid Guava Rs 20,15|169,0.0,0.0,0.0,0.0,0.0,0.0,0.0,0.0,0.0,0.0,0.0,0.0
15,1708,Mirinda Orange Rs20,15|1708,0.0,112.0,9.0,0.0,0.0,0.0,0.0,0.0,0.0,0.0,112.0,9.0
15,172,Cadbury Fruit and Nut ,15|172,0.0,0.0,0.0,0.0,0.0,0.0,0.0,0.0,0.0,0.0,0.0,0.0
15,1738,Maggi Cuppa NDLS Masala Rs 55,15|1738,96.0,0.0,0.0,0.0,0.0,0.0,0.0,0.0,0.0,0.0,96.0,0.0
15,1743,Act 2 Popcorn Butter,15|1743,15780.0,0.0,0.0,2833.0,0.0,2833.0,0.0,28.0,0.0,2775.0,12975.0,30.0
15,1759,Frooti ,15|1759,0.0,0.0,1.0,0.0,0.0,0.0,0.0,0.0,0.0,0.0,0.0,1.0
15,1769,Kitkat 37gm,15|1769,1897.0,0.0,0.0,0.0,0.0,0.0,0.0,0.0,0.0,0.0,1897.0,0.0
15,177,Minute Maid Pulpy Orange,15|177,5410.0,0.0,0.0,680.0,0.0,680.0,0.0,25.0,0.0,632.0,4755.0,23.0
15,1807,Nescafe Chilled Latte Rs 40,15|1807,0.0,0.0,0.0,0.0,0.0,0.0,0.0,0.0,0.0,0.0,0.0,0.0
15,185,Thums UP CHARGED Rs 20,15|185,17000.0,1034.0,57.0,5282.0,5.0,5287.0,0.0,67.0,0.0,5155.0,12814.0,122.0
15,190,Pepsi Black,15|190,0.0,0.0,0.0,0.0,0.0,0.0,0.0,0.0,0.0,0.0,0.0,0.0
15,193,Monster Energy,15|193,0.0,0.0,0.0,0.0,0.0,0.0,0.0,0.0,0.0,0.0,0.0,0.0
15,1931,Britannia Jim Jam ,15|1931,600.0,0.0,0.0,0.0,0.0,0.0,0.0,0.0,0.0,0.0,600.0,0.0
15,1934,CocaCola Rim Zim Masala Jeera Rs 10,15|1934,0.0,0.0,1.0,0.0,0.0,0.0,0.0,0.0,0.0,1.0,0.0,0.0
15,1959,Snickers Rs 20,15|1959,14144.0,591.0,31.0,345.0,0.0,345.0,0.0,9.0,0.0,330.0,14399.0,37.0
15,196,Cadbury Dairy Milk Rs 40,15|196,0.0,0.0,0.0,0.0,0.0,0.0,0.0,0.0,0.0,0.0,0.0,0.0
15,1994,Amul Dark Chocolate,15|1994,0.0,0.0,0.0,0.0,0.0,0.0,0.0,0.0,0.0,0.0,0.0,0.0
15,2016,Haldirams NGP Punjabi Tadka Rs 35,15|2016,192.0,0.0,0.0,0.0,0.0,0.0,0.0,0.0,0.0,0.0,192.0,0.0
15,203,Sprite Pop Can Rs 25,15|203,0.0,0.0,0.0,0.0,0.0,0.0,0.0,0.0,0.0,0.0,0.0,0.0
15,2033,Anmol Romanzo Choco Filled Cookies Rs 10,15|2033,0.0,408.0,44.0,0.0,0.0,0.0,0.0,0.0,0.0,0.0,408.0,44.0
15,224,Amul Kool Cafe Rs 30,15|224,600.0,187.0,12.0,254.0,6.0,260.0,0.0,0.0,0.0,273.0,527.0,-1.0
15,2249,Haldirams Chips Classic Salted Rs 15,15|2249,0.0,0.0,0.0,0.0,0.0,0.0,0.0,0.0,0.0,0.0,0.0,0.0
15,2388,Tropicana Guava Delight 200ml,15|2388,26940.0,0.0,0.0,3906.0,0.0,3906.0,0.0,157.0,0.0,3591.0,23191.0,158.0
15,241,Tangy Mix Sauce Macronii,15|241,0.0,0.0,0.0,0.0,0.0,0.0,0.0,0.0,0.0,0.0,0.0,0.0
15,2412,Nescafe Chilled Latte Rs 45,15|2412,2085.0,0.0,0.0,397.0,0.0,397.0,0.0,5.0,0.0,351.0,1693.0,41.0
15,2430,Sting Energy ,15|2430,0.0,0.0,5.0,0.0,0.0,0.0,0.0,0.0,0.0,0.0,0.0,5.0
15,2502,Sting Energy Drink 35,15|2502,168.0,348.0,18.0,0.0,0.0,0.0,0.0,0.0,0.0,0.0,516.0,18.0
15,252,Thumps Up Can,15|252,4584.0,203.0,11.0,380.0,0.0,380.0,0.0,26.0,0.0,311.0,4433.0,54.0
15,261,McVitie's Digestive Biscuits,15|261,13080.0,0.0,0.0,1661.0,0.0,1661.0,1.0,84.0,0.0,1223.0,11504.0,353.0
15,2669,Slice Mango Drink Rs 10,15|2669,0.0,454.0,24.0,0.0,0.0,0.0,0.0,0.0,0.0,0.0,454.0,24.0
15,2713,Britannia Milk Bikis,15|2713,6000.0,0.0,0.0,891.0,0.0,891.0,1.0,37.0,0.0,808.0,5147.0,45.0
15,2760,Puzzles Khatta Meetha Rs10,15|2760,0.0,867.0,45.0,36.0,0.0,36.0,0.0,7.0,0.0,28.0,838.0,46.0
15,2769,Amul Kool Badam Milk Shake Rs 40,15|2769,0.0,337.0,18.0,0.0,0.0,0.0,0.0,0.0,0.0,0.0,337.0,18.0
15,2818,Cadbury 5 Star Oreo Rs 35,15|2818,0.0,0.0,0.0,0.0,0.0,0.0,0.0,0.0,0.0,0.0,0.0,0.0
15,282,Too Yumm Veggie Stix Cheese & Herbs Rs 20,15|282,39218.0,0.0,0.0,4777.0,0.0,4777.0,4.0,279.0,0.0,4481.0,34724.0,13.0
15,290,Kurkure Masala Munch ,15|290,9750.0,551.0,32.0,238.0,0.0,238.0,0.0,8.0,0.0,220.0,10071.0,42.0
15,291,Lay's American style Cream & Onion Rs 10,15|291,36520.0,934.0,51.0,6427.0,0.0,6427.0,1.0,282.0,0.0,6090.0,31310.0,105.0
15,2997,7up lemon Rs 35,15|2997,0.0,0.0,0.0,0.0,0.0,0.0,0.0,0.0,0.0,0.0,0.0,0.0
15,306,Hazelnut Latte,15|306,630.0,0.0,0.0,272.0,0.0,272.0,0.0,2.0,0.0,242.0,360.0,28.0
15,3070,Americana  Cheese Cracker Biscuits  Rs 10,15|3070,0.0,1429.0,83.0,2237.0,0.0,2237.0,0.0,26.0,0.0,2206.0,-782.0,88.0
15,3083,Amul Kool Koko Chocolate Rs 35,15|3083,0.0,121.0,11.0,0.0,0.0,0.0,0.0,0.0,0.0,0.0,121.0,11.0
15,3096,Alo Frut Coconut Water Rs 50,15|3096,0.0,0.0,0.0,0.0,0.0,0.0,0.0,0.0,0.0,0.0,0.0,0.0
15,316,Minute Maid Pulpy Orange,15|316,900.0,327.0,17.0,0.0,0.0,0.0,0.0,0.0,0.0,0.0,1227.0,17.0
15,318,Coke Zero,15|318,6360.0,236.0,17.0,358.0,0.0,358.0,0.0,12.0,0.0,328.0,6250.0,35.0
15,3286,Limca Rs 40,15|3286,3264.0,157.0,8.0,183.0,0.0,183.0,0.0,14.0,4.0,155.0,3252.0,18.0
15,331,Britannia Veg Cake Fruity Fun Rs 20,15|331,23438.0,285.0,25.0,4318.0,7.0,4325.0,1.0,224.0,0.0,3909.0,19623.0,216.0
15,3321,Jeera Masala Rs 12,15|3321,0.0,118.0,6.0,0.0,0.0,0.0,0.0,0.0,0.0,0.0,118.0,6.0
15,3387,Nescafe Intense Cafe ,15|3387,450.0,0.0,0.0,0.0,0.0,0.0,0.0,0.0,0.0,0.0,450.0,0.0
15,3392,Sprite 250ml Rs 20,15|3392,540.0,108.0,6.0,0.0,0.0,0.0,0.0,0.0,0.0,0.0,648.0,6.0
15,3515,Cavins Kaju Butterscotch Milkshake  ,15|3515,480.0,0.0,0.0,27.0,0.0,27.0,0.0,0.0,0.0,25.0,453.0,2.0
15,3535,Coca cola Original Taste ,15|3535,0.0,0.0,0.0,0.0,0.0,0.0,0.0,0.0,0.0,0.0,0.0,0.0
15,3542,Taali Masala Mania Protien Puffs Rs 20,15|3542,0.0,421.0,22.0,0.0,0.0,0.0,0.0,0.0,0.0,0.0,421.0,22.0
15,3782,Britannia Winkin Cow Rs 35,15|3782,1650.0,0.0,0.0,372.0,0.0,372.0,0.0,9.0,0.0,359.0,1287.0,4.0
15,3784,Cavins Rajbhog Milkshake Rs 60,15|3784,768.0,0.0,0.0,110.0,0.0,110.0,0.0,0.0,0.0,108.0,658.0,2.0
15,38,Amul Masti Buttermilk Rs 10,15|38,0.0,0.0,9.0,0.0,0.0,0.0,0.0,0.0,0.0,0.0,0.0,9.0
15,395,Too Yum- Multigrain Chips,15|395,154322.0,1752.0,99.0,23700.0,0.0,23700.0,7.0,597.0,2.0,22828.0,132978.0,365.0
15,3953,Thums Up ,15|3953,540.0,142.0,16.0,0.0,0.0,0.0,0.0,0.0,0.0,0.0,682.0,16.0
15,401,Bingo - Potato Chips Masala,15|401,14488.0,0.0,0.0,1560.0,0.0,1560.0,0.0,52.0,0.0,1492.0,12980.0,16.0
15,4036,Snickers Kesar Pista Stick Rs 30,15|4036,6240.0,611.0,33.0,1033.0,4.0,1037.0,0.0,89.0,0.0,997.0,5903.0,-16.0
15,4050,Prabhu ji Masala Muri Rs 10,15|4050,22050.0,1145.0,68.0,8432.0,7.0,8439.0,1.0,215.0,0.0,8212.0,14972.0,79.0
15,4063,BiskFarm Masala Chatpata Bhel  Rs 10,15|4063,0.0,0.0,29.0,0.0,0.0,0.0,0.0,0.0,0.0,0.0,0.0,29.0
15,4068,Alo Frut Orange Rs 30,15|4068,1680.0,2084.0,112.0,1292.0,0.0,1292.0,0.0,33.0,0.0,1263.0,2505.0,108.0
15,4206,Tropicana Mixed Fruit,15|4206,1800.0,0.0,0.0,1282.0,0.0,1282.0,1.0,18.0,0.0,1255.0,537.0,8.0
15,4230,Coca Cola Rs 25,15|4230,0.0,0.0,0.0,0.0,0.0,0.0,0.0,0.0,0.0,0.0,0.0,0.0
15,430,Haldiram's Moong Dal Rs 10 ,15|430,69423.0,12698.0,690.0,2440.0,0.0,2440.0,2.0,38.0,0.0,2359.0,79721.0,731.0
15,4316,Britannia Gobbles,15|4316,2680.0,0.0,0.0,637.0,0.0,637.0,0.0,17.0,0.0,606.0,2060.0,14.0
15,4322,Nimbus 7up,15|4322,0.0,0.0,0.0,0.0,0.0,0.0,0.0,0.0,0.0,0.0,0.0,0.0
15,4329,Maaza,15|4329,750.0,337.0,18.0,73.0,0.0,73.0,0.0,5.0,0.0,56.0,1019.0,30.0
15,4430,Americana Coconut Cookies Rs 20,15|4430,0.0,1044.0,55.0,607.0,0.0,607.0,0.0,12.0,0.0,577.0,449.0,73.0
15,4499,Coca Cola Monster Energy,15|4499,0.0,0.0,1.0,0.0,0.0,0.0,0.0,0.0,0.0,0.0,0.0,1.0
15,4565,Snickers chocolate ,15|4565,24816.0,0.0,13.0,2131.0,2.0,2133.0,1.0,291.0,0.0,1928.0,22975.0,-74.0
15,4650, Orsl Plus Rs 30,15|4650,0.0,0.0,8.0,0.0,0.0,0.0,0.0,0.0,0.0,0.0,0.0,8.0
15,4677,Fizz Appy Juice Rs 20,15|4677,0.0,0.0,0.0,0.0,0.0,0.0,0.0,0.0,0.0,0.0,0.0,0.0
15,474,Snickers Almond Rs 25,15|474,0.0,0.0,3.0,0.0,0.0,0.0,0.0,0.0,0.0,0.0,0.0,3.0
15,478,Kit Kat Rs 25,15|478,1904.0,243.0,13.0,281.0,0.0,281.0,0.0,0.0,0.0,281.0,1866.0,13.0
15,4851,Kerala Banana Chips Desi Masala Rs 20,15|4851,0.0,357.0,19.0,0.0,0.0,0.0,0.0,0.0,0.0,0.0,357.0,19.0
15,4873,Dailee Jeera masala soda Rs 12,15|4873,0.0,152.0,8.0,0.0,0.0,0.0,0.0,0.0,0.0,0.0,152.0,8.0
15,4900,Britannia Treat Creme Wafers Strawberry Rs 50,15|4900,200.0,0.0,0.0,41.0,0.0,41.0,0.0,0.0,0.0,40.0,159.0,1.0
15,493,Test Product,15|493,0.0,0.0,0.0,98.0,0.0,98.0,1.0,36.0,0.0,62.0,-61.0,-1.0
15,4963,Mayora Malkist Cheese Rs 10,15|4963,0.0,0.0,0.0,0.0,0.0,0.0,0.0,0.0,0.0,0.0,0.0,0.0
15,4967,7up lemon Rs 35,15|4967,0.0,0.0,0.0,0.0,0.0,0.0,0.0,0.0,0.0,0.0,0.0,0.0
15,5165,Masala Diet Chidwa spicy Special Rs 20,15|5165,6240.0,769.0,59.0,1771.0,16.0,1787.0,1.0,112.0,0.0,1802.0,5335.0,-69.0
15,5309,Beng Beng Chocolate Rs 10,15|5309,0.0,349.0,18.0,0.0,0.0,0.0,0.0,0.0,0.0,0.0,349.0,18.0
15,5351,Puzzles Aloo Bhujia Rs 10,15|5351,4176.0,1552.0,81.0,2189.0,6.0,2195.0,0.0,264.0,0.0,2067.0,3797.0,-55.0
15,5364,Puzzles Nut Crackers Rs 20 ,15|5364,432.0,662.0,35.0,323.0,4.0,327.0,0.0,16.0,0.0,408.0,783.0,-62.0
15,5419,Mcvities Butter Cookies ,15|5419,15576.0,0.0,0.0,1699.0,0.0,1699.0,0.0,61.0,0.0,1439.0,13938.0,199.0
15,542,Limca 250ml Pet Rs 20,15|542,12424.0,454.0,24.0,3334.0,5.0,3339.0,0.0,81.0,8.0,3214.0,9620.0,60.0
15,5485,Bonn Choco Chip Cookies Rs 10,15|5485,480.0,5303.0,288.0,974.0,0.0,974.0,0.0,10.0,0.0,970.0,4819.0,282.0
15,5486,Bonn classic Bourbonn Biscuits Rs 15,15|5486,0.0,561.0,35.0,0.0,0.0,0.0,0.0,0.0,0.0,0.0,561.0,35.0
15,5493,Dates Bites Sachet Rs 35,15|5493,0.0,56.0,1.0,0.0,0.0,0.0,0.0,0.0,0.0,0.0,56.0,1.0
15,5494,Farmley Roasted Makhana Cream And Onion Rs 30,15|5494,0.0,0.0,8.0,0.0,0.0,0.0,0.0,0.0,0.0,0.0,0.0,8.0
15,5502,Amul Kool Cafe ,15|5502,0.0,0.0,0.0,0.0,0.0,0.0,0.0,0.0,0.0,0.0,0.0,0.0
15,5580,Diamond Cream And Onion Chips Rs 20,15|5580,0.0,0.0,6.0,0.0,0.0,0.0,0.0,0.0,0.0,0.0,0.0,6.0
15,5581,Nescafe Intense Cappuccino Rs 70,15|5581,0.0,0.0,0.0,0.0,0.0,0.0,0.0,0.0,0.0,0.0,0.0,0.0
15,5628,ORSL Electrolyte Drink Apple Rs 42,15|5628,0.0,0.0,1.0,0.0,0.0,0.0,0.0,0.0,0.0,0.0,0.0,1.0
15,586,Coke Regular Pop Can Rs 25,15|586,0.0,0.0,0.0,0.0,0.0,0.0,0.0,0.0,0.0,0.0,0.0,0.0
15,59,Tropicana Juice,15|59,40200.0,396.0,40.0,7913.0,18.0,7931.0,0.0,372.0,3.0,7484.0,33037.0,112.0
15,6103,D Nature Eatery Roasted Cashew,15|6103,300.0,424.0,22.0,0.0,0.0,0.0,0.0,0.0,0.0,0.0,724.0,22.0
15,6278,Winkies Fruit Cake Sliced Rs 20,15|6278,192.0,0.0,3.0,0.0,0.0,0.0,0.0,0.0,0.0,0.0,192.0,3.0
15,6322,Cream bell kesar badam,15|6322,0.0,70.0,4.0,0.0,0.0,0.0,0.0,0.0,0.0,0.0,70.0,4.0
15,6530,Anmol Chocolate Cake Rs 30,15|6530,0.0,0.0,0.0,0.0,0.0,0.0,0.0,0.0,0.0,0.0,0.0,0.0
15,6535,Anmol Butter Bake Rs 20,15|6535,0.0,0.0,0.0,0.0,0.0,0.0,0.0,0.0,0.0,0.0,0.0,0.0
15,6547,Moutain Dew Rs 15,15|6547,0.0,0.0,2.0,0.0,0.0,0.0,0.0,0.0,0.0,0.0,0.0,2.0
15,6554,Rim Jim Soda Jeera Flavour Rs 20,15|6554,0.0,0.0,0.0,0.0,0.0,0.0,0.0,0.0,0.0,0.0,0.0,0.0
15,663,Britannia Veg Cake Chocolate Rs 20,15|663,2400.0,0.0,0.0,568.0,0.0,568.0,0.0,27.0,0.0,526.0,1859.0,15.0
15,668,Maaza Pet Bottle Rs 20,15|668,3030.0,416.0,22.0,488.0,0.0,488.0,0.0,18.0,0.0,475.0,2976.0,17.0
15,678,Britannia Bourbon-Rs 10,15|678,229411.0,5906.0,327.0,32493.0,28.0,32521.0,24.0,1069.0,0.0,31123.0,203889.0,632.0
15,6865,Orsl Plus Orange Drink Rs 45,15|6865,0.0,0.0,0.0,0.0,0.0,0.0,0.0,0.0,0.0,0.0,0.0,0.0
15,690,Amul Lassi Rs 15,15|690,0.0,307.0,16.0,0.0,0.0,0.0,0.0,0.0,0.0,0.0,307.0,16.0
15,691,Britannia Chocolate Shake Rs 30 ,15|691,6564.0,0.0,4.0,772.0,0.0,772.0,0.0,43.0,0.0,680.0,5835.0,53.0
15,693,Snickers,15|693,9840.0,1294.0,69.0,4083.0,4.0,4087.0,1.0,381.0,0.0,3774.0,7429.0,0.0
15,7,Healthy Vegetable Poha,15|7,0.0,0.0,0.0,0.0,0.0,0.0,0.0,0.0,0.0,0.0,0.0,0.0
15,73,Cavin's Lassi,15|73,10170.0,1130.0,60.0,2072.0,6.0,2078.0,0.0,105.0,0.0,1944.0,9327.0,89.0
15,7385,Tropicana Mixed Fruit Rs 15,15|7385,0.0,0.0,1.0,0.0,0.0,0.0,0.0,0.0,0.0,0.0,0.0,1.0
15,7394,7up Nimbooz Rs 15,15|7394,0.0,0.0,3.0,0.0,0.0,0.0,0.0,0.0,0.0,0.0,0.0,3.0
15,764,Amul Milk Chocolate Rs 25,15|764,3300.0,0.0,0.0,434.0,0.0,434.0,0.0,0.0,0.0,418.0,2866.0,16.0
15,766,Amul Rose Lassi Rs 20 ,15|766,7350.0,737.0,41.0,743.0,0.0,743.0,0.0,34.0,0.0,656.0,7378.0,94.0
15,769,Cadbury Dairy Milk Rs.10,15|769,3360.0,1478.0,83.0,0.0,0.0,0.0,0.0,0.0,0.0,0.0,4838.0,83.0
15,794,Britannia Little Hearts,15|794,36662.0,0.0,0.0,5501.0,0.0,5501.0,0.0,107.0,0.0,5286.0,31268.0,108.0
15,799,Mr Makhana Cream & Onion,15|799,0.0,0.0,0.0,0.0,0.0,0.0,0.0,0.0,0.0,0.0,0.0,0.0
15,80,Cavin's Spiced ButterMilk,15|80,16040.0,2840.0,150.0,3025.0,9.0,3034.0,0.0,167.0,2.0,2977.0,16013.0,38.0
15,8383,Cavins Cold Coffee chilled Latte ,15|8383,0.0,0.0,0.0,0.0,0.0,0.0,0.0,0.0,0.0,0.0,0.0,0.0
15,840,Hershey's Chocolate Milk Shake Rs 35,15|840,0.0,0.0,2.0,0.0,0.0,0.0,0.0,0.0,0.0,0.0,0.0,2.0
15,8766,Bhikharam Chandmal Bikaneri Bhujia ,15|8766,1200.0,284.0,16.0,229.0,13.0,242.0,0.0,10.0,0.0,301.0,1252.0,-53.0
15,8781,Vishnu Delight Makhana Peri Peri Rs 20,15|8781,0.0,0.0,0.0,0.0,0.0,0.0,0.0,0.0,0.0,0.0,0.0,0.0
15,8897,Julies Banana Sandwich Rs 20,15|8897,0.0,0.0,4.0,0.0,0.0,0.0,0.0,0.0,0.0,0.0,0.0,4.0
15,891,RiteBite Peanut Butter,15|891,0.0,0.0,0.0,0.0,0.0,0.0,0.0,0.0,0.0,0.0,0.0,0.0
15,9083,Meow Crispy Himalayan Pink Salt Rs 30,15|9083,0.0,381.0,20.0,0.0,0.0,0.0,0.0,4.0,0.0,9.0,385.0,7.0
15,918,Lotte Choco Pie Rs 10,15|918,0.0,0.0,0.0,0.0,0.0,0.0,0.0,0.0,0.0,0.0,0.0,0.0
15,9191,Nuttoz Roasted Peanuts Rs 20,15|9191,0.0,332.0,20.0,0.0,0.0,0.0,0.0,2.0,0.0,6.0,334.0,12.0
15,922,Maaza ,15|922,0.0,0.0,2.0,6.0,0.0,6.0,0.0,0.0,0.0,0.0,-6.0,8.0
15,929,Sprite750ml,15|929,4104.0,325.0,17.0,172.0,0.0,172.0,0.0,16.0,0.0,150.0,4273.0,23.0
15,935,Lays - American Style Cream and Onion ,15|935,16930.0,323.0,17.0,814.0,0.0,814.0,0.0,20.0,0.0,790.0,16459.0,21.0
15,9364,Nuttoz Coconut Chikki Rs 10,15|9364,0.0,514.0,27.0,0.0,0.0,0.0,0.0,0.0,0.0,0.0,514.0,27.0
15,94,Maaza Tetrapack Rs 10,15|94,0.0,1049.0,55.0,0.0,0.0,0.0,0.0,0.0,0.0,0.0,1049.0,55.0
15,9409,Bhikharam Chandmal Moong Dal Rs 20,15|9409,2160.0,2222.0,116.0,205.0,10.0,215.0,0.0,5.0,13.0,345.0,4172.0,-32.0
15,9499,Anmol E time Elaichi Rs 40,15|9499,0.0,0.0,0.0,0.0,0.0,0.0,0.0,0.0,0.0,0.0,0.0,0.0
15,95,Parle Appy Rs 10,15|95,0.0,3002.0,204.0,0.0,0.0,0.0,0.0,0.0,0.0,0.0,3002.0,204.0
15,9511,Predator Energy ,15|9511,0.0,0.0,0.0,0.0,0.0,0.0,0.0,0.0,0.0,0.0,0.0,0.0
15,954,Parle G Biscuits Rs 5,15|954,0.0,0.0,0.0,0.0,0.0,0.0,0.0,0.0,0.0,0.0,0.0,0.0
15,9794,Bourbon Chocolate Biscuits,15|9794,1120.0,0.0,0.0,41.0,0.0,41.0,0.0,11.0,0.0,27.0,1090.0,3.0
15,9825,Nuttoz Roasted Cashew Rs 25,15|9825,0.0,394.0,21.0,0.0,0.0,0.0,0.0,0.0,0.0,0.0,394.0,21.0
15,986,Haldiram's Chips Pudina Treat Rs 15 ,15|986,2106.0,453.0,24.0,0.0,0.0,0.0,0.0,0.0,0.0,0.0,2559.0,24.0
16,0,Unknown/Unmapped,16|0,9108.0,0.0,0.0,4579.0,0.0,4579.0,1.0,304.0,1.0,2403.0,4834.0,1870.0
16,10108,Wellbe Ribbon Pakoda,16|10108,0.0,0.0,0.0,33.0,0.0,33.0,0.0,11.0,0.0,22.0,-22.0,0.0
16,10109,Fabeato Salt & Pepper Cashews,16|10109,1600.0,0.0,3.0,1442.0,3.0,1445.0,0.0,675.0,176.0,754.0,830.0,-157.0
16,10114,Nutrezy Raisin Omega & Crunch Trail Mix,16|10114,3600.0,0.0,0.0,3751.0,1.0,3752.0,5.0,602.0,0.0,2787.0,455.0,358.0
16,10129,Roasty Tasty Millet Upma Rs 80,16|10129,0.0,0.0,0.0,94.0,0.0,94.0,0.0,77.0,14.0,67.0,-17.0,-64.0
16,1023,Britannia Chocolate Shake Rs 35,16|1023,0.0,498.0,27.0,608.0,0.0,608.0,0.0,253.0,1.0,531.0,143.0,-150.0
16,10390,Sweet Karam Coffee Madras Mixture,16|10390,7640.0,0.0,0.0,6175.0,6.0,6181.0,2.0,413.0,59.0,5317.0,1874.0,390.0
16,1059,Cavin's Spiced Butter Milk Rs 15,16|1059,0.0,0.0,0.0,81.0,0.0,81.0,0.0,0.0,0.0,78.0,-81.0,3.0
16,1069, Sunfeast Dark Fantasy Choco Fill Cookies Rs 10,16|1069,0.0,0.0,0.0,0.0,0.0,0.0,0.0,0.0,0.0,0.0,0.0,0.0
16,10696,Insta Ahaar Classic Masala Poha ,16|10696,1580.0,0.0,0.0,906.0,0.0,906.0,1.0,488.0,9.0,146.0,1163.0,262.0
16,10698,Insta Ahaar Cuppa Masala Oats ,16|10698,1292.0,0.0,0.0,345.0,0.0,345.0,0.0,85.0,11.0,151.0,1032.0,98.0
16,10724,Bru Cold Coffee ,16|10724,2808.0,0.0,0.0,696.0,0.0,696.0,1.0,139.0,31.0,480.0,2252.0,45.0
16,10822,Ritebite Choco Almond Protein Bar,16|10822,0.0,0.0,0.0,62.0,0.0,62.0,0.0,35.0,3.0,23.0,-27.0,1.0
16,10844,Lotus Lassi,16|10844,1104.0,0.0,0.0,1252.0,6.0,1258.0,0.0,152.0,48.0,1021.0,-2.0,37.0
16,10845,Lotus Masala Chaach,16|10845,2256.0,0.0,0.0,2323.0,12.0,2335.0,7.0,79.0,91.0,2130.0,7.0,28.0
16,10857,Swizzle Desi Lemonade ,16|10857,1944.0,0.0,0.0,1771.0,0.0,1771.0,6.0,424.0,229.0,738.0,603.0,374.0
16,109,Real Mixed Fruit Juice Rs 20,16|109,1800.0,0.0,0.0,603.0,0.0,603.0,0.0,34.0,0.0,351.0,1231.0,218.0
16,1094,Kinley Water 500 ml Rs 10,16|1094,0.0,0.0,0.0,20.0,0.0,20.0,0.0,0.0,0.0,2.0,-20.0,18.0
16,11008,Reload Orange Rush Drink ,16|11008,4560.0,0.0,0.0,4861.0,0.0,4861.0,2.0,692.0,6.0,3701.0,393.0,460.0
16,11152,Ella Foods Ready To Eat Poha 65g,16|11152,1220.0,0.0,0.0,1160.0,0.0,1160.0,2.0,79.0,148.0,774.0,141.0,157.0
16,11154,Ella Foods Salted Almonds,16|11154,2400.0,0.0,0.0,2037.0,0.0,2037.0,6.0,226.0,222.0,972.0,595.0,611.0
16,11158,Ella Foods Chilli Lime Cashew ,16|11158,0.0,0.0,0.0,16.0,0.0,16.0,0.0,15.0,0.0,1.0,-1.0,0.0
16,11171,Superyou Multigrain Super Masala Chips 40,16|11171,7632.0,0.0,0.0,7663.0,2.0,7665.0,6.0,502.0,19.0,6850.0,475.0,288.0
16,11179,Sweet Karam Coffee Garlic Murukku Sticks 30g,16|11179,0.0,0.0,0.0,171.0,0.0,171.0,0.0,5.0,6.0,130.0,-166.0,30.0
16,1120,Fanta Can ,16|1120,6000.0,189.0,10.0,4997.0,0.0,4997.0,6.0,273.0,17.0,4703.0,1471.0,8.0
16,11251,Bru Cold Coffee 200 ML,16|11251,0.0,0.0,0.0,2166.0,0.0,2166.0,4.0,110.0,15.0,1507.0,-2052.0,530.0
16,11252,Boost Ready To Drink 180 ML,16|11252,3720.0,0.0,0.0,3570.0,6.0,3576.0,6.0,306.0,16.0,2846.0,456.0,402.0
16,11274,Millet Bank Chilli Chataka Stix,16|11274,9180.0,0.0,0.0,7930.0,0.0,7930.0,8.0,266.0,9.0,7192.0,1524.0,455.0
16,11295,Himalayan Salt Caramel Popcorn,16|11295,0.0,0.0,0.0,112.0,0.0,112.0,0.0,11.0,0.0,87.0,-101.0,14.0
16,11388,Lets Try Aloo Bhujia ,16|11388,12000.0,0.0,0.0,11170.0,0.0,11170.0,6.0,518.0,7.0,10246.0,1354.0,393.0
16,11391,Lets Try Navratan Tadka ,16|11391,0.0,0.0,0.0,17.0,0.0,17.0,0.0,0.0,0.0,8.0,-17.0,9.0
16,1143,Nestle Kit Kat,16|1143,0.0,0.0,0.0,147.0,0.0,147.0,0.0,44.0,0.0,96.0,-103.0,7.0
16,115,Coke Diet Can Rs 35,16|115,0.0,0.0,0.0,199.0,0.0,199.0,0.0,8.0,4.0,163.0,-191.0,24.0
16,11613,Fabeato Korean Kimchi Banana Chips,16|11613,6000.0,0.0,0.0,5227.0,0.0,5227.0,4.0,262.0,10.0,4706.0,1039.0,245.0
16,11617,Butter Popcorn Jumbo Pack,16|11617,1368.0,0.0,0.0,2629.0,0.0,2629.0,5.0,143.0,26.0,2194.0,-1113.0,261.0
16,11619,Veg Puff ,16|11619,600.0,0.0,0.0,514.0,0.0,514.0,2.0,144.0,329.0,68.0,232.0,-29.0
16,11620,Veg Cheese,16|11620,410.0,0.0,0.0,344.0,0.0,344.0,0.0,49.0,281.0,31.0,115.0,-17.0
16,11622,Paneer puff,16|11622,390.0,0.0,0.0,343.0,0.0,343.0,2.0,86.0,226.0,41.0,135.0,-12.0
16,11625,Onion Samosa1,16|11625,210.0,0.0,0.0,161.0,0.0,161.0,0.0,30.0,96.0,48.0,79.0,-13.0
16,11627,Veg Sandwich ,16|11627,190.0,0.0,0.0,186.0,0.0,186.0,2.0,54.0,104.0,41.0,60.0,-15.0
16,11628,Veg Mayo Sandwich 1,16|11628,190.0,0.0,0.0,162.0,0.0,162.0,5.0,30.0,113.0,28.0,63.0,-14.0
16,1170,Haldirams NGP Salted Peanut ,16|1170,0.0,0.0,0.0,0.0,0.0,0.0,0.0,0.0,0.0,0.0,0.0,0.0
16,11988,Swap Aam Panna Rs 60,16|11988,840.0,0.0,0.0,402.0,0.0,402.0,2.0,40.0,104.0,99.0,480.0,157.0
16,120,Real Orange Juice 1,16|120,1740.0,0.0,0.0,1019.0,0.0,1019.0,0.0,29.0,0.0,598.0,750.0,392.0
16,121,Homestyle Veg Mayo Sandwich,16|121,0.0,0.0,0.0,0.0,0.0,0.0,0.0,0.0,0.0,0.0,0.0,0.0
16,124,Sprite Rs 20,16|124,1540.0,0.0,0.0,106.0,0.0,106.0,0.0,0.0,0.0,56.0,1434.0,50.0
16,1241, Lays Indian Magic Masala Rs 20,16|1241,0.0,0.0,0.0,174.0,0.0,174.0,1.0,16.0,9.0,119.0,-157.0,29.0
16,1242, Lays Cream & Onion Rs 20,16|1242,0.0,0.0,0.0,0.0,0.0,0.0,0.0,0.0,0.0,0.0,0.0,0.0
16,1243,RedBull Rs 125,16|1243,0.0,0.0,5.0,1.0,0.0,1.0,0.0,4.0,0.0,2.0,3.0,0.0
16,125,Fanta Pet 250ml Rs 20,16|125,980.0,0.0,0.0,562.0,0.0,562.0,0.0,14.0,0.0,265.0,432.0,283.0
16,126,Coke Regular Pet 250ml Rs 20,16|126,3108.0,0.0,0.0,4741.0,0.0,4741.0,67.0,146.0,0.0,4178.0,-1420.0,350.0
16,12640,Trubeing Roasted Peanuts Plain Salted,16|12640,15120.0,0.0,0.0,10018.0,18.0,10036.0,12.0,407.0,0.0,8044.0,5503.0,1573.0
16,12644,Trubeing Roasted Makhana Himalayan Pink Salt,16|12644,600.0,0.0,0.0,613.0,0.0,613.0,0.0,103.0,0.0,466.0,90.0,44.0
16,12716,Klaw Masala Madness Sticks,16|12716,4184.0,0.0,0.0,2286.0,0.0,2286.0,2.0,93.0,0.0,1819.0,1993.0,372.0
16,130,Choco Chips Cookies,16|130,0.0,59.0,3.0,0.0,0.0,0.0,0.0,0.0,0.0,0.0,59.0,3.0
16,1301,Maggi Cuppa Noodles Masala ,16|1301,0.0,32.0,2.0,0.0,0.0,0.0,0.0,0.0,0.0,0.0,32.0,2.0
16,1302,Born Reborn Oats & Jowar Garlic Zen Rs 30,16|1302,0.0,1.0,0.0,0.0,0.0,0.0,0.0,0.0,0.0,0.0,1.0,0.0
16,1315, Britannia Treat Jim Jam Rs 10,16|1315,600.0,0.0,0.0,3190.0,14.0,3204.0,0.0,348.0,28.0,2758.0,-2256.0,70.0
16,1338, Karikari Salt Pepper Rs 50,16|1338,0.0,0.0,0.0,95.0,0.0,95.0,0.0,23.0,0.0,61.0,-72.0,11.0
16,1343,NIDZ Dark Excellence Chocolate Rs 80,16|1343,0.0,0.0,0.0,0.0,0.0,0.0,0.0,0.0,0.0,0.0,0.0,0.0
16,1344,NIDZ Dark Milk Roasted Cashew Chocolate Rs 60,16|1344,0.0,0.0,0.0,0.0,0.0,0.0,0.0,0.0,0.0,0.0,0.0,0.0
16,1383,Nestle Kitkat Rs 10,16|1383,0.0,0.0,0.0,20.0,0.0,20.0,0.0,0.0,0.0,30.0,-20.0,-10.0
16,139,Nestle Classic Chocolate ,16|139,18696.0,548.0,29.0,18249.0,2.0,18251.0,0.0,803.0,8.0,16946.0,1796.0,523.0
16,140,Cadbury Dairy Milk Rs 20,16|140,0.0,695.0,37.0,4019.0,0.0,4019.0,11.0,5.0,0.0,3398.0,-3308.0,642.0
16,141,Crispy Veggie Cutlet ,16|141,0.0,0.0,0.0,8.0,0.0,8.0,0.0,4.0,4.0,0.0,-4.0,0.0
16,1482,Parle Agro Appy Fizz ,16|1482,3600.0,0.0,5.0,4522.0,21.0,4543.0,0.0,225.0,25.0,4286.0,-718.0,12.0
16,1494,Britannia Treat Croissant Vanilla Rs15,16|1494,3456.0,826.0,43.0,4425.0,28.0,4453.0,1.0,278.0,36.0,4458.0,108.0,-277.0
16,1504,Yoga Bar Chocolate Chunk Nut Rs 40,16|1504,0.0,6.0,0.0,0.0,0.0,0.0,0.0,0.0,0.0,0.0,6.0,0.0
16,1606,BRB Popped Potato Chips Pasta Cheese ,16|1606,7200.0,285.0,15.0,8493.0,4.0,8497.0,1.0,1024.0,26.0,7469.0,13.0,-8.0
16,1608,Makino Nacho Chips Jalapeno ,16|1608,15000.0,2326.0,122.0,16959.0,25.0,16984.0,10.0,985.0,54.0,16174.0,1337.0,-117.0
16,1627,Yoga Bar Breakfast Protein Blueberry Pie,16|1627,0.0,3.0,0.0,0.0,0.0,0.0,0.0,0.0,0.0,0.0,3.0,0.0
16,1636,Kurkure Solid Masti Rs 20,16|1636,640.0,0.0,0.0,0.0,0.0,0.0,0.0,0.0,0.0,0.0,640.0,0.0
16,1668,7up Rs20,16|1668,0.0,0.0,0.0,280.0,0.0,280.0,0.0,0.0,0.0,261.0,-280.0,19.0
16,172,Cadbury Fruit and Nut ,16|172,0.0,0.0,0.0,0.0,0.0,0.0,0.0,0.0,0.0,0.0,0.0,0.0
16,1759,Frooti ,16|1759,0.0,0.0,0.0,303.0,0.0,303.0,3.0,1.0,12.0,277.0,-299.0,10.0
16,177,Minute Maid Pulpy Orange,16|177,0.0,0.0,0.0,0.0,0.0,0.0,0.0,0.0,0.0,0.0,0.0,0.0
16,185,Thums UP CHARGED Rs 20,16|185,0.0,0.0,0.0,1404.0,0.0,1404.0,15.0,37.0,0.0,1288.0,-1352.0,64.0
16,1883,Parle Cakes Vanilla (Contains Egg) Rs 30,16|1883,0.0,0.0,0.0,5.0,0.0,5.0,0.0,0.0,5.0,0.0,-5.0,0.0
16,1930,Britannia  Good Day Chocochip Cookies Rs 30,16|1930,0.0,0.0,0.0,10.0,0.0,10.0,0.0,1.0,7.0,2.0,-9.0,0.0
16,1931,Britannia Jim Jam ,16|1931,0.0,0.0,0.0,12.0,0.0,12.0,0.0,1.0,0.0,11.0,-11.0,0.0
16,1972,Storia Coconut Water Rs 35,16|1972,0.0,2.0,0.0,0.0,0.0,0.0,0.0,0.0,0.0,0.0,2.0,0.0
16,2008,Parle Cakes Vanilla Contains Eggs Rs 40,16|2008,0.0,0.0,0.0,12.0,0.0,12.0,0.0,11.0,0.0,1.0,-1.0,0.0
16,2027,Sunfeast Dark Fantasy Chocolate Shake Rs35,16|2027,0.0,3.0,0.0,0.0,0.0,0.0,0.0,0.0,0.0,0.0,3.0,0.0
16,2087,Maggi Masala Single Pack Rs14,16|2087,0.0,15.0,0.0,0.0,0.0,0.0,0.0,0.0,0.0,0.0,15.0,0.0
16,2090,Bingo Tedhe Medhe Masala Tadka Rs 15,16|2090,0.0,374.0,19.0,0.0,0.0,0.0,0.0,0.0,0.0,0.0,374.0,19.0
16,2106,Winkies Fruit Cake with Raisin and Tutti Frutti ,16|2106,0.0,0.0,0.0,0.0,0.0,0.0,0.0,0.0,0.0,0.0,0.0,0.0
16,2173,Coke Diet Can Rs 40,16|2173,0.0,0.0,0.0,31.0,0.0,31.0,0.0,21.0,0.0,10.0,-10.0,0.0
16,2183,Kit Kat ,16|2183,0.0,0.0,0.0,278.0,0.0,278.0,2.0,25.0,3.0,250.0,-251.0,-2.0
16,2276,Snicker Rs 45,16|2276,0.0,0.0,0.0,169.0,0.0,169.0,0.0,2.0,0.0,157.0,-167.0,10.0
16,2412,Nescafe Chilled Latte Rs 45,16|2412,0.0,0.0,0.0,0.0,0.0,0.0,0.0,0.0,0.0,0.0,0.0,0.0
16,2430,Sting Energy ,16|2430,0.0,0.0,0.0,0.0,0.0,0.0,0.0,0.0,0.0,0.0,0.0,0.0
16,252,Thumps Up Can,16|252,0.0,0.0,0.0,118.0,0.0,118.0,0.0,8.0,4.0,109.0,-110.0,-3.0
16,2550,Max Protein Desi Masala Rs45,16|2550,0.0,0.0,0.0,0.0,0.0,0.0,0.0,0.0,0.0,0.0,0.0,0.0
16,2584,Paper Boat Chocolate Milkshake Rs35,16|2584,0.0,2.0,0.0,0.0,0.0,0.0,0.0,0.0,0.0,0.0,2.0,0.0
16,2604,Nidz Dark Roasted Cashew Chocolate Rs 70,16|2604,0.0,0.0,0.0,0.0,0.0,0.0,0.0,0.0,0.0,0.0,0.0,0.0
16,2696,Masala Peanut ,16|2696,38880.0,0.0,0.0,32128.0,0.0,32128.0,20.0,521.0,17.0,30163.0,7293.0,1407.0
16,2706,Pepper Sev Rs 10,16|2706,0.0,0.0,0.0,905.0,0.0,905.0,1.0,32.0,0.0,828.0,-872.0,44.0
16,2760,Puzzles Khatta Meetha Rs10,16|2760,0.0,1703.0,92.0,0.0,0.0,0.0,0.0,0.0,0.0,0.0,1703.0,92.0
16,2769,Amul Kool Badam Milk Shake Rs 40,16|2769,0.0,0.0,0.0,90.0,0.0,90.0,0.0,1.0,0.0,85.0,-89.0,4.0
16,2818,Cadbury 5 Star Oreo Rs 35,16|2818,0.0,480.0,25.0,0.0,0.0,0.0,0.0,0.0,0.0,0.0,480.0,25.0
16,282,Too Yumm Veggie Stix Cheese & Herbs Rs 20,16|282,19704.0,894.0,50.0,20215.0,38.0,20253.0,17.0,1081.0,41.0,19248.0,1443.0,-84.0
16,290,Kurkure Masala Munch ,16|290,0.0,0.0,0.0,648.0,0.0,648.0,2.0,8.0,0.0,626.0,-638.0,12.0
16,291,Lay's American style Cream & Onion Rs 10,16|291,1440.0,0.0,0.0,1146.0,8.0,1154.0,0.0,31.0,2.0,1107.0,317.0,14.0
16,2910,Cavins Badam Milkshake Rs 60,16|2910,0.0,2.0,0.0,0.0,0.0,0.0,0.0,0.0,0.0,0.0,2.0,0.0
16,2987,Wingreen Naan chips Tez tandoori Rs 20,16|2987,0.0,134.0,7.0,0.0,0.0,0.0,0.0,0.0,0.0,0.0,134.0,7.0
16,3007,MTR Poha,16|3007,0.0,1.0,0.0,0.0,0.0,0.0,0.0,0.0,0.0,0.0,1.0,0.0
16,3083,Amul Kool Koko Chocolate Rs 35,16|3083,0.0,0.0,0.0,146.0,0.0,146.0,1.0,1.0,0.0,145.0,-144.0,-1.0
16,3092,Alo Frut Kiwi Rs 30,16|3092,7680.0,855.0,45.0,9692.0,18.0,9710.0,7.0,800.0,27.0,8480.0,-368.0,441.0
16,3096,Alo Frut Coconut Water Rs 50,16|3096,4080.0,0.0,5.0,4784.0,7.0,4791.0,5.0,245.0,55.0,4192.0,-461.0,299.0
16,3114,Alo Frut Guava Rs 30,16|3114,0.0,0.0,0.0,66.0,0.0,66.0,0.0,15.0,2.0,42.0,-51.0,7.0
16,3124,Max Protein Daily Almond Bar Rs 70,16|3124,2016.0,0.0,0.0,7470.0,0.0,7470.0,0.0,985.0,0.0,5116.0,-4469.0,1369.0
16,313,Paperboat Chikki,16|313,0.0,368.0,19.0,0.0,0.0,0.0,0.0,0.0,4.0,0.0,368.0,15.0
16,316,Minute Maid Pulpy Orange,16|316,480.0,0.0,0.0,150.0,0.0,150.0,0.0,4.0,0.0,115.0,334.0,31.0
16,318,Coke Zero,16|318,25680.0,1915.0,101.0,24874.0,14.0,24888.0,35.0,976.0,60.0,23548.0,3718.0,370.0
16,323,Piri Piri Paradise Makhana,16|323,0.0,1.0,0.0,0.0,0.0,0.0,0.0,0.0,0.0,0.0,1.0,0.0
16,331,Britannia Veg Cake Fruity Fun Rs 20,16|331,4440.0,142.0,8.0,90.0,0.0,90.0,0.0,22.0,2.0,66.0,4514.0,8.0
16,3359,Thums up Rs 60 ,16|3359,0.0,0.0,0.0,0.0,0.0,0.0,0.0,0.0,0.0,0.0,0.0,0.0
16,3392,Sprite 250ml Rs 20,16|3392,0.0,0.0,0.0,32.0,0.0,32.0,0.0,7.0,0.0,14.0,-25.0,11.0
16,3464,Cabins Rose Lassi Rs 25,16|3464,0.0,0.0,0.0,60.0,0.0,60.0,0.0,8.0,0.0,44.0,-52.0,8.0
16,3542,Taali Masala Mania Protien Puffs Rs 20,16|3542,0.0,3.0,0.0,0.0,0.0,0.0,0.0,0.0,0.0,0.0,3.0,0.0
16,3557,Winkies Chocolate Finger Cake Rs 15,16|3557,0.0,489.0,26.0,0.0,0.0,0.0,0.0,0.0,0.0,0.0,489.0,26.0
16,3665,Max Protein Daily Choco Almond Bar Rs 70,16|3665,0.0,0.0,0.0,98.0,0.0,98.0,13.0,45.0,0.0,53.0,-40.0,-13.0
16,3719,Galaxy Milk Chocolate Rs 20 ,16|3719,0.0,0.0,0.0,0.0,0.0,0.0,0.0,0.0,0.0,0.0,0.0,0.0
16,3782,Britannia Winkin Cow Rs 35,16|3782,7645.0,392.0,21.0,5915.0,6.0,5921.0,3.0,496.0,22.0,5612.0,2615.0,-191.0
16,3810,Lays Wavay Cream Onion Flavour Rs 15,16|3810,0.0,4.0,0.0,6.0,0.0,6.0,0.0,0.0,0.0,1.0,-2.0,5.0
16,3880,Max Protein Daily Choco Almond Bar Rs 175,16|3880,0.0,0.0,0.0,364.0,0.0,364.0,0.0,30.0,0.0,267.0,-334.0,67.0
16,395,Too Yum- Multigrain Chips,16|395,0.0,0.0,1.0,0.0,0.0,0.0,0.0,0.0,0.0,0.0,0.0,1.0
16,3953,Thums Up ,16|3953,0.0,0.0,0.0,226.0,0.0,226.0,1.0,26.0,0.0,178.0,-199.0,21.0
16,401,Bingo - Potato Chips Masala,16|401,0.0,302.0,16.0,0.0,0.0,0.0,0.0,0.0,0.0,0.0,302.0,16.0
16,4050,Prabhu ji Masala Muri Rs 10,16|4050,0.0,0.0,0.0,1038.0,0.0,1038.0,2.0,37.0,0.0,961.0,-999.0,38.0
16,4238,Fit And Flex Cheesy Cheese Flavour ,16|4238,0.0,531.0,28.0,524.0,0.0,524.0,0.0,255.0,3.0,406.0,262.0,-112.0
16,4283,Redbull Energy Drink ,16|4283,0.0,0.0,0.0,0.0,0.0,0.0,0.0,0.0,0.0,0.0,0.0,0.0
16,430,Haldiram's Moong Dal Rs 10 ,16|430,0.0,0.0,0.0,23879.0,0.0,23879.0,230.0,311.0,0.0,22767.0,-23338.0,571.0
16,4323,Minute Maid Pulpy Orange,16|4323,0.0,0.0,0.0,0.0,0.0,0.0,0.0,0.0,0.0,0.0,0.0,0.0
16,4330,Sting,16|4330,0.0,0.0,0.0,323.0,0.0,323.0,1.0,0.0,8.0,309.0,-322.0,5.0
16,4335,Townbus Madras Mixture,16|4335,1440.0,1438.0,81.0,34.0,0.0,34.0,0.0,30.0,0.0,10.0,2874.0,75.0
16,4404,Storia Chocolate Shake,16|4404,0.0,1.0,0.0,0.0,0.0,0.0,0.0,0.0,0.0,0.0,1.0,0.0
16,4499,Coca Cola Monster Energy,16|4499,0.0,1.0,0.0,0.0,0.0,0.0,0.0,0.0,0.0,0.0,1.0,0.0
16,4545,Snickers chocolate bar Rs 50,16|4545,0.0,1.0,0.0,261.0,5.0,266.0,2.0,67.0,2.0,278.0,-196.0,-83.0
16,46,Paper Boat Coconut Water,16|46,0.0,183.0,10.0,0.0,0.0,0.0,0.0,0.0,0.0,0.0,183.0,10.0
16,4674,Winkies Chocolate Cake,16|4674,0.0,506.0,27.0,0.0,0.0,0.0,0.0,0.0,0.0,0.0,506.0,27.0
16,478,Kit Kat Rs 25,16|478,25200.0,1399.0,74.0,25784.0,32.0,25816.0,10.0,927.0,12.0,25171.0,1720.0,-230.0
16,4819,Luvit Loca Rs 10,16|4819,0.0,1.0,0.0,0.0,0.0,0.0,0.0,0.0,0.0,0.0,1.0,0.0
16,484,Aloo Masala Sandwich,16|484,0.0,0.0,0.0,0.0,0.0,0.0,0.0,0.0,0.0,0.0,0.0,0.0
16,4846,Ritebite Spanish Tomato Rs 20,16|4846,0.0,2.0,0.0,0.0,0.0,0.0,0.0,0.0,0.0,0.0,2.0,0.0
16,4851,Kerala Banana Chips Desi Masala Rs 20,16|4851,0.0,15.0,0.0,0.0,0.0,0.0,0.0,0.0,0.0,0.0,15.0,0.0
16,4904,Coco Cola Rs 70,16|4904,0.0,0.0,0.0,0.0,0.0,0.0,0.0,0.0,0.0,0.0,0.0,0.0
16,4927,Mirinda Rs 60,16|4927,0.0,0.0,0.0,0.0,0.0,0.0,0.0,0.0,0.0,0.0,0.0,0.0
16,493,Test Product,16|493,0.0,0.0,0.0,1189.0,1.0,1190.0,0.0,1061.0,0.0,233.0,-129.0,-104.0
16,4941,Sprite Can ,16|4941,0.0,0.0,0.0,21.0,0.0,21.0,0.0,12.0,0.0,9.0,-9.0,0.0
16,4945,Choco Almond Sports Bar Rs 75,16|4945,0.0,0.0,0.0,0.0,0.0,0.0,0.0,0.0,0.0,0.0,0.0,0.0
16,4968,Cracker Bee Fruit And Nut Rs 30,16|4968,0.0,1.0,0.0,0.0,0.0,0.0,0.0,0.0,0.0,0.0,1.0,0.0
16,5007,Kurkure Lehar Mast Masala Rs 15,16|5007,0.0,0.0,0.0,0.0,0.0,0.0,0.0,0.0,0.0,0.0,0.0,0.0
16,5097,Kari Kari Chilli Garlic Rs 20,16|5097,7120.0,760.0,40.0,6265.0,26.0,6291.0,15.0,1535.0,329.0,4191.0,3139.0,261.0
16,5103,Hersheys Milk Shake Vanilla Ice Cream Flavored Rs 40,16|5103,0.0,2.0,0.0,0.0,0.0,0.0,0.0,0.0,0.0,0.0,2.0,0.0
16,5165,Masala Diet Chidwa spicy Special Rs 20,16|5165,0.0,0.0,0.0,234.0,0.0,234.0,3.0,10.0,0.0,230.0,-221.0,-9.0
16,5272,Nutrezy Almond Cranberry Crunchy Bar,16|5272,1000.0,0.0,0.0,1074.0,0.0,1074.0,0.0,117.0,0.0,424.0,43.0,533.0
16,5283,4700BC 100 Corn Chips Salt And Truffle Rs 20,16|5283,2512.0,0.0,0.0,2682.0,5.0,2687.0,9.0,246.0,26.0,2348.0,80.0,58.0
16,535,Kinley Water Bottle ,16|535,600.0,0.0,0.0,17.0,0.0,17.0,0.0,0.0,0.0,17.0,583.0,0.0
16,5351,Puzzles Aloo Bhujia Rs 10,16|5351,1584.0,635.0,34.0,3016.0,6.0,3022.0,0.0,683.0,29.0,2726.0,-120.0,-382.0
16,5367,Almond Brittle Coffee Rs 40,16|5367,0.0,0.0,4.0,0.0,0.0,0.0,0.0,0.0,0.0,0.0,0.0,4.0
16,541,Too Yumm Karare Munchy Masala Rs 20,16|541,0.0,0.0,0.0,139.0,0.0,139.0,4.0,29.0,18.0,95.0,-106.0,-7.0
16,5419,Mcvities Butter Cookies ,16|5419,12096.0,0.0,0.0,1994.0,0.0,1994.0,0.0,546.0,0.0,1387.0,10648.0,61.0
16,542,Limca 250ml Pet Rs 20,16|542,0.0,0.0,0.0,1116.0,0.0,1116.0,20.0,18.0,0.0,1053.0,-1078.0,25.0
16,5453,Nestle KitKat ,16|5453,0.0,0.0,0.0,50.0,0.0,50.0,0.0,0.0,0.0,40.0,-50.0,10.0
16,5485,Bonn Choco Chip Cookies Rs 10,16|5485,0.0,0.0,0.0,0.0,0.0,0.0,0.0,0.0,0.0,0.0,0.0,0.0
16,5493,Dates Bites Sachet Rs 35,16|5493,900.0,0.0,0.0,0.0,0.0,0.0,0.0,0.0,0.0,0.0,900.0,0.0
16,5494,Farmley Roasted Makhana Cream And Onion Rs 30,16|5494,7640.0,828.0,43.0,8456.0,8.0,8464.0,1.0,333.0,3.0,7874.0,338.0,296.0
16,5495,Farmley Peri Peri Roasted Makhana ,16|5495,0.0,0.0,0.0,84.0,0.0,84.0,2.0,17.0,0.0,69.0,-65.0,-4.0
16,5557,Max Protein Choco Almond Bar Rs 75,16|5557,10080.0,0.0,0.0,4417.0,39.0,4456.0,0.0,1126.0,0.0,3175.0,6750.0,155.0
16,5580,Diamond Cream And Onion Chips Rs 20,16|5580,0.0,0.0,0.0,166.0,0.0,166.0,0.0,18.0,0.0,136.0,-148.0,12.0
16,5642,Godrej Jersey Badam Milk Rs 40,16|5642,0.0,1.0,0.0,0.0,0.0,0.0,0.0,0.0,0.0,0.0,1.0,0.0
16,575,Frooti Rs 10,16|575,0.0,0.0,0.0,754.0,0.0,754.0,2.0,2.0,0.0,674.0,-750.0,76.0
16,5813,Storia Coconut Water Rs 50,16|5813,0.0,2.0,0.0,0.0,0.0,0.0,0.0,0.0,0.0,0.0,2.0,0.0
16,5879,Townbus Bombay Mixture,16|5879,1680.0,0.0,0.0,49.0,0.0,49.0,0.0,29.0,0.0,14.0,1660.0,6.0
16,59,Tropicana Juice,16|59,0.0,0.0,0.0,391.0,0.0,391.0,0.0,2.0,0.0,382.0,-389.0,7.0
16,6033,Snickers Butterscotch ,16|6033,16464.0,706.0,37.0,14516.0,5.0,14521.0,13.0,998.0,0.0,12943.0,3660.0,604.0
16,61,Paper Boat Lychee Ras Rs 20,16|61,0.0,571.0,30.0,0.0,0.0,0.0,0.0,0.0,0.0,0.0,571.0,30.0
16,6100,Bio Ninja Outs Jawahar,16|6100,0.0,26.0,0.0,0.0,0.0,0.0,0.0,0.0,0.0,0.0,26.0,0.0
16,633,Max Protein-Spanish Tomato Rs 20,16|633,0.0,0.0,0.0,0.0,0.0,0.0,0.0,0.0,0.0,0.0,0.0,0.0
16,6480,Tong Garden Onion & Garlic Coated peanut 20 gm Rs 10,16|6480,0.0,197.0,10.0,0.0,0.0,0.0,0.0,0.0,0.0,0.0,197.0,10.0
16,6482,Tong Garden Onion & Garlic Small Green Peas ,16|6482,0.0,47.0,2.0,0.0,0.0,0.0,0.0,0.0,0.0,0.0,47.0,2.0
16,6488,The Whole Truth Badam Chocolate ,16|6488,0.0,2.0,0.0,0.0,0.0,0.0,0.0,0.0,0.0,0.0,2.0,0.0
16,6556,Milky Mist Spiced Butter Milk Rs 20,16|6556,0.0,1.0,0.0,0.0,0.0,0.0,0.0,0.0,0.0,0.0,1.0,0.0
16,663,Britannia Veg Cake Chocolate Rs 20,16|663,2400.0,131.0,7.0,5755.0,11.0,5766.0,0.0,247.0,21.0,5418.0,-2988.0,87.0
16,678,Britannia Bourbon-Rs 10,16|678,14984.0,702.0,37.0,26333.0,22.0,26355.0,41.0,705.0,75.0,24749.0,-9923.0,822.0
16,6866,Bindu Fizz Jeera Masala ,16|6866,0.0,0.0,0.0,446.0,0.0,446.0,0.0,3.0,0.0,387.0,-443.0,56.0
16,6881,Paperboat Himalayan Pink Salt Rs 70,16|6881,0.0,0.0,0.0,0.0,0.0,0.0,0.0,0.0,0.0,0.0,0.0,0.0
16,690,Amul Lassi Rs 15,16|690,0.0,0.0,0.0,1759.0,0.0,1759.0,1.0,2.0,0.0,1646.0,-1756.0,110.0
16,691,Britannia Chocolate Shake Rs 30 ,16|691,1980.0,261.0,11.0,2178.0,8.0,2186.0,0.0,190.0,18.0,2129.0,245.0,-140.0
16,693,Snickers,16|693,0.0,525.0,28.0,0.0,0.0,0.0,0.0,1.0,0.0,18.0,526.0,9.0
16,694,Frooti ,16|694,0.0,0.0,0.0,303.0,0.0,303.0,0.0,20.0,15.0,231.0,-283.0,37.0
16,7088,Dates Bites Sachet Rs 40,16|7088,18048.0,355.0,18.0,19759.0,12.0,19771.0,9.0,2195.0,82.0,16580.0,836.0,923.0
16,7112,Cheese & Herbs Corn Chips Rs 20,16|7112,10200.0,0.0,0.0,6095.0,0.0,6095.0,6.0,583.0,30.0,5273.0,4694.0,203.0
16,7214,The Theatre Project Popcorn Cheddar Cheese Rs 20,16|7214,0.0,395.0,21.0,0.0,0.0,0.0,0.0,0.0,0.0,0.0,395.0,21.0
16,73,Cavin's Lassi,16|73,11610.0,119.0,6.0,9196.0,0.0,9196.0,9.0,404.0,3.0,7668.0,2946.0,1118.0
16,745,Paper Boat Coconut Water pack of 16 Rs.640,16|745,0.0,0.0,0.0,18.0,0.0,18.0,0.0,19.0,0.0,17.0,1.0,-18.0
16,7482,Farmley Masala Munchies ,16|7482,0.0,165.0,9.0,0.0,0.0,0.0,0.0,0.0,0.0,0.0,165.0,9.0
16,7483,Farmley Achaari Munchies Rs 20,16|7483,0.0,0.0,0.0,19.0,0.0,19.0,0.0,1.0,4.0,14.0,-18.0,0.0
16,764,Amul Milk Chocolate Rs 25,16|764,0.0,0.0,0.0,267.0,0.0,267.0,0.0,1.0,2.0,255.0,-266.0,9.0
16,766,Amul Rose Lassi Rs 20 ,16|766,0.0,0.0,0.0,3868.0,0.0,3868.0,9.0,43.0,0.0,3546.0,-3816.0,270.0
16,769,Cadbury Dairy Milk Rs.10,16|769,0.0,0.0,0.0,729.0,0.0,729.0,1.0,2.0,0.0,707.0,-726.0,19.0
16,7696,Sprite Can ,16|7696,0.0,0.0,0.0,76.0,0.0,76.0,0.0,4.0,5.0,58.0,-72.0,9.0
16,7719,Nestle Caramel Chocolate Coated Wafer Rs 70,16|7719,0.0,0.0,0.0,0.0,0.0,0.0,0.0,0.0,0.0,0.0,0.0,0.0
16,7758,Britannia Vanilla Drinks ,16|7758,0.0,0.0,0.0,38.0,0.0,38.0,0.0,24.0,0.0,14.0,-14.0,0.0
16,7759,Alo Frut Kiwi Alovera Rs 30,16|7759,0.0,0.0,0.0,39.0,0.0,39.0,0.0,32.0,0.0,7.0,-7.0,0.0
16,7786,Taali Sriracha Spice Rs 40,16|7786,0.0,191.0,10.0,0.0,0.0,0.0,0.0,0.0,0.0,0.0,191.0,10.0
16,7790,3 Sisters Indie Sodas Jeera Masala Rs 80,16|7790,0.0,0.0,0.0,169.0,0.0,169.0,0.0,208.0,1.0,89.0,39.0,-129.0
16,7792,Solh Cold Coffee Mocha Rs 50,16|7792,0.0,150.0,8.0,0.0,0.0,0.0,0.0,0.0,0.0,0.0,150.0,8.0
16,80,Cavin's Spiced ButterMilk,16|80,11940.0,245.0,10.0,10955.0,7.0,10962.0,10.0,504.0,17.0,9501.0,1737.0,940.0
16,815,Britannia Good Day Chocochip Cookies ,16|815,0.0,0.0,0.0,73.0,0.0,73.0,0.0,25.0,8.0,38.0,-48.0,2.0
16,82,Paper Boat Alphonso Aam Rs 25,16|82,0.0,224.0,12.0,0.0,0.0,0.0,0.0,0.0,0.0,0.0,224.0,12.0
16,8207,Mulberry Zingals Chocolate Slice Cake ,16|8207,6720.0,0.0,0.0,6208.0,3.0,6211.0,14.0,304.0,273.0,5413.0,827.0,207.0
16,822,Britannia Good Day Cashew ,16|822,3720.0,0.0,0.0,5311.0,0.0,5311.0,14.0,340.0,14.0,4482.0,-1237.0,461.0
16,8279,Lotus Thandai Badam Milk ,16|8279,1800.0,560.0,29.0,2872.0,16.0,2888.0,1.0,540.0,294.0,2578.0,13.0,-496.0
16,8282,Adishtu Strawberry Energy Bar Rs 75,16|8282,0.0,122.0,6.0,0.0,0.0,0.0,0.0,0.0,0.0,0.0,122.0,6.0
16,8287,Wonderland Foods Almond Roasted & Salted,16|8287,3600.0,483.0,25.0,4944.0,32.0,4976.0,3.0,907.0,23.0,4136.0,17.0,-68.0
16,831,Too Yumm Veggie Stix  Sour Cream & Onion ,16|831,0.0,0.0,0.0,74.0,0.0,74.0,0.0,17.0,16.0,40.0,-57.0,1.0
16,8521,Jameson Ginger Ale Rs 100,16|8521,1920.0,0.0,0.0,1814.0,6.0,1820.0,0.0,445.0,211.0,717.0,545.0,447.0
16,8551,Ladies Pad ,16|8551,1500.0,1296.0,68.0,0.0,0.0,0.0,0.0,0.0,0.0,0.0,2796.0,68.0
16,8596,Alo Frut Coconut Water ,16|8596,0.0,0.0,0.0,91.0,0.0,91.0,0.0,14.0,3.0,70.0,-77.0,4.0
16,8668,Britannia Good Day Cashew Cookies ,16|8668,0.0,0.0,0.0,133.0,0.0,133.0,0.0,13.0,4.0,93.0,-120.0,23.0
16,891,RiteBite Peanut Butter,16|891,0.0,3.0,0.0,0.0,0.0,0.0,0.0,0.0,0.0,0.0,3.0,0.0
16,8921,Nidz Dark Milk Roasted Cashew Rs 75,16|8921,0.0,0.0,2.0,0.0,0.0,0.0,0.0,0.0,0.0,0.0,0.0,2.0
16,8922,Nidz Dark Roasted Cashew Rs 85,16|8922,0.0,34.0,0.0,0.0,0.0,0.0,0.0,0.0,0.0,0.0,34.0,0.0
16,8923,Nidz Dark Excellence Rs 95,16|8923,0.0,34.0,0.0,0.0,0.0,0.0,0.0,0.0,0.0,0.0,34.0,0.0
16,9083,Meow Crispy Himalayan Pink Salt Rs 30,16|9083,0.0,740.0,39.0,0.0,0.0,0.0,0.0,0.0,0.0,0.0,740.0,39.0
16,9089,Mountain Tribe Gingerade Kombucha ,16|9089,480.0,0.0,0.0,534.0,0.0,534.0,1.0,90.0,27.0,283.0,37.0,133.0
16,9191,Nuttoz Roasted Peanuts Rs 20,16|9191,0.0,493.0,27.0,29.0,0.0,29.0,0.0,66.0,0.0,41.0,530.0,-51.0
16,9308,Volls Pro Plant Protein Caramel ,16|9308,0.0,0.0,4.0,0.0,0.0,0.0,0.0,10.0,10.0,0.0,10.0,-16.0
16,935,Lays - American Style Cream and Onion ,16|935,16110.0,118.0,6.0,13587.0,19.0,13606.0,6.0,481.0,43.0,13063.0,3109.0,19.0
16,94,Maaza Tetrapack Rs 10,16|94,0.0,0.0,0.0,292.0,0.0,292.0,0.0,5.0,0.0,285.0,-287.0,2.0
16,9409,Bhikharam Chandmal Moong Dal Rs 20,16|9409,0.0,0.0,0.0,334.0,0.0,334.0,4.0,22.0,0.0,342.0,-308.0,-34.0
16,95,Parle Appy Rs 10,16|95,0.0,0.0,0.0,1515.0,0.0,1515.0,6.0,22.0,1.0,1461.0,-1487.0,25.0
16,9624,BRB Shortcuts Classic Wafer Bites Rs 50,16|9624,0.0,0.0,0.0,194.0,0.0,194.0,0.0,19.0,0.0,172.0,-175.0,3.0
16,9652,BRB Shortcuts Classic Wafer Bites ,16|9652,0.0,0.0,0.0,19.0,0.0,19.0,0.0,17.0,0.0,2.0,-2.0,0.0
16,9825,Nuttoz Roasted Cashew Rs 25,16|9825,0.0,0.0,0.0,534.0,0.0,534.0,1.0,222.0,15.0,526.0,-311.0,-230.0
16,984,Appy 200ml Rs 15,16|984,21210.0,329.0,17.0,21796.0,20.0,21816.0,49.0,1059.0,127.0,20343.0,831.0,255.0
16,9851,Farmley Cream & Onion Makhana Rs 50,16|9851,0.0,0.0,5.0,1278.0,9.0,1287.0,7.0,270.0,16.0,1302.0,-1010.0,-303.0
16,986,Haldiram's Chips Pudina Treat Rs 15 ,16|986,0.0,0.0,0.0,67.0,0.0,67.0,0.0,0.0,0.0,62.0,-67.0,5.0
16,9912,4700 BC Sea Salt Protein Pops ,16|9912,0.0,0.0,0.0,1505.0,0.0,1505.0,1.0,85.0,0.0,1302.0,-1419.0,117.0
16,9925,Sugar Free Diet Mocha Hazelnut Cookies ,16|9925,0.0,0.0,5.0,467.0,0.0,467.0,0.0,225.0,7.0,292.0,-242.0,-52.0
16,9994,Fit & flex Masala Protein Puffs ,16|9994,0.0,0.0,10.0,1860.0,8.0,1868.0,0.0,500.0,55.0,1673.0,-1368.0,-350.0
16,9996,Welbe Plain Murukku ,16|9996,0.0,502.0,27.0,2967.0,0.0,2967.0,0.0,572.0,31.0,3198.0,-1893.0,-807.0
17,0,Unknown/Unmapped,17|0,10700.0,0.0,0.0,5806.0,0.0,5806.0,7.0,250.0,27.0,3778.0,5151.0,1744.0
17,10109,Fabeato Salt & Pepper Cashews,17|10109,4600.0,189.0,10.0,5405.0,1.0,5406.0,0.0,1039.0,83.0,3677.0,422.0,617.0
17,10114,Nutrezy Raisin Omega & Crunch Trail Mix,17|10114,4500.0,0.0,0.0,4870.0,0.0,4870.0,1.0,711.0,0.0,3786.0,342.0,372.0
17,10115,Nutrezy Raisin Omega & Crunch Trail Mix,17|10115,0.0,0.0,0.0,42.0,0.0,42.0,0.0,0.0,0.0,25.0,-42.0,17.0
17,10133,A2B South Indian Special Mixture Rs 125,17|10133,0.0,0.0,0.0,89.0,0.0,89.0,0.0,63.0,9.0,26.0,-26.0,-9.0
17,1023,Britannia Chocolate Shake Rs 35,17|1023,0.0,1365.0,75.0,10.0,0.0,10.0,0.0,12.0,0.0,7.0,1367.0,66.0
17,10244,Onion Poha,17|10244,250.0,0.0,0.0,221.0,0.0,221.0,0.0,33.0,125.0,16.0,62.0,47.0
17,10245,Vermicelli Uppma,17|10245,247.0,0.0,0.0,254.0,0.0,254.0,0.0,48.0,130.0,29.0,41.0,47.0
17,10390,Sweet Karam Coffee Madras Mixture,17|10390,12000.0,0.0,0.0,11176.0,2.0,11178.0,8.0,501.0,29.0,10171.0,1331.0,469.0
17,1054,Cavins Strawberry Milk Shake Rs 35,17|1054,0.0,0.0,0.0,119.0,0.0,119.0,0.0,43.0,5.0,58.0,-76.0,13.0
17,10602,Fit & Flex Almond Mini Bytes ,17|10602,0.0,0.0,0.0,73.0,0.0,73.0,0.0,11.0,0.0,62.0,-62.0,0.0
17,10697,Insta Ahaar Cuppa Classic Masala Poha ,17|10697,600.0,0.0,0.0,0.0,0.0,0.0,0.0,0.0,0.0,0.0,600.0,0.0
17,10701,Insta Ahaar Masala Oats 38gms,17|10701,1200.0,0.0,0.0,395.0,0.0,395.0,0.0,194.0,10.0,182.0,999.0,9.0
17,10844,Lotus Lassi,17|10844,1344.0,0.0,0.0,1727.0,0.0,1727.0,0.0,412.0,48.0,1263.0,29.0,4.0
17,10845,Lotus Masala Chaach,17|10845,2088.0,0.0,0.0,2452.0,0.0,2452.0,0.0,444.0,52.0,1924.0,80.0,32.0
17,10857,Swizzle Desi Lemonade ,17|10857,3360.0,0.0,0.0,1928.0,0.0,1928.0,1.0,178.0,0.0,937.0,1611.0,812.0
17,11008,Reload Orange Rush Drink ,17|11008,6560.0,0.0,0.0,7817.0,2.0,7819.0,5.0,560.0,23.0,6662.0,-694.0,569.0
17,11152,Ella Foods Ready To Eat Poha 65g,17|11152,1680.0,0.0,0.0,582.0,4.0,586.0,0.0,104.0,15.0,246.0,1198.0,221.0
17,11154,Ella Foods Salted Almonds,17|11154,1800.0,0.0,0.0,1837.0,0.0,1837.0,6.0,347.0,74.0,904.0,316.0,506.0
17,11158,Ella Foods Chilli Lime Cashew ,17|11158,0.0,0.0,0.0,32.0,0.0,32.0,0.0,8.0,6.0,10.0,-24.0,8.0
17,11171,Superyou Multigrain Super Masala Chips 40,17|11171,4464.0,0.0,0.0,3307.0,0.0,3307.0,2.0,278.0,48.0,2824.0,1437.0,155.0
17,11173,SuperYou Cheese & Tomato Multigrain Chips,17|11173,0.0,0.0,0.0,7.0,0.0,7.0,0.0,5.0,0.0,2.0,-2.0,0.0
17,1120,Fanta Can ,17|1120,0.0,112.0,6.0,0.0,0.0,0.0,0.0,0.0,0.0,0.0,112.0,6.0
17,11251,Bru Cold Coffee 200 ML,17|11251,4728.0,0.0,0.0,4089.0,0.0,4089.0,4.0,284.0,15.0,3244.0,927.0,542.0
17,11252,Boost Ready To Drink 180 ML,17|11252,9208.0,0.0,0.0,9204.0,7.0,9211.0,10.0,527.0,38.0,7867.0,534.0,769.0
17,11274,Millet Bank Chilli Chataka Stix,17|11274,8430.0,0.0,0.0,7811.0,3.0,7814.0,7.0,272.0,4.0,7219.0,895.0,312.0
17,11295,Himalayan Salt Caramel Popcorn,17|11295,0.0,0.0,0.0,108.0,0.0,108.0,0.0,14.0,0.0,58.0,-94.0,36.0
17,11388,Lets Try Aloo Bhujia ,17|11388,14700.0,0.0,0.0,14361.0,2.0,14363.0,31.0,868.0,55.0,13525.0,1236.0,-116.0
17,11391,Lets Try Navratan Tadka ,17|11391,0.0,0.0,0.0,84.0,0.0,84.0,0.0,17.0,4.0,78.0,-67.0,-15.0
17,11392,Lets Try Kettle Peanut Party Mix ,17|11392,0.0,0.0,0.0,45.0,0.0,45.0,0.0,20.0,0.0,25.0,-25.0,0.0
17,1143,Nestle Kit Kat,17|1143,0.0,299.0,16.0,155.0,0.0,155.0,0.0,24.0,0.0,131.0,168.0,16.0
17,115,Coke Diet Can Rs 35,17|115,0.0,0.0,0.0,202.0,0.0,202.0,0.0,8.0,34.0,138.0,-194.0,22.0
17,11613,Fabeato Korean Kimchi Banana Chips,17|11613,5900.0,0.0,0.0,5491.0,1.0,5492.0,3.0,271.0,0.0,4845.0,682.0,373.0
17,11617,Butter Popcorn Jumbo Pack,17|11617,0.0,0.0,0.0,573.0,0.0,573.0,1.0,29.0,0.0,489.0,-543.0,54.0
17,11988,Swap Aam Panna Rs 60,17|11988,1660.0,0.0,0.0,1082.0,0.0,1082.0,1.0,128.0,88.0,695.0,707.0,170.0
17,12009,Swap Nimbu Shikanji Rs 60,17|12009,0.0,0.0,0.0,8.0,0.0,8.0,0.0,1.0,6.0,1.0,-7.0,0.0
17,12013,Volls Sante Strawberry Protein Bar Rs 90,17|12013,800.0,0.0,0.0,863.0,0.0,863.0,0.0,79.0,0.0,546.0,16.0,238.0
17,1241, Lays Indian Magic Masala Rs 20,17|1241,0.0,0.0,0.0,149.0,0.0,149.0,7.0,8.0,15.0,97.0,-134.0,22.0
17,1242, Lays Cream & Onion Rs 20,17|1242,0.0,0.0,0.0,89.0,0.0,89.0,0.0,31.0,5.0,53.0,-58.0,0.0
17,12429,Madmix Jowar Bhujia Masala Masti,17|12429,6400.0,0.0,0.0,4895.0,0.0,4895.0,3.0,140.0,0.0,4359.0,1648.0,393.0
17,1243,RedBull Rs 125,17|1243,0.0,94.0,4.0,0.0,0.0,0.0,0.0,0.0,0.0,4.0,94.0,0.0
17,12452,Mcvities Digestive Cookies ,17|12452,1728.0,0.0,0.0,35.0,0.0,35.0,0.0,6.0,0.0,16.0,1699.0,13.0
17,12577,Madmix Millet Bhujia Lemon & Chilli,17|12577,0.0,0.0,0.0,70.0,0.0,70.0,0.0,0.0,0.0,38.0,-70.0,32.0
17,12579,Ocean Crispy Orange Apple Fruit Drink Rs 38,17|12579,0.0,0.0,0.0,175.0,0.0,175.0,0.0,0.0,0.0,121.0,-175.0,54.0
17,12640,Trubeing Roasted Peanuts Plain Salted,17|12640,12960.0,0.0,0.0,6974.0,0.0,6974.0,25.0,205.0,0.0,5731.0,6216.0,1013.0
17,12644,Trubeing Roasted Makhana Himalayan Pink Salt,17|12644,3390.0,0.0,0.0,752.0,0.0,752.0,0.0,61.0,0.0,576.0,2699.0,115.0
17,12650,Trubeing Soya Chips,17|12650,2160.0,0.0,0.0,1961.0,0.0,1961.0,0.0,38.0,0.0,1782.0,237.0,141.0
17,12669,Gokulam Seedless Dates ,17|12669,200.0,0.0,0.0,195.0,0.0,195.0,5.0,7.0,0.0,200.0,17.0,-17.0
17,12716,Klaw Masala Madness Sticks,17|12716,3380.0,0.0,0.0,2356.0,0.0,2356.0,2.0,62.0,0.0,2212.0,1088.0,80.0
17,130,Choco Chips Cookies,17|130,46272.0,2650.0,137.0,53529.0,24.0,53553.0,13.0,3716.0,30.0,49644.0,-902.0,287.0
17,1301,Maggi Cuppa Noodles Masala ,17|1301,2400.0,138.0,7.0,2005.0,0.0,2005.0,0.0,259.0,8.0,1811.0,792.0,-66.0
17,1302,Born Reborn Oats & Jowar Garlic Zen Rs 30,17|1302,0.0,41.0,0.0,0.0,0.0,0.0,0.0,0.0,0.0,0.0,41.0,0.0
17,13032,Farmkin Dates 250gm Rs 149,17|13032,200.0,0.0,0.0,150.0,0.0,150.0,0.0,10.0,0.0,116.0,60.0,24.0
17,1315, Britannia Treat Jim Jam Rs 10,17|1315,2280.0,10.0,9.0,2867.0,7.0,2874.0,0.0,644.0,0.0,2223.0,60.0,16.0
17,1326,Unibic Choco Chip Cookies ,17|1326,33408.0,0.0,0.0,28746.0,7.0,28753.0,133.0,1509.0,9.0,26715.0,6297.0,387.0
17,1338, Karikari Salt Pepper Rs 50,17|1338,0.0,0.0,0.0,101.0,0.0,101.0,0.0,40.0,39.0,22.0,-61.0,0.0
17,1344,NIDZ Dark Milk Roasted Cashew Chocolate Rs 60,17|1344,0.0,1.0,0.0,0.0,0.0,0.0,0.0,0.0,0.0,0.0,1.0,0.0
17,139,Nestle Classic Chocolate ,17|139,27504.0,343.0,18.0,28097.0,0.0,28097.0,17.0,1788.0,9.0,26541.0,1555.0,-240.0
17,140,Cadbury Dairy Milk Rs 20,17|140,0.0,2.0,0.0,0.0,0.0,0.0,0.0,0.0,0.0,0.0,2.0,0.0
17,1467, Snickers Fruit & Nut Rs 50,17|1467,1872.0,0.0,0.0,1983.0,0.0,1983.0,0.0,268.0,0.0,1703.0,157.0,12.0
17,1494,Britannia Treat Croissant Vanilla Rs15,17|1494,3160.0,0.0,0.0,2074.0,0.0,2074.0,4.0,14.0,0.0,2063.0,1104.0,-7.0
17,1504,Yoga Bar Chocolate Chunk Nut Rs 40,17|1504,0.0,0.0,0.0,0.0,0.0,0.0,0.0,0.0,0.0,0.0,0.0,0.0
17,1606,BRB Popped Potato Chips Pasta Cheese ,17|1606,11232.0,1137.0,60.0,12689.0,13.0,12702.0,9.0,926.0,14.0,11650.0,602.0,163.0
17,1608,Makino Nacho Chips Jalapeno ,17|1608,7080.0,993.0,53.0,8363.0,7.0,8370.0,5.0,672.0,21.0,7889.0,380.0,-164.0
17,1627,Yoga Bar Breakfast Protein Blueberry Pie,17|1627,0.0,0.0,0.0,0.0,0.0,0.0,0.0,0.0,0.0,0.0,0.0,0.0
17,1629,MTR Vegetable Upma Rs65,17|1629,0.0,0.0,0.0,10.0,0.0,10.0,0.0,10.0,0.0,0.0,0.0,0.0
17,1636,Kurkure Solid Masti Rs 20,17|1636,16470.0,0.0,0.0,16423.0,0.0,16423.0,11.0,385.0,11.0,16018.0,443.0,-2.0
17,1725,Happy Bar Sport Protein Rs60,17|1725,0.0,0.0,0.0,0.0,0.0,0.0,0.0,0.0,0.0,0.0,0.0,0.0
17,1738,Maggi Cuppa NDLS Masala Rs 55,17|1738,0.0,0.0,0.0,491.0,0.0,491.0,0.0,48.0,0.0,419.0,-443.0,24.0
17,1767,Little hearts 75gm,17|1767,0.0,0.0,0.0,0.0,0.0,0.0,0.0,0.0,0.0,0.0,0.0,0.0
17,18,Red Bull Rs 115,17|18,0.0,0.0,0.0,0.0,0.0,0.0,0.0,0.0,0.0,0.0,0.0,0.0
17,1883,Parle Cakes Vanilla (Contains Egg) Rs 30,17|1883,0.0,41.0,0.0,0.0,0.0,0.0,0.0,0.0,0.0,0.0,41.0,0.0
17,1930,Britannia  Good Day Chocochip Cookies Rs 30,17|1930,0.0,0.0,0.0,110.0,0.0,110.0,0.0,8.0,0.0,98.0,-102.0,4.0
17,196,Cadbury Dairy Milk Rs 40,17|196,0.0,9.0,0.0,0.0,0.0,0.0,0.0,0.0,0.0,0.0,9.0,0.0
17,2005,Cavins Badam Milkshake 180 ml Rs 50,17|2005,0.0,0.0,0.0,38.0,0.0,38.0,0.0,38.0,0.0,0.0,0.0,0.0
17,2087,Maggi Masala Single Pack Rs14,17|2087,0.0,1.0,0.0,0.0,0.0,0.0,0.0,0.0,0.0,0.0,1.0,0.0
17,2090,Bingo Tedhe Medhe Masala Tadka Rs 15,17|2090,0.0,0.0,0.0,0.0,0.0,0.0,0.0,0.0,0.0,0.0,0.0,0.0
17,2091,Maggi Masala Cuppa Noodles ,17|2091,0.0,0.0,0.0,63.0,0.0,63.0,0.0,5.0,3.0,46.0,-58.0,9.0
17,2106,Winkies Fruit Cake with Raisin and Tutti Frutti ,17|2106,0.0,0.0,0.0,0.0,0.0,0.0,0.0,0.0,0.0,0.0,0.0,0.0
17,2173,Coke Diet Can Rs 40,17|2173,0.0,0.0,0.0,95.0,0.0,95.0,0.0,81.0,0.0,8.0,-14.0,6.0
17,2216,Frussh Mango Orange Juice Rs 40,17|2216,0.0,0.0,0.0,0.0,0.0,0.0,0.0,0.0,0.0,0.0,0.0,0.0
17,2276,Snicker Rs 45,17|2276,0.0,0.0,0.0,189.0,0.0,189.0,0.0,32.0,5.0,115.0,-157.0,37.0
17,2330,Bikano Bikaneri Bhujia ,17|2330,0.0,0.0,0.0,20.0,0.0,20.0,0.0,10.0,0.0,10.0,-10.0,0.0
17,2384,TWT ENERGY BAR Almond Choco Fudge,17|2384,0.0,0.0,0.0,0.0,0.0,0.0,0.0,0.0,0.0,0.0,0.0,0.0
17,2430,Sting Energy ,17|2430,0.0,0.0,0.0,0.0,0.0,0.0,0.0,0.0,0.0,0.0,0.0,0.0
17,2456,Unibic Choco Chip Cookies Rs 40,17|2456,0.0,0.0,0.0,130.0,0.0,130.0,0.0,86.0,0.0,44.0,-44.0,0.0
17,2501,ThumsUp Can Rs 60,17|2501,0.0,0.0,0.0,76.0,0.0,76.0,0.0,13.0,0.0,46.0,-63.0,17.0
17,252,Thumps Up Can,17|252,10512.0,349.0,18.0,11754.0,5.0,11759.0,8.0,644.0,45.0,10987.0,-246.0,93.0
17,2550,Max Protein Desi Masala Rs45,17|2550,0.0,0.0,1.0,0.0,0.0,0.0,0.0,0.0,0.0,0.0,0.0,1.0
17,2600,Elevate Granola Apple & Cinnamon Rs 60,17|2600,0.0,0.0,0.0,0.0,0.0,0.0,0.0,0.0,0.0,0.0,0.0,0.0
17,2604,Nidz Dark Roasted Cashew Chocolate Rs 70,17|2604,0.0,0.0,0.0,0.0,0.0,0.0,0.0,0.0,0.0,0.0,0.0,0.0
17,261,McVitie's Digestive Biscuits,17|261,2592.0,0.0,0.0,2862.0,0.0,2862.0,4.0,114.0,0.0,2491.0,-152.0,253.0
17,2693,Mothers Poha Rs 60,17|2693,0.0,0.0,0.0,8.0,0.0,8.0,0.0,8.0,0.0,0.0,0.0,0.0
17,2696,Masala Peanut ,17|2696,50400.0,2229.0,118.0,49742.0,17.0,49759.0,83.0,1184.0,5.0,48726.0,4137.0,-121.0
17,2698,Madras Mixture,17|2698,16416.0,3783.0,205.0,16132.0,7.0,16139.0,6.0,761.0,1.0,14891.0,4827.0,685.0
17,2706,Pepper Sev Rs 10,17|2706,0.0,0.0,0.0,287.0,0.0,287.0,0.0,32.0,3.0,248.0,-255.0,4.0
17,2713,Britannia Milk Bikis,17|2713,16920.0,0.0,0.0,16378.0,9.0,16387.0,45.0,757.0,4.0,15668.0,1335.0,-87.0
17,2760,Puzzles Khatta Meetha Rs10,17|2760,0.0,233.0,12.0,0.0,0.0,0.0,0.0,0.0,0.0,0.0,233.0,12.0
17,282,Too Yumm Veggie Stix Cheese & Herbs Rs 20,17|282,38290.0,714.0,42.0,38017.0,27.0,38044.0,17.0,1635.0,32.0,36592.0,2612.0,-190.0
17,2910,Cavins Badam Milkshake Rs 60,17|2910,0.0,2.0,0.0,0.0,0.0,0.0,0.0,0.0,0.0,0.0,2.0,0.0
17,2987,Wingreen Naan chips Tez tandoori Rs 20,17|2987,0.0,27.0,1.0,0.0,0.0,0.0,0.0,0.0,0.0,0.0,27.0,1.0
17,2997,7up lemon Rs 35,17|2997,0.0,0.0,1.0,0.0,0.0,0.0,0.0,0.0,0.0,0.0,0.0,1.0
17,3007,MTR Poha,17|3007,0.0,0.0,0.0,0.0,0.0,0.0,0.0,0.0,0.0,0.0,0.0,0.0
17,3065,Sirimiri Crushed Peanut Chikki Rs 15,17|3065,0.0,0.0,0.0,0.0,0.0,0.0,0.0,0.0,0.0,0.0,0.0,0.0
17,3092,Alo Frut Kiwi Rs 30,17|3092,13920.0,882.0,46.0,17513.0,5.0,17518.0,12.0,1447.0,36.0,16210.0,-1257.0,-141.0
17,3114,Alo Frut Guava Rs 30,17|3114,0.0,0.0,0.0,138.0,0.0,138.0,0.0,26.0,0.0,100.0,-112.0,12.0
17,313,Paperboat Chikki,17|313,0.0,617.0,33.0,0.0,0.0,0.0,0.0,0.0,0.0,0.0,617.0,33.0
17,316,Minute Maid Pulpy Orange,17|316,900.0,233.0,12.0,1545.0,0.0,1545.0,0.0,166.0,0.0,1517.0,-246.0,-126.0
17,318,Coke Zero,17|318,20472.0,704.0,38.0,23158.0,17.0,23175.0,17.0,1201.0,174.0,22017.0,-781.0,-196.0
17,320,Unibic Choco Hazelnut Cookies Rs 10,17|320,0.0,195.0,7.0,8.0,0.0,8.0,0.0,8.0,0.0,0.0,195.0,7.0
17,323,Piri Piri Paradise Makhana,17|323,0.0,80.0,4.0,0.0,0.0,0.0,0.0,0.0,0.0,0.0,80.0,4.0
17,3244,Snickers Kesar Pista Rs 60,17|3244,0.0,0.0,0.0,0.0,0.0,0.0,0.0,0.0,0.0,0.0,0.0,0.0
17,331,Britannia Veg Cake Fruity Fun Rs 20,17|331,39450.0,3357.0,179.0,36605.0,8.0,36613.0,75.0,1584.0,14.0,35270.0,7853.0,-151.0
17,3407,  Unibic Fruit & Nut Cookies  Rs 20,17|3407,0.0,0.0,0.0,307.0,0.0,307.0,0.0,19.0,3.0,229.0,-288.0,56.0
17,3464,Cabins Rose Lassi Rs 25,17|3464,0.0,0.0,0.0,87.0,0.0,87.0,0.0,11.0,12.0,55.0,-76.0,9.0
17,3486,Kurkure Masala Munch Rs 20,17|3486,0.0,0.0,0.0,89.0,0.0,89.0,0.0,3.0,0.0,86.0,-86.0,0.0
17,3665,Max Protein Daily Choco Almond Bar Rs 70,17|3665,0.0,1.0,0.0,13.0,0.0,13.0,0.0,5.0,0.0,8.0,-7.0,0.0
17,3668,Yoga Bar 20g Protein Almond Fudge Rs 125,17|3668,0.0,0.0,0.0,0.0,0.0,0.0,0.0,0.0,0.0,0.0,0.0,0.0
17,3914,Ritebite Max Protein Almond Apricot Bar,17|3914,0.0,0.0,0.0,0.0,0.0,0.0,0.0,0.0,0.0,0.0,0.0,0.0
17,395,Too Yum- Multigrain Chips,17|395,0.0,0.0,0.0,0.0,0.0,0.0,0.0,0.0,0.0,0.0,0.0,0.0
17,401,Bingo - Potato Chips Masala,17|401,0.0,2109.0,111.0,522.0,0.0,522.0,0.0,20.0,3.0,493.0,1607.0,117.0
17,4238,Fit And Flex Cheesy Cheese Flavour ,17|4238,0.0,593.0,33.0,280.0,0.0,280.0,0.0,302.0,0.0,309.0,615.0,-298.0
17,4242,Max Protein Daily Bar Choco Almond,17|4242,0.0,1.0,0.0,3338.0,20.0,3358.0,3.0,315.0,0.0,2631.0,-3039.0,409.0
17,430,Haldiram's Moong Dal Rs 10 ,17|430,0.0,0.0,0.0,0.0,0.0,0.0,0.0,0.0,0.0,0.0,0.0,0.0
17,4410,Just Original Cold Coffee,17|4410,0.0,0.0,0.0,0.0,0.0,0.0,0.0,0.0,0.0,0.0,0.0,0.0
17,4507, Dole Juice Pineapple Orange Banana Rs 60,17|4507,0.0,0.0,0.0,0.0,0.0,0.0,0.0,0.0,0.0,0.0,0.0,0.0
17,4538,Rewynd Peanuts Chikki,17|4538,0.0,162.0,9.0,0.0,0.0,0.0,0.0,0.0,0.0,0.0,162.0,9.0
17,4545,Snickers chocolate bar Rs 50,17|4545,0.0,113.0,6.0,63.0,0.0,63.0,0.0,60.0,0.0,3.0,110.0,6.0
17,4582,Kurkure,17|4582,0.0,0.0,0.0,35.0,0.0,35.0,0.0,9.0,0.0,26.0,-26.0,0.0
17,46,Paper Boat Coconut Water,17|46,0.0,19.0,1.0,0.0,0.0,0.0,0.0,0.0,0.0,0.0,19.0,1.0
17,4638,Paper Boat Dry Fruit Chikki Rs 30,17|4638,0.0,0.0,0.0,53.0,0.0,53.0,0.0,3.0,0.0,50.0,-50.0,0.0
17,4674,Winkies Chocolate Cake,17|4674,0.0,1712.0,91.0,0.0,0.0,0.0,0.0,0.0,0.0,0.0,1712.0,91.0
17,478,Kit Kat Rs 25,17|478,6048.0,0.0,0.0,4349.0,0.0,4349.0,16.0,102.0,0.0,3915.0,1817.0,316.0
17,4781,Complan Milk Protein Rs 120,17|4781,0.0,0.0,1.0,0.0,0.0,0.0,0.0,0.0,0.0,0.0,0.0,1.0
17,4784,Lion Desert King Dates Rs 124,17|4784,0.0,135.0,7.0,0.0,0.0,0.0,0.0,0.0,0.0,0.0,135.0,7.0
17,4785,Lion Qyno Dates Rs 95,17|4785,0.0,4.0,0.0,0.0,0.0,0.0,0.0,0.0,0.0,0.0,4.0,0.0
17,4799,Wonderland Raw cashew Rs 160,17|4799,0.0,0.0,0.0,1007.0,2.0,1009.0,0.0,515.0,0.0,402.0,-494.0,92.0
17,4802,Wonderland Almonds Rs 115,17|4802,0.0,0.0,0.0,1415.0,2.0,1417.0,0.0,374.0,0.0,960.0,-1043.0,83.0
17,4827,Boost 200g RS 99,17|4827,0.0,160.0,8.0,24.0,0.0,24.0,0.0,26.0,0.0,25.0,162.0,-19.0
17,4836,Too yumm veggie stick chili RS 25,17|4836,0.0,0.0,0.0,0.0,0.0,0.0,0.0,7.0,0.0,0.0,7.0,-7.0
17,4846,Ritebite Spanish Tomato Rs 20,17|4846,0.0,0.0,0.0,0.0,0.0,0.0,0.0,0.0,0.0,0.0,0.0,0.0
17,4851,Kerala Banana Chips Desi Masala Rs 20,17|4851,0.0,0.0,0.0,0.0,0.0,0.0,0.0,0.0,0.0,0.0,0.0,0.0
17,4865,Desi Popz Tangy Imly Rs 50,17|4865,0.0,0.0,0.0,0.0,0.0,0.0,0.0,0.0,0.0,0.0,0.0,0.0
17,4900,Britannia Treat Creme Wafers Strawberry Rs 50,17|4900,0.0,0.0,0.0,0.0,0.0,0.0,0.0,0.0,0.0,0.0,0.0,0.0
17,493,Test Product,17|493,0.0,0.0,0.0,2107.0,11.0,2118.0,0.0,1502.0,0.0,779.0,-616.0,-163.0
17,4934,Chana Jor Lime And Chilli Rs 10,17|4934,600.0,510.0,27.0,865.0,0.0,865.0,0.0,354.0,3.0,682.0,599.0,-147.0
17,4968,Cracker Bee Fruit And Nut Rs 30,17|4968,0.0,4.0,0.0,0.0,0.0,0.0,0.0,0.0,0.0,0.0,4.0,0.0
17,4981,Happilo Whole Cashews Rs 335,17|4981,0.0,1.0,0.0,0.0,0.0,0.0,0.0,0.0,0.0,0.0,1.0,0.0
17,5041,Horlicks Classic Rs 109,17|5041,0.0,0.0,3.0,0.0,0.0,0.0,0.0,0.0,0.0,0.0,0.0,3.0
17,5097,Kari Kari Chilli Garlic Rs 20,17|5097,7640.0,887.0,47.0,9320.0,20.0,9340.0,1.0,2125.0,531.0,7247.0,1313.0,-517.0
17,5272,Nutrezy Almond Cranberry Crunchy Bar,17|5272,4700.0,223.0,12.0,5582.0,7.0,5589.0,4.0,1252.0,9.0,3630.0,590.0,706.0
17,5273,Nutrezy Blueberry Granola Bar,17|5273,0.0,0.0,0.0,39.0,0.0,39.0,0.0,28.0,0.0,11.0,-11.0,0.0
17,5283,4700BC 100 Corn Chips Salt And Truffle Rs 20,17|5283,3680.0,0.0,0.0,4152.0,0.0,4152.0,2.0,266.0,3.0,3844.0,-204.0,37.0
17,5367,Almond Brittle Coffee Rs 40,17|5367,0.0,395.0,21.0,0.0,0.0,0.0,0.0,0.0,0.0,0.0,395.0,21.0
17,541,Too Yumm Karare Munchy Masala Rs 20,17|541,0.0,0.0,0.0,210.0,0.0,210.0,0.0,42.0,7.0,136.0,-168.0,25.0
17,5471,Foodrik Choco Nutri Bar Rs 40,17|5471,0.0,0.0,0.0,0.0,0.0,0.0,0.0,0.0,0.0,0.0,0.0,0.0
17,5493,Dates Bites Sachet Rs 35,17|5493,0.0,17.0,0.0,0.0,0.0,0.0,0.0,0.0,0.0,0.0,17.0,0.0
17,5494,Farmley Roasted Makhana Cream And Onion Rs 30,17|5494,18120.0,808.0,43.0,19242.0,3.0,19245.0,15.0,1036.0,12.0,17850.0,734.0,375.0
17,5540,Lion Arabian Dates Rs 57,17|5540,0.0,131.0,7.0,0.0,0.0,0.0,0.0,0.0,0.0,0.0,131.0,7.0
17,5556,Max Protein Chocoberry bar Rs 75,17|5556,0.0,5.0,0.0,0.0,0.0,0.0,0.0,0.0,0.0,0.0,5.0,0.0
17,5557,Max Protein Choco Almond Bar Rs 75,17|5557,6432.0,0.0,0.0,3420.0,0.0,3420.0,4.0,453.0,18.0,2788.0,3469.0,157.0
17,5574,Lion Qyno Dates ,17|5574,0.0,3.0,0.0,0.0,0.0,0.0,0.0,0.0,0.0,0.0,3.0,0.0
17,5614,A2B Mini Murukku ,17|5614,0.0,0.0,0.0,24.0,0.0,24.0,0.0,11.0,0.0,13.0,-13.0,0.0
17,5724,Horlicks Rs 5,17|5724,3600.0,1115.0,59.0,7573.0,15.0,7588.0,18.0,1312.0,0.0,6570.0,-1543.0,-253.0
17,5727,Boost Rs 5,17|5727,3600.0,1100.0,58.0,6939.0,0.0,6939.0,0.0,1053.0,0.0,6156.0,-1186.0,-212.0
17,59,Tropicana Juice,17|59,0.0,0.0,0.0,2196.0,3.0,2199.0,2.0,148.0,33.0,1879.0,-2049.0,137.0
17,5990,Ocean Crispy Apple Rs 40,17|5990,3240.0,0.0,0.0,1979.0,0.0,1979.0,2.0,38.0,0.0,1461.0,1301.0,478.0
17,6033,Snickers Butterscotch ,17|6033,13824.0,972.0,51.0,17275.0,23.0,17298.0,13.0,2547.0,7.0,15224.0,58.0,-442.0
17,6044,A2B Masala Peanut,17|6044,0.0,0.0,0.0,0.0,0.0,0.0,0.0,0.0,0.0,0.0,0.0,0.0
17,6096,Ananda Kesar Badam ,17|6096,0.0,0.0,1.0,0.0,0.0,0.0,0.0,0.0,0.0,0.0,0.0,1.0
17,61,Paper Boat Lychee Ras Rs 20,17|61,0.0,463.0,22.0,0.0,0.0,0.0,0.0,1.0,0.0,0.0,464.0,21.0
17,6480,Tong Garden Onion & Garlic Coated peanut 20 gm Rs 10,17|6480,0.0,8.0,0.0,0.0,0.0,0.0,0.0,0.0,0.0,0.0,8.0,0.0
17,6488,The Whole Truth Badam Chocolate ,17|6488,0.0,17.0,0.0,0.0,0.0,0.0,0.0,0.0,0.0,0.0,17.0,0.0
17,6625,Mom Poha With Bhujia Rs 55,17|6625,0.0,0.0,0.0,0.0,0.0,0.0,0.0,0.0,0.0,0.0,0.0,0.0
17,663,Britannia Veg Cake Chocolate Rs 20,17|663,0.0,1095.0,66.0,1249.0,0.0,1249.0,0.0,168.0,0.0,1342.0,14.0,-195.0
17,6673,Hersheys Creamy Milk Chocolate ,17|6673,0.0,0.0,0.0,0.0,0.0,0.0,0.0,0.0,0.0,0.0,0.0,0.0
17,678,Britannia Bourbon-Rs 10,17|678,1288.0,1105.0,60.0,1546.0,0.0,1546.0,0.0,207.0,0.0,1594.0,1054.0,-195.0
17,6792,A2B South Indian Seedai Rs 40,17|6792,0.0,190.0,10.0,0.0,0.0,0.0,0.0,0.0,0.0,0.0,190.0,10.0
17,691,Britannia Chocolate Shake Rs 30 ,17|691,2970.0,579.0,32.0,10715.0,15.0,10730.0,1.0,1211.0,96.0,9720.0,-5969.0,-266.0
17,693,Snickers,17|693,4032.0,2225.0,117.0,7057.0,10.0,7067.0,1.0,1664.0,7.0,6053.0,855.0,-541.0
17,694,Frooti ,17|694,0.0,40.0,2.0,0.0,0.0,0.0,0.0,0.0,0.0,0.0,40.0,2.0
17,7078,A2B Moong Dal Rs 70,17|7078,0.0,5.0,0.0,123.0,0.0,123.0,0.0,38.0,0.0,86.0,-80.0,-1.0
17,7088,Dates Bites Sachet Rs 40,17|7088,22896.0,428.0,28.0,22949.0,7.0,22956.0,26.0,2238.0,153.0,19347.0,2632.0,1220.0
17,7112,Cheese & Herbs Corn Chips Rs 20,17|7112,9168.0,0.0,0.0,6324.0,3.0,6327.0,7.0,385.0,72.0,5670.0,3233.0,193.0
17,7214,The Theatre Project Popcorn Cheddar Cheese Rs 20,17|7214,0.0,228.0,14.0,0.0,0.0,0.0,0.0,0.0,0.0,0.0,228.0,14.0
17,73,Cavin's Lassi,17|73,14490.0,474.0,26.0,15460.0,11.0,15471.0,12.0,1129.0,30.0,14295.0,634.0,31.0
17,7400,A2B Andhra Murukku Rs 80,17|7400,1224.0,0.0,0.0,196.0,0.0,196.0,0.0,118.0,6.0,93.0,1146.0,-21.0
17,7401,A2B Dal Mixture Rs 90,17|7401,0.0,113.0,9.0,881.0,0.0,881.0,0.0,255.0,44.0,689.0,-513.0,-98.0
17,7404,A2b Seedai ,17|7404,0.0,0.0,0.0,32.0,0.0,32.0,0.0,0.0,3.0,29.0,-32.0,0.0
17,7482,Farmley Masala Munchies ,17|7482,0.0,184.0,10.0,0.0,0.0,0.0,0.0,0.0,0.0,0.0,184.0,10.0
17,7483,Farmley Achaari Munchies Rs 20,17|7483,0.0,0.0,0.0,111.0,0.0,111.0,0.0,8.0,0.0,94.0,-103.0,9.0
17,7514,Mani Mark Indian Sweets Kamarkat Rs 40,17|7514,0.0,382.0,20.0,0.0,0.0,0.0,0.0,0.0,0.0,0.0,382.0,20.0
17,7515,Mani Mark Coconut Mittai Rs 60,17|7515,0.0,19.0,1.0,0.0,0.0,0.0,0.0,0.0,0.0,0.0,19.0,1.0
17,7518,Schmitten Luxury Creamy Milk Chocolate Rs 70,17|7518,0.0,3.0,0.0,0.0,0.0,0.0,0.0,0.0,0.0,0.0,3.0,0.0
17,7520,A2B Special Mixture ,17|7520,0.0,0.0,0.0,0.0,0.0,0.0,0.0,0.0,0.0,0.0,0.0,0.0
17,7715,Milky Mist Strawberry Yogurt Rs 25,17|7715,0.0,0.0,0.0,0.0,0.0,0.0,0.0,0.0,0.0,0.0,0.0,0.0
17,7716,Epigamia Strawberry Rs 35,17|7716,0.0,0.0,0.0,0.0,0.0,0.0,0.0,0.0,0.0,0.0,0.0,0.0
17,7759,Alo Frut Kiwi Alovera Rs 30,17|7759,0.0,0.0,0.0,80.0,0.0,80.0,0.0,71.0,0.0,5.0,-9.0,4.0
17,7786,Taali Sriracha Spice Rs 40,17|7786,0.0,0.0,5.0,0.0,0.0,0.0,0.0,0.0,0.0,0.0,0.0,5.0
17,7790,3 Sisters Indie Sodas Jeera Masala Rs 80,17|7790,0.0,57.0,3.0,362.0,1.0,363.0,0.0,266.0,15.0,257.0,-40.0,-172.0
17,7792,Solh Cold Coffee Mocha Rs 50,17|7792,0.0,109.0,6.0,0.0,0.0,0.0,0.0,0.0,0.0,0.0,109.0,6.0
17,7810,Cracker Bee Snap Crunch Oats Rs 40,17|7810,0.0,2.0,0.0,0.0,0.0,0.0,0.0,0.0,0.0,0.0,2.0,0.0
17,7865,Galaxy Smooth Milk Chocolate Rs 20,17|7865,0.0,0.0,0.0,18.0,0.0,18.0,0.0,18.0,0.0,0.0,0.0,0.0
17,789,Knorr - Sweet Corn Soup Veg Rs.10,17|789,0.0,7.0,0.0,0.0,0.0,0.0,0.0,0.0,0.0,0.0,7.0,0.0
17,7896,Yippee quick meals veg delight Rs 50,17|7896,0.0,13.0,4.0,0.0,0.0,0.0,0.0,0.0,0.0,2.0,13.0,2.0
17,80,Cavin's Spiced ButterMilk,17|80,16110.0,883.0,50.0,17595.0,16.0,17611.0,15.0,1724.0,83.0,16193.0,1121.0,-354.0
17,8012,Cadbury Bournville Cranberry Rs 110,17|8012,0.0,0.0,0.0,0.0,0.0,0.0,0.0,0.0,0.0,0.0,0.0,0.0
17,815,Britannia Good Day Chocochip Cookies ,17|815,3600.0,0.0,0.0,51.0,0.0,51.0,0.0,33.0,0.0,18.0,3582.0,0.0
17,82,Paper Boat Alphonso Aam Rs 25,17|82,0.0,31.0,2.0,0.0,0.0,0.0,0.0,0.0,0.0,0.0,31.0,2.0
17,8207,Mulberry Zingals Chocolate Slice Cake ,17|8207,9600.0,0.0,0.0,9866.0,0.0,9866.0,6.0,495.0,66.0,9240.0,235.0,59.0
17,8219,Horlicks Millet Biscuits Rs 10,17|8219,0.0,0.0,0.0,0.0,0.0,0.0,0.0,0.0,0.0,0.0,0.0,0.0
17,8279,Lotus Thandai Badam Milk ,17|8279,4200.0,522.0,28.0,5934.0,0.0,5934.0,0.0,874.0,65.0,5320.0,-338.0,-297.0
17,8282,Adishtu Strawberry Energy Bar Rs 75,17|8282,0.0,0.0,4.0,0.0,0.0,0.0,0.0,0.0,0.0,0.0,0.0,4.0
17,8287,Wonderland Foods Almond Roasted & Salted,17|8287,7200.0,0.0,0.0,5775.0,3.0,5778.0,2.0,843.0,34.0,3968.0,2267.0,931.0
17,8289,Wonderland Foods Pistachios Roasted & Salted Rs 40,17|8289,0.0,0.0,0.0,30.0,0.0,30.0,0.0,13.0,0.0,7.0,-17.0,10.0
17,8293,Wonderland Foods Almonds ,17|8293,1800.0,284.0,16.0,0.0,0.0,0.0,0.0,0.0,0.0,0.0,2084.0,16.0
17,8295,Wonderland Foods Roasted & Salted Pistachios ,17|8295,0.0,0.0,4.0,44.0,0.0,44.0,0.0,46.0,0.0,48.0,2.0,-46.0
17,831,Too Yumm Veggie Stix  Sour Cream & Onion ,17|831,0.0,0.0,0.0,159.0,0.0,159.0,0.0,88.0,5.0,66.0,-71.0,0.0
17,8457,7up Tin Can Rs 40,17|8457,0.0,0.0,0.0,1071.0,0.0,1071.0,3.0,78.0,1.0,932.0,-990.0,57.0
17,846,Kelloggs Chocos,17|846,0.0,0.0,0.0,8.0,0.0,8.0,0.0,8.0,0.0,0.0,0.0,0.0
17,8520,Absolut Raspberry & Lemon Mixer Rs 100,17|8520,0.0,0.0,0.0,44.0,0.0,44.0,0.0,74.0,0.0,26.0,30.0,-56.0
17,8521,Jameson Ginger Ale Rs 100,17|8521,624.0,0.0,0.0,763.0,0.0,763.0,0.0,191.0,25.0,460.0,52.0,87.0
17,8551,Ladies Pad ,17|8551,0.0,0.0,5.0,0.0,0.0,0.0,0.0,0.0,0.0,0.0,0.0,5.0
17,891,RiteBite Peanut Butter,17|891,0.0,0.0,2.0,0.0,0.0,0.0,0.0,0.0,0.0,0.0,0.0,2.0
17,8921,Nidz Dark Milk Roasted Cashew Rs 75,17|8921,0.0,0.0,0.0,0.0,0.0,0.0,0.0,0.0,0.0,0.0,0.0,0.0
17,8922,Nidz Dark Roasted Cashew Rs 85,17|8922,0.0,0.0,0.0,0.0,0.0,0.0,0.0,0.0,0.0,0.0,0.0,0.0
17,8923,Nidz Dark Excellence Rs 95,17|8923,0.0,0.0,2.0,1.0,0.0,1.0,0.0,1.0,0.0,6.0,0.0,-4.0
17,8953,Low GI Salted Loaf Rs 50,17|8953,0.0,2.0,0.0,0.0,0.0,0.0,0.0,0.0,0.0,0.0,2.0,0.0
17,907,Small Box with Lid Transparent 250ml ,17|907,0.0,0.0,0.0,0.0,0.0,0.0,0.0,0.0,0.0,0.0,0.0,0.0
17,9083,Meow Crispy Himalayan Pink Salt Rs 30,17|9083,0.0,400.0,21.0,0.0,0.0,0.0,0.0,0.0,0.0,0.0,400.0,21.0
17,9089,Mountain Tribe Gingerade Kombucha ,17|9089,840.0,0.0,0.0,965.0,0.0,965.0,2.0,139.0,0.0,499.0,16.0,325.0
17,9127,A2B Seedai Rs 45,17|9127,0.0,51.0,3.0,0.0,0.0,0.0,0.0,0.0,0.0,0.0,51.0,3.0
17,9191,Nuttoz Roasted Peanuts Rs 20,17|9191,0.0,576.0,31.0,18.0,0.0,18.0,0.0,13.0,0.0,15.0,571.0,21.0
17,929,Sprite750ml,17|929,600.0,328.0,17.0,1242.0,5.0,1247.0,0.0,166.0,0.0,1273.0,-153.0,-175.0
17,9308,Volls Pro Plant Protein Caramel ,17|9308,720.0,186.0,10.0,2167.0,0.0,2167.0,0.0,1164.0,228.0,993.0,-97.0,-208.0
17,9318,Horlicks Classic Malt Rs 114,17|9318,0.0,0.0,1.0,0.0,0.0,0.0,0.0,0.0,0.0,0.0,0.0,1.0
17,935,Lays - American Style Cream and Onion ,17|935,34320.0,0.0,0.0,29325.0,9.0,29334.0,32.0,656.0,21.0,28417.0,5674.0,208.0
17,9364,Nuttoz Coconut Chikki Rs 10,17|9364,0.0,151.0,8.0,0.0,0.0,0.0,0.0,0.0,0.0,0.0,151.0,8.0
17,9809,Manimark Sesame Burfi ,17|9809,3750.0,0.0,0.0,3369.0,0.0,3369.0,8.0,65.0,0.0,3228.0,454.0,68.0
17,9825,Nuttoz Roasted Cashew Rs 25,17|9825,0.0,205.0,11.0,195.0,0.0,195.0,0.0,252.0,10.0,163.0,262.0,-219.0
17,984,Appy 200ml Rs 15,17|984,0.0,0.0,2.0,0.0,0.0,0.0,0.0,0.0,0.0,0.0,0.0,2.0
17,9868,Horlicks Rs 99,17|9868,0.0,73.0,4.0,251.0,0.0,251.0,0.0,37.0,0.0,257.0,-141.0,-39.0
17,9878,A2B Seedai Rs 90,17|9878,0.0,0.0,0.0,18.0,0.0,18.0,0.0,18.0,0.0,0.0,0.0,0.0
17,9912,4700 BC Sea Salt Protein Pops ,17|9912,0.0,0.0,0.0,1589.0,0.0,1589.0,1.0,55.0,0.0,1481.0,-1533.0,52.0
17,9994,Fit & flex Masala Protein Puffs ,17|9994,1800.0,103.0,10.0,2262.0,0.0,2262.0,0.0,474.0,23.0,2065.0,115.0,-290.0
17,9996,Welbe Plain Murukku ,17|9996,10800.0,1279.0,68.0,15942.0,29.0,15971.0,0.0,1905.0,134.0,14789.0,-1987.0,-789.0
2,0,Unknown/Unmapped,2|0,55076.0,0.0,0.0,29572.0,0.0,29572.0,3.0,1099.0,1.0,21807.0,26606.0,6662.0
2,1,Soya Masala Snacker,2|1,0.0,0.0,0.0,0.0,0.0,0.0,0.0,0.0,0.0,0.0,0.0,0.0
2,10,Mother Dairy Chach Rs 10,2|10,0.0,0.0,0.0,0.0,0.0,0.0,0.0,0.0,0.0,0.0,0.0,0.0
2,10017,Plum Sunscreen ,2|10017,0.0,0.0,0.0,63.0,0.0,63.0,1.0,63.0,0.0,111.0,1.0,-112.0
2,10033,Mcaffeine Shimmer Body Butter with Cocoa Butter,2|10033,0.0,0.0,0.0,100.0,0.0,100.0,1.0,102.0,37.0,47.0,3.0,-87.0
2,10035,Mcaffeine Coffee & Berries Body Butter Rs 299,2|10035,184.0,0.0,0.0,214.0,0.0,214.0,0.0,71.0,8.0,154.0,41.0,-19.0
2,10037,Mcaffeine Green Tea Hydrogel,2|10037,0.0,0.0,0.0,19.0,0.0,19.0,0.0,27.0,2.0,6.0,8.0,-16.0
2,10038,Mcaffeine Moisturizing Creamy Coffee Body Scrub,2|10038,0.0,0.0,0.0,12.0,0.0,12.0,0.0,14.0,0.0,15.0,2.0,-17.0
2,10040,Mcaffeine Coffee Face Mask,2|10040,0.0,0.0,0.0,94.0,0.0,94.0,0.0,138.0,13.0,13.0,44.0,-70.0
2,10041,Mcaffeine Coffee Face Wash Rs 349,2|10041,97.0,0.0,0.0,159.0,0.0,159.0,0.0,73.0,0.0,113.0,11.0,-27.0
2,10042,Mcaffeine Green Tea Face Serum ,2|10042,33.0,0.0,0.0,87.0,0.0,87.0,0.0,104.0,0.0,9.0,50.0,-26.0
2,10043,Revolution Beauty Palette Eyeshadow ,2|10043,0.0,0.0,0.0,184.0,0.0,184.0,0.0,208.0,0.0,25.0,24.0,-49.0
2,10044,Revolution Splendour Highlighter ,2|10044,0.0,0.0,0.0,86.0,0.0,86.0,0.0,118.0,0.0,2.0,32.0,-34.0
2,10045,Revolution Sebile Matte Lipstick ,2|10045,0.0,0.0,0.0,65.0,0.0,65.0,0.0,91.0,5.0,11.0,26.0,-42.0
2,10046,Revolution Colour Duo Makeup,2|10046,32.0,0.0,0.0,55.0,0.0,55.0,0.0,67.0,0.0,28.0,44.0,-40.0
2,10047,Nicka K Nine Colour Eyeshadow ,2|10047,0.0,0.0,0.0,96.0,0.0,96.0,0.0,131.0,0.0,7.0,35.0,-42.0
2,10048,Just Herbs Lipstick Micro Mini Kit Rs 575,2|10048,167.0,0.0,0.0,351.0,0.0,351.0,1.0,319.0,160.0,51.0,136.0,-180.0
2,10049,Revolution Infinite Fixing Spray,2|10049,0.0,0.0,0.0,96.0,0.0,96.0,0.0,106.0,0.0,11.0,10.0,-21.0
2,10055,Mcaffeine Cocoa Butter Body Shimmer ,2|10055,0.0,0.0,0.0,13.0,0.0,13.0,0.0,13.0,0.0,1.0,0.0,-1.0
2,10059,Pumpkin Spice Latte Body wash,2|10059,0.0,0.0,0.0,37.0,0.0,37.0,0.0,39.0,6.0,20.0,2.0,-28.0
2,10060,Mcaffeine Coffee Body Shimmer Lotion ,2|10060,0.0,0.0,0.0,38.0,0.0,38.0,0.0,62.0,0.0,5.0,24.0,-29.0
2,101,Aloo Matar Sandwich,2|101,0.0,0.0,0.0,0.0,0.0,0.0,0.0,0.0,0.0,0.0,0.0,0.0
2,10109,Fabeato Salt & Pepper Cashews,2|10109,2000.0,158.0,8.0,2660.0,0.0,2660.0,0.0,336.0,135.0,2799.0,-166.0,-602.0
2,10114,Nutrezy Raisin Omega & Crunch Trail Mix,2|10114,1000.0,0.0,0.0,2536.0,0.0,2536.0,7.0,140.0,0.0,2267.0,-1389.0,122.0
2,10163,Lotus Cold Coffee Classic ,2|10163,0.0,0.0,0.0,23.0,0.0,23.0,0.0,2.0,0.0,13.0,-21.0,8.0
2,10173,Pilgrim French Red Vine Face Cream Rs 200,2|10173,42.0,0.0,0.0,61.0,0.0,61.0,0.0,22.0,0.0,103.0,3.0,-64.0
2,1023,Britannia Chocolate Shake Rs 35,2|1023,0.0,1.0,5.0,0.0,0.0,0.0,0.0,0.0,0.0,0.0,1.0,5.0
2,10230,Bassheads 100 Black,2|10230,100.0,0.0,0.0,143.0,0.0,143.0,0.0,68.0,0.0,61.0,25.0,14.0
2,10231,EnergyShroom PB300 Lite Carbon Black,2|10231,15.0,0.0,0.0,16.0,0.0,16.0,0.0,2.0,0.0,10.0,1.0,4.0
2,10232,Type C A320,2|10232,150.0,0.0,0.0,178.0,0.0,178.0,0.0,57.0,0.0,115.0,29.0,6.0
2,10291,Mcaffeine Latte Coffee Face Moisturizer 50ml Rs 449,2|10291,432.0,0.0,0.0,22.0,0.0,22.0,0.0,10.0,4.0,2.0,420.0,6.0
2,1032,Snickers Rs 40,2|1032,0.0,0.0,0.0,0.0,0.0,0.0,0.0,0.0,0.0,0.0,0.0,0.0
2,10321,Superyou Strawberry Wafer Bar,2|10321,13960.0,476.0,25.0,14802.0,0.0,14802.0,16.0,513.0,108.0,14071.0,163.0,119.0
2,10390,Sweet Karam Coffee Madras Mixture,2|10390,6800.0,0.0,0.0,5746.0,0.0,5746.0,1.0,613.0,11.0,4373.0,1668.0,748.0
2,10465,Birthday Cake Protein Wafer Bar Rs 165,2|10465,0.0,0.0,0.0,0.0,0.0,0.0,0.0,0.0,0.0,0.0,0.0,0.0
2,10484,Aloo Sandwich,2|10484,633.0,0.0,0.0,588.0,0.0,588.0,0.0,11.0,75.0,365.0,56.0,137.0
2,10486,Vegetable Vermicelli ,2|10486,1233.0,0.0,0.0,1128.0,0.0,1128.0,2.0,15.0,181.0,426.0,122.0,504.0
2,10488,Vegetable Sandwich ,2|10488,392.0,0.0,0.0,368.0,0.0,368.0,0.0,8.0,55.0,265.0,32.0,40.0
2,10489,Puri Bhaji,2|10489,639.0,0.0,0.0,595.0,0.0,595.0,3.0,6.0,60.0,359.0,53.0,167.0
2,10501,Veg Poha ,2|10501,0.0,0.0,0.0,30.0,0.0,30.0,0.0,8.0,8.0,7.0,-22.0,7.0
2,10539,Sugar Pop SPF Sunscreen Rs 349,2|10539,367.0,0.0,0.0,223.0,0.0,223.0,4.0,134.0,100.0,30.0,282.0,-45.0
2,1054,Cavins Strawberry Milk Shake Rs 35,2|1054,0.0,0.0,0.0,0.0,0.0,0.0,0.0,0.0,0.0,0.0,0.0,0.0
2,10540,Sugar Pop Satin Matte Lipstick ,2|10540,98.0,0.0,0.0,96.0,0.0,96.0,0.0,3.0,54.0,8.0,5.0,31.0
2,10586,Ritebite Melting Chocolate ,2|10586,0.0,0.0,0.0,17.0,0.0,17.0,0.0,10.0,0.0,7.0,-7.0,0.0
2,10603,Mens Brief Brekkie M,2|10603,145.0,0.0,0.0,22.0,0.0,22.0,0.0,15.0,0.0,1.0,138.0,6.0
2,10639,Sugar Pop Lipstick Matte Ruby ,2|10639,85.0,0.0,0.0,93.0,0.0,93.0,0.0,11.0,38.0,24.0,3.0,20.0
2,10680,TDC Salicylic Acid Gel 100 ml,2|10680,1.0,0.0,0.0,15.0,0.0,15.0,0.0,4.0,0.0,11.0,-10.0,0.0
2,10682,The Derma Co Face Serum 30 ml Rs 499,2|10682,31.0,0.0,0.0,15.0,0.0,15.0,0.0,8.0,0.0,4.0,24.0,3.0
2,10683,The Derma Co Niacinamide Serum 30ml Rs 599,2|10683,8.0,0.0,0.0,19.0,0.0,19.0,0.0,12.0,0.0,3.0,1.0,4.0
2,10685,TDC Kojic Acid Daily Serum 30ml,2|10685,16.0,0.0,0.0,116.0,0.0,116.0,0.0,75.0,0.0,30.0,-25.0,11.0
2,10688,Aqualogica Dewy Sunscreen Rs 449,2|10688,6.0,0.0,0.0,12.0,0.0,12.0,0.0,6.0,0.0,5.0,0.0,1.0
2,10689,Aqualogica Facewash 100ml Rs 249,2|10689,1.0,0.0,0.0,1.0,0.0,1.0,0.0,0.0,0.0,1.0,0.0,0.0
2,1069, Sunfeast Dark Fantasy Choco Fill Cookies Rs 10,2|1069,0.0,0.0,0.0,86.0,0.0,86.0,0.0,23.0,0.0,62.0,-63.0,1.0
2,10696,Insta Ahaar Classic Masala Poha ,2|10696,0.0,0.0,0.0,22.0,0.0,22.0,0.0,13.0,0.0,9.0,-9.0,0.0
2,10698,Insta Ahaar Cuppa Masala Oats ,2|10698,0.0,0.0,0.0,6.0,0.0,6.0,0.0,4.0,0.0,2.0,-2.0,0.0
2,10701,Insta Ahaar Masala Oats 38gms,2|10701,2016.0,0.0,0.0,2333.0,0.0,2333.0,2.0,331.0,775.0,1160.0,16.0,65.0
2,10724,Bru Cold Coffee ,2|10724,1440.0,0.0,0.0,1591.0,0.0,1591.0,1.0,99.0,36.0,1296.0,-51.0,159.0
2,10735,Cholai Laddu ,2|10735,100.0,0.0,0.0,104.0,0.0,104.0,0.0,5.0,0.0,97.0,1.0,2.0
2,10736,Yellow Banana Chips ,2|10736,230.0,0.0,0.0,229.0,0.0,229.0,0.0,0.0,0.0,225.0,1.0,4.0
2,10737,Salted Potato Chips ,2|10737,190.0,0.0,0.0,197.0,0.0,197.0,0.0,7.0,0.0,187.0,0.0,3.0
2,10766,Kutty Poori With Jeera Aloo,2|10766,62.0,0.0,0.0,59.0,0.0,59.0,0.0,0.0,16.0,28.0,3.0,15.0
2,10767,Sabudane Bade With Chutney ,2|10767,295.0,0.0,0.0,283.0,0.0,283.0,0.0,6.0,34.0,147.0,18.0,96.0
2,10844,Lotus Lassi,2|10844,2736.0,0.0,0.0,2897.0,0.0,2897.0,2.0,50.0,34.0,2671.0,-109.0,140.0
2,10845,Lotus Masala Chaach,2|10845,3936.0,0.0,0.0,4206.0,0.0,4206.0,5.0,96.0,38.0,3993.0,-169.0,74.0
2,10856,Jimmys Classic Lime Lemonade,2|10856,5520.0,0.0,0.0,5758.0,0.0,5758.0,2.0,246.0,13.0,5060.0,10.0,437.0
2,10857,Swizzle Desi Lemonade ,2|10857,4020.0,0.0,0.0,3297.0,12.0,3309.0,3.0,236.0,122.0,2364.0,950.0,584.0
2,10890,Vada Pav,2|10890,637.0,0.0,0.0,575.0,0.0,575.0,0.0,1.0,4.0,360.0,63.0,210.0
2,10892,Crispy Veg Cutlet,2|10892,269.0,0.0,0.0,249.0,0.0,249.0,1.0,0.0,2.0,125.0,21.0,121.0
2,10896,Paneer Butter Masala Wrap,2|10896,285.0,0.0,0.0,264.0,0.0,264.0,1.0,1.0,4.0,178.0,23.0,80.0
2,10897,Tangy And Spicy Mixed Sauce Pasta,2|10897,323.0,0.0,0.0,296.0,0.0,296.0,0.0,3.0,4.0,218.0,30.0,71.0
2,109,Real Mixed Fruit Juice Rs 20,2|109,6000.0,2029.0,109.0,1718.0,0.0,1718.0,0.0,65.0,1.0,1005.0,6376.0,756.0
2,10900,Medu wada with coconut chutney ,2|10900,0.0,0.0,0.0,1.0,0.0,1.0,0.0,0.0,1.0,0.0,-1.0,0.0
2,10902,Veg Afghani Chaap Roll,2|10902,0.0,0.0,0.0,1.0,0.0,1.0,0.0,1.0,0.0,0.0,0.0,0.0
2,10903,Soya Chaap Roll,2|10903,0.0,0.0,0.0,1.0,0.0,1.0,0.0,0.0,0.0,1.0,-1.0,0.0
2,11,Mother Dairy Sweet Lassi,2|11,0.0,1469.0,77.0,225.0,0.0,225.0,0.0,16.0,14.0,165.0,1260.0,107.0
2,11008,Reload Orange Rush Drink ,2|11008,13000.0,0.0,0.0,13842.0,0.0,13842.0,4.0,1030.0,22.0,12173.0,192.0,613.0
2,1104,Haldirams NGP Lite Chiwda Rs 10,2|1104,0.0,0.0,0.0,0.0,0.0,0.0,0.0,0.0,0.0,0.0,0.0,0.0
2,11106,Eat Better Millet Namkeen Desi Masala ,2|11106,15500.0,0.0,0.0,16026.0,0.0,16026.0,7.0,2272.0,435.0,12032.0,1753.0,1280.0
2,11146,Swap Lemon Zing ,2|11146,2400.0,0.0,0.0,2643.0,3.0,2646.0,6.0,386.0,390.0,1361.0,146.0,503.0
2,11152,Ella Foods Ready To Eat Poha 65g,2|11152,1308.0,0.0,0.0,1439.0,0.0,1439.0,0.0,110.0,99.0,1145.0,-21.0,85.0
2,11171,Superyou Multigrain Super Masala Chips 40,2|11171,20376.0,0.0,0.0,18337.0,6.0,18343.0,6.0,960.0,66.0,17032.0,2999.0,279.0
2,11178,Sweet Karam Coffee Potato Chips 30g,2|11178,13900.0,0.0,0.0,9404.0,0.0,9404.0,4.0,230.0,48.0,9008.0,4730.0,114.0
2,11180,Sweet Karam Coffee Green Chilli Potato Chips 30g,2|11180,3050.0,0.0,0.0,7835.0,0.0,7835.0,2.0,403.0,11.0,6776.0,-4380.0,643.0
2,1120,Fanta Can ,2|1120,6360.0,0.0,2.0,6164.0,3.0,6167.0,4.0,238.0,0.0,5632.0,435.0,295.0
2,11251,Bru Cold Coffee 200 ML,2|11251,6271.0,0.0,0.0,4664.0,0.0,4664.0,1.0,239.0,1.0,3493.0,1847.0,930.0
2,11252,Boost Ready To Drink 180 ML,2|11252,10980.0,0.0,0.0,10671.0,4.0,10675.0,7.0,780.0,209.0,8351.0,1092.0,1328.0
2,11274,Millet Bank Chilli Chataka Stix,2|11274,16200.0,0.0,0.0,17583.0,6.0,17589.0,2.0,1435.0,14.0,15991.0,48.0,147.0
2,11289,Yogritu Daily Boost,2|11289,1489.0,0.0,0.0,1649.0,0.0,1649.0,2.0,752.0,0.0,742.0,594.0,153.0
2,11388,Lets Try Aloo Bhujia ,2|11388,39300.0,0.0,0.0,38066.0,0.0,38066.0,14.0,1862.0,80.0,34908.0,3110.0,1202.0
2,114,Coke Regular Can Rs 35,2|114,0.0,0.0,0.0,0.0,0.0,0.0,0.0,0.0,0.0,0.0,0.0,0.0
2,11411,Heat Omatic Upma ,2|11411,200.0,0.0,0.0,93.0,3.0,96.0,0.0,25.0,0.0,38.0,129.0,33.0
2,1143,Nestle Kit Kat,2|1143,3780.0,1335.0,70.0,3798.0,0.0,3798.0,1.0,18.0,0.0,3643.0,1336.0,206.0
2,11613,Fabeato Korean Kimchi Banana Chips,2|11613,11000.0,0.0,0.0,11582.0,6.0,11588.0,0.0,677.0,7.0,10268.0,89.0,636.0
2,11617,Butter Popcorn Jumbo Pack,2|11617,6960.0,0.0,0.0,6764.0,5.0,6769.0,4.0,325.0,0.0,5903.0,520.0,537.0
2,11662,Tego Quarter Socks Black Red S TS0512 1,2|11662,111.0,0.0,0.0,205.0,0.0,205.0,0.0,200.0,0.0,5.0,106.0,0.0
2,11671,Tego Wave Body Towel Black,2|11671,15.0,0.0,0.0,30.0,0.0,30.0,0.0,30.0,0.0,0.0,15.0,0.0
2,11677,Tego Rise Bottle 800 ml Black,2|11677,15.0,0.0,0.0,30.0,0.0,30.0,0.0,30.0,0.0,0.0,15.0,0.0
2,11682,Tego Mini Loop Resistance Band Black ,2|11682,10.0,0.0,0.0,20.0,0.0,20.0,0.0,20.0,0.0,0.0,10.0,0.0
2,1170,Haldirams NGP Salted Peanut ,2|1170,0.0,5583.0,300.0,54540.0,0.0,54540.0,31.0,1263.0,5453.0,51662.0,-47663.0,-3569.0
2,11716,Cholai Laddu,2|11716,150.0,0.0,0.0,146.0,0.0,146.0,0.0,0.0,10.0,134.0,4.0,2.0
2,11717,Yellow Chips,2|11717,200.0,0.0,0.0,200.0,0.0,200.0,0.0,0.0,0.0,200.0,0.0,0.0
2,11718,Salted Potato Chips,2|11718,200.0,0.0,0.0,199.0,0.0,199.0,0.0,0.0,0.0,199.0,1.0,0.0
2,11788,Envy Luv Deodorant Women 120 ml,2|11788,70.0,0.0,0.0,101.0,0.0,101.0,0.0,40.0,0.0,31.0,9.0,30.0
2,11789,Park Avenue Strom Classic Deo 150ml,2|11789,24.0,0.0,0.0,27.0,0.0,27.0,0.0,8.0,0.0,23.0,5.0,-4.0
2,11790,The Man Company Gold Legend Deo 150ml,2|11790,24.0,0.0,0.0,36.0,0.0,36.0,0.0,18.0,0.0,11.0,6.0,7.0
2,11791,Dettol Hand Santizier 50ml,2|11791,74.0,0.0,0.0,74.0,0.0,74.0,0.0,10.0,0.0,74.0,10.0,-10.0
2,11792,Dettol Original Multiuse Skin & Surface Wipes 10U,2|11792,73.0,0.0,0.0,88.0,0.0,88.0,0.0,16.0,0.0,69.0,1.0,3.0
2,11793,Clean & Clear Face Wash 50ml,2|11793,74.0,0.0,0.0,88.0,0.0,88.0,0.0,35.0,0.0,56.0,21.0,-3.0
2,11794,Nivea All In One Face Wash 50 ml,2|11794,23.0,0.0,0.0,25.0,0.0,25.0,0.0,16.0,0.0,20.0,14.0,-11.0
2,11795,Ustraa Face Wash Dry Skin 100g,2|11795,56.0,0.0,0.0,79.0,0.0,79.0,0.0,28.0,0.0,9.0,5.0,42.0
2,11796,Ustraa Power Face Wash Energize Detan 100g,2|11796,67.0,0.0,0.0,86.0,0.0,86.0,1.0,27.0,0.0,29.0,9.0,29.0
2,11797,Fem Gold Bleach 8g,2|11797,30.0,0.0,0.0,35.0,0.0,35.0,0.0,12.0,0.0,20.0,7.0,3.0
2,11798,Lotus Herbals White Glow Scrub 150ml,2|11798,45.0,0.0,0.0,65.0,0.0,65.0,0.0,27.0,0.0,8.0,7.0,30.0
2,11799,Boroplus Antiseptic Cream 10ml,2|11799,24.0,0.0,0.0,24.0,0.0,24.0,0.0,0.0,0.0,24.0,0.0,0.0
2,11800,Mankind Gasofast Lemon 5g Pack of 6,2|11800,75.0,0.0,0.0,100.0,0.0,100.0,0.0,42.0,0.0,41.0,17.0,17.0
2,11801,Tulips White Cotton Balls Zip 50U,2|11801,24.0,0.0,0.0,34.0,0.0,34.0,0.0,17.0,0.0,19.0,7.0,-2.0
2,11802,Double Side Foam Tape ,2|11802,64.0,0.0,0.0,104.0,0.0,104.0,0.0,87.0,0.0,2.0,47.0,15.0
2,11803,Vaseline Petroleum Jelly 40g,2|11803,24.0,0.0,0.0,24.0,0.0,24.0,0.0,2.0,0.0,23.0,2.0,-1.0
2,11881,Chole Bhature,2|11881,61.0,0.0,0.0,47.0,0.0,47.0,0.0,0.0,0.0,4.0,14.0,43.0
2,11883,Adilqadri Shanaya Attar Arabic French Blend Non Alcoholic Roll on Fragrance,2|11883,515.0,0.0,0.0,582.0,0.0,582.0,0.0,495.0,0.0,55.0,428.0,32.0
2,11904,Atovio Pebble Moonglight Black,2|11904,310.0,0.0,0.0,166.0,0.0,166.0,0.0,36.0,0.0,126.0,180.0,4.0
2,11908,Clear Water Bottle ,2|11908,6288.0,0.0,0.0,7690.0,0.0,7690.0,3.0,254.0,0.0,7305.0,-1145.0,128.0
2,11909,Atovio Breathex Nasal Strip Black Pack Of 10,2|11909,160.0,0.0,0.0,80.0,0.0,80.0,0.0,41.0,0.0,57.0,121.0,-18.0
2,11910,Atovio Breathex Nasal Strip Black Pack Of 20,2|11910,80.0,0.0,0.0,40.0,0.0,40.0,0.0,4.0,0.0,36.0,44.0,0.0
2,11911,Atovio Breathex Nasal Strip Black Pack Of 30,2|11911,160.0,0.0,0.0,88.0,0.0,88.0,0.0,87.0,0.0,13.0,159.0,-12.0
2,11915,Atovio Nova N99 Mask Black,2|11915,1010.0,0.0,0.0,670.0,0.0,670.0,1.0,459.0,0.0,287.0,800.0,-77.0
2,11988,Swap Aam Panna Rs 60,2|11988,2880.0,0.0,0.0,3211.0,0.0,3211.0,7.0,241.0,124.0,2286.0,-83.0,553.0
2,11996,Mother Dairy Mango Milkshake Rs 28,2|11996,0.0,0.0,0.0,11.0,0.0,11.0,0.0,0.0,1.0,9.0,-11.0,1.0
2,120,Real Orange Juice 1,2|120,2850.0,0.0,0.0,5972.0,8.0,5980.0,0.0,242.0,0.0,5145.0,-2888.0,593.0
2,12013,Volls Sante Strawberry Protein Bar Rs 90,2|12013,2800.0,0.0,0.0,2476.0,0.0,2476.0,3.0,1074.0,0.0,1358.0,1401.0,41.0
2,12057,Design All Purpose Ankle Socks Grey Pack of 3,2|12057,312.0,0.0,0.0,204.0,0.0,204.0,0.0,173.0,0.0,33.0,281.0,-2.0
2,12060,Sports Running Ankle Socks Classic Pack of 2,2|12060,208.0,0.0,0.0,119.0,0.0,119.0,0.0,106.0,0.0,11.0,195.0,2.0
2,12079,Himalaya Purifying Neem Face Wash 50 Ml,2|12079,50.0,0.0,0.0,71.0,0.0,71.0,1.0,60.0,0.0,32.0,40.0,-22.0
2,12082,Bombay Shaving Company Sensi Stud Razor Pack of 1,2|12082,22.0,0.0,0.0,29.0,0.0,29.0,0.0,18.0,0.0,18.0,11.0,-7.0
2,12083,Bombay Shaving Company Sensitive Shaving Foam,2|12083,10.0,0.0,0.0,12.0,0.0,12.0,0.0,3.0,0.0,1.0,1.0,8.0
2,12086,Compostable Garbage Bag 19x21 15U(M),2|12086,40.0,0.0,0.0,61.0,0.0,61.0,0.0,26.0,0.0,0.0,5.0,35.0
2,12088,"7396 Jockey Ankle Length Socks, White x 1",2|12088,0.0,0.0,0.0,3.0,0.0,3.0,0.0,0.0,0.0,0.0,-3.0,3.0
2,1209,Priniti Foods Spicy Masti Potato Chips Rs 10,2|1209,0.0,0.0,0.0,0.0,0.0,0.0,0.0,0.0,0.0,0.0,0.0,0.0
2,121,Homestyle Veg Mayo Sandwich,2|121,0.0,0.0,0.0,0.0,0.0,0.0,0.0,0.0,0.0,0.0,0.0,0.0
2,12141,"7036 Jockey Ankle Length Socks, White x 1",2|12141,16.0,0.0,0.0,13.0,0.0,13.0,0.0,0.0,0.0,3.0,3.0,10.0
2,12142,"7030 Jockey Crew Length Socks, White x 1",2|12142,64.0,0.0,0.0,45.0,0.0,45.0,0.0,2.0,0.0,23.0,21.0,20.0
2,12148,"7097 Jockey Low Show Socks, Assorted x 1",2|12148,6.0,0.0,0.0,3.0,0.0,3.0,0.0,0.0,0.0,2.0,3.0,1.0
2,12150,"7016 Jockey USA Org Crew Socks, Assorted x 1",2|12150,50.0,0.0,0.0,31.0,0.0,31.0,0.0,0.0,0.0,18.0,19.0,13.0
2,12151," 7106 Jockey Men's Printed Socks, Assorted x 1",2|12151,9.0,0.0,0.0,0.0,0.0,0.0,0.0,0.0,0.0,0.0,9.0,0.0
2,12152," 7487 Jockey Toe Socks, Grey x 2",2|12152,5.0,0.0,0.0,0.0,0.0,0.0,0.0,0.0,0.0,0.0,5.0,0.0
2,12153," 7487 Jockey Toe Socks, Skin x 2",2|12153,26.0,0.0,0.0,12.0,0.0,12.0,0.0,3.0,0.0,3.0,17.0,6.0
2,12213,"MC09 Jockey Classic Brief, Assorted M x 1",2|12213,10.0,0.0,0.0,10.0,0.0,10.0,0.0,0.0,0.0,4.0,0.0,6.0
2,12214,"MC09 Jockey Classic Brief, Assorted L x1",2|12214,5.0,0.0,0.0,5.0,0.0,5.0,0.0,0.0,0.0,1.0,0.0,4.0
2,12215,"MC08 Jockey Classic Trunk, Assorted XL x 1",2|12215,3.0,0.0,0.0,3.0,0.0,3.0,0.0,1.0,0.0,1.0,1.0,1.0
2,12217,"US52 Jockey US Series Brief, Assorted, M x 2",2|12217,7.0,0.0,0.0,11.0,0.0,11.0,0.0,7.0,0.0,0.0,3.0,4.0
2,12218,"8820 Jockey Classic Vest, White, XL x 2",2|12218,0.0,0.0,0.0,16.0,0.0,16.0,0.0,4.0,0.0,3.0,-12.0,9.0
2,12219,"8820 Jockey Classic Vest, White, M x 2",2|12219,4.0,0.0,0.0,4.0,0.0,4.0,0.0,1.0,0.0,3.0,1.0,0.0
2,12223,"1005 Jockey Elance Brief, Assorted,  S x 2",2|12223,0.0,0.0,0.0,3.0,0.0,3.0,0.0,3.0,0.0,0.0,0.0,0.0
2,12225,"8009 Jockey Elance Brief, Assorted,  L x 2",2|12225,31.0,0.0,0.0,31.0,0.0,31.0,0.0,9.0,0.0,17.0,9.0,5.0
2,12226,"8008 Jockey Classic Trunk, Assorted, S x 1",2|12226,19.0,0.0,0.0,44.0,0.0,44.0,0.0,9.0,0.0,14.0,-16.0,21.0
2,12228,"8008 Jockey Classic Trunk, Assorted, S x 2",2|12228,79.0,0.0,0.0,51.0,0.0,51.0,0.0,14.0,0.0,4.0,42.0,33.0
2,12229,"8008 Jockey Classic Trunk, Assorted, S x 2",2|12229,13.0,0.0,0.0,16.0,0.0,16.0,0.0,8.0,0.0,4.0,5.0,4.0
2,12230,"8008 Jockey Classic Trunk, Assorted, S x 2",2|12230,19.0,0.0,0.0,6.0,0.0,6.0,0.0,0.0,0.0,1.0,13.0,5.0
2,12231,"8008 Jockey Classic Trunk, Assorted, M x 2",2|12231,48.0,0.0,0.0,45.0,0.0,45.0,0.0,8.0,0.0,13.0,11.0,24.0
2,12237,"8009 Jockey Elance Brief, Assorted, XL x 2",2|12237,9.0,0.0,0.0,9.0,0.0,9.0,0.0,0.0,0.0,5.0,0.0,4.0
2,12240,"1011 Jockey Elance Brief, Assorted, S x 2",2|12240,20.0,0.0,0.0,21.0,0.0,21.0,0.0,0.0,0.0,1.0,-1.0,20.0
2,12243,"1009 Jockey Elance Brief, White, XXL x 2",2|12243,19.0,0.0,0.0,38.0,0.0,38.0,0.0,12.0,0.0,17.0,-7.0,9.0
2,12244,"1009 Jockey Elance Brief, White, XL x 2",2|12244,2.0,0.0,0.0,2.0,0.0,2.0,0.0,0.0,0.0,0.0,0.0,2.0
2,12246,"1009 Jockey Elance Brief, White, L x 2",2|12246,0.0,0.0,0.0,12.0,0.0,12.0,0.0,0.0,0.0,3.0,-12.0,9.0
2,12254,"8035 Jockey Classic Brief, Assorted, M x 3",2|12254,30.0,0.0,0.0,19.0,0.0,19.0,0.0,1.0,0.0,2.0,12.0,16.0
2,12255,"8035 Jockey Classic Brief, White, L x 3",2|12255,3.0,0.0,0.0,2.0,0.0,2.0,0.0,0.0,0.0,1.0,1.0,1.0
2,12259,"8035 Jockey Classic Brief, Assorted, S x 3",2|12259,19.0,0.0,0.0,6.0,0.0,6.0,0.0,4.0,0.0,1.0,17.0,1.0
2,12262,"8035 Jockey Classic Brief, White, XXL x 3",2|12262,10.0,0.0,0.0,0.0,0.0,0.0,0.0,0.0,0.0,0.0,10.0,0.0
2,12267,"8817 Jockey Sleeved Vest, White, L x 3",2|12267,33.0,0.0,0.0,21.0,0.0,21.0,0.0,8.0,0.0,4.0,20.0,9.0
2,12289,"1242 Jockey WF Xover Bra, Assorted, 34C x 1",2|12289,35.0,0.0,0.0,37.0,0.0,37.0,0.0,6.0,0.0,5.0,4.0,26.0
2,12300,"1529 Jockey Cycling Shorts , Assorted, M x 1",2|12300,3.0,0.0,0.0,2.0,0.0,2.0,0.0,0.0,0.0,0.0,1.0,2.0
2,12311,"1723 Jockey WF padded Bra, White, 32B x 1",2|12311,30.0,0.0,0.0,2.0,0.0,2.0,0.0,0.0,0.0,0.0,28.0,2.0
2,12336,"SH08 Jockey Shpwear Shorts, Assorted, L x 1",2|12336,13.0,0.0,0.0,0.0,0.0,0.0,0.0,0.0,0.0,0.0,13.0,0.0
2,12338,"SH08 Jockey Shpwear Shorts, Assorted, XL x 1",2|12338,7.0,0.0,0.0,4.0,0.0,4.0,0.0,2.0,0.0,0.0,5.0,2.0
2,12339,"SH04 Jockey Shpwear Shorts, Assorted, M x 1",2|12339,0.0,0.0,0.0,5.0,0.0,5.0,0.0,0.0,0.0,0.0,-5.0,5.0
2,12342,"SH02 Jockey Shpwear Shorts, Assorted, S x 1",2|12342,3.0,0.0,0.0,7.0,0.0,7.0,0.0,4.0,0.0,0.0,0.0,3.0
2,12344,"SH02 Jockey Shpwear Shorts, Assorted, XL x 1",2|12344,0.0,0.0,0.0,3.0,0.0,3.0,0.0,2.0,0.0,0.0,-1.0,1.0
2,12345,"ES13X Jockey WF Bra, Assorted, 36DD x 1",2|12345,8.0,0.0,0.0,8.0,0.0,8.0,0.0,0.0,0.0,0.0,0.0,8.0
2,12347,"ES13X Jockey WF Bra, Assorted, 38D x 1",2|12347,2.0,0.0,0.0,2.0,0.0,2.0,0.0,0.0,0.0,0.0,0.0,2.0
2,12350,"ES13X Jockey WF Bra, Assorted, 40B x 1",2|12350,3.0,0.0,0.0,3.0,0.0,3.0,0.0,0.0,0.0,0.0,0.0,3.0
2,12364,"1406P Jockey Panties, Assorted, XL x 3",2|12364,8.0,0.0,0.0,4.0,0.0,4.0,0.0,1.0,0.0,2.0,5.0,1.0
2,12367,"1406P Jockey Panties, Assorted, XXL x 3",2|12367,0.0,0.0,0.0,5.0,0.0,5.0,0.0,0.0,0.0,0.0,-5.0,5.0
2,124,Sprite Rs 20,2|124,0.0,0.0,0.0,0.0,0.0,0.0,0.0,0.0,0.0,4.0,0.0,-4.0
2,12429,Madmix Jowar Bhujia Masala Masti,2|12429,7000.0,0.0,0.0,5534.0,6.0,5540.0,1.0,392.0,0.0,4364.0,1853.0,783.0
2,1243,RedBull Rs 125,2|1243,1200.0,216.0,11.0,555.0,3.0,558.0,0.0,36.0,0.0,371.0,894.0,162.0
2,12437,Lynk Peri Peri Makhana ,2|12437,2500.0,0.0,0.0,2258.0,0.0,2258.0,0.0,472.0,0.0,1352.0,714.0,434.0
2,12452,Mcvities Digestive Cookies ,2|12452,2496.0,0.0,0.0,2405.0,6.0,2411.0,1.0,289.0,0.0,1683.0,375.0,438.0
2,12592,Makeup Revolution Glow Splendour Highlighter,2|12592,113.0,0.0,0.0,24.0,0.0,24.0,0.0,4.0,0.0,4.0,93.0,16.0
2,12630,Nicka K Nine Color Eyeshadow Palette - Birthday Cake ( Full Size ),2|12630,28.0,0.0,0.0,20.0,0.0,20.0,0.0,4.0,0.0,0.0,12.0,16.0
2,12637,Premium Pack of 2,2|12637,352.0,0.0,0.0,20.0,0.0,20.0,0.0,0.0,0.0,0.0,332.0,20.0
2,12640,Trubeing Roasted Peanuts Plain Salted,2|12640,14400.0,0.0,0.0,9769.0,36.0,9805.0,5.0,362.0,0.0,6894.0,4962.0,2544.0
2,12644,Trubeing Roasted Makhana Himalayan Pink Salt,2|12644,9450.0,0.0,0.0,2105.0,0.0,2105.0,0.0,110.0,0.0,1621.0,7455.0,374.0
2,12650,Trubeing Soya Chips,2|12650,4500.0,0.0,0.0,4524.0,0.0,4524.0,0.0,37.0,1.0,4284.0,13.0,202.0
2,1270,Haldiram's Khatta Meetha Rs 30,2|1270,0.0,0.0,0.0,0.0,0.0,0.0,0.0,0.0,0.0,12.0,0.0,-12.0
2,12715,Badiyanath Choco Nuts Protein Bar ,2|12715,3440.0,0.0,0.0,2700.0,10.0,2710.0,0.0,135.0,0.0,1242.0,865.0,1333.0
2,12716,Klaw Masala Madness Sticks,2|12716,9296.0,0.0,0.0,6036.0,6.0,6042.0,1.0,436.0,0.0,4621.0,3691.0,984.0
2,12788,Thryve Whey Protein Chocolate Flavour 24g,2|12788,100.0,0.0,0.0,100.0,0.0,100.0,0.0,0.0,0.0,44.0,0.0,56.0
2,12973,Acme Poshan Nutri Puffs Masala Masti 50gms,2|12973,1674.0,0.0,0.0,1602.0,0.0,1602.0,1.0,47.0,0.0,1104.0,120.0,450.0
2,12975,Acme Poshan Dates And Almonds Protein Bar ,2|12975,2040.0,0.0,0.0,2097.0,0.0,2097.0,0.0,92.0,0.0,1192.0,35.0,813.0
2,1299,Happy Bar Energy Snack Rs 40,2|1299,0.0,0.0,0.0,0.0,0.0,0.0,0.0,0.0,0.0,0.0,0.0,0.0
2,13,Cornitos Nachos - Cheese and Herbs,2|13,0.0,0.0,0.0,0.0,0.0,0.0,0.0,0.0,0.0,0.0,0.0,0.0
2,130,Choco Chips Cookies,2|130,56873.0,6447.0,340.0,58100.0,0.0,58100.0,48.0,1611.0,229.0,57703.0,6879.0,-1151.0
2,1301,Maggi Cuppa Noodles Masala ,2|1301,48.0,0.0,0.0,93.0,0.0,93.0,0.0,10.0,0.0,89.0,-35.0,-6.0
2,13018,ThumsUp Pet Bottle Rs 30,2|13018,0.0,0.0,0.0,10.0,0.0,10.0,0.0,7.0,0.0,9.0,-3.0,-6.0
2,1302,Born Reborn Oats & Jowar Garlic Zen Rs 30,2|1302,0.0,0.0,0.0,0.0,0.0,0.0,0.0,0.0,0.0,0.0,0.0,0.0
2,1315, Britannia Treat Jim Jam Rs 10,2|1315,0.0,0.0,4.0,0.0,0.0,0.0,0.0,0.0,0.0,0.0,0.0,4.0
2,132,Maggi Masala ,2|132,10560.0,365.0,19.0,10942.0,0.0,10942.0,3.0,240.0,9.0,10804.0,226.0,-95.0
2,1326,Unibic Choco Chip Cookies ,2|1326,21288.0,0.0,0.0,21370.0,6.0,21376.0,21.0,972.0,1.0,19156.0,905.0,1226.0
2,1344,NIDZ Dark Milk Roasted Cashew Chocolate Rs 60,2|1344,0.0,0.0,0.0,0.0,0.0,0.0,0.0,0.0,0.0,0.0,0.0,0.0
2,1358,Coleslaw Sandwich,2|1358,0.0,0.0,0.0,0.0,0.0,0.0,0.0,0.0,0.0,0.0,0.0,0.0
2,136,Real Guava Juice,2|136,0.0,0.0,0.0,87.0,0.0,87.0,1.0,4.0,0.0,98.0,-82.0,-16.0
2,1383,Nestle Kitkat Rs 10,2|1383,0.0,0.0,0.0,0.0,0.0,0.0,0.0,0.0,0.0,0.0,0.0,0.0
2,139,Nestle Classic Chocolate ,2|139,0.0,0.0,0.0,135.0,0.0,135.0,0.0,37.0,0.0,70.0,-98.0,28.0
2,140,Cadbury Dairy Milk Rs 20,2|140,35040.0,730.0,38.0,33528.0,20.0,33548.0,9.0,1563.0,0.0,29546.0,3794.0,2468.0
2,141,Crispy Veggie Cutlet ,2|141,300.0,127.0,7.0,276.0,0.0,276.0,0.0,9.0,29.0,190.0,160.0,55.0
2,143,Minute Maid Mixed Fruit Rs 10,2|143,0.0,0.0,0.0,0.0,0.0,0.0,0.0,0.0,0.0,0.0,0.0,0.0
2,1467, Snickers Fruit & Nut Rs 50,2|1467,0.0,0.0,0.0,0.0,0.0,0.0,0.0,0.0,0.0,0.0,0.0,0.0
2,15,Vermicelli Upma,2|15,0.0,0.0,1.0,0.0,0.0,0.0,0.0,0.0,0.0,0.0,0.0,1.0
2,1504,Yoga Bar Chocolate Chunk Nut Rs 40,2|1504,0.0,0.0,0.0,0.0,0.0,0.0,0.0,0.0,0.0,0.0,0.0,0.0
2,1531,Mighty Munch Tangy Tomato Rs 20,2|1531,0.0,0.0,0.0,0.0,0.0,0.0,0.0,0.0,0.0,0.0,0.0,0.0
2,1532,Mighty Puff Choco Ragi Rs 20,2|1532,0.0,0.0,0.0,0.0,0.0,0.0,0.0,0.0,0.0,0.0,0.0,0.0
2,1535,Mylab Covi Self COVID 19Rapid Antigen Self Test Kit ,2|1535,0.0,0.0,0.0,0.0,0.0,0.0,0.0,0.0,0.0,0.0,0.0,0.0
2,1606,BRB Popped Potato Chips Pasta Cheese ,2|1606,44272.0,4378.0,231.0,46032.0,6.0,46038.0,31.0,2247.0,5.0,43416.0,4890.0,570.0
2,1608,Makino Nacho Chips Jalapeno ,2|1608,26400.0,2025.0,107.0,30419.0,0.0,30419.0,10.0,1363.0,73.0,29902.0,-621.0,-822.0
2,1623,Cadbury Dairy Milk Chocolate Rs 50,2|1623,0.0,1317.0,69.0,0.0,0.0,0.0,0.0,5.0,0.0,2.0,1322.0,62.0
2,1627,Yoga Bar Breakfast Protein Blueberry Pie,2|1627,0.0,0.0,0.0,0.0,0.0,0.0,0.0,0.0,0.0,0.0,0.0,0.0
2,1636,Kurkure Solid Masti Rs 20,2|1636,0.0,0.0,0.0,173.0,0.0,173.0,0.0,10.0,0.0,152.0,-163.0,11.0
2,169,Minute Maid Guava Rs 20,2|169,0.0,0.0,0.0,0.0,0.0,0.0,0.0,0.0,0.0,0.0,0.0,0.0
2,17,McVities Digestive Rs 10,2|17,0.0,0.0,0.0,43.0,0.0,43.0,0.0,1.0,0.0,44.0,-42.0,-2.0
2,170,Limca Can Rs 25,2|170,1800.0,125.0,6.0,1952.0,0.0,1952.0,0.0,29.0,6.0,1833.0,2.0,90.0
2,172,Cadbury Fruit and Nut ,2|172,0.0,11.0,0.0,0.0,0.0,0.0,0.0,0.0,0.0,0.0,11.0,0.0
2,1738,Maggi Cuppa NDLS Masala Rs 55,2|1738,96.0,0.0,0.0,86.0,2.0,88.0,1.0,3.0,1.0,87.0,12.0,-4.0
2,1749,Cravova Classic Mojito Rs 50,2|1749,0.0,0.0,0.0,0.0,0.0,0.0,0.0,0.0,0.0,0.0,0.0,0.0
2,1776,Open Secret Spicy Peanut Butter Rs 40,2|1776,0.0,0.0,0.0,0.0,0.0,0.0,0.0,0.0,0.0,0.0,0.0,0.0
2,18,Red Bull Rs 115,2|18,0.0,0.0,0.0,0.0,0.0,0.0,0.0,0.0,0.0,0.0,0.0,0.0
2,185,Thums UP CHARGED Rs 20,2|185,1872.0,227.0,9.0,2070.0,0.0,2070.0,1.0,23.0,1.0,1999.0,53.0,55.0
2,1889,Brew House Apple Cinnamon Iced Tea Rs 40,2|1889,0.0,0.0,0.0,0.0,0.0,0.0,0.0,0.0,0.0,0.0,0.0,0.0
2,190,Pepsi Black,2|190,8856.0,0.0,0.0,7727.0,3.0,7730.0,2.0,225.0,1.0,7418.0,1353.0,84.0
2,1926,Amrit Foods JUST Cold Coffee Rs 120,2|1926,0.0,0.0,0.0,0.0,0.0,0.0,0.0,0.0,0.0,0.0,0.0,0.0
2,1931,Britannia Jim Jam ,2|1931,0.0,0.0,0.0,9.0,0.0,9.0,0.0,2.0,0.0,7.0,-7.0,0.0
2,1944,Cravova Peri Peri Roasted Peanuts Rs 25,2|1944,0.0,0.0,0.0,0.0,0.0,0.0,0.0,0.0,0.0,0.0,0.0,0.0
2,196,Cadbury Dairy Milk Rs 40,2|196,0.0,110.0,6.0,0.0,0.0,0.0,0.0,0.0,0.0,0.0,110.0,6.0
2,1997,Basic Air 3 Ply Mask Pack of 10 Rs 100,2|1997,0.0,0.0,0.0,0.0,0.0,0.0,0.0,0.0,0.0,1.0,0.0,-1.0
2,2003,Amul Chocolate Cookies Rs 18,2|2003,0.0,0.0,0.0,0.0,0.0,0.0,0.0,0.0,0.0,0.0,0.0,0.0
2,2005,Cavins Badam Milkshake 180 ml Rs 50,2|2005,0.0,0.0,0.0,0.0,0.0,0.0,0.0,0.0,0.0,0.0,0.0,0.0
2,2006,Saliah Dates with Lemon & Orange Peel Rs 30,2|2006,0.0,0.0,0.0,0.0,0.0,0.0,0.0,0.0,0.0,0.0,0.0,0.0
2,203,Sprite Pop Can Rs 25,2|203,14688.0,1111.0,58.0,15083.0,0.0,15083.0,13.0,183.0,20.0,14287.0,912.0,638.0
2,2038,Snackible Dipsters Cookies and Cream Dip Biscuit Sticks Rs 25,2|2038,0.0,0.0,0.0,0.0,0.0,0.0,0.0,0.0,0.0,0.0,0.0,0.0
2,204,Saffola masala oats - Tangy Chaat,2|204,0.0,0.0,0.0,0.0,0.0,0.0,0.0,0.0,0.0,0.0,0.0,0.0
2,2047,Nourish Organics Lime Chia Bar Rs 60,2|2047,0.0,0.0,0.0,0.0,0.0,0.0,0.0,0.0,0.0,0.0,0.0,0.0
2,2052,Elevate Granola Almonds and Seeds Rs 50,2|2052,0.0,100.0,5.0,0.0,0.0,0.0,0.0,4.0,0.0,0.0,104.0,1.0
2,2068,Veggie Mint Sauce Sandwich,2|2068,0.0,0.0,0.0,8.0,0.0,8.0,0.0,0.0,8.0,0.0,-8.0,0.0
2,2069,Veggie Mustard Sauce Sandwich,2|2069,0.0,0.0,0.0,0.0,0.0,0.0,0.0,0.0,0.0,0.0,0.0,0.0
2,2071,Corn Mint Sauce Sandwich,2|2071,0.0,0.0,0.0,6.0,0.0,6.0,0.0,0.0,5.0,1.0,-6.0,0.0
2,2083,UJI Natural Coconut Water 200 ml ,2|2083,0.0,0.0,0.0,0.0,0.0,0.0,0.0,0.0,0.0,0.0,0.0,0.0
2,2087,Maggi Masala Single Pack Rs14,2|2087,0.0,504.0,27.0,0.0,0.0,0.0,0.0,0.0,0.0,0.0,504.0,27.0
2,2090,Bingo Tedhe Medhe Masala Tadka Rs 15,2|2090,0.0,0.0,0.0,3.0,0.0,3.0,0.0,3.0,0.0,5.0,0.0,-5.0
2,2097,Bikaji Kuch Kuch Rs 20,2|2097,0.0,0.0,0.0,0.0,0.0,0.0,0.0,0.0,0.0,0.0,0.0,0.0
2,2106,Winkies Fruit Cake with Raisin and Tutti Frutti ,2|2106,0.0,0.0,0.0,0.0,0.0,0.0,0.0,0.0,0.0,0.0,0.0,0.0
2,2115,Millet Bowl Protein Shake Chocolate Rs 70,2|2115,0.0,0.0,0.0,0.0,0.0,0.0,0.0,0.0,0.0,0.0,0.0,0.0
2,2216,Frussh Mango Orange Juice Rs 40,2|2216,0.0,0.0,0.0,0.0,0.0,0.0,0.0,0.0,0.0,0.0,0.0,0.0
2,2222,Frussh Alphonso Mango Juice Rs 40 ,2|2222,0.0,0.0,0.0,0.0,0.0,0.0,0.0,0.0,0.0,0.0,0.0,0.0
2,2239,Cadbury Chocolate Rs 50,2|2239,44160.0,609.0,32.0,45849.0,0.0,45849.0,11.0,1591.0,1.0,37924.0,522.0,6354.0
2,227,Paneer Butter Masala Wrap,2|227,624.0,237.0,13.0,578.0,0.0,578.0,0.0,15.0,85.0,420.0,298.0,71.0
2,2295,EGO Sweet Potato Mexican Twist Rs 40,2|2295,0.0,0.0,0.0,0.0,0.0,0.0,0.0,0.0,0.0,0.0,0.0,0.0
2,2330,Bikano Bikaneri Bhujia ,2|2330,55680.0,6086.0,329.0,57548.0,16.0,57564.0,14.0,2145.0,102.0,54731.0,6361.0,901.0
2,2358,B Natural Mixed Fruit Juice Rs 20,2|2358,0.0,11.0,0.0,0.0,0.0,0.0,0.0,0.0,0.0,5.0,11.0,-5.0
2,2384,TWT ENERGY BAR Almond Choco Fudge,2|2384,0.0,0.0,0.0,0.0,0.0,0.0,0.0,0.0,0.0,0.0,0.0,0.0
2,2398,Cup Noodles Mazedaar Delicious Masala,2|2398,0.0,1.0,0.0,0.0,0.0,0.0,0.0,0.0,0.0,0.0,1.0,0.0
2,24,Rajma-Chawal Combo,2|24,0.0,0.0,1.0,15.0,0.0,15.0,0.0,11.0,1.0,0.0,-4.0,4.0
2,2400,Punjabi Jeera Masala Soda 200ml ,2|2400,0.0,0.0,0.0,0.0,0.0,0.0,0.0,0.0,0.0,0.0,0.0,0.0
2,241,Tangy Mix Sauce Macronii,2|241,0.0,0.0,0.0,3.0,0.0,3.0,0.0,3.0,1.0,0.0,0.0,-1.0
2,2412,Nescafe Chilled Latte Rs 45,2|2412,31200.0,823.0,43.0,29970.0,8.0,29978.0,20.0,1820.0,59.0,25938.0,3885.0,2184.0
2,2430,Sting Energy ,2|2430,0.0,3.0,0.0,0.0,0.0,0.0,0.0,0.0,0.0,0.0,3.0,0.0
2,2509,Snack Factory Makhana Cheesy Garlic Twist,2|2509,0.0,0.0,0.0,0.0,0.0,0.0,0.0,0.0,0.0,0.0,0.0,0.0
2,252,Thumps Up Can,2|252,8880.0,0.0,0.0,8967.0,3.0,8970.0,4.0,346.0,1.0,8114.0,260.0,505.0
2,2550,Max Protein Desi Masala Rs45,2|2550,0.0,0.0,0.0,63.0,0.0,63.0,0.0,25.0,12.0,53.0,-38.0,-27.0
2,2562,Earthspired Amaranth Sweet & Salty Crunch Rs 40,2|2562,0.0,0.0,0.0,0.0,0.0,0.0,0.0,0.0,0.0,0.0,0.0,0.0
2,2571,Proto Coconut Water Rs 50,2|2571,0.0,0.0,0.0,0.0,0.0,0.0,0.0,0.0,0.0,0.0,0.0,0.0
2,2604,Nidz Dark Roasted Cashew Chocolate Rs 70,2|2604,0.0,0.0,0.0,0.0,0.0,0.0,0.0,0.0,0.0,0.0,0.0,0.0
2,261,McVitie's Digestive Biscuits,2|261,5160.0,0.0,0.0,5854.0,0.0,5854.0,1.0,435.0,24.0,4535.0,-258.0,859.0
2,2665,Test product,2|2665,0.0,0.0,0.0,0.0,0.0,0.0,0.0,0.0,0.0,0.0,0.0,0.0
2,2713,Britannia Milk Bikis,2|2713,0.0,0.0,0.0,21.0,0.0,21.0,0.0,3.0,0.0,13.0,-18.0,5.0
2,2760,Puzzles Khatta Meetha Rs10,2|2760,0.0,0.0,0.0,3.0,0.0,3.0,0.0,2.0,0.0,7.0,-1.0,-6.0
2,2818,Cadbury 5 Star Oreo Rs 35,2|2818,0.0,436.0,23.0,0.0,0.0,0.0,0.0,0.0,0.0,0.0,436.0,23.0
2,282,Too Yumm Veggie Stix Cheese & Herbs Rs 20,2|282,100988.0,3097.0,164.0,104059.0,12.0,104071.0,42.0,3777.0,442.0,99516.0,3833.0,458.0
2,2895,Sleepy Owl Cold Coffee Rs 125,2|2895,0.0,0.0,0.0,0.0,0.0,0.0,0.0,0.0,0.0,0.0,0.0,0.0
2,290,Kurkure Masala Munch ,2|290,0.0,0.0,0.0,0.0,0.0,0.0,0.0,0.0,0.0,0.0,0.0,0.0
2,2910,Cavins Badam Milkshake Rs 60,2|2910,0.0,0.0,0.0,0.0,0.0,0.0,0.0,0.0,0.0,0.0,0.0,0.0
2,2926,Nenimemi Popcorn Classic Butter Rs 20,2|2926,0.0,0.0,0.0,0.0,0.0,0.0,0.0,0.0,0.0,0.0,0.0,0.0
2,297,Sabudana Khichdi,2|297,0.0,0.0,0.0,0.0,0.0,0.0,0.0,0.0,0.0,0.0,0.0,0.0
2,2987,Wingreen Naan chips Tez tandoori Rs 20,2|2987,0.0,62.0,3.0,0.0,0.0,0.0,0.0,0.0,0.0,0.0,62.0,3.0
2,2997,7up lemon Rs 35,2|2997,0.0,0.0,0.0,0.0,0.0,0.0,0.0,0.0,0.0,0.0,0.0,0.0
2,300,Himalayan Salt & Pepper Makhana,2|300,0.0,0.0,0.0,0.0,0.0,0.0,0.0,0.0,0.0,0.0,0.0,0.0
2,3007,MTR Poha,2|3007,0.0,0.0,0.0,0.0,0.0,0.0,0.0,0.0,0.0,0.0,0.0,0.0
2,3011,Cadbury Chocolate Rs 45,2|3011,0.0,0.0,0.0,84.0,0.0,84.0,0.0,24.0,0.0,29.0,-60.0,31.0
2,3012,Cadbury Oreo Choco Creme Rs 30,2|3012,0.0,0.0,4.0,0.0,0.0,0.0,0.0,0.0,0.0,0.0,0.0,4.0
2,306,Hazelnut Latte,2|306,0.0,0.0,0.0,2.0,0.0,2.0,0.0,0.0,0.0,2.0,-2.0,0.0
2,3065,Sirimiri Crushed Peanut Chikki Rs 15,2|3065,0.0,0.0,0.0,0.0,0.0,0.0,0.0,0.0,0.0,0.0,0.0,0.0
2,3070,Americana  Cheese Cracker Biscuits  Rs 10,2|3070,0.0,702.0,37.0,0.0,0.0,0.0,0.0,0.0,0.0,0.0,702.0,37.0
2,3092,Alo Frut Kiwi Rs 30,2|3092,12960.0,2465.0,130.0,13896.0,0.0,13896.0,5.0,660.0,57.0,13228.0,2194.0,76.0
2,3096,Alo Frut Coconut Water Rs 50,2|3096,6720.0,704.0,37.0,7097.0,0.0,7097.0,4.0,248.0,74.0,6333.0,579.0,475.0
2,313,Paperboat Chikki,2|313,0.0,0.0,0.0,0.0,0.0,0.0,0.0,10.0,5.0,12.0,10.0,-27.0
2,3142,Saarganic Nutrition Bar Rs 75,2|3142,0.0,0.0,0.0,0.0,0.0,0.0,0.0,0.0,0.0,0.0,0.0,0.0
2,318,Coke Zero,2|318,31800.0,872.0,56.0,31825.0,3.0,31828.0,8.0,884.0,157.0,29333.0,1736.0,1502.0
2,320,Unibic Choco Hazelnut Cookies Rs 10,2|320,0.0,0.0,0.0,0.0,0.0,0.0,0.0,0.0,0.0,0.0,0.0,0.0
2,323,Piri Piri Paradise Makhana,2|323,0.0,206.0,11.0,9.0,0.0,9.0,0.0,1.0,0.0,8.0,198.0,11.0
2,3237,Lays Wavy Cream and onion Rs 25 ,2|3237,1350.0,33.0,2.0,1348.0,0.0,1348.0,0.0,15.0,0.0,1306.0,50.0,29.0
2,3244,Snickers Kesar Pista Rs 60,2|3244,0.0,0.0,0.0,0.0,0.0,0.0,0.0,0.0,0.0,0.0,0.0,0.0
2,3286,Limca Rs 40,2|3286,240.0,0.0,0.0,22.0,0.0,22.0,0.0,5.0,0.0,6.0,223.0,11.0
2,3288,Hershey Kisses Almond Rs 50,2|3288,0.0,0.0,0.0,0.0,0.0,0.0,0.0,0.0,0.0,0.0,0.0,0.0
2,3298,Paper Boat Aamras ,2|3298,11250.0,0.0,0.0,11943.0,0.0,11943.0,17.0,845.0,49.0,10722.0,169.0,310.0
2,331,Britannia Veg Cake Fruity Fun Rs 20,2|331,0.0,269.0,17.0,9.0,0.0,9.0,0.0,0.0,0.0,9.0,260.0,17.0
2,3506,Coleslaw Sandwich SPL,2|3506,0.0,0.0,0.0,9.0,0.0,9.0,0.0,0.0,4.0,2.0,-9.0,3.0
2,3508,Poha SPL,2|3508,0.0,0.0,0.0,4.0,0.0,4.0,0.0,0.0,2.0,0.0,-4.0,2.0
2,3542,Taali Masala Mania Protien Puffs Rs 20,2|3542,0.0,921.0,48.0,0.0,0.0,0.0,0.0,0.0,0.0,0.0,921.0,48.0
2,3544,Malaki Spiced Ginger Ale Rs 35,2|3544,0.0,0.0,0.0,0.0,0.0,0.0,0.0,0.0,0.0,0.0,0.0,0.0
2,359,Marodhi Gajak,2|359,0.0,0.0,0.0,0.0,0.0,0.0,0.0,0.0,0.0,0.0,0.0,0.0
2,36,Peanut-Gud Chikki,2|36,0.0,0.0,0.0,0.0,0.0,0.0,0.0,0.0,0.0,0.0,0.0,0.0
2,3636,Vada Pav SPL ,2|3636,0.0,0.0,0.0,29.0,0.0,29.0,0.0,0.0,4.0,15.0,-29.0,10.0
2,3701,Mother Dairy Chhach Rs 13,2|3701,0.0,0.0,0.0,0.0,0.0,0.0,0.0,0.0,0.0,0.0,0.0,0.0
2,38,Amul Masti Buttermilk Rs 10,2|38,0.0,113.0,6.0,0.0,0.0,0.0,0.0,0.0,0.0,0.0,113.0,6.0
2,3810,Lays Wavay Cream Onion Flavour Rs 15,2|3810,11040.0,2391.0,126.0,15835.0,1.0,15836.0,13.0,201.0,191.0,15983.0,-2191.0,-426.0
2,395,Too Yum- Multigrain Chips,2|395,0.0,0.0,0.0,0.0,0.0,0.0,0.0,0.0,0.0,0.0,0.0,0.0
2,4,Roasted Cereal - Wheat Jowar Bajra,2|4,0.0,0.0,0.0,0.0,0.0,0.0,0.0,0.0,0.0,0.0,0.0,0.0
2,401,Bingo - Potato Chips Masala,2|401,0.0,0.0,0.0,77.0,0.0,77.0,0.0,7.0,0.0,67.0,-70.0,3.0
2,4036,Snickers Kesar Pista Stick Rs 30,2|4036,0.0,0.0,0.0,26.0,0.0,26.0,0.0,0.0,0.0,14.0,-26.0,12.0
2,4133,Round Box 300ml PP container with Lid,2|4133,0.0,0.0,8.0,0.0,0.0,0.0,0.0,0.0,0.0,0.0,0.0,8.0
2,4136,Axe Signature Body Deodorant,2|4136,15.0,0.0,0.0,15.0,0.0,15.0,0.0,0.0,0.0,15.0,0.0,0.0
2,4230,Coca Cola Rs 25,2|4230,0.0,0.0,0.0,34.0,0.0,34.0,0.0,1.0,2.0,26.0,-33.0,5.0
2,4238,Fit And Flex Cheesy Cheese Flavour ,2|4238,0.0,367.0,19.0,0.0,0.0,0.0,0.0,0.0,0.0,0.0,367.0,19.0
2,4242,Max Protein Daily Bar Choco Almond,2|4242,19018.0,0.0,0.0,25088.0,24.0,25112.0,5.0,995.0,0.0,21061.0,-5094.0,3051.0
2,430,Haldiram's Moong Dal Rs 10 ,2|430,16708.0,2.0,0.0,14730.0,8.0,14738.0,3.0,335.0,14.0,13146.0,2310.0,1240.0
2,44,Vada Pav,2|44,0.0,0.0,0.0,0.0,0.0,0.0,0.0,0.0,0.0,0.0,0.0,0.0
2,4430,Americana Coconut Cookies Rs 20,2|4430,0.0,447.0,24.0,0.0,0.0,0.0,0.0,0.0,0.0,0.0,447.0,24.0
2,4507, Dole Juice Pineapple Orange Banana Rs 60,2|4507,0.0,0.0,0.0,0.0,0.0,0.0,0.0,0.0,0.0,0.0,0.0,0.0
2,4538,Rewynd Peanuts Chikki,2|4538,0.0,50.0,0.0,0.0,0.0,0.0,0.0,0.0,0.0,0.0,50.0,0.0
2,4545,Snickers chocolate bar Rs 50,2|4545,0.0,543.0,29.0,117.0,0.0,117.0,0.0,9.0,1.0,119.0,435.0,17.0
2,46,Paper Boat Coconut Water,2|46,0.0,164.0,9.0,34.0,0.0,34.0,0.0,3.0,16.0,19.0,133.0,5.0
2,4638,Paper Boat Dry Fruit Chikki Rs 30,2|4638,0.0,0.0,0.0,0.0,0.0,0.0,0.0,0.0,0.0,0.0,0.0,0.0
2,4680,Mcvities Bourbon Delight Rs 30,2|4680,5280.0,0.0,0.0,5795.0,0.0,5795.0,2.0,593.0,0.0,4399.0,80.0,801.0
2,47,Mother Dairy Chocolate shake ,2|47,0.0,860.0,45.0,151.0,0.0,151.0,0.0,15.0,9.0,135.0,724.0,37.0
2,478,Kit Kat Rs 25,2|478,24192.0,0.0,0.0,24315.0,0.0,24315.0,2.0,159.0,0.0,23270.0,38.0,884.0
2,4822,Desi Popz Tangy Imli Rs 50,2|4822,0.0,64.0,3.0,0.0,0.0,0.0,0.0,0.0,0.0,0.0,64.0,3.0
2,4851,Kerala Banana Chips Desi Masala Rs 20,2|4851,0.0,1107.0,58.0,0.0,0.0,0.0,0.0,0.0,0.0,0.0,1107.0,58.0
2,4866,Coolberg Cranberry Non Alcoholic Beer ,2|4866,0.0,0.0,0.0,0.0,0.0,0.0,0.0,0.0,0.0,0.0,0.0,0.0
2,4880,Happy Jars Afters Ginger Bells Rs 50,2|4880,0.0,0.0,0.0,0.0,0.0,0.0,0.0,0.0,0.0,0.0,0.0,0.0
2,493,Test Product,2|493,0.0,0.0,0.0,1859.0,134.0,1993.0,8.0,1046.0,8.0,1150.0,-939.0,-219.0
2,4932,Puff Snacks Rs 20,2|4932,0.0,0.0,0.0,0.0,0.0,0.0,0.0,0.0,0.0,0.0,0.0,0.0
2,4934,Chana Jor Lime And Chilli Rs 10,2|4934,3000.0,2927.0,168.0,4265.0,0.0,4265.0,22.0,181.0,71.0,5089.0,1865.0,-930.0
2,4957,Alo Frut Kiwi Aloevera Frut Pulp Juice Rs 40,2|4957,0.0,0.0,0.0,0.0,0.0,0.0,0.0,0.0,0.0,0.0,0.0,0.0
2,4974,Sweet Corn Mayo Sandwich,2|4974,0.0,0.0,0.0,7.0,0.0,7.0,0.0,1.0,4.0,2.0,-6.0,0.0
2,4975,Paneer Mayo Sandwich,2|4975,0.0,0.0,0.0,13.0,0.0,13.0,0.0,4.0,1.0,1.0,-9.0,7.0
2,4977,Veggie Mint Sauce Sandwich,2|4977,0.0,0.0,0.0,12.0,0.0,12.0,0.0,1.0,5.0,1.0,-11.0,5.0
2,5002,Cothas Mocha Cold Coffee Rs 80,2|5002,0.0,0.0,0.0,0.0,0.0,0.0,0.0,0.0,0.0,0.0,0.0,0.0
2,5007,Kurkure Lehar Mast Masala Rs 15,2|5007,0.0,0.0,0.0,161.0,0.0,161.0,0.0,3.0,1.0,154.0,-158.0,3.0
2,501,Sirona Intimate Wipes,2|501,0.0,0.0,0.0,0.0,0.0,0.0,0.0,0.0,0.0,0.0,0.0,0.0
2,5081,Happilo Makhana Perky Pudina ,2|5081,0.0,0.0,0.0,0.0,0.0,0.0,0.0,0.0,0.0,0.0,0.0,0.0
2,5094,Sleepy Owl Hazelnut Cold Coffee ,2|5094,0.0,0.0,0.0,0.0,0.0,0.0,0.0,0.0,0.0,0.0,0.0,0.0
2,5097,Kari Kari Chilli Garlic Rs 20,2|5097,20720.0,1980.0,107.0,26164.0,0.0,26164.0,19.0,2032.0,810.0,24083.0,-1413.0,-673.0
2,5110,Stuffed Bread Roll SPL,2|5110,0.0,0.0,0.0,2.0,0.0,2.0,0.0,0.0,1.0,1.0,-2.0,0.0
2,518,Dettol Sanitizer,2|518,0.0,0.0,0.0,0.0,0.0,0.0,0.0,0.0,0.0,0.0,0.0,0.0
2,5272,Nutrezy Almond Cranberry Crunchy Bar,2|5272,10400.0,824.0,43.0,11204.0,0.0,11204.0,9.0,695.0,24.0,9226.0,724.0,1293.0
2,5275,Pokka Vanilla Coffee Rs 105,2|5275,0.0,0.0,0.0,0.0,0.0,0.0,0.0,0.0,0.0,0.0,0.0,0.0
2,5283,4700BC 100 Corn Chips Salt And Truffle Rs 20,2|5283,14840.0,0.0,0.0,15479.0,0.0,15479.0,4.0,625.0,71.0,14391.0,-10.0,388.0
2,529,Doublemint,2|529,0.0,0.0,0.0,0.0,0.0,0.0,0.0,0.0,0.0,0.0,0.0,0.0
2,5351,Puzzles Aloo Bhujia Rs 10,2|5351,0.0,908.0,48.0,0.0,0.0,0.0,0.0,0.0,0.0,0.0,908.0,48.0
2,5367,Almond Brittle Coffee Rs 40,2|5367,0.0,871.0,46.0,0.0,0.0,0.0,0.0,2.0,0.0,5.0,873.0,39.0
2,5419,Mcvities Butter Cookies ,2|5419,4968.0,0.0,0.0,5170.0,0.0,5170.0,0.0,227.0,0.0,4599.0,25.0,344.0
2,5453,Nestle KitKat ,2|5453,6804.0,599.0,32.0,8366.0,0.0,8366.0,3.0,66.0,2.0,7703.0,-894.0,624.0
2,5454,Kurkure Lehar Mast Masala Rs 25,2|5454,700.0,0.0,0.0,698.0,0.0,698.0,0.0,6.0,0.0,681.0,8.0,11.0
2,5471,Foodrik Choco Nutri Bar Rs 40,2|5471,0.0,0.0,0.0,0.0,0.0,0.0,0.0,0.0,0.0,0.0,0.0,0.0
2,5485,Bonn Choco Chip Cookies Rs 10,2|5485,0.0,0.0,0.0,47.0,0.0,47.0,0.0,2.0,0.0,44.0,-45.0,1.0
2,5493,Dates Bites Sachet Rs 35,2|5493,0.0,0.0,0.0,0.0,0.0,0.0,0.0,0.0,0.0,0.0,0.0,0.0
2,5494,Farmley Roasted Makhana Cream And Onion Rs 30,2|5494,26540.0,1622.0,86.0,28036.0,12.0,28048.0,17.0,1884.0,137.0,25118.0,2015.0,978.0
2,5533,Nutki Raisins Anardana 35 g Rs 69,2|5533,0.0,0.0,0.0,0.0,0.0,0.0,0.0,0.0,0.0,0.0,0.0,0.0
2,5549,Clear Water Bottle Rs 10,2|5549,2880.0,0.0,0.0,1676.0,0.0,1676.0,1.0,25.0,0.0,1570.0,1230.0,80.0
2,5556,Max Protein Chocoberry bar Rs 75,2|5556,0.0,2.0,0.0,0.0,0.0,0.0,0.0,0.0,0.0,0.0,2.0,0.0
2,5557,Max Protein Choco Almond Bar Rs 75,2|5557,16128.0,0.0,0.0,10736.0,0.0,10736.0,6.0,307.0,20.0,9373.0,5705.0,1030.0
2,5648,Roohafza Milkshake 180 ML Rs 35 ,2|5648,0.0,0.0,0.0,0.0,0.0,0.0,0.0,0.0,0.0,0.0,0.0,0.0
2,5687,Hamdard Nariyal Paani Rs 50,2|5687,0.0,0.0,0.0,0.0,0.0,0.0,0.0,0.0,0.0,0.0,0.0,0.0
2,5688,Ripe Jackfruit With Chilli Mango Rs 59,2|5688,0.0,0.0,3.0,0.0,0.0,0.0,0.0,0.0,0.0,0.0,0.0,3.0
2,571,Paneer Tikka Sandwich,2|571,0.0,0.0,0.0,0.0,0.0,0.0,0.0,0.0,0.0,0.0,0.0,0.0
2,572,Sweet Corn Mayo Sandwich,2|572,0.0,0.0,0.0,5.0,0.0,5.0,0.0,5.0,0.0,0.0,0.0,0.0
2,584,Fanta Can 180 ml Rs 25,2|584,4680.0,325.0,17.0,4881.0,0.0,4881.0,2.0,35.0,0.0,4635.0,161.0,226.0
2,586,Coke Regular Pop Can Rs 25,2|586,44424.0,1314.0,72.0,44906.0,0.0,44906.0,18.0,743.0,17.0,43055.0,1593.0,1145.0
2,59,Tropicana Juice,2|59,0.0,0.0,0.0,0.0,0.0,0.0,0.0,0.0,0.0,0.0,0.0,0.0
2,5946,Kelloggs Corn Flakes,2|5946,0.0,0.0,0.0,0.0,0.0,0.0,0.0,0.0,0.0,0.0,0.0,0.0
2,600,Garden Mini Bhakarwadi Rs 10,2|600,0.0,0.0,0.0,0.0,0.0,0.0,0.0,0.0,0.0,0.0,0.0,0.0
2,6096,Ananda Kesar Badam ,2|6096,0.0,0.0,0.0,0.0,0.0,0.0,0.0,0.0,0.0,0.0,0.0,0.0
2,61,Paper Boat Lychee Ras Rs 20,2|61,0.0,1176.0,61.0,39.0,0.0,39.0,0.0,2.0,0.0,36.0,1139.0,62.0
2,6103,D Nature Eatery Roasted Cashew,2|6103,0.0,111.0,4.0,0.0,0.0,0.0,0.0,0.0,0.0,0.0,111.0,4.0
2,6164,Chanakya in daily life Radhakrishnan Pillai,2|6164,0.0,0.0,0.0,0.0,0.0,0.0,0.0,0.0,0.0,0.0,0.0,0.0
2,6178,Think & Grow Rich Napoleon Hill,2|6178,0.0,0.0,0.0,0.0,0.0,0.0,0.0,0.0,0.0,0.0,0.0,0.0
2,626,Opera - Potato Crisps,2|626,0.0,0.0,0.0,0.0,0.0,0.0,0.0,0.0,0.0,0.0,0.0,0.0
2,6314,Schezwan Cuppa Rice,2|6314,0.0,1.0,0.0,0.0,0.0,0.0,0.0,0.0,0.0,0.0,1.0,0.0
2,633,Max Protein-Spanish Tomato Rs 20,2|633,800.0,1415.0,75.0,930.0,0.0,930.0,0.0,58.0,27.0,1074.0,1343.0,-154.0
2,6480,Tong Garden Onion & Garlic Coated peanut 20 gm Rs 10,2|6480,0.0,0.0,0.0,0.0,0.0,0.0,0.0,0.0,0.0,0.0,0.0,0.0
2,6482,Tong Garden Onion & Garlic Small Green Peas ,2|6482,0.0,0.0,0.0,4.0,0.0,4.0,0.0,4.0,0.0,8.0,0.0,-8.0
2,6486,Fun Flips Hot & Saucy 28 gm,2|6486,0.0,0.0,0.0,0.0,0.0,0.0,0.0,0.0,0.0,0.0,0.0,0.0
2,65,Vegetable Chatpati Roll,2|65,351.0,128.0,7.0,325.0,0.0,325.0,0.0,2.0,28.0,237.0,156.0,65.0
2,66,Kathi Roll,2|66,0.0,0.0,0.0,1.0,0.0,1.0,0.0,0.0,1.0,0.0,-1.0,0.0
2,663,Britannia Veg Cake Chocolate Rs 20,2|663,0.0,931.0,52.0,131.0,0.0,131.0,0.0,9.0,32.0,80.0,809.0,62.0
2,6632,Alo Fruit Anar Alovera Pulp Juice Rs 35,2|6632,0.0,0.0,0.0,0.0,0.0,0.0,0.0,0.0,0.0,0.0,0.0,0.0
2,669,Rava Idli with Chutney,2|669,0.0,0.0,0.0,0.0,0.0,0.0,0.0,0.0,0.0,0.0,0.0,0.0
2,678,Britannia Bourbon-Rs 10,2|678,37896.0,1149.0,61.0,41149.0,0.0,41149.0,29.0,1082.0,86.0,39109.0,-993.0,904.0
2,690,Amul Lassi Rs 15,2|690,0.0,0.0,0.0,236.0,0.0,236.0,0.0,3.0,0.0,228.0,-233.0,5.0
2,691,Britannia Chocolate Shake Rs 30 ,2|691,0.0,0.0,0.0,0.0,0.0,0.0,0.0,0.0,0.0,0.0,0.0,0.0
2,693,Snickers,2|693,0.0,735.0,39.0,62.0,0.0,62.0,0.0,7.0,0.0,54.0,680.0,40.0
2,694,Frooti ,2|694,0.0,0.0,0.0,431.0,0.0,431.0,0.0,44.0,0.0,410.0,-387.0,-23.0
2,7088,Dates Bites Sachet Rs 40,2|7088,4320.0,343.0,18.0,5775.0,0.0,5775.0,3.0,103.0,38.0,5399.0,-1006.0,250.0
2,7112,Cheese & Herbs Corn Chips Rs 20,2|7112,3936.0,0.0,0.0,4198.0,0.0,4198.0,2.0,140.0,151.0,3817.0,-120.0,88.0
2,7214,The Theatre Project Popcorn Cheddar Cheese Rs 20,2|7214,0.0,564.0,30.0,0.0,0.0,0.0,0.0,0.0,0.0,0.0,564.0,30.0
2,7293,Feedsco Millet Coconut Cookies Rs 85,2|7293,0.0,18.0,0.0,0.0,0.0,0.0,0.0,0.0,0.0,0.0,18.0,0.0
2,73,Cavin's Lassi,2|73,31410.0,1476.0,78.0,33526.0,4.0,33530.0,16.0,1383.0,113.0,31878.0,755.0,218.0
2,7320,Oddy Sticky Notes,2|7320,24.0,0.0,0.0,42.0,0.0,42.0,0.0,55.0,0.0,9.0,37.0,-22.0
2,7421,Hustle Energy Drink Rs 60,2|7421,0.0,495.0,26.0,25.0,0.0,25.0,0.0,25.0,4.0,71.0,495.0,-49.0
2,745,Paper Boat Coconut Water pack of 16 Rs.640,2|745,0.0,0.0,0.0,0.0,0.0,0.0,0.0,0.0,0.0,0.0,0.0,0.0
2,7482,Farmley Masala Munchies ,2|7482,0.0,0.0,0.0,0.0,0.0,0.0,0.0,0.0,0.0,0.0,0.0,0.0
2,75,Aloo Peanut Falahar - Vrat Special,2|75,0.0,0.0,0.0,0.0,0.0,0.0,0.0,0.0,0.0,0.0,0.0,0.0
2,764,Amul Milk Chocolate Rs 25,2|764,0.0,0.0,0.0,82.0,0.0,82.0,0.0,10.0,0.0,72.0,-72.0,0.0
2,766,Amul Rose Lassi Rs 20 ,2|766,0.0,0.0,0.0,131.0,0.0,131.0,0.0,0.0,2.0,121.0,-131.0,8.0
2,769,Cadbury Dairy Milk Rs.10,2|769,0.0,0.0,0.0,168.0,0.0,168.0,1.0,10.0,0.0,150.0,-157.0,7.0
2,777,Big Box 500ml PP Container ,2|777,0.0,0.0,0.0,0.0,0.0,0.0,0.0,0.0,0.0,0.0,0.0,0.0
2,7786,Taali Sriracha Spice Rs 40,2|7786,0.0,56.0,0.0,0.0,0.0,0.0,0.0,0.0,0.0,0.0,56.0,0.0
2,7790,3 Sisters Indie Sodas Jeera Masala Rs 80,2|7790,0.0,322.0,17.0,514.0,0.0,514.0,0.0,189.0,68.0,598.0,-3.0,-324.0
2,7792,Solh Cold Coffee Mocha Rs 50,2|7792,0.0,0.0,4.0,0.0,0.0,0.0,0.0,0.0,0.0,0.0,0.0,4.0
2,785,Choley Chawal Combo,2|785,0.0,0.0,0.0,0.0,0.0,0.0,0.0,0.0,0.0,0.0,0.0,0.0
2,789,Knorr - Sweet Corn Soup Veg Rs.10,2|789,0.0,0.0,0.0,0.0,0.0,0.0,0.0,0.0,0.0,0.0,0.0,0.0
2,794,Britannia Little Hearts,2|794,8580.0,0.0,0.0,6544.0,0.0,6544.0,4.0,169.0,7.0,6293.0,2209.0,71.0
2,796,Mother Dairy Chach Rs 12,2|796,0.0,1804.0,95.0,432.0,0.0,432.0,7.0,36.0,10.0,376.0,1415.0,98.0
2,799,Mr Makhana Cream & Onion,2|799,0.0,0.0,0.0,0.0,0.0,0.0,0.0,0.0,0.0,0.0,0.0,0.0
2,80,Cavin's Spiced ButterMilk,2|80,32550.0,2200.0,117.0,35456.0,4.0,35460.0,25.0,970.0,285.0,34464.0,285.0,-167.0
2,814,Ritebite Sport Bar Almond Mocha,2|814,0.0,0.0,0.0,23.0,0.0,23.0,0.0,0.0,0.0,16.0,-23.0,7.0
2,82,Paper Boat Alphonso Aam Rs 25,2|82,18000.0,13.0,1.0,19034.0,0.0,19034.0,4.0,553.0,172.0,16969.0,-464.0,1337.0
2,8202,Rebound Mango Rs 100,2|8202,0.0,0.0,4.0,0.0,0.0,0.0,0.0,0.0,0.0,0.0,0.0,4.0
2,8207,Mulberry Zingals Chocolate Slice Cake ,2|8207,13920.0,0.0,0.0,13781.0,12.0,13793.0,3.0,276.0,67.0,12732.0,406.0,715.0
2,8249,Real Coconut Water Rs 35,2|8249,0.0,0.0,0.0,40.0,0.0,40.0,0.0,7.0,0.0,21.0,-33.0,12.0
2,825,Amul Masti Buttermilk Rs 12,2|825,0.0,0.0,0.0,0.0,0.0,0.0,0.0,0.0,0.0,0.0,0.0,0.0
2,8279,Lotus Thandai Badam Milk ,2|8279,5550.0,1785.0,94.0,5770.0,0.0,5770.0,3.0,246.0,20.0,4999.0,1814.0,596.0
2,8282,Adishtu Strawberry Energy Bar Rs 75,2|8282,0.0,0.0,4.0,0.0,0.0,0.0,0.0,0.0,0.0,0.0,0.0,4.0
2,8287,Wonderland Foods Almond Roasted & Salted,2|8287,16000.0,1753.0,92.0,18346.0,0.0,18346.0,7.0,1416.0,111.0,16643.0,830.0,261.0
2,8385,Dabur Real Activ Coconut Water Rs 40,2|8385,0.0,624.0,33.0,0.0,0.0,0.0,0.0,0.0,0.0,0.0,624.0,33.0
2,840,Hershey's Chocolate Milk Shake Rs 35,2|840,0.0,0.0,0.0,0.0,0.0,0.0,0.0,0.0,0.0,0.0,0.0,0.0
2,8518,Aloo Matar Sandwich ,2|8518,292.0,0.0,4.0,269.0,0.0,269.0,0.0,6.0,53.0,154.0,29.0,60.0
2,8520,Absolut Raspberry & Lemon Mixer Rs 100,2|8520,0.0,142.0,8.0,226.0,0.0,226.0,0.0,116.0,96.0,315.0,32.0,-293.0
2,8521,Jameson Ginger Ale Rs 100,2|8521,480.0,142.0,8.0,592.0,0.0,592.0,1.0,133.0,90.0,536.0,164.0,-160.0
2,8522,Crizpo Banana Chips Creamy Cheddar Rs 60,2|8522,0.0,158.0,8.0,4.0,0.0,4.0,0.0,0.0,0.0,4.0,154.0,8.0
2,8709,Zalta Masala Jeera Rs 20,2|8709,0.0,0.0,1.0,0.0,0.0,0.0,0.0,0.0,0.0,0.0,0.0,1.0
2,8804,Masala Pav,2|8804,0.0,0.0,0.0,0.0,0.0,0.0,0.0,0.0,0.0,0.0,0.0,0.0
2,8806,Italian Sandwich ,2|8806,0.0,0.0,1.0,0.0,0.0,0.0,0.0,0.0,0.0,0.0,0.0,1.0
2,8810,Tandoori Paneer Rolls ,2|8810,0.0,0.0,0.0,0.0,0.0,0.0,0.0,0.0,0.0,0.0,0.0,0.0
2,8811,Masala Rolls ,2|8811,0.0,0.0,0.0,0.0,0.0,0.0,0.0,0.0,0.0,0.0,0.0,0.0
2,8812,Paneer Masala Kulcha,2|8812,0.0,0.0,0.0,0.0,0.0,0.0,0.0,0.0,0.0,0.0,0.0,0.0
2,8907,Crizpo Banana Chips Green chilli Delight Rs 60,2|8907,0.0,0.0,0.0,0.0,0.0,0.0,0.0,0.0,4.0,1.0,0.0,-5.0
2,8908,Nutraj Snackrite R & S Almond Cashew Mix Rs 49,2|8908,0.0,198.0,10.0,0.0,0.0,0.0,0.0,0.0,0.0,0.0,198.0,10.0
2,891,RiteBite Peanut Butter,2|891,0.0,0.0,0.0,46.0,0.0,46.0,0.0,14.0,20.0,35.0,-32.0,-23.0
2,8910,45 Energy Drink Blue Rush Rs 80,2|8910,0.0,151.0,8.0,37.0,0.0,37.0,1.0,13.0,38.0,43.0,128.0,-50.0
2,896,Yoga Pulp Aloevera KiwiJuice Rs 30,2|896,0.0,0.0,0.0,0.0,0.0,0.0,0.0,0.0,0.0,0.0,0.0,0.0
2,9083,Meow Crispy Himalayan Pink Salt Rs 30,2|9083,0.0,1386.0,73.0,0.0,0.0,0.0,0.0,5.0,13.0,7.0,1391.0,48.0
2,9089,Mountain Tribe Gingerade Kombucha ,2|9089,1940.0,102.0,5.0,2479.0,3.0,2482.0,3.0,284.0,190.0,1492.0,-153.0,518.0
2,915,Cremica Bourbon Biscuits Rs 15,2|915,0.0,0.0,0.0,0.0,0.0,0.0,0.0,0.0,0.0,0.0,0.0,0.0
2,9191,Nuttoz Roasted Peanuts Rs 20,2|9191,0.0,759.0,40.0,6.0,0.0,6.0,0.0,13.0,20.0,25.0,766.0,-12.0
2,928,Lifebuoy - Hand Sanitizer,2|928,0.0,0.0,0.0,0.0,0.0,0.0,0.0,0.0,0.0,0.0,0.0,0.0
2,929,Sprite750ml,2|929,240.0,0.0,0.0,28.0,0.0,28.0,0.0,23.0,0.0,8.0,235.0,-3.0
2,9308,Volls Pro Plant Protein Caramel ,2|9308,768.0,365.0,19.0,1150.0,0.0,1150.0,2.0,196.0,378.0,1313.0,181.0,-720.0
2,935,Lays - American Style Cream and Onion ,2|935,0.0,0.0,0.0,389.0,0.0,389.0,0.0,17.0,0.0,360.0,-372.0,12.0
2,9378,Eno Lemon Fruit Salt Pack,2|9378,50.0,0.0,0.0,59.0,0.0,59.0,0.0,15.0,0.0,34.0,6.0,10.0
2,94,Maaza Tetrapack Rs 10,2|94,0.0,0.0,0.0,0.0,0.0,0.0,0.0,0.0,0.0,0.0,0.0,0.0
2,941,MTR - Vegetable Upma,2|941,0.0,0.0,0.0,0.0,0.0,0.0,0.0,0.0,0.0,0.0,0.0,0.0
2,943,Havit Foods -Salted Soya Katori,2|943,0.0,0.0,0.0,0.0,0.0,0.0,0.0,0.0,0.0,0.0,0.0,0.0
2,9655,Kakaji Cream & Onion Chips ,2|9655,0.0,809.0,43.0,1147.0,0.0,1147.0,1.0,88.0,78.0,1443.0,-249.0,-420.0
2,9656,Kakaji Bikaneri Bhujia Rs 10,2|9656,0.0,685.0,36.0,55.0,0.0,55.0,0.0,14.0,0.0,46.0,644.0,31.0
2,9825,Nuttoz Roasted Cashew Rs 25,2|9825,0.0,410.0,22.0,0.0,0.0,0.0,0.0,0.0,0.0,9.0,410.0,13.0
2,984,Appy 200ml Rs 15,2|984,84780.0,1285.0,68.0,87136.0,10.0,87146.0,42.0,1947.0,629.0,82775.0,908.0,1821.0
2,9851,Farmley Cream & Onion Makhana Rs 50,2|9851,0.0,118.0,6.0,9.0,0.0,9.0,0.0,11.0,6.0,60.0,120.0,-62.0
2,9853,Hydroshark Lime Drink Rs 80,2|9853,0.0,161.0,9.0,996.0,0.0,996.0,1.0,133.0,212.0,981.0,-701.0,-322.0
2,986,Haldiram's Chips Pudina Treat Rs 15 ,2|986,0.0,0.0,0.0,3.0,0.0,3.0,0.0,6.0,0.0,1.0,3.0,-4.0
2,9912,4700 BC Sea Salt Protein Pops ,2|9912,0.0,0.0,0.0,17.0,0.0,17.0,0.0,0.0,0.0,11.0,-17.0,6.0
2,9925,Sugar Free Diet Mocha Hazelnut Cookies ,2|9925,0.0,0.0,4.0,35.0,0.0,35.0,0.0,14.0,7.0,92.0,-21.0,-74.0
2,9992,Coffee Body Wash With Berries ,2|9992,0.0,0.0,0.0,31.0,0.0,31.0,0.0,11.0,0.0,22.0,-20.0,-2.0
2,9994,Fit & flex Masala Protein Puffs ,2|9994,960.0,151.0,16.0,1007.0,0.0,1007.0,1.0,59.0,22.0,1065.0,164.0,-124.0
2,9996,Welbe Plain Murukku ,2|9996,7200.0,913.0,48.0,6781.0,0.0,6781.0,4.0,309.0,72.0,6782.0,1645.0,-338.0
22,1069, Sunfeast Dark Fantasy Choco Fill Cookies Rs 10,22|1069,3120.0,0.0,0.0,0.0,0.0,0.0,0.0,0.0,0.0,0.0,3120.0,0.0
22,109,Real Mixed Fruit Juice Rs 20,22|109,0.0,0.0,0.0,0.0,0.0,0.0,0.0,0.0,0.0,0.0,0.0,0.0
22,1120,Fanta Can ,22|1120,120.0,0.0,0.0,0.0,0.0,0.0,0.0,0.0,0.0,0.0,120.0,0.0
22,1143,Nestle Kit Kat,22|1143,0.0,15.0,0.0,0.0,0.0,0.0,0.0,0.0,0.0,0.0,15.0,0.0
22,115,Coke Diet Can Rs 35,22|115,0.0,0.0,0.0,0.0,0.0,0.0,0.0,0.0,0.0,0.0,0.0,0.0
22,1170,Haldirams NGP Salted Peanut ,22|1170,732.0,0.0,0.0,0.0,0.0,0.0,0.0,0.0,0.0,0.0,732.0,0.0
22,126,Coke Regular Pet 250ml Rs 20,22|126,5024.0,0.0,2.0,0.0,0.0,0.0,0.0,0.0,0.0,0.0,5024.0,2.0
22,1315, Britannia Treat Jim Jam Rs 10,22|1315,1050.0,0.0,0.0,0.0,0.0,0.0,0.0,0.0,0.0,0.0,1050.0,0.0
22,139,Nestle Classic Chocolate ,22|139,0.0,21.0,0.0,0.0,0.0,0.0,0.0,0.0,0.0,0.0,21.0,0.0
22,147,Snickers Rs 35,22|147,288.0,0.0,0.0,0.0,0.0,0.0,0.0,0.0,0.0,0.0,288.0,0.0
22,1608,Makino Nacho Chips Jalapeno ,22|1608,0.0,0.0,0.0,0.0,0.0,0.0,0.0,0.0,0.0,0.0,0.0,0.0
22,1636,Kurkure Solid Masti Rs 20,22|1636,360.0,0.0,0.0,0.0,0.0,0.0,0.0,0.0,0.0,0.0,360.0,0.0
22,1668,7up Rs20,22|1668,0.0,0.0,0.0,0.0,0.0,0.0,0.0,0.0,0.0,0.0,0.0,0.0
22,1708,Mirinda Orange Rs20,22|1708,0.0,2.0,0.0,0.0,0.0,0.0,0.0,0.0,0.0,0.0,2.0,0.0
22,172,Cadbury Fruit and Nut ,22|172,0.0,0.0,0.0,0.0,0.0,0.0,0.0,0.0,0.0,0.0,0.0,0.0
22,1743,Act 2 Popcorn Butter,22|1743,1560.0,0.0,0.0,0.0,0.0,0.0,0.0,0.0,0.0,0.0,1560.0,0.0
22,1767,Little hearts 75gm,22|1767,344.0,0.0,0.0,0.0,0.0,0.0,0.0,0.0,0.0,0.0,344.0,0.0
22,177,Minute Maid Pulpy Orange,22|177,180.0,0.0,0.0,0.0,0.0,0.0,0.0,0.0,0.0,0.0,180.0,0.0
22,185,Thums UP CHARGED Rs 20,22|185,560.0,0.0,0.0,0.0,0.0,0.0,0.0,0.0,0.0,0.0,560.0,0.0
22,1937,Amul Dark Chocolate Rs 25,22|1937,0.0,0.0,0.0,0.0,0.0,0.0,0.0,0.0,0.0,0.0,0.0,0.0
22,224,Amul Kool Cafe Rs 30,22|224,0.0,0.0,0.0,0.0,0.0,0.0,0.0,0.0,0.0,0.0,0.0,0.0
22,2388,Tropicana Guava Delight 200ml,22|2388,600.0,0.0,0.0,0.0,0.0,0.0,0.0,0.0,0.0,0.0,600.0,0.0
22,2502,Sting Energy Drink 35,22|2502,0.0,2.0,0.0,0.0,0.0,0.0,0.0,0.0,0.0,0.0,2.0,0.0
22,252,Thumps Up Can,22|252,240.0,0.0,0.0,0.0,0.0,0.0,0.0,0.0,0.0,0.0,240.0,0.0
22,2669,Slice Mango Drink Rs 10,22|2669,0.0,0.0,0.0,0.0,0.0,0.0,0.0,0.0,0.0,0.0,0.0,0.0
22,2713,Britannia Milk Bikis,22|2713,480.0,0.0,0.0,0.0,0.0,0.0,0.0,0.0,0.0,0.0,480.0,0.0
22,2760,Puzzles Khatta Meetha Rs10,22|2760,0.0,0.0,0.0,0.0,0.0,0.0,0.0,0.0,0.0,0.0,0.0,0.0
22,282,Too Yumm Veggie Stix Cheese & Herbs Rs 20,22|282,560.0,0.0,0.0,0.0,0.0,0.0,0.0,0.0,0.0,0.0,560.0,0.0
22,290,Kurkure Masala Munch ,22|290,0.0,0.0,2.0,0.0,0.0,0.0,0.0,0.0,0.0,0.0,0.0,2.0
22,291,Lay's American style Cream & Onion Rs 10,22|291,1440.0,24.0,3.0,0.0,0.0,0.0,0.0,0.0,0.0,0.0,1464.0,3.0
22,3070,Americana  Cheese Cracker Biscuits  Rs 10,22|3070,1040.0,0.0,3.0,0.0,0.0,0.0,0.0,0.0,0.0,0.0,1040.0,3.0
22,316,Minute Maid Pulpy Orange,22|316,0.0,19.0,1.0,0.0,0.0,0.0,0.0,0.0,0.0,0.0,19.0,1.0
22,318,Coke Zero,22|318,0.0,0.0,0.0,0.0,0.0,0.0,0.0,0.0,0.0,0.0,0.0,0.0
22,331,Britannia Veg Cake Fruity Fun Rs 20,22|331,900.0,0.0,0.0,0.0,0.0,0.0,0.0,0.0,0.0,0.0,900.0,0.0
22,395,Too Yum- Multigrain Chips,22|395,17256.0,0.0,0.0,0.0,0.0,0.0,0.0,0.0,0.0,0.0,17256.0,0.0
22,401,Bingo - Potato Chips Masala,22|401,1200.0,30.0,1.0,0.0,0.0,0.0,0.0,0.0,0.0,0.0,1230.0,1.0
22,4036,Snickers Kesar Pista Stick Rs 30,22|4036,0.0,0.0,2.0,0.0,0.0,0.0,0.0,0.0,0.0,0.0,0.0,2.0
22,4068,Alo Frut Orange Rs 30,22|4068,0.0,0.0,0.0,0.0,0.0,0.0,0.0,0.0,0.0,0.0,0.0,0.0
22,430,Haldiram's Moong Dal Rs 10 ,22|430,0.0,147.0,5.0,0.0,0.0,0.0,0.0,0.0,0.0,0.0,147.0,5.0
22,4322,Nimbus 7up,22|4322,0.0,0.0,0.0,0.0,0.0,0.0,0.0,0.0,0.0,0.0,0.0,0.0
22,4408,Dark Fantasy,22|4408,0.0,0.0,0.0,0.0,0.0,0.0,0.0,0.0,0.0,0.0,0.0,0.0
22,4430,Americana Coconut Cookies Rs 20,22|4430,216.0,0.0,0.0,0.0,0.0,0.0,0.0,0.0,0.0,0.0,216.0,0.0
22,4565,Snickers chocolate ,22|4565,576.0,0.0,0.0,0.0,0.0,0.0,0.0,0.0,0.0,0.0,576.0,0.0
22,4819,Luvit Loca Rs 10,22|4819,0.0,47.0,2.0,0.0,0.0,0.0,0.0,0.0,0.0,0.0,47.0,2.0
22,493,Test Product,22|493,0.0,0.0,0.0,0.0,0.0,0.0,0.0,0.0,0.0,0.0,0.0,0.0
22,5165,Masala Diet Chidwa spicy Special Rs 20,22|5165,0.0,0.0,0.0,0.0,0.0,0.0,0.0,0.0,0.0,0.0,0.0,0.0
22,5351,Puzzles Aloo Bhujia Rs 10,22|5351,0.0,46.0,0.0,0.0,0.0,0.0,0.0,0.0,0.0,0.0,46.0,0.0
22,5354,Lahori Jeera Rs 20,22|5354,0.0,10.0,0.0,0.0,0.0,0.0,0.0,0.0,0.0,0.0,10.0,0.0
22,5364,Puzzles Nut Crackers Rs 20 ,22|5364,0.0,0.0,2.0,0.0,0.0,0.0,0.0,0.0,0.0,0.0,0.0,2.0
22,542,Limca 250ml Pet Rs 20,22|542,616.0,0.0,0.0,0.0,0.0,0.0,0.0,0.0,0.0,0.0,616.0,0.0
22,5485,Bonn Choco Chip Cookies Rs 10,22|5485,2236.0,19.0,0.0,0.0,0.0,0.0,0.0,0.0,0.0,0.0,2255.0,0.0
22,5630,Lahori Nimboo Rs 20,22|5630,0.0,0.0,0.0,0.0,0.0,0.0,0.0,0.0,0.0,0.0,0.0,0.0
22,59,Tropicana Juice,22|59,2340.0,0.0,0.0,0.0,0.0,0.0,0.0,0.0,0.0,0.0,2340.0,0.0
22,61,Paper Boat Lychee Ras Rs 20,22|61,0.0,46.0,2.0,0.0,0.0,0.0,0.0,0.0,0.0,0.0,46.0,2.0
22,6322,Cream bell kesar badam,22|6322,0.0,1.0,0.0,0.0,0.0,0.0,0.0,0.0,0.0,0.0,1.0,0.0
22,6448,B Natural Select Tender Coconut Water ,22|6448,0.0,0.0,0.0,0.0,0.0,0.0,0.0,0.0,0.0,0.0,0.0,0.0
22,6547,Moutain Dew Rs 15,22|6547,0.0,1.0,0.0,0.0,0.0,0.0,0.0,0.0,0.0,0.0,1.0,0.0
22,663,Britannia Veg Cake Chocolate Rs 20,22|663,90.0,0.0,0.0,0.0,0.0,0.0,0.0,0.0,0.0,0.0,90.0,0.0
22,668,Maaza Pet Bottle Rs 20,22|668,0.0,0.0,0.0,0.0,0.0,0.0,0.0,0.0,0.0,0.0,0.0,0.0
22,678,Britannia Bourbon-Rs 10,22|678,5866.0,4.0,0.0,0.0,0.0,0.0,0.0,0.0,0.0,0.0,5870.0,0.0
22,690,Amul Lassi Rs 15,22|690,0.0,3.0,0.0,0.0,0.0,0.0,0.0,0.0,0.0,0.0,3.0,0.0
22,691,Britannia Chocolate Shake Rs 30 ,22|691,750.0,0.0,0.0,0.0,0.0,0.0,0.0,0.0,0.0,0.0,750.0,0.0
22,693,Snickers,22|693,1536.0,0.0,0.0,0.0,0.0,0.0,0.0,0.0,0.0,0.0,1536.0,0.0
22,6942,B Natural Guava Rs 10,22|6942,0.0,21.0,1.0,0.0,0.0,0.0,0.0,0.0,0.0,0.0,21.0,1.0
22,73,Cavin's Lassi,22|73,480.0,0.0,0.0,0.0,0.0,0.0,0.0,0.0,0.0,0.0,480.0,0.0
22,7385,Tropicana Mixed Fruit Rs 15,22|7385,0.0,0.0,0.0,0.0,0.0,0.0,0.0,0.0,0.0,0.0,0.0,0.0
22,764,Amul Milk Chocolate Rs 25,22|764,0.0,15.0,1.0,0.0,0.0,0.0,0.0,0.0,0.0,0.0,15.0,1.0
22,766,Amul Rose Lassi Rs 20 ,22|766,0.0,0.0,0.0,0.0,0.0,0.0,0.0,0.0,0.0,0.0,0.0,0.0
22,794,Britannia Little Hearts,22|794,1150.0,0.0,0.0,0.0,0.0,0.0,0.0,0.0,0.0,0.0,1150.0,0.0
22,80,Cavin's Spiced ButterMilk,22|80,0.0,0.0,0.0,0.0,0.0,0.0,0.0,0.0,0.0,0.0,0.0,0.0
22,8369,Lahori Shikanji Rs 10,22|8369,0.0,5.0,0.0,0.0,0.0,0.0,0.0,0.0,0.0,0.0,5.0,0.0
22,9083,Meow Crispy Himalayan Pink Salt Rs 30,22|9083,0.0,0.0,0.0,0.0,0.0,0.0,0.0,0.0,0.0,0.0,0.0,0.0
22,9191,Nuttoz Roasted Peanuts Rs 20,22|9191,0.0,24.0,0.0,0.0,0.0,0.0,0.0,0.0,0.0,0.0,24.0,0.0
22,922,Maaza ,22|922,0.0,0.0,0.0,0.0,0.0,0.0,0.0,0.0,0.0,0.0,0.0,0.0
22,935,Lays - American Style Cream and Onion ,22|935,608.0,0.0,0.0,0.0,0.0,0.0,0.0,0.0,0.0,0.0,608.0,0.0
22,9364,Nuttoz Coconut Chikki Rs 10,22|9364,0.0,0.0,0.0,0.0,0.0,0.0,0.0,0.0,0.0,0.0,0.0,0.0
22,9825,Nuttoz Roasted Cashew Rs 25,22|9825,0.0,0.0,3.0,0.0,0.0,0.0,0.0,0.0,0.0,0.0,0.0,3.0
24,0,Unknown/Unmapped,24|0,0.0,0.0,0.0,94.0,0.0,94.0,0.0,0.0,0.0,55.0,-94.0,39.0
24,10163,Lotus Cold Coffee Classic ,24|10163,0.0,0.0,0.0,67.0,0.0,67.0,0.0,0.0,0.0,67.0,-67.0,0.0
24,10321,Superyou Strawberry Wafer Bar,24|10321,0.0,0.0,0.0,261.0,0.0,261.0,0.0,10.0,0.0,240.0,-251.0,11.0
24,10586,Ritebite Melting Chocolate ,24|10586,0.0,0.0,0.0,39.0,0.0,39.0,0.0,0.0,6.0,29.0,-39.0,4.0
24,10696,Insta Ahaar Classic Masala Poha ,24|10696,0.0,0.0,0.0,8.0,0.0,8.0,0.0,0.0,8.0,0.0,-8.0,0.0
24,10844,Lotus Lassi,24|10844,0.0,0.0,0.0,45.0,0.0,45.0,0.0,15.0,0.0,28.0,-30.0,2.0
24,10845,Lotus Masala Chaach,24|10845,0.0,0.0,0.0,21.0,0.0,21.0,0.0,5.0,1.0,15.0,-16.0,0.0
24,10856,Jimmys Classic Lime Lemonade,24|10856,0.0,0.0,0.0,54.0,0.0,54.0,0.0,1.0,0.0,46.0,-53.0,7.0
24,109,Real Mixed Fruit Juice Rs 20,24|109,0.0,0.0,0.0,176.0,0.0,176.0,1.0,2.0,2.0,174.0,-173.0,-3.0
24,11,Mother Dairy Sweet Lassi,24|11,0.0,0.0,0.0,266.0,0.0,266.0,0.0,27.0,10.0,194.0,-239.0,35.0
24,11008,Reload Orange Rush Drink ,24|11008,0.0,0.0,0.0,53.0,0.0,53.0,0.0,1.0,0.0,48.0,-52.0,4.0
24,11106,Eat Better Millet Namkeen Desi Masala ,24|11106,0.0,0.0,0.0,186.0,0.0,186.0,0.0,5.0,8.0,157.0,-181.0,16.0
24,11146,Swap Lemon Zing ,24|11146,0.0,0.0,0.0,14.0,0.0,14.0,0.0,1.0,0.0,13.0,-13.0,0.0
24,11152,Ella Foods Ready To Eat Poha 65g,24|11152,0.0,0.0,0.0,4.0,0.0,4.0,0.0,0.0,0.0,4.0,-4.0,0.0
24,11171,Superyou Multigrain Super Masala Chips 40,24|11171,0.0,0.0,0.0,249.0,0.0,249.0,0.0,1.0,0.0,247.0,-248.0,1.0
24,11178,Sweet Karam Coffee Potato Chips 30g,24|11178,0.0,0.0,0.0,95.0,0.0,95.0,0.0,2.0,0.0,92.0,-93.0,1.0
24,1120,Fanta Can ,24|1120,0.0,0.0,0.0,15.0,0.0,15.0,0.0,0.0,0.0,9.0,-15.0,6.0
24,11251,Bru Cold Coffee 200 ML,24|11251,0.0,0.0,0.0,8.0,0.0,8.0,0.0,0.0,0.0,7.0,-8.0,1.0
24,11252,Boost Ready To Drink 180 ML,24|11252,0.0,0.0,0.0,8.0,0.0,8.0,0.0,0.0,0.0,0.0,-8.0,8.0
24,11274,Millet Bank Chilli Chataka Stix,24|11274,0.0,0.0,0.0,25.0,0.0,25.0,0.0,4.0,0.0,16.0,-21.0,5.0
24,11388,Lets Try Aloo Bhujia ,24|11388,0.0,0.0,0.0,425.0,0.0,425.0,0.0,0.0,6.0,395.0,-425.0,24.0
24,1143,Nestle Kit Kat,24|1143,0.0,0.0,0.0,155.0,0.0,155.0,0.0,0.0,0.0,134.0,-155.0,21.0
24,11613,Fabeato Korean Kimchi Banana Chips,24|11613,0.0,0.0,0.0,18.0,0.0,18.0,0.0,0.0,0.0,9.0,-18.0,9.0
24,1170,Haldirams NGP Salted Peanut ,24|1170,0.0,0.0,0.0,576.0,0.0,576.0,2.0,58.0,0.0,550.0,-516.0,-34.0
24,12429,Madmix Jowar Bhujia Masala Masti,24|12429,0.0,0.0,0.0,51.0,0.0,51.0,0.0,0.0,0.0,44.0,-51.0,7.0
24,1243,RedBull Rs 125,24|1243,0.0,0.0,0.0,416.0,0.0,416.0,0.0,0.0,0.0,379.0,-416.0,37.0
24,12452,Mcvities Digestive Cookies ,24|12452,0.0,0.0,0.0,48.0,0.0,48.0,0.0,1.0,0.0,45.0,-47.0,2.0
24,12640,Trubeing Roasted Peanuts Plain Salted,24|12640,0.0,0.0,0.0,296.0,0.0,296.0,0.0,13.0,0.0,238.0,-283.0,45.0
24,12644,Trubeing Roasted Makhana Himalayan Pink Salt,24|12644,0.0,0.0,0.0,28.0,0.0,28.0,0.0,0.0,0.0,28.0,-28.0,0.0
24,12650,Trubeing Soya Chips,24|12650,0.0,0.0,0.0,64.0,0.0,64.0,0.0,0.0,0.0,59.0,-64.0,5.0
24,12715,Badiyanath Choco Nuts Protein Bar ,24|12715,0.0,0.0,0.0,64.0,0.0,64.0,0.0,3.0,0.0,29.0,-61.0,32.0
24,12716,Klaw Masala Madness Sticks,24|12716,0.0,0.0,0.0,14.0,0.0,14.0,0.0,0.0,0.0,7.0,-14.0,7.0
24,130,Choco Chips Cookies,24|130,0.0,0.0,0.0,623.0,0.0,623.0,0.0,4.0,4.0,600.0,-619.0,15.0
24,132,Maggi Masala ,24|132,0.0,0.0,0.0,44.0,0.0,44.0,0.0,0.0,0.0,44.0,-44.0,0.0
24,1326,Unibic Choco Chip Cookies ,24|1326,0.0,0.0,0.0,426.0,0.0,426.0,0.0,2.0,0.0,407.0,-424.0,17.0
24,136,Real Guava Juice,24|136,0.0,0.0,0.0,77.0,0.0,77.0,1.0,4.0,0.0,75.0,-72.0,-3.0
24,139,Nestle Classic Chocolate ,24|139,0.0,0.0,0.0,571.0,0.0,571.0,1.0,4.0,1.0,480.0,-566.0,85.0
24,140,Cadbury Dairy Milk Rs 20,24|140,0.0,0.0,0.0,957.0,0.0,957.0,0.0,8.0,0.0,863.0,-949.0,86.0
24,1606,BRB Popped Potato Chips Pasta Cheese ,24|1606,0.0,0.0,0.0,571.0,0.0,571.0,0.0,0.0,1.0,556.0,-571.0,14.0
24,1608,Makino Nacho Chips Jalapeno ,24|1608,0.0,0.0,0.0,1462.0,0.0,1462.0,1.0,37.0,3.0,1397.0,-1424.0,24.0
24,17,McVities Digestive Rs 10,24|17,0.0,0.0,0.0,18.0,0.0,18.0,0.0,1.0,0.0,24.0,-17.0,-7.0
24,170,Limca Can Rs 25,24|170,0.0,0.0,0.0,142.0,0.0,142.0,0.0,2.0,0.0,136.0,-140.0,4.0
24,1738,Maggi Cuppa NDLS Masala Rs 55,24|1738,0.0,0.0,0.0,27.0,0.0,27.0,0.0,0.0,0.0,23.0,-27.0,4.0
24,185,Thums UP CHARGED Rs 20,24|185,0.0,0.0,0.0,85.0,0.0,85.0,0.0,9.0,10.0,67.0,-76.0,-1.0
24,1931,Britannia Jim Jam ,24|1931,0.0,0.0,0.0,5.0,0.0,5.0,0.0,0.0,0.0,5.0,-5.0,0.0
24,203,Sprite Pop Can Rs 25,24|203,0.0,0.0,0.0,137.0,0.0,137.0,1.0,3.0,1.0,131.0,-133.0,1.0
24,2209,Paperboat Chilli Guava Juice Rs 20,24|2209,0.0,0.0,0.0,30.0,0.0,30.0,0.0,3.0,0.0,25.0,-27.0,2.0
24,2239,Cadbury Chocolate Rs 50,24|2239,0.0,0.0,0.0,38.0,0.0,38.0,0.0,0.0,0.0,37.0,-38.0,1.0
24,2330,Bikano Bikaneri Bhujia ,24|2330,0.0,0.0,0.0,1466.0,0.0,1466.0,0.0,18.0,3.0,1437.0,-1448.0,8.0
24,2412,Nescafe Chilled Latte Rs 45,24|2412,0.0,0.0,0.0,639.0,0.0,639.0,0.0,13.0,2.0,589.0,-626.0,35.0
24,252,Thumps Up Can,24|252,0.0,0.0,0.0,8.0,0.0,8.0,0.0,0.0,0.0,0.0,-8.0,8.0
24,2550,Max Protein Desi Masala Rs45,24|2550,0.0,0.0,0.0,395.0,0.0,395.0,0.0,0.0,0.0,385.0,-395.0,10.0
24,261,McVitie's Digestive Biscuits,24|261,0.0,0.0,0.0,597.0,0.0,597.0,0.0,2.0,6.0,548.0,-595.0,41.0
24,3007,MTR Poha,24|3007,0.0,0.0,0.0,6.0,0.0,6.0,0.0,6.0,0.0,0.0,0.0,0.0
24,3011,Cadbury Chocolate Rs 45,24|3011,0.0,0.0,0.0,83.0,0.0,83.0,0.0,2.0,0.0,74.0,-81.0,7.0
24,3092,Alo Frut Kiwi Rs 30,24|3092,0.0,0.0,0.0,168.0,0.0,168.0,0.0,8.0,0.0,156.0,-160.0,4.0
24,3096,Alo Frut Coconut Water Rs 50,24|3096,0.0,0.0,0.0,15.0,0.0,15.0,0.0,10.0,0.0,5.0,-5.0,0.0
24,313,Paperboat Chikki,24|313,0.0,0.0,0.0,16.0,0.0,16.0,0.0,5.0,0.0,11.0,-11.0,0.0
24,318,Coke Zero,24|318,0.0,0.0,0.0,330.0,0.0,330.0,0.0,9.0,2.0,297.0,-321.0,22.0
24,323,Piri Piri Paradise Makhana,24|323,0.0,0.0,0.0,12.0,0.0,12.0,0.0,0.0,0.0,12.0,-12.0,0.0
24,3286,Limca Rs 40,24|3286,0.0,0.0,0.0,142.0,0.0,142.0,0.0,3.0,2.0,129.0,-139.0,8.0
24,3298,Paper Boat Aamras ,24|3298,0.0,0.0,0.0,179.0,0.0,179.0,0.0,6.0,0.0,158.0,-173.0,15.0
24,3810,Lays Wavay Cream Onion Flavour Rs 15,24|3810,0.0,0.0,0.0,860.0,0.0,860.0,4.0,1.0,4.0,829.0,-855.0,22.0
24,4230,Coca Cola Rs 25,24|4230,0.0,0.0,0.0,44.0,0.0,44.0,0.0,0.0,0.0,44.0,-44.0,0.0
24,4238,Fit And Flex Cheesy Cheese Flavour ,24|4238,0.0,0.0,0.0,11.0,0.0,11.0,0.0,0.0,0.0,11.0,-11.0,0.0
24,4242,Max Protein Daily Bar Choco Almond,24|4242,0.0,0.0,0.0,28.0,0.0,28.0,0.0,0.0,0.0,26.0,-28.0,2.0
24,430,Haldiram's Moong Dal Rs 10 ,24|430,0.0,0.0,0.0,462.0,0.0,462.0,1.0,6.0,1.0,442.0,-455.0,12.0
24,46,Paper Boat Coconut Water,24|46,0.0,0.0,0.0,86.0,0.0,86.0,0.0,3.0,7.0,62.0,-83.0,14.0
24,47,Mother Dairy Chocolate shake ,24|47,0.0,0.0,0.0,192.0,0.0,192.0,1.0,6.0,0.0,180.0,-185.0,5.0
24,478,Kit Kat Rs 25,24|478,0.0,0.0,0.0,200.0,0.0,200.0,0.0,0.0,0.0,133.0,-200.0,67.0
24,493,Test Product,24|493,0.0,0.0,0.0,18.0,0.0,18.0,0.0,7.0,0.0,8.0,-11.0,3.0
24,5007,Kurkure Lehar Mast Masala Rs 15,24|5007,0.0,0.0,0.0,421.0,0.0,421.0,0.0,2.0,5.0,399.0,-419.0,15.0
24,5097,Kari Kari Chilli Garlic Rs 20,24|5097,0.0,0.0,0.0,124.0,0.0,124.0,0.0,0.0,0.0,121.0,-124.0,3.0
24,5272,Nutrezy Almond Cranberry Crunchy Bar,24|5272,0.0,0.0,0.0,49.0,0.0,49.0,0.0,5.0,17.0,25.0,-44.0,2.0
24,5283,4700BC 100 Corn Chips Salt And Truffle Rs 20,24|5283,0.0,0.0,0.0,321.0,0.0,321.0,1.0,1.0,1.0,299.0,-319.0,19.0
24,5453,Nestle KitKat ,24|5453,0.0,0.0,0.0,503.0,0.0,503.0,0.0,5.0,3.0,463.0,-498.0,32.0
24,5494,Farmley Roasted Makhana Cream And Onion Rs 30,24|5494,0.0,0.0,0.0,382.0,0.0,382.0,0.0,8.0,1.0,360.0,-374.0,13.0
24,5557,Max Protein Choco Almond Bar Rs 75,24|5557,0.0,0.0,0.0,309.0,0.0,309.0,0.0,7.0,0.0,280.0,-302.0,22.0
24,584,Fanta Can 180 ml Rs 25,24|584,0.0,0.0,0.0,198.0,0.0,198.0,0.0,1.0,0.0,194.0,-197.0,3.0
24,586,Coke Regular Pop Can Rs 25,24|586,0.0,0.0,0.0,22.0,0.0,22.0,0.0,0.0,0.0,22.0,-22.0,0.0
24,61,Paper Boat Lychee Ras Rs 20,24|61,0.0,0.0,0.0,101.0,0.0,101.0,0.0,6.0,0.0,90.0,-95.0,5.0
24,694,Frooti ,24|694,0.0,0.0,0.0,468.0,0.0,468.0,1.0,5.0,5.0,443.0,-462.0,14.0
24,7088,Dates Bites Sachet Rs 40,24|7088,0.0,0.0,0.0,589.0,0.0,589.0,0.0,0.0,0.0,571.0,-589.0,18.0
24,7112,Cheese & Herbs Corn Chips Rs 20,24|7112,0.0,0.0,0.0,65.0,0.0,65.0,0.0,0.0,4.0,54.0,-65.0,7.0
24,7421,Hustle Energy Drink Rs 60,24|7421,0.0,0.0,0.0,40.0,0.0,40.0,0.0,0.0,0.0,38.0,-40.0,2.0
24,789,Knorr - Sweet Corn Soup Veg Rs.10,24|789,0.0,0.0,0.0,18.0,0.0,18.0,0.0,15.0,0.0,2.0,-3.0,1.0
24,796,Mother Dairy Chach Rs 12,24|796,0.0,0.0,0.0,322.0,0.0,322.0,0.0,27.0,3.0,266.0,-295.0,26.0
24,82,Paper Boat Alphonso Aam Rs 25,24|82,0.0,0.0,0.0,366.0,0.0,366.0,0.0,5.0,17.0,318.0,-361.0,26.0
24,8207,Mulberry Zingals Chocolate Slice Cake ,24|8207,0.0,0.0,0.0,23.0,0.0,23.0,0.0,0.0,0.0,22.0,-23.0,1.0
24,8249,Real Coconut Water Rs 35,24|8249,0.0,0.0,0.0,8.0,0.0,8.0,0.0,0.0,0.0,2.0,-8.0,6.0
24,8279,Lotus Thandai Badam Milk ,24|8279,0.0,0.0,0.0,97.0,0.0,97.0,0.0,0.0,0.0,90.0,-97.0,7.0
24,8287,Wonderland Foods Almond Roasted & Salted,24|8287,0.0,0.0,0.0,331.0,0.0,331.0,0.0,21.0,0.0,278.0,-310.0,32.0
24,8521,Jameson Ginger Ale Rs 100,24|8521,0.0,0.0,0.0,12.0,0.0,12.0,0.0,0.0,1.0,11.0,-12.0,0.0
24,891,RiteBite Peanut Butter,24|891,0.0,0.0,0.0,94.0,0.0,94.0,0.0,4.0,0.0,95.0,-90.0,-5.0
24,8910,45 Energy Drink Blue Rush Rs 80,24|8910,0.0,0.0,0.0,6.0,0.0,6.0,0.0,3.0,0.0,3.0,-3.0,0.0
24,9089,Mountain Tribe Gingerade Kombucha ,24|9089,0.0,0.0,0.0,19.0,0.0,19.0,0.0,6.0,0.0,7.0,-13.0,6.0
24,929,Sprite750ml,24|929,0.0,0.0,0.0,66.0,0.0,66.0,0.0,0.0,0.0,66.0,-66.0,0.0
24,935,Lays - American Style Cream and Onion ,24|935,0.0,0.0,0.0,26.0,0.0,26.0,0.0,0.0,0.0,26.0,-26.0,0.0
24,984,Appy 200ml Rs 15,24|984,0.0,0.0,0.0,273.0,0.0,273.0,0.0,8.0,1.0,254.0,-265.0,10.0
24,9912,4700 BC Sea Salt Protein Pops ,24|9912,0.0,0.0,0.0,91.0,0.0,91.0,2.0,0.0,0.0,91.0,-89.0,-2.0
24,9925,Sugar Free Diet Mocha Hazelnut Cookies ,24|9925,0.0,0.0,0.0,13.0,0.0,13.0,0.0,5.0,0.0,7.0,-8.0,1.0
24,9994,Fit & flex Masala Protein Puffs ,24|9994,0.0,0.0,0.0,44.0,0.0,44.0,0.0,0.0,0.0,43.0,-44.0,1.0
24,9996,Welbe Plain Murukku ,24|9996,0.0,0.0,0.0,79.0,0.0,79.0,0.0,13.0,5.0,92.0,-66.0,-31.0
3,0,Unknown/Unmapped,3|0,18973.0,0.0,0.0,9027.0,0.0,9027.0,9.0,339.0,2.0,6323.0,10294.0,2354.0
3,1,Soya Masala Snacker,3|1,0.0,0.0,0.0,0.0,0.0,0.0,0.0,0.0,0.0,0.0,0.0,0.0
3,10114,Nutrezy Raisin Omega & Crunch Trail Mix,3|10114,2620.0,0.0,0.0,2746.0,0.0,2746.0,5.0,500.0,3.0,2116.0,379.0,122.0
3,1023,Britannia Chocolate Shake Rs 35,3|1023,0.0,0.0,0.0,0.0,0.0,0.0,0.0,0.0,0.0,0.0,0.0,0.0
3,10390,Sweet Karam Coffee Madras Mixture,3|10390,6300.0,0.0,0.0,4910.0,0.0,4910.0,8.0,504.0,303.0,3999.0,1902.0,96.0
3,1054,Cavins Strawberry Milk Shake Rs 35,3|1054,0.0,0.0,0.0,0.0,0.0,0.0,0.0,0.0,0.0,0.0,0.0,0.0
3,1059,Cavin's Spiced Butter Milk Rs 15,3|1059,0.0,0.0,0.0,13.0,0.0,13.0,0.0,7.0,0.0,6.0,-6.0,0.0
3,1069, Sunfeast Dark Fantasy Choco Fill Cookies Rs 10,3|1069,10596.0,2007.0,110.0,12755.0,0.0,12755.0,5.0,859.0,23.0,12309.0,712.0,-331.0
3,10696,Insta Ahaar Classic Masala Poha ,3|10696,1560.0,0.0,0.0,1004.0,0.0,1004.0,1.0,476.0,141.0,370.0,1033.0,16.0
3,10698,Insta Ahaar Cuppa Masala Oats ,3|10698,252.0,0.0,0.0,161.0,0.0,161.0,1.0,65.0,53.0,47.0,157.0,-5.0
3,10724,Bru Cold Coffee ,3|10724,1420.0,0.0,0.0,415.0,0.0,415.0,0.0,76.0,0.0,321.0,1081.0,18.0
3,10844,Lotus Lassi,3|10844,2568.0,0.0,0.0,2602.0,0.0,2602.0,0.0,269.0,53.0,2261.0,235.0,19.0
3,10845,Lotus Masala Chaach,3|10845,5208.0,0.0,0.0,5289.0,0.0,5289.0,4.0,318.0,264.0,4656.0,241.0,47.0
3,10857,Swizzle Desi Lemonade ,3|10857,792.0,0.0,0.0,527.0,0.0,527.0,0.0,57.0,0.0,259.0,322.0,211.0
3,109,Real Mixed Fruit Juice Rs 20,3|109,1800.0,0.0,0.0,341.0,0.0,341.0,0.0,39.0,0.0,251.0,1498.0,51.0
3,1104,Haldirams NGP Lite Chiwda Rs 10,3|1104,0.0,0.0,0.0,0.0,0.0,0.0,0.0,0.0,0.0,0.0,0.0,0.0
3,11152,Ella Foods Ready To Eat Poha 65g,3|11152,984.0,0.0,0.0,1006.0,0.0,1006.0,1.0,286.0,116.0,512.0,265.0,91.0
3,11171,Superyou Multigrain Super Masala Chips 40,3|11171,5256.0,0.0,0.0,4803.0,0.0,4803.0,5.0,622.0,215.0,3889.0,1080.0,72.0
3,11251,Bru Cold Coffee 200 ML,3|11251,960.0,0.0,0.0,1996.0,0.0,1996.0,2.0,247.0,1.0,1715.0,-787.0,31.0
3,11252,Boost Ready To Drink 180 ML,3|11252,450.0,0.0,0.0,550.0,0.0,550.0,0.0,152.0,6.0,402.0,52.0,-10.0
3,11274,Millet Bank Chilli Chataka Stix,3|11274,5400.0,0.0,0.0,4425.0,0.0,4425.0,4.0,568.0,227.0,3586.0,1547.0,40.0
3,11388,Lets Try Aloo Bhujia ,3|11388,23040.0,0.0,0.0,16489.0,0.0,16489.0,6.0,613.0,27.0,15362.0,7170.0,481.0
3,114,Coke Regular Can Rs 35,3|114,0.0,0.0,0.0,0.0,0.0,0.0,0.0,0.0,0.0,0.0,0.0,0.0
3,11431,Stuffed Bread Roll,3|11431,40.0,0.0,0.0,0.0,0.0,0.0,0.0,0.0,0.0,0.0,40.0,0.0
3,11532,Panner Pakora,3|11532,30.0,0.0,0.0,0.0,0.0,0.0,0.0,0.0,0.0,0.0,30.0,0.0
3,11536,Paneer Roll,3|11536,20.0,0.0,0.0,0.0,0.0,0.0,0.0,0.0,0.0,0.0,20.0,0.0
3,11613,Fabeato Korean Kimchi Banana Chips,3|11613,5250.0,0.0,0.0,4895.0,0.0,4895.0,4.0,379.0,94.0,4129.0,738.0,289.0
3,11617,Butter Popcorn Jumbo Pack,3|11617,1440.0,0.0,0.0,1504.0,0.0,1504.0,0.0,163.0,0.0,1241.0,99.0,100.0
3,1170,Haldirams NGP Salted Peanut ,3|1170,0.0,771.0,47.0,0.0,0.0,0.0,0.0,0.0,0.0,0.0,771.0,47.0
3,1189,Soulfull Ragi Bites Choco Fills Rs 20,3|1189,0.0,0.0,0.0,0.0,0.0,0.0,0.0,0.0,0.0,0.0,0.0,0.0
3,1192,Coca Cola Kinley 300ml Rs 8,3|1192,0.0,11.0,1.0,0.0,0.0,0.0,0.0,0.0,0.0,0.0,11.0,1.0
3,11988,Swap Aam Panna Rs 60,3|11988,960.0,0.0,0.0,685.0,0.0,685.0,5.0,107.0,205.0,267.0,387.0,101.0
3,12013,Volls Sante Strawberry Protein Bar Rs 90,3|12013,808.0,0.0,0.0,321.0,0.0,321.0,2.0,48.0,0.0,251.0,537.0,20.0
3,124,Sprite Rs 20,3|124,0.0,154.0,8.0,0.0,0.0,0.0,0.0,0.0,0.0,0.0,154.0,8.0
3,12429,Madmix Jowar Bhujia Masala Masti,3|12429,2600.0,0.0,0.0,1297.0,0.0,1297.0,1.0,72.0,0.0,895.0,1376.0,329.0
3,1243,RedBull Rs 125,3|1243,0.0,0.0,0.0,0.0,0.0,0.0,0.0,0.0,0.0,0.0,0.0,0.0
3,125,Fanta Pet 250ml Rs 20,3|125,0.0,0.0,0.0,0.0,0.0,0.0,0.0,0.0,0.0,0.0,0.0,0.0
3,12579,Ocean Crispy Orange Apple Fruit Drink Rs 38,3|12579,828.0,0.0,0.0,885.0,0.0,885.0,0.0,143.0,0.0,752.0,86.0,-10.0
3,126,Coke Regular Pet 250ml Rs 20,3|126,840.0,471.0,25.0,910.0,0.0,910.0,0.0,60.0,0.0,847.0,461.0,28.0
3,12640,Trubeing Roasted Peanuts Plain Salted,3|12640,10080.0,0.0,0.0,4824.0,0.0,4824.0,5.0,306.0,0.0,4084.0,5567.0,429.0
3,12644,Trubeing Roasted Makhana Himalayan Pink Salt,3|12644,4380.0,0.0,0.0,995.0,0.0,995.0,0.0,203.0,0.0,669.0,3588.0,123.0
3,12650,Trubeing Soya Chips,3|12650,2430.0,0.0,0.0,2002.0,0.0,2002.0,1.0,87.0,0.0,1707.0,516.0,207.0
3,12716,Klaw Masala Madness Sticks,3|12716,1500.0,0.0,0.0,838.0,0.0,838.0,0.0,55.0,0.0,557.0,717.0,226.0
3,13,Cornitos Nachos - Cheese and Herbs,3|13,0.0,0.0,0.0,0.0,0.0,0.0,0.0,0.0,0.0,0.0,0.0,0.0
3,130,Choco Chips Cookies,3|130,18816.0,0.0,0.0,15307.0,0.0,15307.0,11.0,902.0,678.0,13010.0,4422.0,706.0
3,1301,Maggi Cuppa Noodles Masala ,3|1301,0.0,0.0,0.0,1293.0,0.0,1293.0,4.0,92.0,6.0,1270.0,-1197.0,-79.0
3,13018,ThumsUp Pet Bottle Rs 30,3|13018,1800.0,0.0,0.0,1537.0,0.0,1537.0,0.0,95.0,0.0,1417.0,358.0,25.0
3,13031,Volls Sante Strawberry Protein Bar Rs 80,3|13031,288.0,0.0,0.0,210.0,0.0,210.0,0.0,18.0,0.0,134.0,96.0,58.0
3,132,Maggi Masala ,3|132,0.0,0.0,0.0,0.0,0.0,0.0,0.0,0.0,0.0,0.0,0.0,0.0
3,1326,Unibic Choco Chip Cookies ,3|1326,6528.0,0.0,0.0,5474.0,0.0,5474.0,6.0,428.0,8.0,4629.0,1488.0,403.0
3,1383,Nestle Kitkat Rs 10,3|1383,0.0,1.0,0.0,30.0,0.0,30.0,0.0,0.0,0.0,29.0,-29.0,1.0
3,140,Cadbury Dairy Milk Rs 20,3|140,264.0,0.0,0.0,101.0,0.0,101.0,0.0,24.0,0.0,66.0,187.0,11.0
3,143,Minute Maid Mixed Fruit Rs 10,3|143,0.0,0.0,0.0,0.0,0.0,0.0,0.0,0.0,0.0,0.0,0.0,0.0
3,1482,Parle Agro Appy Fizz ,3|1482,0.0,0.0,0.0,0.0,0.0,0.0,0.0,0.0,0.0,0.0,0.0,0.0
3,15,Vermicelli Upma,3|15,274.0,0.0,2.0,266.0,0.0,266.0,2.0,5.0,36.0,225.0,15.0,0.0
3,1606,BRB Popped Potato Chips Pasta Cheese ,3|1606,26416.0,1217.0,64.0,26362.0,0.0,26362.0,19.0,2230.0,21.0,23697.0,3520.0,459.0
3,1608,Makino Nacho Chips Jalapeno ,3|1608,24780.0,1602.0,84.0,26381.0,0.0,26381.0,8.0,1600.0,34.0,25186.0,1609.0,-363.0
3,1623,Cadbury Dairy Milk Chocolate Rs 50,3|1623,0.0,529.0,28.0,912.0,0.0,912.0,3.0,170.0,0.0,1183.0,-210.0,-416.0
3,1636,Kurkure Solid Masti Rs 20,3|1636,30200.0,1204.0,63.0,24707.0,0.0,24707.0,23.0,734.0,5.0,24124.0,7454.0,-116.0
3,169,Minute Maid Guava Rs 20,3|169,600.0,300.0,16.0,625.0,0.0,625.0,1.0,29.0,0.0,601.0,305.0,10.0
3,170,Limca Can Rs 25,3|170,0.0,0.0,0.0,0.0,0.0,0.0,0.0,0.0,0.0,0.0,0.0,0.0
3,1708,Mirinda Orange Rs20,3|1708,0.0,0.0,0.0,0.0,0.0,0.0,0.0,0.0,0.0,0.0,0.0,0.0
3,172,Cadbury Fruit and Nut ,3|172,0.0,658.0,35.0,15.0,0.0,15.0,0.0,8.0,0.0,31.0,651.0,11.0
3,177,Minute Maid Pulpy Orange,3|177,0.0,0.0,0.0,0.0,0.0,0.0,0.0,0.0,0.0,0.0,0.0,0.0
3,18,Red Bull Rs 115,3|18,0.0,0.0,0.0,0.0,0.0,0.0,0.0,0.0,0.0,0.0,0.0,0.0
3,1807,Nescafe Chilled Latte Rs 40,3|1807,0.0,0.0,0.0,0.0,0.0,0.0,0.0,0.0,0.0,0.0,0.0,0.0
3,185,Thums UP CHARGED Rs 20,3|185,0.0,0.0,0.0,76.0,0.0,76.0,0.0,1.0,0.0,69.0,-75.0,6.0
3,1937,Amul Dark Chocolate Rs 25,3|1937,0.0,0.0,0.0,0.0,0.0,0.0,0.0,0.0,0.0,0.0,0.0,0.0
3,1985,Amul Kool Kesar ,3|1985,0.0,0.0,0.0,0.0,0.0,0.0,0.0,0.0,0.0,0.0,0.0,0.0
3,2003,Amul Chocolate Cookies Rs 18,3|2003,0.0,0.0,0.0,0.0,0.0,0.0,0.0,0.0,0.0,0.0,0.0,0.0
3,203,Sprite Pop Can Rs 25,3|203,27036.0,322.0,17.0,26156.0,6.0,26162.0,18.0,623.0,11.0,25541.0,1837.0,-14.0
3,2064,Sunfeast All Rounder Rs25,3|2064,0.0,0.0,0.0,22.0,0.0,22.0,0.0,6.0,0.0,15.0,-16.0,1.0
3,2090,Bingo Tedhe Medhe Masala Tadka Rs 15,3|2090,0.0,174.0,9.0,0.0,0.0,0.0,0.0,0.0,0.0,0.0,174.0,9.0
3,215,Besan Cheela with Bread Butter,3|215,0.0,0.0,0.0,0.0,0.0,0.0,0.0,0.0,0.0,0.0,0.0,0.0
3,2230,Sunfeast Dark Fantasy Bourbon Rs20,3|2230,0.0,0.0,0.0,1.0,0.0,1.0,0.0,1.0,0.0,0.0,0.0,0.0
3,2239,Cadbury Chocolate Rs 50,3|2239,16905.0,0.0,4.0,15826.0,0.0,15826.0,6.0,1026.0,9.0,13819.0,2111.0,970.0
3,224,Amul Kool Cafe Rs 30,3|224,0.0,3.0,0.0,0.0,0.0,0.0,0.0,0.0,0.0,0.0,3.0,0.0
3,24,Rajma-Chawal Combo,3|24,647.0,0.0,7.0,653.0,0.0,653.0,0.0,51.0,108.0,489.0,45.0,12.0
3,2412,Nescafe Chilled Latte Rs 45,3|2412,1950.0,109.0,6.0,2068.0,0.0,2068.0,1.0,153.0,0.0,1902.0,145.0,18.0
3,253,Nescafe Chilled Latte ,3|253,0.0,0.0,0.0,0.0,0.0,0.0,0.0,0.0,0.0,0.0,0.0,0.0
3,261,McVitie's Digestive Biscuits,3|261,13392.0,3.0,0.0,10357.0,0.0,10357.0,5.0,965.0,9.0,8884.0,4008.0,494.0
3,2760,Puzzles Khatta Meetha Rs10,3|2760,0.0,432.0,23.0,237.0,0.0,237.0,0.0,2.0,0.0,271.0,197.0,-13.0
3,278,Unibic Chocolate Cookies,3|278,0.0,0.0,0.0,19.0,0.0,19.0,0.0,13.0,0.0,10.0,-6.0,-4.0
3,282,Too Yumm Veggie Stix Cheese & Herbs Rs 20,3|282,2320.0,31.0,21.0,0.0,0.0,0.0,0.0,0.0,0.0,0.0,2351.0,21.0
3,290,Kurkure Masala Munch ,3|290,0.0,122.0,6.0,0.0,0.0,0.0,0.0,0.0,0.0,0.0,122.0,6.0
3,291,Lay's American style Cream & Onion Rs 10,3|291,0.0,133.0,9.0,215.0,0.0,215.0,0.0,17.0,0.0,196.0,-65.0,11.0
3,297,Sabudana Khichdi,3|297,269.0,0.0,0.0,257.0,0.0,257.0,0.0,10.0,39.0,207.0,22.0,1.0
3,2987,Wingreen Naan chips Tez tandoori Rs 20,3|2987,0.0,66.0,3.0,0.0,0.0,0.0,0.0,0.0,0.0,0.0,66.0,3.0
3,306,Hazelnut Latte,3|306,0.0,0.0,0.0,0.0,0.0,0.0,0.0,0.0,0.0,0.0,0.0,0.0
3,3070,Americana  Cheese Cracker Biscuits  Rs 10,3|3070,0.0,0.0,0.0,0.0,0.0,0.0,0.0,0.0,0.0,0.0,0.0,0.0
3,3081,Cornitos Nachos Tikka Masala ,3|3081,0.0,0.0,0.0,0.0,0.0,0.0,0.0,0.0,0.0,0.0,0.0,0.0
3,3092,Alo Frut Kiwi Rs 30,3|3092,15264.0,1505.0,79.0,17619.0,0.0,17619.0,16.0,1676.0,40.0,16076.0,842.0,-110.0
3,3131,Sunfeast Dark Fantasy Choco Cream Rs 30,3|3131,0.0,0.0,0.0,0.0,0.0,0.0,0.0,0.0,0.0,0.0,0.0,0.0
3,318,Coke Zero,3|318,18336.0,495.0,26.0,17864.0,6.0,17870.0,16.0,539.0,110.0,17352.0,1516.0,-121.0
3,3298,Paper Boat Aamras ,3|3298,2475.0,0.0,0.0,1713.0,0.0,1713.0,1.0,186.0,0.0,1426.0,949.0,100.0
3,33,Kadi Pakora with Steamed Rice,3|33,0.0,0.0,0.0,0.0,0.0,0.0,0.0,0.0,0.0,0.0,0.0,0.0
3,331,Britannia Veg Cake Fruity Fun Rs 20,3|331,3000.0,0.0,0.0,2909.0,0.0,2909.0,1.0,189.0,33.0,2547.0,281.0,139.0
3,3427,Amul Lassi Rs 17,3|3427,0.0,0.0,0.0,0.0,0.0,0.0,0.0,0.0,0.0,0.0,0.0,0.0
3,3522,Aloo Parantha SPL,3|3522,0.0,0.0,0.0,0.0,0.0,0.0,0.0,0.0,0.0,0.0,0.0,0.0
3,3531,Sabudana Khichdi SPL,3|3531,0.0,0.0,0.0,0.0,0.0,0.0,0.0,0.0,0.0,0.0,0.0,0.0
3,3542,Taali Masala Mania Protien Puffs Rs 20,3|3542,0.0,128.0,7.0,0.0,0.0,0.0,0.0,0.0,0.0,0.0,128.0,7.0
3,38,Amul Masti Buttermilk Rs 10,3|38,0.0,0.0,0.0,0.0,0.0,0.0,0.0,0.0,0.0,0.0,0.0,0.0
3,3884,Corn Capsicum Tandoori Sandwich SPL,3|3884,35.0,0.0,0.0,0.0,0.0,0.0,0.0,0.0,0.0,0.0,35.0,0.0
3,392,Test,3|392,0.0,0.0,0.0,0.0,0.0,0.0,0.0,0.0,0.0,0.0,0.0,0.0
3,401,Bingo - Potato Chips Masala,3|401,8018.0,439.0,29.0,10838.0,0.0,10838.0,4.0,501.0,12.0,10416.0,-1876.0,-66.0
3,4036,Snickers Kesar Pista Stick Rs 30,3|4036,4632.0,0.0,0.0,3922.0,0.0,3922.0,2.0,219.0,0.0,3131.0,931.0,570.0
3,4133,Round Box 300ml PP container with Lid,3|4133,1602.0,292.0,15.0,0.0,0.0,0.0,0.0,0.0,0.0,0.0,1894.0,15.0
3,4238,Fit And Flex Cheesy Cheese Flavour ,3|4238,720.0,626.0,33.0,1448.0,0.0,1448.0,2.0,470.0,52.0,1161.0,370.0,-204.0
3,430,Haldiram's Moong Dal Rs 10 ,3|430,0.0,0.0,17.0,0.0,0.0,0.0,0.0,0.0,0.0,0.0,0.0,17.0
3,4330,Sting,3|4330,0.0,0.0,4.0,0.0,0.0,0.0,0.0,0.0,0.0,0.0,0.0,4.0
3,434,Uncle Chips - Spicy Treat,3|434,0.0,0.0,3.0,24.0,0.0,24.0,0.0,0.0,0.0,22.0,-24.0,5.0
3,4545,Snickers chocolate bar Rs 50,3|4545,6336.0,343.0,18.0,6423.0,0.0,6423.0,4.0,588.0,1.0,5999.0,848.0,-151.0
3,4571,Maggi Cup Noodles Delicious masala flavour,3|4571,1056.0,118.0,6.0,107.0,0.0,107.0,0.0,13.0,3.0,94.0,1080.0,3.0
3,46,Paper Boat Coconut Water,3|46,0.0,0.0,0.0,0.0,0.0,0.0,0.0,0.0,0.0,0.0,0.0,0.0
3,478,Kit Kat Rs 25,3|478,2268.0,908.0,48.0,2488.0,0.0,2488.0,0.0,234.0,0.0,2278.0,922.0,24.0
3,4818,Mario Coconut Crunchy Rs 10,3|4818,0.0,0.0,0.0,0.0,0.0,0.0,0.0,0.0,0.0,0.0,0.0,0.0
3,493,Test Product,3|493,0.0,0.0,0.0,3484.0,342.0,3826.0,13.0,2241.0,25.0,1611.0,-1572.0,-64.0
3,4977,Veggie Mint Sauce Sandwich,3|4977,0.0,0.0,0.0,0.0,0.0,0.0,0.0,0.0,0.0,0.0,0.0,0.0
3,5069,Lahori Jeera Rs 10,3|5069,0.0,124.0,7.0,0.0,0.0,0.0,0.0,0.0,0.0,0.0,124.0,7.0
3,5097,Kari Kari Chilli Garlic Rs 20,3|5097,5620.0,735.0,39.0,5311.0,0.0,5311.0,1.0,1074.0,429.0,3758.0,2119.0,88.0
3,5283,4700BC 100 Corn Chips Salt And Truffle Rs 20,3|5283,5680.0,0.0,0.0,6449.0,0.0,6449.0,3.0,870.0,18.0,5504.0,104.0,54.0
3,5419,Mcvities Butter Cookies ,3|5419,4320.0,0.0,0.0,3726.0,0.0,3726.0,9.0,198.0,0.0,3301.0,801.0,218.0
3,542,Limca 250ml Pet Rs 20,3|542,0.0,0.0,0.0,0.0,0.0,0.0,0.0,0.0,0.0,0.0,0.0,0.0
3,5453,Nestle KitKat ,3|5453,7182.0,119.0,6.0,8982.0,0.0,8982.0,3.0,595.0,11.0,8197.0,-1083.0,182.0
3,5485,Bonn Choco Chip Cookies Rs 10,3|5485,1680.0,0.0,0.0,6985.0,0.0,6985.0,3.0,216.0,5.0,6707.0,-5086.0,54.0
3,5494,Farmley Roasted Makhana Cream And Onion Rs 30,3|5494,8960.0,921.0,48.0,10084.0,6.0,10090.0,8.0,989.0,70.0,9105.0,788.0,-34.0
3,575,Frooti Rs 10,3|575,0.0,0.0,2.0,0.0,0.0,0.0,0.0,0.0,0.0,0.0,0.0,2.0
3,586,Coke Regular Pop Can Rs 25,3|586,576.0,0.0,0.0,678.0,0.0,678.0,0.0,32.0,0.0,640.0,-70.0,6.0
3,600,Garden Mini Bhakarwadi Rs 10,3|600,0.0,0.0,0.0,1.0,0.0,1.0,0.0,1.0,0.0,0.0,0.0,0.0
3,61,Paper Boat Lychee Ras Rs 20,3|61,0.0,0.0,0.0,6.0,0.0,6.0,0.0,0.0,0.0,6.0,-6.0,0.0
3,6482,Tong Garden Onion & Garlic Small Green Peas ,3|6482,0.0,205.0,11.0,10.0,0.0,10.0,0.0,1.0,0.0,42.0,196.0,-22.0
3,663,Britannia Veg Cake Chocolate Rs 20,3|663,4320.0,327.0,23.0,4595.0,0.0,4595.0,9.0,340.0,153.0,4111.0,401.0,5.0
3,678,Britannia Bourbon-Rs 10,3|678,30744.0,1255.0,74.0,26061.0,0.0,26061.0,27.0,969.0,24.0,24910.0,6934.0,205.0
3,690,Amul Lassi Rs 15,3|690,12450.0,1005.0,53.0,12324.0,0.0,12324.0,6.0,513.0,1.0,11751.0,1650.0,106.0
3,691,Britannia Chocolate Shake Rs 30 ,3|691,0.0,0.0,0.0,0.0,0.0,0.0,0.0,0.0,0.0,0.0,0.0,0.0
3,693,Snickers,3|693,5184.0,502.0,26.0,6316.0,0.0,6316.0,1.0,1026.0,16.0,5531.0,397.0,-232.0
3,699,Aloo Bread Toast,3|699,273.0,0.0,0.0,275.0,0.0,275.0,0.0,18.0,30.0,227.0,16.0,0.0
3,703,Home Style Macroni,3|703,794.0,0.0,0.0,779.0,0.0,779.0,2.0,43.0,204.0,536.0,60.0,-6.0
3,7088,Dates Bites Sachet Rs 40,3|7088,1944.0,170.0,9.0,2795.0,0.0,2795.0,1.0,338.0,7.0,2681.0,-342.0,-223.0
3,7112,Cheese & Herbs Corn Chips Rs 20,3|7112,2112.0,0.0,0.0,2268.0,0.0,2268.0,1.0,281.0,9.0,1948.0,126.0,29.0
3,713,Raw Coconut Water Rs 60,3|713,0.0,0.0,2.0,0.0,0.0,0.0,0.0,0.0,0.0,0.0,0.0,2.0
3,7214,The Theatre Project Popcorn Cheddar Cheese Rs 20,3|7214,0.0,0.0,4.0,47.0,0.0,47.0,0.0,1.0,25.0,106.0,-46.0,-81.0
3,73,Cavin's Lassi,3|73,13800.0,154.0,8.0,10398.0,0.0,10398.0,4.0,919.0,179.0,8969.0,4479.0,335.0
3,7482,Farmley Masala Munchies ,3|7482,0.0,0.0,0.0,44.0,0.0,44.0,0.0,4.0,0.0,43.0,-40.0,-3.0
3,764,Amul Milk Chocolate Rs 25,3|764,12000.0,263.0,16.0,12235.0,0.0,12235.0,1.0,462.0,85.0,11632.0,491.0,71.0
3,766,Amul Rose Lassi Rs 20 ,3|766,12300.0,822.0,45.0,12316.0,0.0,12316.0,3.0,362.0,10.0,11874.0,1171.0,112.0
3,769,Cadbury Dairy Milk Rs.10,3|769,17040.0,2032.0,107.0,15315.0,0.0,15315.0,8.0,870.0,2.0,14017.0,4635.0,525.0
3,777,Big Box 500ml PP Container ,3|777,0.0,0.0,0.0,0.0,0.0,0.0,0.0,0.0,0.0,0.0,0.0,0.0
3,7786,Taali Sriracha Spice Rs 40,3|7786,0.0,257.0,14.0,0.0,0.0,0.0,0.0,0.0,0.0,3.0,257.0,11.0
3,7792,Solh Cold Coffee Mocha Rs 50,3|7792,0.0,244.0,13.0,0.0,0.0,0.0,0.0,0.0,0.0,0.0,244.0,13.0
3,786,Maa-Chana Daal Rice Comboo,3|786,0.0,0.0,0.0,0.0,0.0,0.0,0.0,0.0,0.0,0.0,0.0,0.0
3,7925,Vermicelli Upma SPL,3|7925,0.0,0.0,0.0,0.0,0.0,0.0,0.0,0.0,0.0,0.0,0.0,0.0
3,799,Mr Makhana Cream & Onion,3|799,0.0,0.0,0.0,0.0,0.0,0.0,0.0,0.0,0.0,0.0,0.0,0.0
3,80,Cavin's Spiced ButterMilk,3|80,14700.0,249.0,13.0,11692.0,0.0,11692.0,11.0,1131.0,56.0,10223.0,4399.0,284.0
3,814,Ritebite Sport Bar Almond Mocha,3|814,3384.0,0.0,0.0,2569.0,0.0,2569.0,1.0,150.0,12.0,2046.0,966.0,360.0
3,82,Paper Boat Alphonso Aam Rs 25,3|82,5085.0,0.0,0.0,2512.0,0.0,2512.0,1.0,178.0,0.0,1815.0,2752.0,518.0
3,8207,Mulberry Zingals Chocolate Slice Cake ,3|8207,7200.0,0.0,0.0,6882.0,0.0,6882.0,3.0,687.0,185.0,5935.0,1008.0,72.0
3,824,Mr Makhana Piri Piri Rs 35,3|824,0.0,0.0,0.0,0.0,0.0,0.0,0.0,0.0,0.0,0.0,0.0,0.0
3,825,Amul Masti Buttermilk Rs 12,3|825,0.0,0.0,0.0,0.0,0.0,0.0,0.0,0.0,0.0,0.0,0.0,0.0
3,8279,Lotus Thandai Badam Milk ,3|8279,2250.0,592.0,31.0,2978.0,0.0,2978.0,1.0,574.0,34.0,2810.0,439.0,-410.0
3,8282,Adishtu Strawberry Energy Bar Rs 75,3|8282,0.0,0.0,5.0,0.0,0.0,0.0,0.0,0.0,0.0,0.0,0.0,5.0
3,8287,Wonderland Foods Almond Roasted & Salted,3|8287,5400.0,450.0,24.0,7812.0,0.0,7812.0,6.0,2190.0,192.0,5739.0,234.0,-291.0
3,8521,Jameson Ginger Ale Rs 100,3|8521,840.0,0.0,0.0,1012.0,0.0,1012.0,0.0,285.0,72.0,675.0,113.0,-20.0
3,856,Amul Masti Buttermilk Rs 14,3|856,0.0,0.0,0.0,0.0,0.0,0.0,0.0,0.0,0.0,0.0,0.0,0.0
3,891,RiteBite Peanut Butter,3|891,1008.0,0.0,0.0,217.0,0.0,217.0,2.0,80.0,0.0,114.0,873.0,21.0
3,895,Britannia Little Hearts- Rs20,3|895,0.0,0.0,0.0,0.0,0.0,0.0,0.0,0.0,0.0,0.0,0.0,0.0
3,9023,Aloo Paratha ,3|9023,0.0,0.0,0.0,0.0,0.0,0.0,0.0,0.0,0.0,0.0,0.0,0.0
3,9024,Kadi Pakora With Steamed Rice ,3|9024,481.0,0.0,0.0,450.0,0.0,450.0,1.0,38.0,127.0,304.0,70.0,-20.0
3,9029,Matar Kulcha Sandwich ,3|9029,1630.0,0.0,2.0,1534.0,0.0,1534.0,2.0,107.0,453.0,1073.0,205.0,-99.0
3,9083,Meow Crispy Himalayan Pink Salt Rs 30,3|9083,0.0,549.0,34.0,0.0,0.0,0.0,0.0,4.0,0.0,6.0,553.0,24.0
3,9089,Mountain Tribe Gingerade Kombucha ,3|9089,792.0,0.0,0.0,712.0,0.0,712.0,0.0,138.0,0.0,399.0,218.0,175.0
3,9191,Nuttoz Roasted Peanuts Rs 20,3|9191,0.0,621.0,33.0,122.0,0.0,122.0,1.0,51.0,26.0,172.0,551.0,-95.0
3,929,Sprite750ml,3|929,0.0,0.0,0.0,20.0,0.0,20.0,0.0,0.0,0.0,20.0,-20.0,0.0
3,935,Lays - American Style Cream and Onion ,3|935,68040.0,1726.0,95.0,63267.0,0.0,63267.0,43.0,1533.0,28.0,61315.0,8075.0,443.0
3,94,Maaza Tetrapack Rs 10,3|94,0.0,946.0,50.0,0.0,0.0,0.0,0.0,0.0,0.0,0.0,946.0,50.0
3,95,Parle Appy Rs 10,3|95,0.0,0.0,3.0,58.0,0.0,58.0,0.0,0.0,0.0,57.0,-58.0,4.0
3,9655,Kakaji Cream & Onion Chips ,3|9655,1500.0,461.0,24.0,2433.0,0.0,2433.0,2.0,283.0,205.0,2154.0,-187.0,-187.0
3,9656,Kakaji Bikaneri Bhujia Rs 10,3|9656,6480.0,628.0,33.0,7856.0,0.0,7856.0,6.0,489.0,38.0,7554.0,-253.0,-198.0
3,9825,Nuttoz Roasted Cashew Rs 25,3|9825,0.0,0.0,0.0,39.0,0.0,39.0,0.0,51.0,5.0,54.0,12.0,-71.0
3,9912,4700 BC Sea Salt Protein Pops ,3|9912,2970.0,0.0,0.0,2123.0,0.0,2123.0,1.0,89.0,3.0,1786.0,937.0,244.0
3,998,Amul Butter Cookies Coconut Rs 20,3|998,0.0,0.0,0.0,0.0,0.0,0.0,0.0,0.0,0.0,0.0,0.0,0.0
3,9996,Welbe Plain Murukku ,3|9996,1440.0,478.0,25.0,2461.0,0.0,2461.0,1.0,314.0,56.0,2543.0,-228.0,-428.0
4,0,Unknown/Unmapped,4|0,24696.0,0.0,4.0,16411.0,1.0,16412.0,26.0,535.0,0.0,10349.0,8845.0,5506.0
4,10109,Fabeato Salt & Pepper Cashews,4|10109,5100.0,285.0,15.0,7467.0,0.0,7467.0,4.0,2097.0,47.0,5182.0,19.0,152.0
4,10114,Nutrezy Raisin Omega & Crunch Trail Mix,4|10114,12600.0,0.0,0.0,13755.0,10.0,13765.0,12.0,2903.0,13.0,9839.0,1750.0,998.0
4,1023,Britannia Chocolate Shake Rs 35,4|1023,0.0,2575.0,140.0,1073.0,2.0,1075.0,8.0,239.0,10.0,1005.0,1747.0,-47.0
4,1032,Snickers Rs 40,4|1032,0.0,0.0,0.0,30.0,0.0,30.0,0.0,14.0,0.0,16.0,-16.0,0.0
4,10321,Superyou Strawberry Wafer Bar,4|10321,38860.0,0.0,0.0,38267.0,12.0,38279.0,59.0,4026.0,115.0,32114.0,4666.0,1965.0
4,10390,Sweet Karam Coffee Madras Mixture,4|10390,21660.0,0.0,0.0,21091.0,49.0,21140.0,30.0,2730.0,126.0,16477.0,3280.0,1777.0
4,10412,Max Protein Choco Almond Bar,4|10412,0.0,0.0,0.0,340.0,0.0,340.0,1.0,8.0,0.0,323.0,-331.0,8.0
4,10492,Kande Poha,4|10492,240.0,0.0,0.0,228.0,0.0,228.0,0.0,96.0,78.0,54.0,108.0,0.0
4,10493,Upma,4|10493,591.0,0.0,0.0,489.0,0.0,489.0,0.0,221.0,173.0,90.0,323.0,5.0
4,10498,Sandwich ,4|10498,878.0,0.0,0.0,775.0,0.0,775.0,1.0,308.0,291.0,172.0,412.0,3.0
4,1054,Cavins Strawberry Milk Shake Rs 35,4|1054,0.0,0.0,0.0,0.0,0.0,0.0,0.0,0.0,0.0,0.0,0.0,0.0
4,10552,Raw Sugarcane ,4|10552,120.0,0.0,0.0,35.0,0.0,35.0,0.0,0.0,0.0,14.0,85.0,21.0
4,10555,Cadbury Dairy Milk Bubbly Silk ,4|10555,0.0,0.0,0.0,18.0,0.0,18.0,0.0,18.0,0.0,0.0,0.0,0.0
4,10586,Ritebite Melting Chocolate ,4|10586,0.0,0.0,0.0,14.0,0.0,14.0,0.0,0.0,0.0,14.0,-14.0,0.0
4,1059,Cavin's Spiced Butter Milk Rs 15,4|1059,0.0,125.0,7.0,79.0,0.0,79.0,0.0,3.0,0.0,75.0,49.0,8.0
4,1069, Sunfeast Dark Fantasy Choco Fill Cookies Rs 10,4|1069,0.0,1567.0,83.0,76.0,0.0,76.0,1.0,100.0,0.0,302.0,1592.0,-244.0
4,10696,Insta Ahaar Classic Masala Poha ,4|10696,0.0,0.0,0.0,8.0,0.0,8.0,0.0,7.0,0.0,1.0,-1.0,0.0
4,10697,Insta Ahaar Cuppa Classic Masala Poha ,4|10697,1320.0,0.0,0.0,163.0,0.0,163.0,1.0,56.0,2.0,52.0,1214.0,52.0
4,10724,Bru Cold Coffee ,4|10724,6178.0,0.0,0.0,3060.0,0.0,3060.0,6.0,310.0,55.0,2537.0,3434.0,152.0
4,10845,Lotus Masala Chaach,4|10845,10908.0,0.0,0.0,10375.0,7.0,10382.0,7.0,655.0,22.0,9406.0,1188.0,292.0
4,10856,Jimmys Classic Lime Lemonade,4|10856,2640.0,0.0,0.0,2894.0,7.0,2901.0,2.0,370.0,2.0,2394.0,111.0,133.0
4,10857,Swizzle Desi Lemonade ,4|10857,5344.0,0.0,0.0,5633.0,0.0,5633.0,9.0,892.0,181.0,3395.0,612.0,1156.0
4,109,Real Mixed Fruit Juice Rs 20,4|109,0.0,0.0,0.0,0.0,0.0,0.0,0.0,0.0,0.0,0.0,0.0,0.0
4,1091,Max Protein Desi Masala  Rs 40,4|1091,0.0,0.0,0.0,0.0,0.0,0.0,0.0,0.0,0.0,0.0,0.0,0.0
4,10938,Raw Pressery Iced Green Tea Mini Mojito ,4|10938,120.0,0.0,0.0,42.0,0.0,42.0,0.0,0.0,0.0,22.0,78.0,20.0
4,11008,Reload Orange Rush Drink ,4|11008,13720.0,0.0,0.0,13219.0,7.0,13226.0,10.0,1404.0,30.0,10863.0,1908.0,919.0
4,11106,Eat Better Millet Namkeen Desi Masala ,4|11106,13350.0,0.0,0.0,11865.0,2.0,11867.0,11.0,1690.0,237.0,8726.0,3184.0,1203.0
4,11152,Ella Foods Ready To Eat Poha 65g,4|11152,728.0,0.0,0.0,894.0,0.0,894.0,0.0,207.0,15.0,496.0,41.0,176.0
4,11153,Ella Foods Ready To Eat Upma 65g,4|11153,0.0,0.0,0.0,9.0,0.0,9.0,0.0,4.0,0.0,5.0,-5.0,0.0
4,11154,Ella Foods Salted Almonds,4|11154,4250.0,0.0,0.0,3383.0,0.0,3383.0,0.0,1555.0,92.0,1459.0,2422.0,277.0
4,11171,Superyou Multigrain Super Masala Chips 40,4|11171,10632.0,0.0,0.0,10421.0,6.0,10427.0,7.0,768.0,11.0,9103.0,980.0,538.0
4,1120,Fanta Can ,4|1120,240.0,102.0,5.0,252.0,0.0,252.0,2.0,47.0,0.0,167.0,139.0,41.0
4,11251,Bru Cold Coffee 200 ML,4|11251,2400.0,0.0,0.0,5802.0,0.0,5802.0,13.0,483.0,3.0,4103.0,-2906.0,1200.0
4,11252,Boost Ready To Drink 180 ML,4|11252,9800.0,0.0,0.0,10132.0,6.0,10138.0,10.0,1210.0,24.0,7297.0,882.0,1597.0
4,11274,Millet Bank Chilli Chataka Stix,4|11274,10600.0,0.0,0.0,11158.0,0.0,11158.0,12.0,916.0,0.0,9768.0,370.0,462.0
4,11388,Lets Try Aloo Bhujia ,4|11388,24000.0,0.0,0.0,23442.0,0.0,23442.0,30.0,1385.0,10.0,20353.0,1973.0,1664.0
4,114,Coke Regular Can Rs 35,4|114,0.0,0.0,0.0,0.0,0.0,0.0,0.0,0.0,0.0,0.0,0.0,0.0
4,1143,Nestle Kit Kat,4|1143,7560.0,3009.0,174.0,6162.0,0.0,6162.0,0.0,293.0,17.0,3334.0,4700.0,2692.0
4,115,Coke Diet Can Rs 35,4|115,0.0,0.0,0.0,0.0,0.0,0.0,0.0,0.0,0.0,0.0,0.0,0.0
4,11508,Aquafina Water Bottle ,4|11508,150.0,0.0,0.0,109.0,0.0,109.0,0.0,9.0,0.0,99.0,50.0,1.0
4,11613,Fabeato Korean Kimchi Banana Chips,4|11613,9500.0,0.0,0.0,10001.0,0.0,10001.0,8.0,969.0,0.0,8472.0,476.0,552.0
4,11617,Butter Popcorn Jumbo Pack,4|11617,7704.0,0.0,0.0,9851.0,0.0,9851.0,4.0,533.0,13.0,7861.0,-1610.0,1440.0
4,1170,Haldirams NGP Salted Peanut ,4|1170,5616.0,19305.0,1059.0,14820.0,0.0,14820.0,5.0,2028.0,30.0,16065.0,12134.0,-2249.0
4,11988,Swap Aam Panna Rs 60,4|11988,1400.0,0.0,0.0,1674.0,0.0,1674.0,4.0,305.0,49.0,995.0,35.0,321.0
4,12012,Volls Sante Caramel Protein Bar Rs 130,4|12012,1680.0,0.0,0.0,1610.0,0.0,1610.0,6.0,288.0,7.0,667.0,364.0,642.0
4,12429,Madmix Jowar Bhujia Masala Masti,4|12429,8000.0,0.0,0.0,7499.0,4.0,7503.0,4.0,550.0,0.0,5793.0,1051.0,1156.0
4,1243,RedBull Rs 125,4|1243,0.0,0.0,5.0,0.0,0.0,0.0,0.0,5.0,0.0,0.0,5.0,0.0
4,12437,Lynk Peri Peri Makhana ,4|12437,1700.0,0.0,0.0,1922.0,0.0,1922.0,3.0,270.0,0.0,1442.0,51.0,207.0
4,12452,Mcvities Digestive Cookies ,4|12452,3072.0,0.0,0.0,2633.0,2.0,2635.0,2.0,458.0,0.0,1714.0,897.0,461.0
4,12579,Ocean Crispy Orange Apple Fruit Drink Rs 38,4|12579,1188.0,0.0,0.0,1121.0,0.0,1121.0,0.0,52.0,0.0,1029.0,119.0,40.0
4,126,Coke Regular Pet 250ml Rs 20,4|126,0.0,0.0,0.0,131.0,0.0,131.0,0.0,0.0,0.0,130.0,-131.0,1.0
4,12640,Trubeing Roasted Peanuts Plain Salted,4|12640,14400.0,0.0,0.0,13087.0,0.0,13087.0,7.0,1101.0,0.0,9065.0,2421.0,2914.0
4,12644,Trubeing Roasted Makhana Himalayan Pink Salt,4|12644,8040.0,0.0,0.0,2423.0,0.0,2423.0,1.0,217.0,0.0,1957.0,5835.0,248.0
4,12650,Trubeing Soya Chips,4|12650,4140.0,0.0,0.0,4301.0,0.0,4301.0,9.0,251.0,0.0,3793.0,99.0,248.0
4,1270,Haldiram's Khatta Meetha Rs 30,4|1270,0.0,0.0,0.0,0.0,0.0,0.0,0.0,0.0,0.0,0.0,0.0,0.0
4,12715,Badiyanath Choco Nuts Protein Bar ,4|12715,0.0,0.0,0.0,174.0,0.0,174.0,0.0,70.0,0.0,0.0,-104.0,104.0
4,12716,Klaw Masala Madness Sticks,4|12716,5784.0,0.0,0.0,4423.0,0.0,4423.0,8.0,308.0,0.0,3104.0,1677.0,1003.0
4,1273,Shunya Go Mix Fruit Mania Rs 60,4|1273,0.0,0.0,0.0,0.0,0.0,0.0,0.0,0.0,0.0,0.0,0.0,0.0
4,12815,Raw Valencia Orange Juice,4|12815,60.0,0.0,0.0,18.0,0.0,18.0,0.0,0.0,0.0,6.0,42.0,12.0
4,12817,Raw Grapefruit Juice,4|12817,60.0,0.0,0.0,15.0,0.0,15.0,0.0,0.0,0.0,3.0,45.0,12.0
4,12819,Raw Mango Juice ,4|12819,60.0,0.0,0.0,26.0,0.0,26.0,0.0,0.0,0.0,16.0,34.0,10.0
4,12875,Healthify Chocolate Protein Bar,4|12875,2350.0,0.0,0.0,1396.0,0.0,1396.0,0.0,66.0,0.0,968.0,1020.0,362.0
4,12965,Raj Uphaar Roasted Poha Chivda,4|12965,1050.0,0.0,0.0,285.0,0.0,285.0,0.0,7.0,0.0,145.0,772.0,133.0
4,1299,Happy Bar Energy Snack Rs 40,4|1299,0.0,0.0,0.0,0.0,0.0,0.0,0.0,0.0,0.0,0.0,0.0,0.0
4,130,Choco Chips Cookies,4|130,78144.0,5436.0,285.0,59831.0,18.0,59849.0,69.0,4627.0,182.0,53120.0,28427.0,2136.0
4,1301,Maggi Cuppa Noodles Masala ,4|1301,5712.0,176.0,9.0,5084.0,4.0,5088.0,4.0,267.0,30.0,4712.0,1071.0,84.0
4,1302,Born Reborn Oats & Jowar Garlic Zen Rs 30,4|1302,0.0,0.0,0.0,0.0,0.0,0.0,0.0,0.0,0.0,0.0,0.0,0.0
4,1315, Britannia Treat Jim Jam Rs 10,4|1315,35340.0,769.0,41.0,32072.0,5.0,32077.0,27.0,1869.0,67.0,29526.0,5928.0,629.0
4,132,Maggi Masala ,4|132,0.0,0.0,0.0,0.0,0.0,0.0,0.0,0.0,0.0,0.0,0.0,0.0
4,1326,Unibic Choco Chip Cookies ,4|1326,1344.0,0.0,0.0,19282.0,0.0,19282.0,24.0,2292.0,21.0,15590.0,-15622.0,1355.0
4,1344,NIDZ Dark Milk Roasted Cashew Chocolate Rs 60,4|1344,0.0,0.0,5.0,0.0,0.0,0.0,0.0,0.0,0.0,0.0,0.0,5.0
4,139,Nestle Classic Chocolate ,4|139,0.0,285.0,15.0,157.0,0.0,157.0,0.0,22.0,0.0,126.0,150.0,24.0
4,143,Minute Maid Mixed Fruit Rs 10,4|143,0.0,0.0,0.0,0.0,0.0,0.0,0.0,0.0,0.0,0.0,0.0,0.0
4,1467, Snickers Fruit & Nut Rs 50,4|1467,0.0,0.0,0.0,30.0,0.0,30.0,0.0,25.0,0.0,5.0,-5.0,0.0
4,147,Snickers Rs 35,4|147,0.0,0.0,0.0,54.0,0.0,54.0,0.0,8.0,0.0,40.0,-46.0,6.0
4,1482,Parle Agro Appy Fizz ,4|1482,0.0,0.0,0.0,160.0,0.0,160.0,0.0,10.0,0.0,149.0,-150.0,1.0
4,1494,Britannia Treat Croissant Vanilla Rs15,4|1494,0.0,0.0,0.0,0.0,0.0,0.0,0.0,3.0,0.0,0.0,3.0,-3.0
4,1504,Yoga Bar Chocolate Chunk Nut Rs 40,4|1504,0.0,0.0,0.0,0.0,0.0,0.0,0.0,0.0,0.0,0.0,0.0,0.0
4,1606,BRB Popped Potato Chips Pasta Cheese ,4|1606,114112.0,6385.0,351.0,114980.0,16.0,114996.0,100.0,7814.0,29.0,104461.0,13415.0,2943.0
4,1608,Makino Nacho Chips Jalapeno ,4|1608,44760.0,6607.0,361.0,48017.0,57.0,48074.0,66.0,2561.0,96.0,45611.0,5920.0,101.0
4,1623,Cadbury Dairy Milk Chocolate Rs 50,4|1623,0.0,1.0,0.0,0.0,0.0,0.0,0.0,26.0,0.0,32.0,27.0,-58.0
4,1627,Yoga Bar Breakfast Protein Blueberry Pie,4|1627,0.0,0.0,0.0,0.0,0.0,0.0,0.0,0.0,0.0,0.0,0.0,0.0
4,1636,Kurkure Solid Masti Rs 20,4|1636,1890.0,1107.0,58.0,1901.0,0.0,1901.0,0.0,103.0,0.0,1806.0,1199.0,50.0
4,169,Minute Maid Guava Rs 20,4|169,0.0,0.0,0.0,0.0,0.0,0.0,0.0,0.0,0.0,0.0,0.0,0.0
4,17,McVities Digestive Rs 10,4|17,0.0,0.0,0.0,0.0,0.0,0.0,0.0,0.0,0.0,0.0,0.0,0.0
4,172,Cadbury Fruit and Nut ,4|172,0.0,0.0,0.0,0.0,0.0,0.0,0.0,0.0,0.0,0.0,0.0,0.0
4,1725,Happy Bar Sport Protein Rs60,4|1725,0.0,0.0,0.0,0.0,0.0,0.0,0.0,0.0,0.0,0.0,0.0,0.0
4,1738,Maggi Cuppa NDLS Masala Rs 55,4|1738,288.0,0.0,0.0,622.0,0.0,622.0,0.0,42.0,1.0,496.0,-292.0,83.0
4,1743,Act 2 Popcorn Butter,4|1743,0.0,0.0,0.0,219.0,0.0,219.0,0.0,12.0,0.0,205.0,-207.0,2.0
4,18,Red Bull Rs 115,4|18,0.0,0.0,0.0,0.0,0.0,0.0,0.0,0.0,0.0,0.0,0.0,0.0
4,1805,Woot Woot Popcorn Classic Butter Rs10,4|1805,0.0,0.0,0.0,0.0,0.0,0.0,0.0,0.0,0.0,0.0,0.0,0.0
4,1807,Nescafe Chilled Latte Rs 40,4|1807,0.0,0.0,0.0,0.0,0.0,0.0,0.0,0.0,0.0,0.0,0.0,0.0
4,1825,Open Secret White Choco Cashew Nutty Cookies Rs 35,4|1825,0.0,0.0,0.0,0.0,0.0,0.0,0.0,0.0,0.0,0.0,0.0,0.0
4,1883,Parle Cakes Vanilla (Contains Egg) Rs 30,4|1883,0.0,0.0,0.0,0.0,0.0,0.0,0.0,0.0,0.0,0.0,0.0,0.0
4,193,Monster Energy,4|193,0.0,35.0,0.0,0.0,0.0,0.0,0.0,0.0,0.0,0.0,35.0,0.0
4,1959,Snickers Rs 20,4|1959,0.0,0.0,0.0,325.0,0.0,325.0,0.0,59.0,0.0,273.0,-266.0,-7.0
4,1972,Storia Coconut Water Rs 35,4|1972,0.0,0.0,0.0,0.0,0.0,0.0,0.0,0.0,0.0,0.0,0.0,0.0
4,2006,Saliah Dates with Lemon & Orange Peel Rs 30,4|2006,0.0,0.0,0.0,0.0,0.0,0.0,0.0,0.0,0.0,0.0,0.0,0.0
4,2027,Sunfeast Dark Fantasy Chocolate Shake Rs35,4|2027,0.0,0.0,0.0,0.0,0.0,0.0,0.0,0.0,0.0,0.0,0.0,0.0
4,203,Sprite Pop Can Rs 25,4|203,0.0,0.0,0.0,67.0,0.0,67.0,0.0,0.0,0.0,67.0,-67.0,0.0
4,2047,Nourish Organics Lime Chia Bar Rs 60,4|2047,0.0,0.0,0.0,0.0,0.0,0.0,0.0,0.0,0.0,0.0,0.0,0.0
4,2052,Elevate Granola Almonds and Seeds Rs 50,4|2052,0.0,0.0,0.0,0.0,0.0,0.0,0.0,0.0,0.0,0.0,0.0,0.0
4,2064,Sunfeast All Rounder Rs25,4|2064,0.0,0.0,0.0,0.0,0.0,0.0,0.0,0.0,0.0,0.0,0.0,0.0
4,2087,Maggi Masala Single Pack Rs14,4|2087,0.0,546.0,29.0,0.0,0.0,0.0,0.0,0.0,0.0,0.0,546.0,29.0
4,2209,Paperboat Chilli Guava Juice Rs 20,4|2209,0.0,0.0,0.0,28.0,0.0,28.0,0.0,24.0,0.0,4.0,-4.0,0.0
4,2216,Frussh Mango Orange Juice Rs 40,4|2216,0.0,0.0,0.0,0.0,0.0,0.0,0.0,0.0,0.0,0.0,0.0,0.0
4,2222,Frussh Alphonso Mango Juice Rs 40 ,4|2222,0.0,0.0,0.0,0.0,0.0,0.0,0.0,0.0,0.0,0.0,0.0,0.0
4,2230,Sunfeast Dark Fantasy Bourbon Rs20,4|2230,0.0,0.0,0.0,0.0,0.0,0.0,0.0,0.0,0.0,0.0,0.0,0.0
4,2239,Cadbury Chocolate Rs 50,4|2239,36120.0,685.0,36.0,32731.0,17.0,32748.0,9.0,3905.0,35.0,27931.0,7971.0,904.0
4,2295,EGO Sweet Potato Mexican Twist Rs 40,4|2295,0.0,0.0,0.0,0.0,0.0,0.0,0.0,0.0,0.0,0.0,0.0,0.0
4,2358,B Natural Mixed Fruit Juice Rs 20,4|2358,0.0,893.0,48.0,0.0,0.0,0.0,0.0,0.0,0.0,0.0,893.0,48.0
4,2371,Maggi Masala Single Pack Rs 14,4|2371,0.0,0.0,0.0,0.0,0.0,0.0,0.0,0.0,0.0,0.0,0.0,0.0
4,24,Rajma-Chawal Combo,4|24,0.0,0.0,0.0,0.0,0.0,0.0,0.0,0.0,0.0,0.0,0.0,0.0
4,2412,Nescafe Chilled Latte Rs 45,4|2412,11130.0,275.0,15.0,10708.0,6.0,10714.0,16.0,1259.0,53.0,9375.0,1966.0,26.0
4,2418,Garden Onion Pakoda Rs 20,4|2418,0.0,0.0,0.0,0.0,0.0,0.0,0.0,0.0,0.0,0.0,0.0,0.0
4,2455, Cranberry Protein Bar Rs100,4|2455,0.0,0.0,0.0,0.0,0.0,0.0,0.0,0.0,0.0,0.0,0.0,0.0
4,2456,Unibic Choco Chip Cookies Rs 40,4|2456,0.0,0.0,0.0,0.0,0.0,0.0,0.0,1.0,0.0,0.0,1.0,-1.0
4,2459,Woot Classic Butter Popcorn ,4|2459,0.0,0.0,0.0,0.0,0.0,0.0,0.0,0.0,0.0,0.0,0.0,0.0
4,2462,Mr Makhana Black Salt Rs45,4|2462,0.0,0.0,0.0,0.0,0.0,0.0,0.0,0.0,0.0,0.0,0.0,0.0
4,2501,ThumsUp Can Rs 60,4|2501,0.0,0.0,0.0,0.0,0.0,0.0,0.0,0.0,0.0,0.0,0.0,0.0
4,252,Thumps Up Can,4|252,34320.0,1766.0,93.0,30848.0,10.0,30858.0,8.0,980.0,32.0,28957.0,6216.0,974.0
4,2550,Max Protein Desi Masala Rs45,4|2550,0.0,2137.0,113.0,1013.0,0.0,1013.0,3.0,610.0,23.0,1865.0,1737.0,-1375.0
4,2553,Bauli Moonfills Vanilla Rs20,4|2553,0.0,1022.0,54.0,0.0,0.0,0.0,0.0,0.0,0.0,0.0,1022.0,54.0
4,2584,Paper Boat Chocolate Milkshake Rs35,4|2584,0.0,0.0,0.0,0.0,0.0,0.0,0.0,0.0,0.0,0.0,0.0,0.0
4,2600,Elevate Granola Apple & Cinnamon Rs 60,4|2600,0.0,0.0,0.0,0.0,0.0,0.0,0.0,0.0,0.0,0.0,0.0,0.0
4,2604,Nidz Dark Roasted Cashew Chocolate Rs 70,4|2604,0.0,0.0,5.0,0.0,0.0,0.0,0.0,0.0,0.0,0.0,0.0,5.0
4,261,McVitie's Digestive Biscuits,4|261,20400.0,2751.0,145.0,17375.0,0.0,17375.0,26.0,2665.0,28.0,13782.0,8467.0,1019.0
4,278,Unibic Chocolate Cookies,4|278,0.0,0.0,0.0,17.0,0.0,17.0,0.0,17.0,0.0,0.0,0.0,0.0
4,279,Snickers - Small,4|279,17568.0,0.0,0.0,20396.0,10.0,20406.0,43.0,1139.0,15.0,16726.0,-1656.0,2483.0
4,2818,Cadbury 5 Star Oreo Rs 35,4|2818,0.0,0.0,3.0,0.0,0.0,0.0,0.0,0.0,0.0,0.0,0.0,3.0
4,282,Too Yumm Veggie Stix Cheese & Herbs Rs 20,4|282,130964.0,7835.0,420.0,123415.0,49.0,123464.0,106.0,5090.0,146.0,115766.0,20531.0,2776.0
4,2881,Max Protein Choco Coconut Rs50,4|2881,0.0,0.0,0.0,0.0,0.0,0.0,0.0,0.0,0.0,0.0,0.0,0.0
4,291,Lay's American style Cream & Onion Rs 10,4|291,0.0,0.0,0.0,0.0,0.0,0.0,0.0,0.0,0.0,0.0,0.0,0.0
4,2987,Wingreen Naan chips Tez tandoori Rs 20,4|2987,0.0,0.0,0.0,0.0,0.0,0.0,0.0,0.0,0.0,0.0,0.0,0.0
4,3007,MTR Poha,4|3007,0.0,0.0,0.0,0.0,0.0,0.0,0.0,0.0,0.0,0.0,0.0,0.0
4,301,Nutri Choice Oats Cookies,4|301,0.0,0.0,0.0,0.0,0.0,0.0,0.0,0.0,0.0,0.0,0.0,0.0
4,3050,Happy Bar Coco Rs 50,4|3050,0.0,0.0,0.0,0.0,0.0,0.0,0.0,0.0,0.0,0.0,0.0,0.0
4,306,Hazelnut Latte,4|306,0.0,0.0,0.0,44.0,0.0,44.0,0.0,0.0,0.0,43.0,-44.0,1.0
4,3065,Sirimiri Crushed Peanut Chikki Rs 15,4|3065,0.0,0.0,0.0,0.0,0.0,0.0,0.0,0.0,0.0,0.0,0.0,0.0
4,3092,Alo Frut Kiwi Rs 30,4|3092,18000.0,1420.0,75.0,21044.0,0.0,21044.0,23.0,2489.0,33.0,18762.0,888.0,-188.0
4,3096,Alo Frut Coconut Water Rs 50,4|3096,5472.0,218.0,12.0,5929.0,10.0,5939.0,10.0,1041.0,59.0,4867.0,802.0,-26.0
4,318,Coke Zero,4|318,42672.0,3217.0,169.0,38323.0,14.0,38337.0,30.0,1276.0,162.0,36146.0,8858.0,892.0
4,320,Unibic Choco Hazelnut Cookies Rs 10,4|320,0.0,0.0,0.0,0.0,0.0,0.0,0.0,7.0,0.0,0.0,7.0,-7.0
4,323,Piri Piri Paradise Makhana,4|323,0.0,359.0,19.0,0.0,0.0,0.0,0.0,0.0,0.0,0.0,359.0,19.0
4,3236,Proto Coconut Water Rs 50,4|3236,0.0,0.0,0.0,0.0,0.0,0.0,0.0,0.0,0.0,0.0,0.0,0.0
4,3298,Paper Boat Aamras ,4|3298,7740.0,0.0,0.0,5611.0,0.0,5611.0,4.0,479.0,0.0,4605.0,2612.0,523.0
4,331,Britannia Veg Cake Fruity Fun Rs 20,4|331,0.0,0.0,0.0,0.0,0.0,0.0,0.0,0.0,0.0,0.0,0.0,0.0
4,3387,Nescafe Intense Cafe ,4|3387,0.0,0.0,0.0,675.0,0.0,675.0,5.0,109.0,2.0,570.0,-561.0,-11.0
4,3542,Taali Masala Mania Protien Puffs Rs 20,4|3542,0.0,502.0,26.0,0.0,0.0,0.0,0.0,0.0,0.0,0.0,502.0,26.0
4,355,Raw Pressery- Pomegranate,4|355,60.0,0.0,0.0,17.0,0.0,17.0,0.0,0.0,0.0,8.0,43.0,9.0
4,3719,Galaxy Milk Chocolate Rs 20 ,4|3719,0.0,0.0,0.0,101.0,0.0,101.0,0.0,34.0,0.0,65.0,-67.0,2.0
4,3746,Whisper Choice XL ,4|3746,0.0,0.0,0.0,0.0,0.0,0.0,0.0,0.0,0.0,0.0,0.0,0.0
4,3782,Britannia Winkin Cow Rs 35,4|3782,0.0,0.0,0.0,2929.0,0.0,2929.0,4.0,410.0,1.0,2166.0,-2515.0,348.0
4,3810,Lays Wavay Cream Onion Flavour Rs 15,4|3810,0.0,0.0,0.0,0.0,0.0,0.0,0.0,0.0,0.0,0.0,0.0,0.0
4,395,Too Yum- Multigrain Chips,4|395,0.0,0.0,0.0,95.0,0.0,95.0,0.0,2.0,0.0,91.0,-93.0,2.0
4,3995,Alpha 8 Mango Rs30,4|3995,0.0,7.0,0.0,0.0,0.0,0.0,0.0,0.0,0.0,0.0,7.0,0.0
4,401,Bingo - Potato Chips Masala,4|401,0.0,6789.0,358.0,0.0,0.0,0.0,0.0,0.0,0.0,0.0,6789.0,358.0
4,4036,Snickers Kesar Pista Stick Rs 30,4|4036,0.0,456.0,24.0,14.0,0.0,14.0,0.0,12.0,0.0,2.0,454.0,24.0
4,4238,Fit And Flex Cheesy Cheese Flavour ,4|4238,0.0,67.0,2.0,0.0,0.0,0.0,0.0,0.0,0.0,0.0,67.0,2.0
4,4242,Max Protein Daily Bar Choco Almond,4|4242,0.0,0.0,0.0,4249.0,0.0,4249.0,9.0,529.0,0.0,3649.0,-3711.0,62.0
4,430,Haldiram's Moong Dal Rs 10 ,4|430,61044.0,3505.0,182.0,51412.0,70.0,51482.0,47.0,2003.0,69.0,48299.0,15117.0,1246.0
4,4507, Dole Juice Pineapple Orange Banana Rs 60,4|4507,0.0,0.0,0.0,0.0,0.0,0.0,0.0,0.0,0.0,0.0,0.0,0.0
4,4538,Rewynd Peanuts Chikki,4|4538,0.0,0.0,0.0,0.0,0.0,0.0,0.0,0.0,0.0,0.0,0.0,0.0
4,4545,Snickers chocolate bar Rs 50,4|4545,18432.0,2765.0,146.0,9178.0,0.0,9178.0,4.0,1048.0,0.0,8551.0,13071.0,-279.0
4,4565,Snickers chocolate ,4|4565,0.0,0.0,0.0,60.0,0.0,60.0,0.0,45.0,0.0,13.0,-15.0,2.0
4,46,Paper Boat Coconut Water,4|46,0.0,304.0,16.0,146.0,0.0,146.0,0.0,6.0,0.0,133.0,164.0,23.0
4,4638,Paper Boat Dry Fruit Chikki Rs 30,4|4638,0.0,5.0,0.0,0.0,0.0,0.0,0.0,0.0,0.0,0.0,5.0,0.0
4,4670,Himalaya Sparkling Water Rs 60,4|4670,0.0,0.0,0.0,0.0,0.0,0.0,0.0,0.0,0.0,0.0,0.0,0.0
4,4680,Mcvities Bourbon Delight Rs 30,4|4680,0.0,4.0,0.0,0.0,0.0,0.0,0.0,0.0,0.0,0.0,4.0,0.0
4,474,Snickers Almond Rs 25,4|474,0.0,251.0,13.0,0.0,0.0,0.0,0.0,0.0,0.0,0.0,251.0,13.0
4,478,Kit Kat Rs 25,4|478,16884.0,0.0,0.0,14176.0,0.0,14176.0,4.0,920.0,0.0,12877.0,3632.0,375.0
4,4822,Desi Popz Tangy Imli Rs 50,4|4822,0.0,91.0,5.0,0.0,0.0,0.0,0.0,0.0,0.0,0.0,91.0,5.0
4,4851,Kerala Banana Chips Desi Masala Rs 20,4|4851,0.0,750.0,40.0,0.0,0.0,0.0,0.0,0.0,0.0,0.0,750.0,40.0
4,4865,Desi Popz Tangy Imly Rs 50,4|4865,0.0,2.0,0.0,0.0,0.0,0.0,0.0,0.0,0.0,0.0,2.0,0.0
4,4869,Shunya Go Zesty Orange ,4|4869,0.0,0.0,0.0,0.0,0.0,0.0,0.0,0.0,0.0,0.0,0.0,0.0
4,4871,Coolberg Rider Energy Drink Rs 50,4|4871,0.0,2.0,0.0,0.0,0.0,0.0,0.0,0.0,0.0,0.0,2.0,0.0
4,4900,Britannia Treat Creme Wafers Strawberry Rs 50,4|4900,0.0,30.0,1.0,0.0,0.0,0.0,0.0,0.0,0.0,0.0,30.0,1.0
4,4904,Coco Cola Rs 70,4|4904,0.0,0.0,0.0,0.0,0.0,0.0,0.0,0.0,0.0,0.0,0.0,0.0
4,493,Test Product,4|493,0.0,0.0,0.0,2237.0,21.0,2258.0,12.0,1387.0,7.0,1146.0,-859.0,-294.0
4,4931,Tandoori Masala Mix Rs 50,4|4931,0.0,0.0,0.0,0.0,0.0,0.0,0.0,0.0,0.0,0.0,0.0,0.0
4,4934,Chana Jor Lime And Chilli Rs 10,4|4934,0.0,639.0,34.0,0.0,0.0,0.0,0.0,0.0,0.0,0.0,639.0,34.0
4,5081,Happilo Makhana Perky Pudina ,4|5081,0.0,0.0,0.0,0.0,0.0,0.0,0.0,0.0,0.0,0.0,0.0,0.0
4,5090,Rewynd Khakhra Methi Thepla 40g Rs 20,4|5090,0.0,1232.0,65.0,0.0,0.0,0.0,0.0,6.0,0.0,4.0,1238.0,55.0
4,5097,Kari Kari Chilli Garlic Rs 20,4|5097,29600.0,2667.0,141.0,35002.0,0.0,35002.0,21.0,6309.0,495.0,27548.0,3595.0,770.0
4,5272,Nutrezy Almond Cranberry Crunchy Bar,4|5272,800.0,302.0,16.0,1074.0,0.0,1074.0,0.0,486.0,8.0,1027.0,514.0,-431.0
4,5283,4700BC 100 Corn Chips Salt And Truffle Rs 20,4|5283,15416.0,0.0,0.0,12266.0,0.0,12266.0,11.0,910.0,4.0,10989.0,4071.0,352.0
4,529,Doublemint,4|529,0.0,0.0,0.0,0.0,0.0,0.0,0.0,0.0,0.0,0.0,0.0,0.0
4,5343,Horlicks Chocolate Delight Flavour Rs 25,4|5343,0.0,1.0,0.0,0.0,0.0,0.0,0.0,0.0,0.0,0.0,1.0,0.0
4,535,Kinley Water Bottle ,4|535,0.0,40.0,2.0,0.0,0.0,0.0,0.0,0.0,0.0,0.0,40.0,2.0
4,5367,Almond Brittle Coffee Rs 40,4|5367,0.0,739.0,39.0,0.0,0.0,0.0,0.0,0.0,0.0,0.0,739.0,39.0
4,5419,Mcvities Butter Cookies ,4|5419,7200.0,0.0,0.0,10083.0,6.0,10089.0,20.0,1327.0,0.0,6807.0,-1542.0,1935.0
4,5453,Nestle KitKat ,4|5453,27216.0,767.0,41.0,21254.0,14.0,21268.0,5.0,1254.0,14.0,19288.0,7974.0,748.0
4,5475,Orion Choco Pie Orange Rs 10,4|5475,0.0,0.0,0.0,0.0,0.0,0.0,0.0,0.0,0.0,0.0,0.0,0.0
4,5493,Dates Bites Sachet Rs 35,4|5493,960.0,0.0,0.0,0.0,0.0,0.0,0.0,0.0,0.0,0.0,960.0,0.0
4,5494,Farmley Roasted Makhana Cream And Onion Rs 30,4|5494,5840.0,2038.0,108.0,6906.0,0.0,6906.0,7.0,854.0,16.0,5788.0,1833.0,349.0
4,5556,Max Protein Chocoberry bar Rs 75,4|5556,0.0,297.0,16.0,129.0,0.0,129.0,0.0,33.0,0.0,102.0,201.0,10.0
4,5557,Max Protein Choco Almond Bar Rs 75,4|5557,9488.0,0.0,0.0,5149.0,0.0,5149.0,13.0,418.0,1.0,4647.0,4770.0,70.0
4,563,Vegetable Puff,4|563,0.0,0.0,0.0,0.0,0.0,0.0,0.0,0.0,0.0,0.0,0.0,0.0
4,5990,Ocean Crispy Apple Rs 40,4|5990,0.0,0.0,0.0,48.0,0.0,48.0,0.0,13.0,0.0,41.0,-35.0,-6.0
4,600,Garden Mini Bhakarwadi Rs 10,4|600,0.0,0.0,0.0,0.0,0.0,0.0,0.0,0.0,0.0,0.0,0.0,0.0
4,6095,Polka Pop Cranberry Rs 60,4|6095,0.0,0.0,0.0,0.0,0.0,0.0,0.0,0.0,0.0,0.0,0.0,0.0
4,61,Paper Boat Lychee Ras Rs 20,4|61,4590.0,3795.0,205.0,5465.0,3.0,5468.0,2.0,723.0,46.0,5611.0,3642.0,-709.0
4,6103,D Nature Eatery Roasted Cashew,4|6103,0.0,239.0,13.0,0.0,0.0,0.0,0.0,0.0,0.0,0.0,239.0,13.0
4,629,Baked Bhakri,4|629,0.0,1.0,0.0,0.0,0.0,0.0,0.0,0.0,0.0,0.0,1.0,0.0
4,6480,Tong Garden Onion & Garlic Coated peanut 20 gm Rs 10,4|6480,0.0,2058.0,108.0,0.0,0.0,0.0,0.0,0.0,0.0,0.0,2058.0,108.0
4,6482,Tong Garden Onion & Garlic Small Green Peas ,4|6482,0.0,702.0,37.0,153.0,0.0,153.0,0.0,7.0,0.0,186.0,556.0,-3.0
4,663,Britannia Veg Cake Chocolate Rs 20,4|663,8625.0,1322.0,69.0,8214.0,0.0,8214.0,5.0,602.0,10.0,7630.0,2340.0,36.0
4,668,Maaza Pet Bottle Rs 20,4|668,0.0,0.0,0.0,0.0,0.0,0.0,0.0,0.0,0.0,0.0,0.0,0.0
4,678,Britannia Bourbon-Rs 10,4|678,17644.0,0.0,0.0,13444.0,0.0,13444.0,7.0,592.0,1.0,12333.0,4799.0,511.0
4,680,Cornitos Roasted Cashews Lightly Salted ,4|680,0.0,0.0,0.0,0.0,0.0,0.0,0.0,0.0,0.0,0.0,0.0,0.0
4,691,Britannia Chocolate Shake Rs 30 ,4|691,6480.0,3159.0,167.0,8147.0,0.0,8147.0,6.0,736.0,8.0,7682.0,2234.0,-118.0
4,693,Snickers,4|693,0.0,1065.0,56.0,193.0,0.0,193.0,0.0,71.0,0.0,120.0,943.0,58.0
4,694,Frooti ,4|694,27780.0,2634.0,145.0,26183.0,9.0,26192.0,25.0,2017.0,50.0,24250.0,6264.0,-5.0
4,7088,Dates Bites Sachet Rs 40,4|7088,39264.0,1345.0,71.0,38356.0,24.0,38380.0,18.0,4168.0,129.0,33042.0,6415.0,1094.0
4,7112,Cheese & Herbs Corn Chips Rs 20,4|7112,7776.0,0.0,0.0,7663.0,28.0,7691.0,1.0,612.0,21.0,6856.0,698.0,201.0
4,713,Raw Coconut Water Rs 60,4|713,60.0,0.0,0.0,21.0,0.0,21.0,0.0,0.0,0.0,9.0,39.0,12.0
4,7214,The Theatre Project Popcorn Cheddar Cheese Rs 20,4|7214,0.0,518.0,26.0,0.0,0.0,0.0,0.0,0.0,0.0,0.0,518.0,26.0
4,73,Cavin's Lassi,4|73,38130.0,1277.0,67.0,36292.0,14.0,36306.0,25.0,2206.0,21.0,32876.0,5332.0,1245.0
4,732,Go Grub Peanut & Blueberry (Pack of 10) Rs. 450,4|732,0.0,0.0,0.0,0.0,0.0,0.0,0.0,0.0,0.0,0.0,0.0,0.0
4,7421,Hustle Energy Drink Rs 60,4|7421,1440.0,319.0,17.0,1670.0,0.0,1670.0,0.0,468.0,11.0,1622.0,557.0,-414.0
4,7482,Farmley Masala Munchies ,4|7482,0.0,0.0,0.0,0.0,0.0,0.0,0.0,0.0,0.0,0.0,0.0,0.0
4,7564,Coolberg Rider Energy Drink Rs 60,4|7564,0.0,100.0,5.0,0.0,0.0,0.0,0.0,0.0,0.0,0.0,100.0,5.0
4,7661,Veg Puff,4|7661,0.0,0.0,0.0,0.0,0.0,0.0,0.0,0.0,0.0,0.0,0.0,0.0
4,7662,Peas Potato Puff,4|7662,0.0,0.0,0.0,0.0,0.0,0.0,0.0,0.0,0.0,0.0,0.0,0.0
4,7664,Paneer Puff,4|7664,0.0,0.0,0.0,0.0,0.0,0.0,0.0,0.0,0.0,0.0,0.0,0.0
4,7682,Roasty Tasty Multigrain Sweet And Tangy,4|7682,0.0,0.0,0.0,0.0,0.0,0.0,0.0,0.0,0.0,0.0,0.0,0.0
4,769,Cadbury Dairy Milk Rs.10,4|769,0.0,0.0,0.0,0.0,0.0,0.0,0.0,0.0,0.0,0.0,0.0,0.0
4,7696,Sprite Can ,4|7696,0.0,0.0,0.0,0.0,0.0,0.0,0.0,0.0,0.0,0.0,0.0,0.0
4,7699,Bingo Mad Angles Achaari Masti ,4|7699,0.0,0.0,0.0,0.0,0.0,0.0,0.0,0.0,0.0,0.0,0.0,0.0
4,7759,Alo Frut Kiwi Alovera Rs 30,4|7759,240.0,0.0,0.0,268.0,0.0,268.0,2.0,82.0,0.0,165.0,56.0,19.0
4,7786,Taali Sriracha Spice Rs 40,4|7786,0.0,280.0,18.0,0.0,0.0,0.0,0.0,0.0,0.0,0.0,280.0,18.0
4,7790,3 Sisters Indie Sodas Jeera Masala Rs 80,4|7790,240.0,175.0,9.0,597.0,0.0,597.0,0.0,407.0,17.0,491.0,225.0,-309.0
4,7792,Solh Cold Coffee Mocha Rs 50,4|7792,0.0,128.0,7.0,0.0,0.0,0.0,0.0,0.0,0.0,0.0,128.0,7.0
4,794,Britannia Little Hearts,4|794,0.0,0.0,0.0,99.0,0.0,99.0,0.0,12.0,0.0,12.0,-87.0,75.0
4,799,Mr Makhana Cream & Onion,4|799,0.0,1.0,0.0,0.0,0.0,0.0,0.0,0.0,0.0,0.0,1.0,0.0
4,80,Cavin's Spiced ButterMilk,4|80,38520.0,1641.0,88.0,36664.0,6.0,36670.0,38.0,2265.0,64.0,33420.0,5794.0,971.0
4,814,Ritebite Sport Bar Almond Mocha,4|814,0.0,0.0,0.0,259.0,0.0,259.0,0.0,81.0,0.0,244.0,-178.0,-66.0
4,82,Paper Boat Alphonso Aam Rs 25,4|82,0.0,0.0,0.0,675.0,0.0,675.0,0.0,57.0,0.0,46.0,-618.0,572.0
4,8207,Mulberry Zingals Chocolate Slice Cake ,4|8207,11760.0,0.0,0.0,11378.0,0.0,11378.0,32.0,713.0,11.0,9756.0,1127.0,866.0
4,8279,Lotus Thandai Badam Milk ,4|8279,8605.0,1078.0,56.0,9190.0,1.0,9191.0,8.0,1358.0,127.0,8555.0,1858.0,-801.0
4,8282,Adishtu Strawberry Energy Bar Rs 75,4|8282,0.0,237.0,13.0,0.0,0.0,0.0,0.0,0.0,0.0,0.0,237.0,13.0
4,8287,Wonderland Foods Almond Roasted & Salted,4|8287,12700.0,451.0,24.0,11449.0,0.0,11449.0,9.0,2594.0,9.0,8514.0,4305.0,347.0
4,846,Kelloggs Chocos,4|846,0.0,0.0,0.0,0.0,0.0,0.0,0.0,0.0,0.0,0.0,0.0,0.0
4,8521,Jameson Ginger Ale Rs 100,4|8521,2640.0,0.0,0.0,3154.0,5.0,3159.0,2.0,615.0,31.0,2083.0,98.0,428.0
4,859,Cookies Kiddie Rs.90,4|859,0.0,0.0,0.0,0.0,0.0,0.0,0.0,0.0,0.0,0.0,0.0,0.0
4,8730,Wingreens Dark Chocolate & Espresso ,4|8730,432.0,0.0,0.0,114.0,0.0,114.0,0.0,0.0,0.0,73.0,318.0,41.0
4,8740,Veg cheese sandwich ,4|8740,0.0,0.0,0.0,0.0,0.0,0.0,0.0,0.0,0.0,0.0,0.0,0.0
4,89,Stuffed Bread Roll,4|89,0.0,0.0,0.0,9.0,0.0,9.0,0.0,5.0,0.0,4.0,-4.0,0.0
4,891,RiteBite Peanut Butter,4|891,0.0,1671.0,88.0,1435.0,0.0,1435.0,2.0,1015.0,19.0,2358.0,1253.0,-1871.0
4,8921,Nidz Dark Milk Roasted Cashew Rs 75,4|8921,0.0,0.0,5.0,17.0,0.0,17.0,0.0,23.0,0.0,7.0,6.0,-8.0
4,8922,Nidz Dark Roasted Cashew Rs 85,4|8922,0.0,0.0,5.0,6.0,0.0,6.0,0.0,7.0,0.0,12.0,1.0,-8.0
4,896,Yoga Pulp Aloevera KiwiJuice Rs 30,4|896,0.0,0.0,0.0,1.0,0.0,1.0,0.0,1.0,0.0,0.0,0.0,0.0
4,9083,Meow Crispy Himalayan Pink Salt Rs 30,4|9083,0.0,1471.0,78.0,24.0,0.0,24.0,0.0,87.0,16.0,72.0,1534.0,-73.0
4,9089,Mountain Tribe Gingerade Kombucha ,4|9089,2148.0,144.0,8.0,2690.0,0.0,2690.0,1.0,570.0,94.0,1809.0,173.0,224.0
4,9151,Cookieman Choe Chip Cookies CRED Coins,4|9151,0.0,118.0,6.0,0.0,0.0,0.0,0.0,0.0,0.0,0.0,118.0,6.0
4,9152,Jawai Potato Crispies CRED Coins,4|9152,0.0,237.0,13.0,0.0,0.0,0.0,0.0,0.0,0.0,0.0,237.0,13.0
4,9191,Nuttoz Roasted Peanuts Rs 20,4|9191,0.0,237.0,13.0,0.0,0.0,0.0,0.0,0.0,0.0,0.0,237.0,13.0
4,929,Sprite750ml,4|929,27936.0,1524.0,80.0,24534.0,14.0,24548.0,12.0,1034.0,48.0,22806.0,5958.0,728.0
4,930,Spicy Testing Poha,4|930,0.0,0.0,0.0,0.0,0.0,0.0,0.0,0.0,0.0,0.0,0.0,0.0
4,9308,Volls Pro Plant Protein Caramel ,4|9308,2496.0,0.0,2.0,3136.0,0.0,3136.0,3.0,856.0,14.0,2083.0,219.0,182.0
4,9328,Neozap Payment Tag ,4|9328,0.0,0.0,0.0,0.0,0.0,0.0,0.0,0.0,0.0,0.0,0.0,0.0
4,9329,Omnicard Keychain ,4|9329,0.0,0.0,0.0,0.0,0.0,0.0,0.0,0.0,0.0,0.0,0.0,0.0
4,9332,Transcorp Contactless PaymentRing Black Size5,4|9332,21.0,0.0,0.0,0.0,0.0,0.0,0.0,0.0,0.0,0.0,21.0,0.0
4,935,Lays - American Style Cream and Onion ,4|935,74145.0,3744.0,199.0,66948.0,42.0,66990.0,52.0,3048.0,53.0,63227.0,13999.0,809.0
4,94,Maaza Tetrapack Rs 10,4|94,0.0,0.0,0.0,0.0,0.0,0.0,0.0,0.0,0.0,0.0,0.0,0.0
4,9418,Mom Gheev Rava Upma With Bhujia Rs 65,4|9418,0.0,0.0,0.0,16.0,0.0,16.0,0.0,16.0,10.0,21.0,0.0,-31.0
4,95,Parle Appy Rs 10,4|95,0.0,1.0,0.0,0.0,0.0,0.0,0.0,0.0,0.0,0.0,1.0,0.0
4,9825,Nuttoz Roasted Cashew Rs 25,4|9825,0.0,239.0,13.0,0.0,0.0,0.0,0.0,0.0,0.0,0.0,239.0,13.0
4,984,Appy 200ml Rs 15,4|984,7410.0,1326.0,70.0,8299.0,0.0,8299.0,3.0,575.0,11.0,6782.0,1015.0,998.0
4,9851,Farmley Cream & Onion Makhana Rs 50,4|9851,0.0,189.0,10.0,39.0,0.0,39.0,0.0,63.0,0.0,60.0,213.0,-74.0
4,9853,Hydroshark Lime Drink Rs 80,4|9853,0.0,0.0,0.0,44.0,0.0,44.0,0.0,50.0,35.0,58.0,6.0,-99.0
4,986,Haldiram's Chips Pudina Treat Rs 15 ,4|986,0.0,1786.0,94.0,0.0,0.0,0.0,0.0,0.0,0.0,0.0,1786.0,94.0
4,9925,Sugar Free Diet Mocha Hazelnut Cookies ,4|9925,0.0,0.0,5.0,290.0,0.0,290.0,0.0,54.0,0.0,333.0,-236.0,-92.0
4,9994,Fit & flex Masala Protein Puffs ,4|9994,0.0,275.0,15.0,433.0,0.0,433.0,0.0,75.0,0.0,479.0,-83.0,-106.0
4,9996,Welbe Plain Murukku ,4|9996,7200.0,1348.0,71.0,11388.0,0.0,11388.0,7.0,1300.0,13.0,9631.0,-1533.0,508.0
43,10127,Ofresh Tender Coconut Water Rs 50,43|10127,0.0,0.0,0.0,0.0,0.0,0.0,0.0,0.0,0.0,0.0,0.0,0.0
43,10128,Ananda Elachi Flavoured Milk Rs 20,43|10128,0.0,0.0,0.0,0.0,0.0,0.0,0.0,0.0,0.0,0.0,0.0,0.0
43,11,Mother Dairy Sweet Lassi,43|11,0.0,9.0,0.0,0.0,0.0,0.0,0.0,0.0,0.0,0.0,9.0,0.0
43,1243,RedBull Rs 125,43|1243,0.0,5.0,0.0,0.0,0.0,0.0,0.0,0.0,0.0,0.0,5.0,0.0
43,125,Fanta Pet 250ml Rs 20,43|125,196.0,5.0,0.0,117.0,0.0,117.0,5.0,4.0,0.0,86.0,93.0,22.0
43,126,Coke Regular Pet 250ml Rs 20,43|126,6376.0,44.0,0.0,1274.0,0.0,1274.0,75.0,75.0,0.0,1043.0,5296.0,81.0
43,1315, Britannia Treat Jim Jam Rs 10,43|1315,0.0,12.0,0.0,0.0,0.0,0.0,0.0,0.0,0.0,0.0,12.0,0.0
43,1383,Nestle Kitkat Rs 10,43|1383,0.0,9.0,0.0,0.0,0.0,0.0,0.0,0.0,0.0,0.0,9.0,0.0
43,139,Nestle Classic Chocolate ,43|139,0.0,17.0,0.0,0.0,0.0,0.0,0.0,0.0,0.0,0.0,17.0,0.0
43,140,Cadbury Dairy Milk Rs 20,43|140,6632.0,86.0,3.0,2069.0,0.0,2069.0,11.0,35.0,0.0,1660.0,4695.0,366.0
43,1482,Parle Agro Appy Fizz ,43|1482,300.0,16.0,0.0,0.0,0.0,0.0,0.0,0.0,0.0,0.0,316.0,0.0
43,1494,Britannia Treat Croissant Vanilla Rs15,43|1494,0.0,0.0,0.0,0.0,0.0,0.0,0.0,0.0,0.0,0.0,0.0,0.0
43,1668,7up Rs20,43|1668,810.0,0.0,0.0,250.0,0.0,250.0,0.0,2.0,0.0,217.0,562.0,31.0
43,1759,Frooti ,43|1759,450.0,0.0,0.0,128.0,0.0,128.0,0.0,5.0,27.0,92.0,327.0,4.0
43,185,Thums UP CHARGED Rs 20,43|185,2156.0,22.0,0.0,555.0,0.0,555.0,17.0,11.0,0.0,475.0,1651.0,52.0
43,2360,Real Koolerz Mango Rs 10,43|2360,0.0,18.0,0.0,0.0,0.0,0.0,0.0,0.0,0.0,0.0,18.0,0.0
43,2696,Masala Peanut ,43|2696,0.0,0.0,0.0,0.0,0.0,0.0,0.0,0.0,0.0,0.0,0.0,0.0
43,2769,Amul Kool Badam Milk Shake Rs 40,43|2769,90.0,0.0,0.0,0.0,0.0,0.0,0.0,0.0,0.0,0.0,90.0,0.0
43,290,Kurkure Masala Munch ,43|290,650.0,83.0,1.0,0.0,0.0,0.0,0.0,0.0,0.0,0.0,733.0,1.0
43,291,Lay's American style Cream & Onion Rs 10,43|291,900.0,94.0,1.0,0.0,0.0,0.0,0.0,0.0,0.0,0.0,994.0,1.0
43,3083,Amul Kool Koko Chocolate Rs 35,43|3083,150.0,0.0,0.0,0.0,0.0,0.0,0.0,0.0,0.0,0.0,150.0,0.0
43,318,Coke Zero,43|318,0.0,9.0,0.0,0.0,0.0,0.0,0.0,0.0,0.0,0.0,9.0,0.0
43,331,Britannia Veg Cake Fruity Fun Rs 20,43|331,0.0,0.0,0.0,0.0,0.0,0.0,0.0,0.0,0.0,0.0,0.0,0.0
43,3392,Sprite 250ml Rs 20,43|3392,0.0,19.0,0.0,0.0,0.0,0.0,0.0,0.0,0.0,0.0,19.0,0.0
43,3953,Thums Up ,43|3953,180.0,21.0,1.0,0.0,0.0,0.0,0.0,0.0,0.0,0.0,201.0,1.0
43,4050,Prabhu ji Masala Muri Rs 10,43|4050,0.0,139.0,2.0,0.0,0.0,0.0,0.0,0.0,0.0,0.0,139.0,2.0
43,430,Haldiram's Moong Dal Rs 10 ,43|430,32608.0,327.0,12.0,6369.0,0.0,6369.0,28.0,110.0,0.0,5981.0,26704.0,262.0
43,4330,Sting,43|4330,450.0,9.0,0.0,126.0,0.0,126.0,0.0,1.0,0.0,124.0,334.0,1.0
43,478,Kit Kat Rs 25,43|478,0.0,80.0,4.0,0.0,0.0,0.0,0.0,0.0,0.0,0.0,80.0,4.0
43,493,Test Product,43|493,0.0,0.0,0.0,4.0,8.0,12.0,0.0,12.0,0.0,2.0,0.0,-2.0
43,5165,Masala Diet Chidwa spicy Special Rs 20,43|5165,0.0,24.0,1.0,0.0,0.0,0.0,0.0,0.0,0.0,0.0,24.0,1.0
43,542,Limca 250ml Pet Rs 20,43|542,1624.0,27.0,1.0,386.0,0.0,386.0,26.0,23.0,0.0,295.0,1314.0,43.0
43,5580,Diamond Cream And Onion Chips Rs 20,43|5580,0.0,9.0,1.0,0.0,0.0,0.0,0.0,0.0,0.0,0.0,9.0,1.0
43,575,Frooti Rs 10,43|575,1080.0,19.0,0.0,293.0,0.0,293.0,0.0,0.0,0.0,240.0,806.0,53.0
43,59,Tropicana Juice,43|59,0.0,48.0,1.0,0.0,0.0,0.0,0.0,0.0,0.0,0.0,48.0,1.0
43,663,Britannia Veg Cake Chocolate Rs 20,43|663,0.0,0.0,0.0,0.0,0.0,0.0,0.0,0.0,0.0,0.0,0.0,0.0
43,668,Maaza Pet Bottle Rs 20,43|668,0.0,0.0,0.0,0.0,0.0,0.0,0.0,0.0,0.0,0.0,0.0,0.0
43,678,Britannia Bourbon-Rs 10,43|678,14940.0,518.0,20.0,2673.0,0.0,2673.0,1.0,58.0,0.0,2391.0,12844.0,243.0
43,6866,Bindu Fizz Jeera Masala ,43|6866,810.0,0.0,0.0,214.0,0.0,214.0,3.0,2.0,0.0,165.0,601.0,44.0
43,690,Amul Lassi Rs 15,43|690,2370.0,7.0,0.0,673.0,0.0,673.0,0.0,0.0,0.0,622.0,1704.0,51.0
43,691,Britannia Chocolate Shake Rs 30 ,43|691,0.0,0.0,0.0,0.0,0.0,0.0,0.0,0.0,0.0,0.0,0.0,0.0
43,764,Amul Milk Chocolate Rs 25,43|764,0.0,35.0,0.0,0.0,0.0,0.0,0.0,0.0,0.0,0.0,35.0,0.0
43,766,Amul Rose Lassi Rs 20 ,43|766,4710.0,35.0,2.0,1067.0,0.0,1067.0,2.0,6.0,0.0,986.0,3686.0,75.0
43,769,Cadbury Dairy Milk Rs.10,43|769,960.0,0.0,0.0,233.0,0.0,233.0,0.0,0.0,0.0,203.0,727.0,30.0
43,796,Mother Dairy Chach Rs 12,43|796,0.0,21.0,1.0,0.0,0.0,0.0,0.0,0.0,0.0,0.0,21.0,1.0
43,822,Britannia Good Day Cashew ,43|822,240.0,0.0,0.0,95.0,0.0,95.0,0.0,10.0,0.0,70.0,155.0,15.0
43,8422,Pran Litchi Fruit Drink Rs 10,43|8422,0.0,23.0,0.0,0.0,0.0,0.0,0.0,0.0,0.0,0.0,23.0,0.0
43,94,Maaza Tetrapack Rs 10,43|94,0.0,63.0,3.0,0.0,0.0,0.0,0.0,0.0,0.0,0.0,63.0,3.0
43,9409,Bhikharam Chandmal Moong Dal Rs 20,43|9409,0.0,0.0,0.0,0.0,0.0,0.0,0.0,0.0,0.0,0.0,0.0,0.0
43,9413,Bindu Fizz Jeera Masala Rs 20,43|9413,0.0,8.0,0.0,0.0,0.0,0.0,0.0,0.0,0.0,0.0,8.0,0.0
43,95,Parle Appy Rs 10,43|95,2064.0,0.0,0.0,175.0,0.0,175.0,1.0,0.0,0.0,162.0,1890.0,12.0
43,984,Appy 200ml Rs 15,43|984,300.0,0.0,0.0,0.0,0.0,0.0,0.0,0.0,0.0,0.0,300.0,0.0
43,986,Haldiram's Chips Pudina Treat Rs 15 ,43|986,150.0,0.0,0.0,0.0,0.0,0.0,0.0,0.0,0.0,0.0,150.0,0.0
44,0,Unknown/Unmapped,44|0,1306.0,0.0,0.0,1110.0,0.0,1110.0,0.0,38.0,0.0,0.0,234.0,1072.0
44,10131,Karias Peanut Chikki Rs 20,44|10131,480.0,0.0,0.0,500.0,0.0,500.0,0.0,47.0,0.0,0.0,27.0,453.0
44,109,Real Mixed Fruit Juice Rs 20,44|109,480.0,0.0,0.0,596.0,0.0,596.0,0.0,131.0,0.0,0.0,15.0,465.0
44,1120,Fanta Can ,44|1120,336.0,0.0,0.0,357.0,0.0,357.0,0.0,16.0,0.0,0.0,-5.0,341.0
44,126,Coke Regular Pet 250ml Rs 20,44|126,8626.0,0.0,0.0,9288.0,0.0,9288.0,1.0,276.0,0.0,0.0,-385.0,9011.0
44,1383,Nestle Kitkat Rs 10,44|1383,1020.0,0.0,0.0,1091.0,0.0,1091.0,0.0,101.0,0.0,0.0,30.0,990.0
44,139,Nestle Classic Chocolate ,44|139,4440.0,0.0,0.0,3816.0,0.0,3816.0,0.0,151.0,0.0,0.0,775.0,3665.0
44,140,Cadbury Dairy Milk Rs 20,44|140,5120.0,0.0,0.0,5287.0,0.0,5287.0,0.0,194.0,0.0,0.0,27.0,5093.0
44,1494,Britannia Treat Croissant Vanilla Rs15,44|1494,1872.0,0.0,0.0,2250.0,0.0,2250.0,0.0,179.0,0.0,0.0,-199.0,2071.0
44,185,Thums UP CHARGED Rs 20,44|185,150.0,0.0,0.0,144.0,0.0,144.0,0.0,2.0,0.0,0.0,8.0,142.0
44,224,Amul Kool Cafe Rs 30,44|224,1440.0,0.0,0.0,1476.0,0.0,1476.0,0.0,111.0,0.0,0.0,75.0,1365.0
44,2769,Amul Kool Badam Milk Shake Rs 40,44|2769,120.0,0.0,0.0,102.0,0.0,102.0,0.0,15.0,0.0,0.0,33.0,87.0
44,290,Kurkure Masala Munch ,44|290,4500.0,0.0,0.0,4645.0,0.0,4645.0,0.0,229.0,0.0,0.0,84.0,4416.0
44,291,Lay's American style Cream & Onion Rs 10,44|291,7560.0,0.0,0.0,7787.0,0.0,7787.0,0.0,371.0,0.0,0.0,144.0,7416.0
44,318,Coke Zero,44|318,1008.0,0.0,0.0,839.0,0.0,839.0,0.0,44.0,0.0,0.0,213.0,795.0
44,38,Amul Masti Buttermilk Rs 10,44|38,0.0,0.0,0.0,60.0,0.0,60.0,0.0,0.0,0.0,0.0,-60.0,60.0
44,3953,Thums Up ,44|3953,180.0,0.0,0.0,181.0,0.0,181.0,0.0,2.0,0.0,0.0,1.0,179.0
44,4050,Prabhu ji Masala Muri Rs 10,44|4050,0.0,0.0,0.0,1580.0,0.0,1580.0,0.0,255.0,0.0,0.0,-1325.0,1325.0
44,430,Haldiram's Moong Dal Rs 10 ,44|430,22554.0,0.0,0.0,23151.0,0.0,23151.0,0.0,2338.0,0.0,0.0,1741.0,20813.0
44,434,Uncle Chips - Spicy Treat,44|434,660.0,0.0,0.0,667.0,0.0,667.0,0.0,19.0,0.0,0.0,12.0,648.0
44,478,Kit Kat Rs 25,44|478,336.0,0.0,0.0,498.0,0.0,498.0,0.0,48.0,0.0,0.0,-114.0,450.0
44,493,Test Product,44|493,0.0,0.0,0.0,1.0,0.0,1.0,0.0,0.0,0.0,0.0,-1.0,1.0
44,5165,Masala Diet Chidwa spicy Special Rs 20,44|5165,0.0,0.0,0.0,396.0,0.0,396.0,0.0,117.0,0.0,0.0,-279.0,279.0
44,5502,Amul Kool Cafe ,44|5502,360.0,0.0,0.0,365.0,0.0,365.0,0.0,7.0,0.0,0.0,2.0,358.0
44,5580,Diamond Cream And Onion Chips Rs 20,44|5580,0.0,0.0,0.0,201.0,0.0,201.0,0.0,5.0,0.0,0.0,-196.0,196.0
44,59,Tropicana Juice,44|59,0.0,0.0,0.0,426.0,0.0,426.0,0.0,23.0,0.0,0.0,-403.0,403.0
44,6254,Hell Energy Drink ,44|6254,240.0,0.0,0.0,301.0,0.0,301.0,0.0,79.0,0.0,0.0,18.0,222.0
44,678,Britannia Bourbon-Rs 10,44|678,14068.0,0.0,0.0,16000.0,0.0,16000.0,0.0,1577.0,0.0,0.0,-355.0,14423.0
44,6866,Bindu Fizz Jeera Masala ,44|6866,1200.0,0.0,0.0,1406.0,0.0,1406.0,0.0,165.0,0.0,0.0,-41.0,1241.0
44,690,Amul Lassi Rs 15,44|690,510.0,0.0,0.0,514.0,0.0,514.0,0.0,2.0,0.0,0.0,-2.0,512.0
44,693,Snickers,44|693,160.0,0.0,0.0,169.0,0.0,169.0,0.0,15.0,0.0,0.0,6.0,154.0
44,764,Amul Milk Chocolate Rs 25,44|764,2280.0,0.0,0.0,2974.0,0.0,2974.0,0.0,223.0,0.0,0.0,-471.0,2751.0
44,766,Amul Rose Lassi Rs 20 ,44|766,2160.0,0.0,0.0,2456.0,0.0,2456.0,0.0,156.0,0.0,0.0,-140.0,2300.0
44,769,Cadbury Dairy Milk Rs.10,44|769,320.0,0.0,0.0,316.0,0.0,316.0,0.0,5.0,0.0,0.0,9.0,311.0
44,8340,Heritage Aone Spiced Buttermilk Rs 20,44|8340,120.0,0.0,0.0,132.0,0.0,132.0,0.0,12.0,0.0,0.0,0.0,120.0
44,918,Lotte Choco Pie Rs 10,44|918,576.0,0.0,0.0,608.0,0.0,608.0,0.0,48.0,0.0,0.0,16.0,560.0
44,922,Maaza ,44|922,300.0,0.0,0.0,338.0,0.0,338.0,0.0,34.0,0.0,0.0,-4.0,304.0
44,94,Maaza Tetrapack Rs 10,44|94,400.0,0.0,0.0,1301.0,0.0,1301.0,0.0,81.0,0.0,0.0,-820.0,1220.0
44,9409,Bhikharam Chandmal Moong Dal Rs 20,44|9409,0.0,0.0,0.0,690.0,0.0,690.0,0.0,232.0,0.0,0.0,-458.0,458.0
5,0,Unknown/Unmapped,5|0,25334.0,0.0,0.0,3868.0,26.0,3894.0,0.0,78.0,0.0,2695.0,21518.0,1121.0
5,10,Mother Dairy Chach Rs 10,5|10,0.0,0.0,0.0,15.0,0.0,15.0,0.0,0.0,0.0,0.0,-15.0,15.0
5,10109,Fabeato Salt & Pepper Cashews,5|10109,1150.0,0.0,2.0,1346.0,0.0,1346.0,15.0,481.0,19.0,861.0,300.0,-28.0
5,10114,Nutrezy Raisin Omega & Crunch Trail Mix,5|10114,3300.0,0.0,0.0,4472.0,0.0,4472.0,7.0,1160.0,6.0,2978.0,-5.0,321.0
5,1023,Britannia Chocolate Shake Rs 35,5|1023,9090.0,832.0,45.0,1022.0,0.0,1022.0,5.0,309.0,14.0,904.0,9214.0,-165.0
5,1032,Snickers Rs 40,5|1032,0.0,0.0,0.0,53.0,0.0,53.0,0.0,39.0,0.0,14.0,-14.0,0.0
5,10321,Superyou Strawberry Wafer Bar,5|10321,22020.0,0.0,0.0,18165.0,26.0,18191.0,74.0,3778.0,72.0,13604.0,7681.0,663.0
5,10390,Sweet Karam Coffee Madras Mixture,5|10390,7290.0,0.0,0.0,9805.0,12.0,9817.0,26.0,1802.0,1.0,7768.0,-699.0,220.0
5,1048,Balaji Wafers Pizzy Masala Rs 10,5|1048,0.0,0.0,0.0,0.0,0.0,0.0,0.0,0.0,0.0,0.0,0.0,0.0
5,1054,Cavins Strawberry Milk Shake Rs 35,5|1054,0.0,0.0,0.0,0.0,0.0,0.0,0.0,0.0,0.0,0.0,0.0,0.0
5,1059,Cavin's Spiced Butter Milk Rs 15,5|1059,0.0,0.0,0.0,303.0,0.0,303.0,0.0,13.0,0.0,274.0,-290.0,16.0
5,1061,Havit Vrat Special Potato Wafers,5|1061,0.0,0.0,0.0,0.0,0.0,0.0,0.0,0.0,0.0,0.0,0.0,0.0
5,1069, Sunfeast Dark Fantasy Choco Fill Cookies Rs 10,5|1069,0.0,1151.0,61.0,1122.0,0.0,1122.0,2.0,69.0,1.0,1230.0,100.0,-119.0
5,10696,Insta Ahaar Classic Masala Poha ,5|10696,240.0,0.0,0.0,370.0,0.0,370.0,1.0,247.0,0.0,116.0,118.0,6.0
5,10697,Insta Ahaar Cuppa Classic Masala Poha ,5|10697,504.0,0.0,0.0,623.0,0.0,623.0,2.0,558.0,23.0,74.0,441.0,-34.0
5,10724,Bru Cold Coffee ,5|10724,6528.0,0.0,0.0,3989.0,0.0,3989.0,10.0,551.0,46.0,3073.0,3100.0,309.0
5,10845,Lotus Masala Chaach,5|10845,2688.0,0.0,0.0,3136.0,0.0,3136.0,6.0,560.0,10.0,2452.0,118.0,108.0
5,10856,Jimmys Classic Lime Lemonade,5|10856,3720.0,0.0,0.0,4138.0,0.0,4138.0,13.0,754.0,18.0,3157.0,349.0,196.0
5,10857,Swizzle Desi Lemonade ,5|10857,7408.0,0.0,0.0,5158.0,0.0,5158.0,5.0,1150.0,143.0,3023.0,3405.0,837.0
5,1091,Max Protein Desi Masala  Rs 40,5|1091,0.0,0.0,0.0,2713.0,0.0,2713.0,0.0,142.0,0.0,2360.0,-2571.0,211.0
5,10932,Cutlet,5|10932,201.0,0.0,0.0,175.0,0.0,175.0,1.0,20.0,48.0,97.0,47.0,9.0
5,10933,Fried Rice,5|10933,49.0,0.0,0.0,43.0,0.0,43.0,0.0,2.0,10.0,25.0,8.0,6.0
5,10934,Poha,5|10934,124.0,0.0,0.0,119.0,0.0,119.0,0.0,14.0,11.0,95.0,19.0,-1.0
5,10936,Pasta,5|10936,6.0,0.0,0.0,9.0,0.0,9.0,0.0,0.0,2.0,7.0,-3.0,0.0
5,10939,Macroni,5|10939,3.0,0.0,0.0,0.0,0.0,0.0,0.0,0.0,0.0,0.0,3.0,0.0
5,11008,Reload Orange Rush Drink ,5|11008,9056.0,0.0,0.0,9744.0,10.0,9754.0,34.0,1169.0,19.0,7833.0,505.0,699.0
5,1104,Haldirams NGP Lite Chiwda Rs 10,5|1104,0.0,0.0,0.0,0.0,0.0,0.0,0.0,0.0,0.0,0.0,0.0,0.0
5,11106,Eat Better Millet Namkeen Desi Masala ,5|11106,5400.0,0.0,0.0,4745.0,0.0,4745.0,20.0,1040.0,99.0,3456.0,1715.0,130.0
5,11153,Ella Foods Ready To Eat Upma 65g,5|11153,678.0,0.0,0.0,690.0,0.0,690.0,0.0,185.0,58.0,308.0,173.0,139.0
5,11154,Ella Foods Salted Almonds,5|11154,5200.0,0.0,0.0,2781.0,12.0,2793.0,0.0,737.0,0.0,1240.0,3144.0,816.0
5,11171,Superyou Multigrain Super Masala Chips 40,5|11171,12096.0,0.0,0.0,12513.0,17.0,12530.0,31.0,1902.0,279.0,10223.0,1499.0,95.0
5,1120,Fanta Can ,5|1120,384.0,386.0,20.0,194.0,0.0,194.0,0.0,0.0,0.0,188.0,576.0,26.0
5,11251,Bru Cold Coffee 200 ML,5|11251,0.0,0.0,0.0,2752.0,7.0,2759.0,1.0,254.0,0.0,2091.0,-2504.0,413.0
5,11252,Boost Ready To Drink 180 ML,5|11252,6120.0,0.0,0.0,6663.0,6.0,6669.0,12.0,914.0,6.0,5201.0,377.0,536.0
5,11274,Millet Bank Chilli Chataka Stix,5|11274,13000.0,0.0,0.0,13162.0,22.0,13184.0,14.0,1073.0,15.0,11617.0,903.0,465.0
5,11388,Lets Try Aloo Bhujia ,5|11388,17400.0,0.0,0.0,17513.0,16.0,17529.0,8.0,1742.0,0.0,15489.0,1621.0,290.0
5,114,Coke Regular Can Rs 35,5|114,0.0,0.0,0.0,0.0,0.0,0.0,0.0,0.0,0.0,0.0,0.0,0.0
5,1143,Nestle Kit Kat,5|1143,0.0,0.0,0.0,0.0,0.0,0.0,0.0,0.0,0.0,0.0,0.0,0.0
5,115,Coke Diet Can Rs 35,5|115,0.0,0.0,0.0,0.0,0.0,0.0,0.0,0.0,0.0,0.0,0.0,0.0
5,11613,Fabeato Korean Kimchi Banana Chips,5|11613,16000.0,0.0,0.0,14722.0,16.0,14738.0,6.0,774.0,7.0,13067.0,2042.0,884.0
5,11617,Butter Popcorn Jumbo Pack,5|11617,0.0,0.0,0.0,1936.0,6.0,1942.0,0.0,37.0,0.0,1672.0,-1905.0,233.0
5,1170,Haldirams NGP Salted Peanut ,5|1170,206350.0,12394.0,654.0,216420.0,276.0,216696.0,278.0,14798.0,2292.0,198000.0,17124.0,1982.0
5,11988,Swap Aam Panna Rs 60,5|11988,1350.0,0.0,0.0,787.0,0.0,787.0,0.0,150.0,37.0,429.0,713.0,171.0
5,12013,Volls Sante Strawberry Protein Bar Rs 90,5|12013,3200.0,0.0,0.0,3057.0,0.0,3057.0,0.0,260.0,2.0,2435.0,403.0,360.0
5,12429,Madmix Jowar Bhujia Masala Masti,5|12429,11380.0,0.0,0.0,6324.0,0.0,6324.0,1.0,452.0,0.0,5255.0,5509.0,616.0
5,1243,RedBull Rs 125,5|1243,0.0,2.0,0.0,0.0,0.0,0.0,0.0,3.0,1.0,0.0,5.0,-4.0
5,12452,Mcvities Digestive Cookies ,5|12452,5952.0,0.0,0.0,1465.0,2.0,1467.0,4.0,153.0,0.0,1075.0,4642.0,235.0
5,12579,Ocean Crispy Orange Apple Fruit Drink Rs 38,5|12579,2772.0,0.0,0.0,2588.0,3.0,2591.0,0.0,109.0,0.0,2316.0,290.0,166.0
5,12588,Ella Foods Salted Cashew 27g Rs 70,5|12588,0.0,0.0,0.0,575.0,0.0,575.0,0.0,19.0,0.0,463.0,-556.0,93.0
5,126,Coke Regular Pet 250ml Rs 20,5|126,26880.0,403.0,21.0,27520.0,16.0,27536.0,13.0,1863.0,44.0,24761.0,1623.0,876.0
5,12640,Trubeing Roasted Peanuts Plain Salted,5|12640,19440.0,0.0,0.0,9176.0,0.0,9176.0,0.0,236.0,0.0,7660.0,10500.0,1280.0
5,12644,Trubeing Roasted Makhana Himalayan Pink Salt,5|12644,5760.0,0.0,0.0,1799.0,0.0,1799.0,0.0,122.0,0.0,1660.0,4083.0,17.0
5,12650,Trubeing Soya Chips,5|12650,8910.0,0.0,0.0,4433.0,8.0,4441.0,0.0,88.0,0.0,4105.0,4557.0,248.0
5,1270,Haldiram's Khatta Meetha Rs 30,5|1270,0.0,986.0,52.0,64.0,0.0,64.0,0.0,63.0,20.0,156.0,985.0,-123.0
5,1273,Shunya Go Mix Fruit Mania Rs 60,5|1273,0.0,0.0,0.0,0.0,0.0,0.0,0.0,0.0,0.0,0.0,0.0,0.0
5,1299,Happy Bar Energy Snack Rs 40,5|1299,0.0,0.0,0.0,0.0,0.0,0.0,0.0,0.0,0.0,0.0,0.0,0.0
5,130,Choco Chips Cookies,5|130,89136.0,5275.0,285.0,74900.0,88.0,74988.0,97.0,6524.0,148.0,67373.0,26044.0,1131.0
5,1301,Maggi Cuppa Noodles Masala ,5|1301,0.0,10.0,6.0,112.0,0.0,112.0,0.0,13.0,2.0,115.0,-89.0,-12.0
5,1302,Born Reborn Oats & Jowar Garlic Zen Rs 30,5|1302,0.0,0.0,0.0,0.0,0.0,0.0,0.0,0.0,0.0,0.0,0.0,0.0
5,1315, Britannia Treat Jim Jam Rs 10,5|1315,7380.0,233.0,12.0,12431.0,29.0,12460.0,6.0,1342.0,41.0,10514.0,-3499.0,569.0
5,132,Maggi Masala ,5|132,0.0,0.0,0.0,0.0,0.0,0.0,0.0,0.0,0.0,0.0,0.0,0.0
5,1326,Unibic Choco Chip Cookies ,5|1326,25536.0,0.0,0.0,44651.0,39.0,44690.0,30.0,3057.0,40.0,39744.0,-16067.0,1819.0
5,1344,NIDZ Dark Milk Roasted Cashew Chocolate Rs 60,5|1344,0.0,8.0,0.0,0.0,0.0,0.0,0.0,0.0,0.0,0.0,8.0,0.0
5,1383,Nestle Kitkat Rs 10,5|1383,2304.0,0.0,0.0,0.0,0.0,0.0,0.0,0.0,0.0,0.0,2304.0,0.0
5,139,Nestle Classic Chocolate ,5|139,15888.0,2306.0,122.0,17743.0,12.0,17755.0,14.0,1352.0,26.0,15576.0,1805.0,909.0
5,140,Cadbury Dairy Milk Rs 20,5|140,0.0,0.0,0.0,0.0,0.0,0.0,0.0,0.0,0.0,0.0,0.0,0.0
5,143,Minute Maid Mixed Fruit Rs 10,5|143,0.0,0.0,0.0,0.0,0.0,0.0,0.0,0.0,0.0,0.0,0.0,0.0
5,1467, Snickers Fruit & Nut Rs 50,5|1467,0.0,27.0,0.0,0.0,0.0,0.0,0.0,0.0,0.0,0.0,27.0,0.0
5,147,Snickers Rs 35,5|147,27336.0,0.0,0.0,2125.0,0.0,2125.0,0.0,346.0,3.0,1541.0,25557.0,235.0
5,1482,Parle Agro Appy Fizz ,5|1482,8400.0,547.0,29.0,31343.0,19.0,31362.0,19.0,1799.0,213.0,29000.0,-20597.0,360.0
5,1483,Coke Regular Pet 600ml Rs 38,5|1483,0.0,0.0,0.0,5.0,0.0,5.0,0.0,5.0,0.0,0.0,0.0,0.0
5,1484,Haldiram Matka JhatkaRs12,5|1484,0.0,0.0,0.0,31.0,0.0,31.0,0.0,0.0,0.0,31.0,-31.0,0.0
5,1494,Britannia Treat Croissant Vanilla Rs15,5|1494,0.0,0.0,0.0,0.0,0.0,0.0,0.0,0.0,0.0,0.0,0.0,0.0
5,1504,Yoga Bar Chocolate Chunk Nut Rs 40,5|1504,0.0,0.0,0.0,0.0,0.0,0.0,0.0,0.0,0.0,0.0,0.0,0.0
5,1535,Mylab Covi Self COVID 19Rapid Antigen Self Test Kit ,5|1535,0.0,0.0,0.0,0.0,0.0,0.0,0.0,0.0,0.0,0.0,0.0,0.0
5,1542,Cup Noodles,5|1542,0.0,0.0,0.0,0.0,0.0,0.0,0.0,0.0,0.0,0.0,0.0,0.0
5,1606,BRB Popped Potato Chips Pasta Cheese ,5|1606,74360.0,4748.0,247.0,76214.0,75.0,76289.0,107.0,7616.0,83.0,66935.0,10542.0,1795.0
5,1608,Makino Nacho Chips Jalapeno ,5|1608,21000.0,4493.0,234.0,26107.0,25.0,26132.0,37.0,1665.0,32.0,24882.0,1063.0,-250.0
5,1609,Makino Nacho Chips Cheese ,5|1609,0.0,0.0,0.0,0.0,0.0,0.0,0.0,0.0,0.0,0.0,0.0,0.0
5,1622,BRB Bhel Zingy and Tangy Rs 20,5|1622,0.0,0.0,0.0,0.0,0.0,0.0,0.0,0.0,0.0,0.0,0.0,0.0
5,1623,Cadbury Dairy Milk Chocolate Rs 50,5|1623,0.0,804.0,41.0,308.0,0.0,308.0,3.0,125.0,0.0,206.0,624.0,15.0
5,1627,Yoga Bar Breakfast Protein Blueberry Pie,5|1627,0.0,0.0,0.0,0.0,0.0,0.0,0.0,0.0,0.0,0.0,0.0,0.0
5,1636,Kurkure Solid Masti Rs 20,5|1636,9390.0,793.0,42.0,11378.0,12.0,11390.0,9.0,714.0,18.0,10908.0,-484.0,-217.0
5,169,Minute Maid Guava Rs 20,5|169,0.0,0.0,0.0,0.0,0.0,0.0,0.0,0.0,0.0,0.0,0.0,0.0
5,17,McVities Digestive Rs 10,5|17,0.0,2.0,0.0,0.0,0.0,0.0,0.0,0.0,0.0,0.0,2.0,0.0
5,1734,MOM	Makhana Rs40,5|1734,0.0,0.0,0.0,0.0,0.0,0.0,0.0,0.0,0.0,0.0,0.0,0.0
5,1738,Maggi Cuppa NDLS Masala Rs 55,5|1738,0.0,0.0,0.0,0.0,0.0,0.0,0.0,0.0,0.0,0.0,0.0,0.0
5,1743,Act 2 Popcorn Butter,5|1743,65100.0,3093.0,163.0,64275.0,50.0,64325.0,47.0,1225.0,54.0,61683.0,5140.0,1479.0
5,1767,Little hearts 75gm,5|1767,0.0,547.0,29.0,0.0,0.0,0.0,0.0,0.0,0.0,0.0,547.0,29.0
5,18,Red Bull Rs 115,5|18,0.0,0.0,0.0,0.0,0.0,0.0,0.0,0.0,0.0,0.0,0.0,0.0
5,1825,Open Secret White Choco Cashew Nutty Cookies Rs 35,5|1825,0.0,0.0,0.0,0.0,0.0,0.0,0.0,0.0,0.0,0.0,0.0,0.0
5,1883,Parle Cakes Vanilla (Contains Egg) Rs 30,5|1883,0.0,0.0,0.0,0.0,0.0,0.0,0.0,0.0,0.0,0.0,0.0,0.0
5,193,Monster Energy,5|193,0.0,10.0,2.0,40.0,0.0,40.0,3.0,4.0,3.0,31.0,-23.0,1.0
5,1959,Snickers Rs 20,5|1959,30720.0,2195.0,116.0,37184.0,27.0,37211.0,21.0,3075.0,40.0,32139.0,-1200.0,2052.0
5,1972,Storia Coconut Water Rs 35,5|1972,5400.0,0.0,0.0,2896.0,0.0,2896.0,1.0,54.0,0.0,2815.0,2559.0,26.0
5,1988,Nutritius Crunchy Peanut Chikki Rs10,5|1988,0.0,0.0,0.0,0.0,0.0,0.0,0.0,0.0,0.0,0.0,0.0,0.0
5,2016,Haldirams NGP Punjabi Tadka Rs 35,5|2016,0.0,506.0,28.0,0.0,0.0,0.0,0.0,0.0,0.0,0.0,506.0,28.0
5,203,Sprite Pop Can Rs 25,5|203,0.0,0.0,0.0,62.0,0.0,62.0,0.0,6.0,0.0,55.0,-56.0,1.0
5,204,Saffola masala oats - Tangy Chaat,5|204,0.0,0.0,0.0,0.0,0.0,0.0,0.0,0.0,0.0,0.0,0.0,0.0
5,2047,Nourish Organics Lime Chia Bar Rs 60,5|2047,0.0,0.0,0.0,0.0,0.0,0.0,0.0,0.0,0.0,0.0,0.0,0.0
5,2052,Elevate Granola Almonds and Seeds Rs 50,5|2052,0.0,0.0,0.0,0.0,0.0,0.0,0.0,0.0,0.0,0.0,0.0,0.0
5,2087,Maggi Masala Single Pack Rs14,5|2087,0.0,133.0,7.0,10.0,1.0,11.0,0.0,11.0,0.0,1.0,133.0,6.0
5,2209,Paperboat Chilli Guava Juice Rs 20,5|2209,0.0,0.0,0.0,6892.0,0.0,6892.0,11.0,724.0,128.0,5646.0,-6157.0,383.0
5,2216,Frussh Mango Orange Juice Rs 40,5|2216,0.0,0.0,0.0,0.0,0.0,0.0,0.0,0.0,0.0,0.0,0.0,0.0
5,2239,Cadbury Chocolate Rs 50,5|2239,20640.0,0.0,6.0,21380.0,3.0,21383.0,35.0,3501.0,4.0,17039.0,2793.0,810.0
5,2295,EGO Sweet Potato Mexican Twist Rs 40,5|2295,0.0,0.0,0.0,0.0,0.0,0.0,0.0,0.0,0.0,0.0,0.0,0.0
5,2330,Bikano Bikaneri Bhujia ,5|2330,0.0,0.0,0.0,0.0,0.0,0.0,0.0,0.0,0.0,0.0,0.0,0.0
5,2358,B Natural Mixed Fruit Juice Rs 20,5|2358,0.0,25.0,0.0,0.0,0.0,0.0,0.0,0.0,0.0,0.0,25.0,0.0
5,2412,Nescafe Chilled Latte Rs 45,5|2412,0.0,0.0,0.0,0.0,0.0,0.0,0.0,0.0,0.0,0.0,0.0,0.0
5,2418,Garden Onion Pakoda Rs 20,5|2418,0.0,0.0,0.0,0.0,0.0,0.0,0.0,0.0,0.0,0.0,0.0,0.0
5,2448,Too Yumm American Style Cream & Onion Chips,5|2448,0.0,0.0,0.0,0.0,0.0,0.0,0.0,0.0,0.0,0.0,0.0,0.0
5,2455, Cranberry Protein Bar Rs100,5|2455,0.0,0.0,0.0,0.0,0.0,0.0,0.0,0.0,0.0,0.0,0.0,0.0
5,2459,Woot Classic Butter Popcorn ,5|2459,0.0,0.0,0.0,0.0,0.0,0.0,0.0,0.0,0.0,0.0,0.0,0.0
5,2462,Mr Makhana Black Salt Rs45,5|2462,0.0,0.0,0.0,0.0,0.0,0.0,0.0,0.0,0.0,0.0,0.0,0.0
5,2501,ThumsUp Can Rs 60,5|2501,0.0,0.0,0.0,0.0,0.0,0.0,0.0,0.0,0.0,0.0,0.0,0.0
5,252,Thumps Up Can,5|252,0.0,411.0,22.0,0.0,0.0,0.0,0.0,0.0,0.0,0.0,411.0,22.0
5,2550,Max Protein Desi Masala Rs45,5|2550,38964.0,1761.0,93.0,20568.0,6.0,20574.0,91.0,3758.0,69.0,16965.0,24000.0,-216.0
5,2553,Bauli Moonfills Vanilla Rs20,5|2553,0.0,329.0,18.0,1.0,0.0,1.0,0.0,1.0,0.0,0.0,329.0,18.0
5,2584,Paper Boat Chocolate Milkshake Rs35,5|2584,0.0,60.0,3.0,47.0,0.0,47.0,0.0,12.0,0.0,33.0,25.0,5.0
5,2600,Elevate Granola Apple & Cinnamon Rs 60,5|2600,0.0,0.0,0.0,0.0,0.0,0.0,0.0,0.0,0.0,0.0,0.0,0.0
5,2604,Nidz Dark Roasted Cashew Chocolate Rs 70,5|2604,0.0,7.0,0.0,0.0,0.0,0.0,0.0,0.0,0.0,0.0,7.0,0.0
5,261,McVitie's Digestive Biscuits,5|261,0.0,732.0,38.0,9450.0,1.0,9451.0,0.0,249.0,1.0,7384.0,-8470.0,1855.0
5,278,Unibic Chocolate Cookies,5|278,0.0,51.0,3.0,0.0,0.0,0.0,0.0,0.0,0.0,0.0,51.0,3.0
5,2818,Cadbury 5 Star Oreo Rs 35,5|2818,0.0,355.0,19.0,0.0,0.0,0.0,0.0,0.0,0.0,0.0,355.0,19.0
5,282,Too Yumm Veggie Stix Cheese & Herbs Rs 20,5|282,52192.0,2520.0,151.0,47174.0,37.0,47211.0,63.0,2502.0,67.0,44034.0,10066.0,696.0
5,2881,Max Protein Choco Coconut Rs50,5|2881,0.0,0.0,0.0,0.0,0.0,0.0,0.0,0.0,0.0,0.0,0.0,0.0
5,290,Kurkure Masala Munch ,5|290,0.0,0.0,0.0,21.0,0.0,21.0,0.0,0.0,0.0,21.0,-21.0,0.0
5,2905,MTR Poha Cup Rs 65,5|2905,0.0,0.0,1.0,0.0,0.0,0.0,0.0,0.0,0.0,0.0,0.0,1.0
5,291,Lay's American style Cream & Onion Rs 10,5|291,0.0,0.0,0.0,172.0,0.0,172.0,0.0,21.0,0.0,151.0,-151.0,0.0
5,2910,Cavins Badam Milkshake Rs 60,5|2910,0.0,0.0,0.0,0.0,0.0,0.0,0.0,0.0,0.0,0.0,0.0,0.0
5,2987,Wingreen Naan chips Tez tandoori Rs 20,5|2987,0.0,102.0,2.0,0.0,0.0,0.0,0.0,0.0,0.0,0.0,102.0,2.0
5,300,Himalayan Salt & Pepper Makhana,5|300,0.0,0.0,0.0,24.0,0.0,24.0,0.0,4.0,0.0,20.0,-20.0,0.0
5,3001,Unibic Choco Nut Cookies Rs 20,5|3001,0.0,0.0,0.0,0.0,0.0,0.0,0.0,0.0,0.0,0.0,0.0,0.0
5,3007,MTR Poha,5|3007,0.0,94.0,4.0,0.0,0.0,0.0,0.0,0.0,0.0,0.0,94.0,4.0
5,3050,Happy Bar Coco Rs 50,5|3050,0.0,0.0,0.0,0.0,0.0,0.0,0.0,0.0,0.0,0.0,0.0,0.0
5,306,Hazelnut Latte,5|306,0.0,0.0,0.0,0.0,0.0,0.0,0.0,0.0,0.0,0.0,0.0,0.0
5,3065,Sirimiri Crushed Peanut Chikki Rs 15,5|3065,0.0,0.0,0.0,0.0,0.0,0.0,0.0,0.0,0.0,0.0,0.0,0.0
5,3092,Alo Frut Kiwi Rs 30,5|3092,0.0,250.0,13.0,0.0,0.0,0.0,0.0,0.0,0.0,0.0,250.0,13.0
5,3096,Alo Frut Coconut Water Rs 50,5|3096,12216.0,585.0,31.0,14767.0,1.0,14768.0,28.0,2283.0,231.0,12130.0,344.0,127.0
5,313,Paperboat Chikki,5|313,0.0,273.0,14.0,0.0,0.0,0.0,0.0,0.0,0.0,0.0,273.0,14.0
5,318,Coke Zero,5|318,24120.0,1575.0,85.0,22443.0,17.0,22460.0,27.0,1015.0,125.0,20479.0,4277.0,899.0
5,320,Unibic Choco Hazelnut Cookies Rs 10,5|320,0.0,0.0,0.0,0.0,0.0,0.0,0.0,0.0,0.0,0.0,0.0,0.0
5,3228,Paneer Tikka Sandwich Rs70,5|3228,0.0,0.0,0.0,0.0,0.0,0.0,0.0,0.0,0.0,0.0,0.0,0.0
5,3236,Proto Coconut Water Rs 50,5|3236,0.0,0.0,0.0,0.0,0.0,0.0,0.0,0.0,0.0,0.0,0.0,0.0
5,331,Britannia Veg Cake Fruity Fun Rs 20,5|331,0.0,0.0,0.0,19.0,0.0,19.0,3.0,3.0,0.0,19.0,-13.0,-6.0
5,3515,Cavins Kaju Butterscotch Milkshake  ,5|3515,0.0,0.0,0.0,11076.0,4.0,11080.0,4.0,619.0,1.0,9864.0,-10457.0,592.0
5,3542,Taali Masala Mania Protien Puffs Rs 20,5|3542,0.0,121.0,6.0,0.0,0.0,0.0,0.0,0.0,0.0,0.0,121.0,6.0
5,3684,Mystiq Russian Sandwich Rs 55,5|3684,0.0,0.0,0.0,0.0,0.0,0.0,0.0,0.0,0.0,0.0,0.0,0.0
5,3694,Appy Fizz Pet Bottle,5|3694,21180.0,0.0,0.0,0.0,0.0,0.0,0.0,0.0,0.0,0.0,21180.0,0.0
5,3719,Galaxy Milk Chocolate Rs 20 ,5|3719,0.0,579.0,31.0,1455.0,0.0,1455.0,3.0,328.0,1.0,1222.0,-545.0,-68.0
5,3746,Whisper Choice XL ,5|3746,0.0,0.0,0.0,0.0,0.0,0.0,0.0,0.0,0.0,0.0,0.0,0.0
5,3782,Britannia Winkin Cow Rs 35,5|3782,0.0,0.0,0.0,4526.0,0.0,4526.0,5.0,474.0,0.0,3880.0,-4047.0,167.0
5,38,Amul Masti Buttermilk Rs 10,5|38,0.0,0.0,0.0,0.0,0.0,0.0,0.0,0.0,0.0,0.0,0.0,0.0
5,3810,Lays Wavay Cream Onion Flavour Rs 15,5|3810,0.0,84.0,3.0,17.0,0.0,17.0,0.0,0.0,0.0,20.0,67.0,0.0
5,392,Test,5|392,0.0,0.0,0.0,0.0,0.0,0.0,0.0,0.0,0.0,0.0,0.0,0.0
5,395,Too Yum- Multigrain Chips,5|395,0.0,0.0,0.0,1091.0,0.0,1091.0,0.0,77.0,1.0,996.0,-1014.0,17.0
5,3995,Alpha 8 Mango Rs30,5|3995,0.0,0.0,0.0,0.0,0.0,0.0,0.0,0.0,0.0,0.0,0.0,0.0
5,4004,Haldirams Lite cornflakes Rs10,5|4004,0.0,0.0,0.0,0.0,0.0,0.0,0.0,0.0,0.0,0.0,0.0,0.0
5,401,Bingo - Potato Chips Masala,5|401,0.0,1171.0,66.0,0.0,0.0,0.0,0.0,0.0,0.0,0.0,1171.0,66.0
5,4036,Snickers Kesar Pista Stick Rs 30,5|4036,0.0,376.0,20.0,18363.0,0.0,18363.0,3.0,1868.0,0.0,15185.0,-16116.0,1327.0
5,4210,Britannia Marie Gold,5|4210,0.0,0.0,0.0,0.0,0.0,0.0,0.0,0.0,0.0,0.0,0.0,0.0
5,4238,Fit And Flex Cheesy Cheese Flavour ,5|4238,0.0,2.0,3.0,0.0,0.0,0.0,0.0,0.0,0.0,0.0,2.0,3.0
5,4283,Redbull Energy Drink ,5|4283,0.0,193.0,10.0,0.0,0.0,0.0,0.0,0.0,4.0,0.0,193.0,6.0
5,430,Haldiram's Moong Dal Rs 10 ,5|430,0.0,6464.0,361.0,4762.0,0.0,4762.0,0.0,465.0,3.0,4788.0,2167.0,-133.0
5,4477,Chings Soup,5|4477,0.0,0.0,0.0,0.0,0.0,0.0,0.0,0.0,0.0,0.0,0.0,0.0
5,45,Crispy Veg Cutlets,5|45,0.0,0.0,0.0,3.0,0.0,3.0,0.0,0.0,3.0,0.0,-3.0,0.0
5,4507, Dole Juice Pineapple Orange Banana Rs 60,5|4507,0.0,2.0,0.0,0.0,0.0,0.0,0.0,0.0,0.0,0.0,2.0,0.0
5,4538,Rewynd Peanuts Chikki,5|4538,0.0,72.0,4.0,0.0,0.0,0.0,0.0,0.0,0.0,0.0,72.0,4.0
5,4545,Snickers chocolate bar Rs 50,5|4545,0.0,102.0,5.0,0.0,0.0,0.0,0.0,0.0,0.0,0.0,102.0,5.0
5,4565,Snickers chocolate ,5|4565,0.0,0.0,0.0,6902.0,52.0,6954.0,23.0,1084.0,8.0,5385.0,-5847.0,454.0
5,46,Paper Boat Coconut Water,5|46,14400.0,169.0,7.0,8613.0,7.0,8620.0,24.0,1278.0,70.0,6669.0,7251.0,586.0
5,4638,Paper Boat Dry Fruit Chikki Rs 30,5|4638,0.0,105.0,6.0,0.0,0.0,0.0,0.0,0.0,0.0,0.0,105.0,6.0
5,4680,Mcvities Bourbon Delight Rs 30,5|4680,0.0,9.0,0.0,0.0,0.0,0.0,0.0,0.0,0.0,0.0,9.0,0.0
5,474,Snickers Almond Rs 25,5|474,0.0,497.0,22.0,0.0,0.0,0.0,0.0,0.0,0.0,0.0,497.0,22.0
5,4773,Twix Chocolate Rs 30,5|4773,0.0,130.0,6.0,0.0,0.0,0.0,0.0,0.0,0.0,0.0,130.0,6.0
5,478,Kit Kat Rs 25,5|478,28280.0,3000.0,156.0,26949.0,19.0,26968.0,61.0,2140.0,11.0,24117.0,6513.0,795.0
5,4822,Desi Popz Tangy Imli Rs 50,5|4822,0.0,75.0,4.0,0.0,0.0,0.0,0.0,0.0,0.0,0.0,75.0,4.0
5,4851,Kerala Banana Chips Desi Masala Rs 20,5|4851,0.0,578.0,31.0,0.0,0.0,0.0,0.0,0.0,0.0,0.0,578.0,31.0
5,4866,Coolberg Cranberry Non Alcoholic Beer ,5|4866,0.0,3.0,0.0,0.0,0.0,0.0,0.0,0.0,0.0,0.0,3.0,0.0
5,4869,Shunya Go Zesty Orange ,5|4869,0.0,1.0,0.0,0.0,0.0,0.0,0.0,0.0,0.0,0.0,1.0,0.0
5,4900,Britannia Treat Creme Wafers Strawberry Rs 50,5|4900,0.0,23.0,1.0,0.0,0.0,0.0,0.0,0.0,0.0,0.0,23.0,1.0
5,4904,Coco Cola Rs 70,5|4904,0.0,1.0,0.0,0.0,0.0,0.0,0.0,0.0,0.0,0.0,1.0,0.0
5,493,Test Product,5|493,0.0,0.0,0.0,1350.0,12.0,1362.0,9.0,743.0,6.0,828.0,-610.0,-224.0
5,4931,Tandoori Masala Mix Rs 50,5|4931,0.0,2.0,0.0,0.0,0.0,0.0,0.0,0.0,0.0,0.0,2.0,0.0
5,4934,Chana Jor Lime And Chilli Rs 10,5|4934,0.0,0.0,0.0,0.0,0.0,0.0,0.0,0.0,0.0,0.0,0.0,0.0
5,5081,Happilo Makhana Perky Pudina ,5|5081,0.0,0.0,0.0,0.0,0.0,0.0,0.0,0.0,0.0,0.0,0.0,0.0
5,5090,Rewynd Khakhra Methi Thepla 40g Rs 20,5|5090,0.0,1158.0,60.0,5.0,0.0,5.0,0.0,7.0,0.0,10.0,1160.0,48.0
5,5097,Kari Kari Chilli Garlic Rs 20,5|5097,0.0,254.0,13.0,1064.0,0.0,1064.0,0.0,329.0,16.0,838.0,-481.0,-106.0
5,5272,Nutrezy Almond Cranberry Crunchy Bar,5|5272,0.0,113.0,6.0,616.0,0.0,616.0,1.0,328.0,1.0,412.0,-174.0,-120.0
5,5283,4700BC 100 Corn Chips Salt And Truffle Rs 20,5|5283,12672.0,0.0,0.0,19524.0,1.0,19525.0,41.0,2945.0,7.0,15461.0,-3867.0,1071.0
5,529,Doublemint,5|529,0.0,0.0,0.0,0.0,0.0,0.0,0.0,0.0,0.0,0.0,0.0,0.0
5,5351,Puzzles Aloo Bhujia Rs 10,5|5351,0.0,0.0,4.0,0.0,0.0,0.0,0.0,0.0,0.0,0.0,0.0,4.0
5,5362,Budhani Potato Mixture Rs 10,5|5362,0.0,0.0,0.0,0.0,0.0,0.0,0.0,0.0,0.0,0.0,0.0,0.0
5,5364,Puzzles Nut Crackers Rs 20 ,5|5364,0.0,0.0,0.0,0.0,0.0,0.0,0.0,0.0,0.0,0.0,0.0,0.0
5,5367,Almond Brittle Coffee Rs 40,5|5367,0.0,151.0,8.0,0.0,0.0,0.0,0.0,0.0,0.0,0.0,151.0,8.0
5,541,Too Yumm Karare Munchy Masala Rs 20,5|541,0.0,0.0,0.0,0.0,0.0,0.0,0.0,0.0,0.0,0.0,0.0,0.0
5,5419,Mcvities Butter Cookies ,5|5419,10512.0,0.0,0.0,1249.0,0.0,1249.0,8.0,151.0,0.0,1034.0,9422.0,56.0
5,5453,Nestle KitKat ,5|5453,0.0,0.0,0.0,0.0,0.0,0.0,0.0,0.0,0.0,0.0,0.0,0.0
5,5493,Dates Bites Sachet Rs 35,5|5493,5616.0,841.0,44.0,46.0,0.0,46.0,0.0,0.0,0.0,43.0,6411.0,47.0
5,5494,Farmley Roasted Makhana Cream And Onion Rs 30,5|5494,15620.0,1361.0,72.0,12597.0,7.0,12604.0,21.0,960.0,29.0,11463.0,5358.0,203.0
5,5557,Max Protein Choco Almond Bar Rs 75,5|5557,1440.0,0.0,0.0,1665.0,0.0,1665.0,0.0,446.0,0.0,1186.0,221.0,33.0
5,5608,Sachetmaker Honey ,5|5608,0.0,0.0,0.0,0.0,0.0,0.0,0.0,0.0,0.0,0.0,0.0,0.0
5,5609,Sachetmaker Mixed Fruit Jam,5|5609,0.0,0.0,0.0,0.0,0.0,0.0,0.0,0.0,0.0,0.0,0.0,0.0
5,5610,Bread ,5|5610,0.0,0.0,0.0,0.0,0.0,0.0,0.0,0.0,0.0,0.0,0.0,0.0
5,5612,Cheese Slice,5|5612,0.0,0.0,0.0,0.0,0.0,0.0,0.0,0.0,0.0,0.0,0.0,0.0
5,575,Frooti Rs 10,5|575,0.0,0.0,0.0,0.0,0.0,0.0,0.0,0.0,0.0,0.0,0.0,0.0
5,6033,Snickers Butterscotch ,5|6033,0.0,0.0,0.0,0.0,0.0,0.0,0.0,0.0,0.0,0.0,0.0,0.0
5,61,Paper Boat Lychee Ras Rs 20,5|61,0.0,2924.0,156.0,1516.0,0.0,1516.0,4.0,563.0,46.0,1720.0,1975.0,-661.0
5,6103,D Nature Eatery Roasted Cashew,5|6103,0.0,0.0,0.0,0.0,0.0,0.0,0.0,0.0,0.0,0.0,0.0,0.0
5,6480,Tong Garden Onion & Garlic Coated peanut 20 gm Rs 10,5|6480,0.0,1758.0,93.0,0.0,0.0,0.0,0.0,10.0,0.0,0.0,1768.0,83.0
5,6482,Tong Garden Onion & Garlic Small Green Peas ,5|6482,0.0,307.0,16.0,6.0,0.0,6.0,0.0,4.0,0.0,2.0,305.0,16.0
5,663,Britannia Veg Cake Chocolate Rs 20,5|663,5100.0,2148.0,112.0,5679.0,0.0,5679.0,8.0,653.0,22.0,5511.0,2230.0,-403.0
5,668,Maaza Pet Bottle Rs 20,5|668,0.0,0.0,0.0,29.0,0.0,29.0,0.0,7.0,0.0,22.0,-22.0,0.0
5,678,Britannia Bourbon-Rs 10,5|678,26028.0,0.0,0.0,19872.0,0.0,19872.0,14.0,993.0,6.0,17873.0,7163.0,986.0
5,690,Amul Lassi Rs 15,5|690,0.0,0.0,0.0,0.0,0.0,0.0,0.0,0.0,0.0,0.0,0.0,0.0
5,691,Britannia Chocolate Shake Rs 30 ,5|691,6575.0,1278.0,67.0,7224.0,5.0,7229.0,8.0,736.0,13.0,6807.0,1368.0,-268.0
5,693,Snickers,5|693,40704.0,1544.0,83.0,35262.0,46.0,35308.0,54.0,3851.0,53.0,30647.0,10845.0,786.0
5,694,Frooti ,5|694,0.0,1089.0,58.0,346.0,0.0,346.0,0.0,105.0,3.0,635.0,848.0,-339.0
5,700,Aloo Parantha,5|700,0.0,0.0,0.0,8.0,0.0,8.0,0.0,0.0,7.0,0.0,-8.0,1.0
5,7088,Dates Bites Sachet Rs 40,5|7088,23856.0,759.0,40.0,37256.0,25.0,37281.0,117.0,5961.0,322.0,29857.0,-6588.0,1064.0
5,7112,Cheese & Herbs Corn Chips Rs 20,5|7112,7200.0,0.0,0.0,0.0,0.0,0.0,0.0,0.0,0.0,0.0,7200.0,0.0
5,713,Raw Coconut Water Rs 60,5|713,0.0,132.0,7.0,0.0,0.0,0.0,0.0,0.0,0.0,0.0,132.0,7.0
5,72,Dried Banana Chips,5|72,0.0,0.0,0.0,8.0,0.0,8.0,0.0,0.0,0.0,8.0,-8.0,0.0
5,7214,The Theatre Project Popcorn Cheddar Cheese Rs 20,5|7214,0.0,460.0,24.0,0.0,0.0,0.0,0.0,0.0,0.0,0.0,460.0,24.0
5,73,Cavin's Lassi,5|73,42750.0,1377.0,72.0,46371.0,21.0,46392.0,48.0,2374.0,77.0,41920.0,157.0,2045.0
5,7421,Hustle Energy Drink Rs 60,5|7421,0.0,0.0,4.0,0.0,0.0,0.0,0.0,6.0,0.0,1.0,6.0,-3.0
5,7465,Blueberry Fruit Yogurt Rs 35,5|7465,240.0,0.0,0.0,147.0,0.0,147.0,0.0,4.0,3.0,142.0,97.0,-2.0
5,7482,Farmley Masala Munchies ,5|7482,0.0,2.0,0.0,52.0,0.0,52.0,0.0,3.0,0.0,50.0,-47.0,-1.0
5,7513,Maruti Potato Wafers Rs 10,5|7513,0.0,0.0,0.0,0.0,0.0,0.0,0.0,0.0,0.0,0.0,0.0,0.0
5,7681,Farmley Dates Bites Sachet,5|7681,0.0,0.0,0.0,0.0,0.0,0.0,0.0,0.0,0.0,0.0,0.0,0.0
5,769,Cadbury Dairy Milk Rs.10,5|769,0.0,380.0,20.0,0.0,0.0,0.0,0.0,0.0,0.0,0.0,380.0,20.0
5,7786,Taali Sriracha Spice Rs 40,5|7786,0.0,262.0,13.0,0.0,0.0,0.0,0.0,0.0,0.0,0.0,262.0,13.0
5,7790,3 Sisters Indie Sodas Jeera Masala Rs 80,5|7790,0.0,105.0,6.0,390.0,0.0,390.0,4.0,287.0,11.0,286.0,6.0,-192.0
5,7792,Solh Cold Coffee Mocha Rs 50,5|7792,0.0,0.0,1.0,0.0,0.0,0.0,0.0,0.0,0.0,0.0,0.0,1.0
5,7819,Chitale Dahi Rs 12,5|7819,0.0,0.0,1.0,0.0,0.0,0.0,0.0,0.0,0.0,0.0,0.0,1.0
5,7893,Too Yumm Potato Stix Rs 60,5|7893,0.0,0.0,0.0,0.0,0.0,0.0,0.0,0.0,0.0,0.0,0.0,0.0
5,794,Britannia Little Hearts,5|794,0.0,0.0,0.0,6363.0,0.0,6363.0,1.0,509.0,10.0,5679.0,-5853.0,164.0
5,799,Mr Makhana Cream & Onion,5|799,0.0,0.0,0.0,825.0,0.0,825.0,0.0,157.0,0.0,673.0,-668.0,-5.0
5,80,Cavin's Spiced ButterMilk,5|80,72365.0,2691.0,148.0,65222.0,68.0,65290.0,92.0,3756.0,1284.0,57580.0,13614.0,2726.0
5,814,Ritebite Sport Bar Almond Mocha,5|814,9276.0,194.0,11.0,24377.0,46.0,24423.0,36.0,1506.0,6.0,20504.0,-13411.0,2382.0
5,82,Paper Boat Alphonso Aam Rs 25,5|82,2025.0,214.0,11.0,2891.0,0.0,2891.0,4.0,625.0,31.0,2237.0,-23.0,5.0
5,8207,Mulberry Zingals Chocolate Slice Cake ,5|8207,13680.0,0.0,0.0,11024.0,25.0,11049.0,11.0,958.0,272.0,9158.0,3600.0,650.0
5,824,Mr Makhana Piri Piri Rs 35,5|824,0.0,0.0,0.0,4.0,0.0,4.0,0.0,4.0,0.0,0.0,0.0,0.0
5,8279,Lotus Thandai Badam Milk ,5|8279,4320.0,869.0,46.0,5973.0,1.0,5974.0,29.0,1250.0,142.0,4968.0,494.0,-369.0
5,8287,Wonderland Foods Almond Roasted & Salted,5|8287,10900.0,490.0,26.0,12453.0,0.0,12453.0,87.0,3349.0,118.0,8663.0,2373.0,262.0
5,846,Kelloggs Chocos,5|846,0.0,0.0,0.0,0.0,0.0,0.0,0.0,0.0,0.0,0.0,0.0,0.0
5,8521,Jameson Ginger Ale Rs 100,5|8521,1200.0,0.0,0.0,1721.0,1.0,1722.0,5.0,720.0,3.0,772.0,203.0,222.0
5,8705,Govind Dhai Rs 10,5|8705,0.0,0.0,4.0,0.0,0.0,0.0,0.0,0.0,0.0,0.0,0.0,4.0
5,8740,Veg cheese sandwich ,5|8740,1090.0,111.0,6.0,1068.0,0.0,1068.0,40.0,242.0,295.0,560.0,415.0,-63.0
5,891,RiteBite Peanut Butter,5|891,6624.0,1537.0,80.0,3486.0,0.0,3486.0,26.0,1511.0,95.0,2700.0,6212.0,-766.0
5,895,Britannia Little Hearts- Rs20,5|895,0.0,0.0,0.0,14.0,0.0,14.0,0.0,7.0,0.0,14.0,-7.0,-7.0
5,8953,Low GI Salted Loaf Rs 50,5|8953,0.0,0.0,0.0,0.0,0.0,0.0,0.0,0.0,0.0,0.0,0.0,0.0
5,896,Yoga Pulp Aloevera KiwiJuice Rs 30,5|896,0.0,6.0,0.0,0.0,0.0,0.0,0.0,0.0,0.0,0.0,6.0,0.0
5,904,Galaxy Milk Chocolate Rs.70,5|904,0.0,0.0,0.0,0.0,0.0,0.0,0.0,0.0,0.0,0.0,0.0,0.0
5,9083,Meow Crispy Himalayan Pink Salt Rs 30,5|9083,0.0,765.0,41.0,73.0,0.0,73.0,0.0,123.0,43.0,79.0,815.0,-131.0
5,9089,Mountain Tribe Gingerade Kombucha ,5|9089,1220.0,0.0,0.0,354.0,0.0,354.0,2.0,104.0,58.0,153.0,972.0,37.0
5,9191,Nuttoz Roasted Peanuts Rs 20,5|9191,0.0,625.0,33.0,307.0,0.0,307.0,9.0,37.0,0.0,289.0,364.0,5.0
5,929,Sprite750ml,5|929,21072.0,963.0,50.0,21355.0,12.0,21367.0,26.0,1323.0,59.0,19224.0,2017.0,785.0
5,9308,Volls Pro Plant Protein Caramel ,5|9308,360.0,0.0,4.0,598.0,0.0,598.0,0.0,419.0,12.0,190.0,181.0,-19.0
5,935,Lays - American Style Cream and Onion ,5|935,83780.0,3738.0,197.0,82485.0,82.0,82567.0,91.0,4621.0,279.0,76657.0,9663.0,1116.0
5,9364,Nuttoz Coconut Chikki Rs 10,5|9364,0.0,77.0,4.0,0.0,0.0,0.0,0.0,0.0,0.0,0.0,77.0,4.0
5,94,Maaza Tetrapack Rs 10,5|94,90.0,0.0,0.0,0.0,0.0,0.0,0.0,0.0,0.0,0.0,90.0,0.0
5,941,MTR - Vegetable Upma,5|941,0.0,0.0,0.0,0.0,0.0,0.0,0.0,0.0,0.0,0.0,0.0,0.0
5,95,Parle Appy Rs 10,5|95,0.0,0.0,0.0,0.0,0.0,0.0,0.0,0.0,0.0,0.0,0.0,0.0
5,954,Parle G Biscuits Rs 5,5|954,0.0,0.0,0.0,0.0,0.0,0.0,0.0,0.0,0.0,0.0,0.0,0.0
5,9825,Nuttoz Roasted Cashew Rs 25,5|9825,0.0,514.0,27.0,639.0,0.0,639.0,3.0,143.0,18.0,565.0,21.0,-63.0
5,984,Appy 200ml Rs 15,5|984,0.0,667.0,34.0,27.0,0.0,27.0,0.0,1.0,1.0,25.0,641.0,34.0
5,9853,Hydroshark Lime Drink Rs 80,5|9853,0.0,0.0,5.0,300.0,0.0,300.0,3.0,194.0,63.0,236.0,-103.0,-191.0
5,986,Haldiram's Chips Pudina Treat Rs 15 ,5|986,0.0,0.0,0.0,0.0,0.0,0.0,0.0,0.0,0.0,0.0,0.0,0.0
5,9925,Sugar Free Diet Mocha Hazelnut Cookies ,5|9925,0.0,0.0,5.0,145.0,0.0,145.0,0.0,124.0,10.0,172.0,-21.0,-156.0
5,9994,Fit & flex Masala Protein Puffs ,5|9994,0.0,0.0,6.0,1035.0,0.0,1035.0,3.0,85.0,1.0,951.0,-947.0,1.0
5,9996,Welbe Plain Murukku ,5|9996,4176.0,777.0,41.0,6343.0,6.0,6349.0,6.0,873.0,26.0,5653.0,-517.0,-168.0
52,0,Unknown/Unmapped,52|0,0.0,0.0,0.0,165.0,0.0,165.0,0.0,0.0,0.0,130.0,-165.0,35.0
52,10390,Sweet Karam Coffee Madras Mixture,52|10390,0.0,0.0,0.0,47.0,0.0,47.0,0.0,0.0,6.0,41.0,-47.0,0.0
52,10844,Lotus Lassi,52|10844,0.0,0.0,0.0,28.0,0.0,28.0,0.0,0.0,14.0,14.0,-28.0,0.0
52,109,Real Mixed Fruit Juice Rs 20,52|109,0.0,0.0,0.0,24.0,0.0,24.0,0.0,0.0,0.0,24.0,-24.0,0.0
52,11274,Millet Bank Chilli Chataka Stix,52|11274,0.0,0.0,0.0,92.0,0.0,92.0,0.0,12.0,1.0,78.0,-80.0,1.0
52,11388,Lets Try Aloo Bhujia ,52|11388,0.0,0.0,0.0,178.0,2.0,180.0,0.0,13.0,0.0,148.0,-167.0,19.0
52,11613,Fabeato Korean Kimchi Banana Chips,52|11613,0.0,0.0,0.0,18.0,0.0,18.0,0.0,2.0,0.0,16.0,-16.0,0.0
52,12640,Trubeing Roasted Peanuts Plain Salted,52|12640,0.0,0.0,0.0,11.0,0.0,11.0,0.0,0.0,0.0,6.0,-11.0,5.0
52,12650,Trubeing Soya Chips,52|12650,0.0,0.0,0.0,82.0,0.0,82.0,0.0,0.0,0.0,74.0,-82.0,8.0
52,12716,Klaw Masala Madness Sticks,52|12716,0.0,0.0,0.0,9.0,0.0,9.0,0.0,0.0,0.0,4.0,-9.0,5.0
52,130,Choco Chips Cookies,52|130,0.0,0.0,0.0,14.0,0.0,14.0,0.0,0.0,0.0,8.0,-14.0,6.0
52,1326,Unibic Choco Chip Cookies ,52|1326,0.0,0.0,0.0,343.0,0.0,343.0,0.0,4.0,0.0,324.0,-339.0,15.0
52,1606,BRB Popped Potato Chips Pasta Cheese ,52|1606,0.0,0.0,0.0,309.0,0.0,309.0,0.0,11.0,0.0,293.0,-298.0,5.0
52,1608,Makino Nacho Chips Jalapeno ,52|1608,0.0,0.0,0.0,215.0,0.0,215.0,0.0,39.0,0.0,173.0,-176.0,3.0
52,1636,Kurkure Solid Masti Rs 20,52|1636,0.0,0.0,0.0,390.0,0.0,390.0,0.0,2.0,0.0,377.0,-388.0,11.0
52,203,Sprite Pop Can Rs 25,52|203,0.0,0.0,0.0,406.0,0.0,406.0,0.0,10.0,0.0,389.0,-396.0,7.0
52,2239,Cadbury Chocolate Rs 50,52|2239,0.0,0.0,0.0,101.0,0.0,101.0,0.0,7.0,0.0,94.0,-94.0,0.0
52,261,McVitie's Digestive Biscuits,52|261,0.0,0.0,0.0,105.0,0.0,105.0,0.0,23.0,0.0,79.0,-82.0,3.0
52,3092,Alo Frut Kiwi Rs 30,52|3092,0.0,0.0,0.0,487.0,0.0,487.0,0.0,5.0,0.0,454.0,-482.0,28.0
52,318,Coke Zero,52|318,0.0,0.0,0.0,175.0,0.0,175.0,0.0,2.0,14.0,158.0,-173.0,1.0
52,3298,Paper Boat Aamras ,52|3298,0.0,0.0,0.0,111.0,0.0,111.0,0.0,14.0,0.0,94.0,-97.0,3.0
52,4545,Snickers chocolate bar Rs 50,52|4545,0.0,0.0,0.0,80.0,0.0,80.0,0.0,0.0,0.0,79.0,-80.0,1.0
52,493,Test Product,52|493,0.0,0.0,0.0,29.0,7.0,36.0,0.0,33.0,0.0,4.0,-3.0,-1.0
52,5097,Kari Kari Chilli Garlic Rs 20,52|5097,0.0,0.0,0.0,30.0,0.0,30.0,0.0,3.0,6.0,20.0,-27.0,1.0
52,5494,Farmley Roasted Makhana Cream And Onion Rs 30,52|5494,0.0,0.0,0.0,96.0,0.0,96.0,0.0,0.0,0.0,91.0,-96.0,5.0
52,678,Britannia Bourbon-Rs 10,52|678,0.0,0.0,0.0,86.0,0.0,86.0,0.0,0.0,0.0,85.0,-86.0,1.0
52,690,Amul Lassi Rs 15,52|690,0.0,0.0,0.0,117.0,0.0,117.0,0.0,13.0,2.0,111.0,-104.0,-9.0
52,693,Snickers,52|693,0.0,0.0,0.0,59.0,0.0,59.0,0.0,0.0,0.0,59.0,-59.0,0.0
52,7112,Cheese & Herbs Corn Chips Rs 20,52|7112,0.0,0.0,0.0,78.0,0.0,78.0,0.0,11.0,0.0,66.0,-67.0,1.0
52,73,Cavin's Lassi,52|73,0.0,0.0,0.0,230.0,0.0,230.0,0.0,1.0,0.0,213.0,-229.0,16.0
52,766,Amul Rose Lassi Rs 20 ,52|766,0.0,0.0,0.0,55.0,0.0,55.0,0.0,0.0,0.0,55.0,-55.0,0.0
52,769,Cadbury Dairy Milk Rs.10,52|769,0.0,0.0,0.0,159.0,0.0,159.0,0.0,0.0,0.0,147.0,-159.0,12.0
52,80,Cavin's Spiced ButterMilk,52|80,0.0,0.0,0.0,240.0,0.0,240.0,0.0,12.0,0.0,220.0,-228.0,8.0
52,814,Ritebite Sport Bar Almond Mocha,52|814,0.0,0.0,0.0,66.0,0.0,66.0,0.0,0.0,0.0,49.0,-66.0,17.0
52,82,Paper Boat Alphonso Aam Rs 25,52|82,0.0,0.0,0.0,69.0,0.0,69.0,0.0,4.0,0.0,54.0,-65.0,11.0
52,8207,Mulberry Zingals Chocolate Slice Cake ,52|8207,0.0,0.0,0.0,52.0,0.0,52.0,0.0,12.0,0.0,40.0,-40.0,0.0
52,935,Lays - American Style Cream and Onion ,52|935,0.0,0.0,0.0,1010.0,0.0,1010.0,0.0,1.0,0.0,996.0,-1009.0,13.0
52,9912,4700 BC Sea Salt Protein Pops ,52|9912,0.0,0.0,0.0,77.0,0.0,77.0,0.0,2.0,0.0,75.0,-75.0,0.0
6,0,Unknown/Unmapped,6|0,6180.0,0.0,0.0,2441.0,551.0,2992.0,0.0,148.0,4.0,1603.0,3336.0,1237.0
6,1,Soya Masala Snacker,6|1,0.0,0.0,0.0,45.0,8.0,53.0,0.0,20.0,0.0,25.0,-33.0,8.0
6,10114,Nutrezy Raisin Omega & Crunch Trail Mix,6|10114,0.0,0.0,0.0,14.0,0.0,14.0,0.0,7.0,0.0,7.0,-7.0,0.0
6,1023,Britannia Chocolate Shake Rs 35,6|1023,0.0,175.0,9.0,5.0,0.0,5.0,0.0,0.0,0.0,5.0,170.0,9.0
6,10321,Superyou Strawberry Wafer Bar,6|10321,0.0,0.0,0.0,88.0,0.0,88.0,0.0,12.0,0.0,72.0,-76.0,4.0
6,10390,Sweet Karam Coffee Madras Mixture,6|10390,2800.0,0.0,0.0,1961.0,99.0,2060.0,0.0,70.0,5.0,1574.0,810.0,411.0
6,1048,Balaji Wafers Pizzy Masala Rs 10,6|1048,351540.0,31596.0,1732.0,296301.0,44884.0,341185.0,2534.0,12238.0,1652.0,322802.0,56723.0,3691.0
6,10490,Idli with chutney,6|10490,0.0,0.0,0.0,51.0,0.0,51.0,0.0,0.0,14.0,63.0,-51.0,-26.0
6,1069, Sunfeast Dark Fantasy Choco Fill Cookies Rs 10,6|1069,0.0,0.0,0.0,0.0,0.0,0.0,0.0,0.0,0.0,0.0,0.0,0.0
6,10710,Campa Cola ,6|10710,39804.0,0.0,0.0,33648.0,4785.0,38433.0,147.0,1172.0,221.0,35624.0,2690.0,1269.0
6,109,Real Mixed Fruit Juice Rs 20,6|109,0.0,0.0,0.0,0.0,0.0,0.0,0.0,0.0,0.0,0.0,0.0,0.0
6,11008,Reload Orange Rush Drink ,6|11008,2640.0,0.0,0.0,48.0,0.0,48.0,0.0,20.0,0.0,28.0,2612.0,0.0
6,11106,Eat Better Millet Namkeen Desi Masala ,6|11106,3000.0,0.0,0.0,1784.0,86.0,1870.0,0.0,120.0,6.0,1271.0,1250.0,473.0
6,11154,Ella Foods Salted Almonds,6|11154,0.0,0.0,0.0,10.0,0.0,10.0,0.0,0.0,0.0,2.0,-10.0,8.0
6,11171,Superyou Multigrain Super Masala Chips 40,6|11171,0.0,0.0,0.0,28.0,0.0,28.0,0.0,0.0,0.0,28.0,-28.0,0.0
6,11251,Bru Cold Coffee 200 ML,6|11251,0.0,0.0,0.0,6.0,0.0,6.0,0.0,0.0,0.0,6.0,-6.0,0.0
6,11252,Boost Ready To Drink 180 ML,6|11252,0.0,0.0,0.0,13.0,0.0,13.0,0.0,0.0,0.0,13.0,-13.0,0.0
6,11274,Millet Bank Chilli Chataka Stix,6|11274,6000.0,0.0,0.0,4396.0,298.0,4694.0,7.0,180.0,0.0,3796.0,1493.0,711.0
6,11367,Veg Poha,6|11367,0.0,0.0,0.0,407.0,87.0,494.0,0.0,1.0,86.0,328.0,-493.0,79.0
6,11388,Lets Try Aloo Bhujia ,6|11388,4800.0,0.0,0.0,4190.0,285.0,4475.0,47.0,163.0,1.0,4215.0,535.0,49.0
6,11613,Fabeato Korean Kimchi Banana Chips,6|11613,0.0,0.0,0.0,18.0,0.0,18.0,0.0,0.0,0.0,18.0,-18.0,0.0
6,11617,Butter Popcorn Jumbo Pack,6|11617,0.0,0.0,0.0,18.0,0.0,18.0,0.0,0.0,0.0,18.0,-18.0,0.0
6,1170,Haldirams NGP Salted Peanut ,6|1170,0.0,0.0,0.0,95.0,22.0,117.0,0.0,26.0,0.0,49.0,-91.0,42.0
6,11879,Campa Orange,6|11879,28800.0,0.0,0.0,21867.0,3317.0,25184.0,54.0,632.0,69.0,23423.0,4302.0,1006.0
6,11939,Moong Dal Pakoda,6|11939,8703.0,0.0,0.0,1813.0,5600.0,7413.0,5.0,314.0,393.0,5718.0,1609.0,983.0
6,11970,Swashray Garlic Mamara Rs 13,6|11970,20952.0,0.0,0.0,12444.0,2277.0,14721.0,42.0,440.0,640.0,12006.0,6713.0,1593.0
6,11988,Swap Aam Panna Rs 60,6|11988,0.0,0.0,0.0,6.0,0.0,6.0,0.0,0.0,0.0,6.0,-6.0,0.0
6,12038,Aloo Paratha With pickle,6|12038,0.0,0.0,0.0,63.0,0.0,63.0,0.0,38.0,23.0,71.0,-25.0,-69.0
6,124,Sprite Rs 20,6|124,1120.0,3036.0,160.0,996.0,248.0,1244.0,0.0,88.0,20.0,1228.0,3000.0,68.0
6,12429,Madmix Jowar Bhujia Masala Masti,6|12429,1200.0,0.0,0.0,1025.0,44.0,1069.0,0.0,40.0,0.0,873.0,171.0,156.0
6,12452,Mcvities Digestive Cookies ,6|12452,2880.0,0.0,0.0,2518.0,338.0,2856.0,18.0,146.0,21.0,2348.0,188.0,323.0
6,125,Fanta Pet 250ml Rs 20,6|125,1120.0,2185.0,115.0,979.0,238.0,1217.0,2.0,88.0,7.0,1184.0,2178.0,51.0
6,12555,Paneer Paratha with Pickel,6|12555,0.0,0.0,0.0,57.0,35.0,92.0,0.0,4.0,6.0,118.0,-88.0,-36.0
6,126,Coke Regular Pet 250ml Rs 20,6|126,1120.0,1721.0,91.0,723.0,253.0,976.0,1.0,81.0,21.0,973.0,1947.0,-9.0
6,12640,Trubeing Roasted Peanuts Plain Salted,6|12640,59524.0,0.0,0.0,18356.0,5397.0,23753.0,30.0,880.0,9.0,19069.0,36681.0,3765.0
6,12650,Trubeing Soya Chips,6|12650,3330.0,0.0,0.0,3099.0,179.0,3278.0,3.0,103.0,0.0,3071.0,158.0,101.0
6,1299,Happy Bar Energy Snack Rs 40,6|1299,0.0,0.0,0.0,0.0,0.0,0.0,0.0,0.0,0.0,0.0,0.0,0.0
6,13,Cornitos Nachos - Cheese and Herbs,6|13,0.0,0.0,0.0,0.0,0.0,0.0,0.0,0.0,0.0,0.0,0.0,0.0
6,130,Choco Chips Cookies,6|130,42816.0,13808.0,801.0,35620.0,10767.0,46387.0,279.0,5390.0,768.0,41273.0,15906.0,-522.0
6,1302,Born Reborn Oats & Jowar Garlic Zen Rs 30,6|1302,0.0,0.0,0.0,0.0,0.0,0.0,0.0,0.0,0.0,0.0,0.0,0.0
6,1315, Britannia Treat Jim Jam Rs 10,6|1315,270.0,0.0,0.0,312.0,0.0,312.0,0.0,2.0,0.0,284.0,-40.0,26.0
6,1376,Real Bites Farali Wafers Rs 10,6|1376,0.0,43944.0,2440.0,2354.0,331.0,2685.0,0.0,302.0,3.0,2361.0,41561.0,2459.0
6,1383,Nestle Kitkat Rs 10,6|1383,0.0,0.0,0.0,0.0,1.0,1.0,0.0,1.0,0.0,0.0,0.0,0.0
6,139,Nestle Classic Chocolate ,6|139,0.0,0.0,0.0,0.0,0.0,0.0,0.0,0.0,0.0,0.0,0.0,0.0
6,140,Cadbury Dairy Milk Rs 20,6|140,23616.0,49.0,2.0,6175.0,14316.0,20491.0,152.0,523.0,300.0,19007.0,3849.0,511.0
6,1409,GOBI PARATHA WITH CURD,6|1409,0.0,0.0,0.0,189.0,175.0,364.0,0.0,9.0,31.0,557.0,-355.0,-233.0
6,1467, Snickers Fruit & Nut Rs 50,6|1467,0.0,44.0,2.0,0.0,0.0,0.0,0.0,0.0,0.0,0.0,44.0,2.0
6,1603,Swashray Masala Poori Rs 11,6|1603,53873.0,4927.0,277.0,42365.0,5223.0,47588.0,129.0,1622.0,2069.0,42965.0,12963.0,1080.0
6,1606,BRB Popped Potato Chips Pasta Cheese ,6|1606,6160.0,0.0,9.0,2445.0,906.0,3351.0,11.0,43.0,0.0,3231.0,2863.0,75.0
6,1608,Makino Nacho Chips Jalapeno ,6|1608,88464.0,4434.0,245.0,93913.0,16777.0,110690.0,411.0,8629.0,692.0,100606.0,-8752.0,597.0
6,1623,Cadbury Dairy Milk Chocolate Rs 50,6|1623,0.0,0.0,0.0,0.0,0.0,0.0,0.0,0.0,0.0,0.0,0.0,0.0
6,1636,Kurkure Solid Masti Rs 20,6|1636,0.0,0.0,0.0,0.0,0.0,0.0,0.0,0.0,0.0,0.0,0.0,0.0
6,1668,7up Rs20,6|1668,0.0,230.0,12.0,0.0,0.0,0.0,0.0,0.0,0.0,0.0,230.0,12.0
6,169,Minute Maid Guava Rs 20,6|169,0.0,0.0,4.0,0.0,0.0,0.0,0.0,0.0,0.0,0.0,0.0,4.0
6,1694,Fizz Jeera Masala Rs 12,6|1694,0.0,0.0,0.0,0.0,6.0,6.0,0.0,6.0,0.0,0.0,0.0,0.0
6,1708,Mirinda Orange Rs20,6|1708,0.0,330.0,17.0,0.0,0.0,0.0,0.0,0.0,0.0,0.0,330.0,17.0
6,172,Cadbury Fruit and Nut ,6|172,0.0,114.0,6.0,0.0,0.0,0.0,0.0,0.0,0.0,0.0,114.0,6.0
6,1748,Swashray Jeera Cookies Rs 24,6|1748,0.0,0.0,0.0,1.0,1.0,2.0,0.0,1.0,0.0,0.0,-1.0,1.0
6,185,Thums UP CHARGED Rs 20,6|185,3640.0,4889.0,269.0,2879.0,642.0,3521.0,6.0,288.0,60.0,3425.0,5302.0,11.0
6,1930,Britannia  Good Day Chocochip Cookies Rs 30,6|1930,1260.0,0.0,0.0,933.0,289.0,1222.0,9.0,87.0,9.0,1008.0,134.0,109.0
6,1931,Britannia Jim Jam ,6|1931,6015.0,0.0,0.0,4126.0,1080.0,5206.0,31.0,323.0,43.0,4420.0,1163.0,389.0
6,1934,CocaCola Rim Zim Masala Jeera Rs 10,6|1934,0.0,0.0,0.0,0.0,2.0,2.0,0.0,0.0,0.0,2.0,-2.0,0.0
6,1959,Snickers Rs 20,6|1959,0.0,182.0,10.0,21.0,35.0,56.0,0.0,30.0,10.0,27.0,156.0,-1.0
6,196,Cadbury Dairy Milk Rs 40,6|196,224.0,0.0,5.0,23.0,119.0,142.0,0.0,0.0,0.0,116.0,82.0,31.0
6,1972,Storia Coconut Water Rs 35,6|1972,0.0,0.0,0.0,0.0,0.0,0.0,0.0,0.0,0.0,0.0,0.0,0.0
6,2016,Haldirams NGP Punjabi Tadka Rs 35,6|2016,0.0,0.0,0.0,0.0,0.0,0.0,0.0,0.0,0.0,0.0,0.0,0.0
6,2022,Swashray Methi Puri Rs 20,6|2022,0.0,0.0,0.0,0.0,0.0,0.0,0.0,0.0,0.0,0.0,0.0,0.0
6,2096,Bikaji Moong Dal Rs 10,6|2096,0.0,0.0,0.0,0.0,0.0,0.0,0.0,0.0,0.0,0.0,0.0,0.0
6,2097,Bikaji Kuch Kuch Rs 20,6|2097,0.0,0.0,0.0,0.0,0.0,0.0,0.0,0.0,0.0,0.0,0.0,0.0
6,2230,Sunfeast Dark Fantasy Bourbon Rs20,6|2230,1600.0,0.0,0.0,3041.0,465.0,3506.0,1.0,52.0,16.0,3255.0,-1853.0,182.0
6,2239,Cadbury Chocolate Rs 50,6|2239,0.0,0.0,0.0,36.0,0.0,36.0,0.0,0.0,5.0,31.0,-36.0,0.0
6,24,Rajma-Chawal Combo,6|24,0.0,0.0,0.0,0.0,11.0,11.0,0.0,11.0,0.0,0.0,0.0,0.0
6,241,Tangy Mix Sauce Macronii,6|241,0.0,0.0,0.0,0.0,1.0,1.0,0.0,1.0,0.0,0.0,0.0,0.0
6,252,Thumps Up Can,6|252,0.0,0.0,0.0,68.0,0.0,68.0,0.0,0.0,0.0,68.0,-68.0,0.0
6,2550,Max Protein Desi Masala Rs45,6|2550,0.0,0.0,0.0,0.0,0.0,0.0,0.0,0.0,0.0,8.0,0.0,-8.0
6,2598,Amul Premium Buttermilk Rs 16,6|2598,0.0,0.0,0.0,0.0,0.0,0.0,0.0,0.0,0.0,0.0,0.0,0.0
6,261,McVitie's Digestive Biscuits,6|261,51240.0,0.0,0.0,22897.0,3295.0,26192.0,33.0,729.0,41.0,20558.0,25810.0,4831.0
6,2713,Britannia Milk Bikis,6|2713,3160.0,0.0,0.0,933.0,448.0,1381.0,2.0,55.0,10.0,1212.0,1836.0,102.0
6,2760,Puzzles Khatta Meetha Rs10,6|2760,75040.0,4680.0,247.0,71563.0,15708.0,87271.0,320.0,9222.0,1384.0,76718.0,1991.0,-126.0
6,278,Unibic Chocolate Cookies,6|278,0.0,0.0,0.0,0.0,20.0,20.0,0.0,14.0,0.0,6.0,-6.0,0.0
6,279,Snickers - Small,6|279,0.0,0.0,0.0,14.0,0.0,14.0,0.0,8.0,0.0,6.0,-6.0,0.0
6,2818,Cadbury 5 Star Oreo Rs 35,6|2818,0.0,433.0,23.0,0.0,0.0,0.0,0.0,0.0,0.0,0.0,433.0,23.0
6,282,Too Yumm Veggie Stix Cheese & Herbs Rs 20,6|282,0.0,0.0,0.0,35.0,0.0,35.0,0.0,7.0,2.0,32.0,-28.0,-6.0
6,290,Kurkure Masala Munch ,6|290,0.0,0.0,0.0,0.0,0.0,0.0,0.0,0.0,0.0,0.0,0.0,0.0
6,291,Lay's American style Cream & Onion Rs 10,6|291,0.0,0.0,0.0,0.0,0.0,0.0,0.0,0.0,0.0,0.0,0.0,0.0
6,2932,Aloo paratha with Curd,6|2932,0.0,0.0,3.0,0.0,0.0,0.0,0.0,0.0,0.0,0.0,0.0,3.0
6,3002,Snickers Kesar Pista Rs 30,6|3002,0.0,1.0,0.0,0.0,0.0,0.0,0.0,0.0,0.0,0.0,1.0,0.0
6,3012,Cadbury Oreo Choco Creme Rs 30,6|3012,0.0,0.0,0.0,0.0,0.0,0.0,0.0,0.0,0.0,0.0,0.0,0.0
6,3052,Swashray Methi Wheat Sticks Rs 12,6|3052,94518.0,8604.0,482.0,74565.0,9809.0,84374.0,271.0,4061.0,4542.0,73994.0,23080.0,1988.0
6,3053,Swashray Rava Besan Gathiya Rs 15,6|3053,28110.0,3145.0,182.0,18353.0,3327.0,21680.0,69.0,1627.0,2372.0,17606.0,11271.0,188.0
6,3092,Alo Frut Kiwi Rs 30,6|3092,0.0,0.0,1.0,27.0,0.0,27.0,0.0,0.0,0.0,34.0,-27.0,-6.0
6,3096,Alo Frut Coconut Water Rs 50,6|3096,0.0,0.0,4.0,4.0,0.0,4.0,0.0,0.0,0.0,6.0,-4.0,2.0
6,313,Paperboat Chikki,6|313,0.0,245.0,10.0,0.0,4.0,4.0,0.0,4.0,0.0,0.0,245.0,10.0
6,3145,Gobi Paratha with Curd ,6|3145,32190.0,3711.0,226.0,9663.0,19067.0,28730.0,7.0,1655.0,1949.0,21183.0,8833.0,4162.0
6,3146,GOBI PARATHA WITH CURD,6|3146,95649.0,7769.0,416.0,27115.0,61214.0,88329.0,143.0,2758.0,1780.0,69986.0,17990.0,14078.0
6,3147,Gobi Paratha with Curd,6|3147,3706.0,249.0,13.0,1663.0,2100.0,3763.0,0.0,116.0,102.0,2816.0,308.0,742.0
6,3148,Gobi Paratha with Curd ,6|3148,33074.0,3411.0,195.0,11941.0,20218.0,32159.0,46.0,1982.0,1607.0,24074.0,6354.0,4645.0
6,316,Minute Maid Pulpy Orange,6|316,0.0,8.0,0.0,0.0,0.0,0.0,0.0,0.0,0.0,0.0,8.0,0.0
6,318,Coke Zero,6|318,0.0,0.0,0.0,30.0,0.0,30.0,0.0,0.0,0.0,30.0,-30.0,0.0
6,320,Unibic Choco Hazelnut Cookies Rs 10,6|320,0.0,455.0,24.0,60.0,66.0,126.0,0.0,46.0,1.0,49.0,375.0,54.0
6,331,Britannia Veg Cake Fruity Fun Rs 20,6|331,10970.0,464.0,25.0,8257.0,1677.0,9934.0,54.0,407.0,148.0,8458.0,1961.0,892.0
6,3542,Taali Masala Mania Protien Puffs Rs 20,6|3542,0.0,472.0,25.0,0.0,0.0,0.0,0.0,4.0,0.0,0.0,476.0,21.0
6,3782,Britannia Winkin Cow Rs 35,6|3782,870.0,0.0,0.0,479.0,4.0,483.0,0.0,38.0,0.0,440.0,425.0,5.0
6,3810,Lays Wavay Cream Onion Flavour Rs 15,6|3810,0.0,0.0,0.0,0.0,0.0,0.0,0.0,0.0,0.0,0.0,0.0,0.0
6,3916,Fast&Up Reload Hydration & Energy Drink,6|3916,1440.0,0.0,0.0,3367.0,339.0,3706.0,0.0,56.0,0.0,3010.0,-2210.0,640.0
6,401,Bingo - Potato Chips Masala,6|401,0.0,0.0,0.0,304.0,65.0,369.0,0.0,21.0,3.0,338.0,-348.0,7.0
6,4068,Alo Frut Orange Rs 30,6|4068,3000.0,14.0,1.0,2437.0,300.0,2737.0,0.0,129.0,0.0,2629.0,406.0,-20.0
6,4238,Fit And Flex Cheesy Cheese Flavour ,6|4238,0.0,1279.0,67.0,0.0,0.0,0.0,1.0,20.0,1.0,2.0,1300.0,43.0
6,430,Haldiram's Moong Dal Rs 10 ,6|430,691220.0,8919.0,474.0,582803.0,80556.0,663359.0,4923.0,24704.0,3282.0,622655.0,66407.0,8269.0
6,4329,Maaza,6|4329,0.0,2362.0,124.0,33.0,7.0,40.0,0.0,7.0,0.0,80.0,2329.0,77.0
6,4430,Americana Coconut Cookies Rs 20,6|4430,3600.0,913.0,48.0,2960.0,570.0,3530.0,8.0,204.0,54.0,3108.0,1195.0,204.0
6,4538,Rewynd Peanuts Chikki,6|4538,62400.0,2277.0,120.0,21389.0,30805.0,52194.0,1175.0,1467.0,501.0,50858.0,15125.0,-1687.0
6,4545,Snickers chocolate bar Rs 50,6|4545,0.0,0.0,0.0,5.0,0.0,5.0,0.0,0.0,0.0,6.0,-5.0,-1.0
6,46,Paper Boat Coconut Water,6|46,0.0,0.0,0.0,0.0,0.0,0.0,0.0,0.0,0.0,0.0,0.0,0.0
6,4638,Paper Boat Dry Fruit Chikki Rs 30,6|4638,0.0,133.0,7.0,0.0,0.0,0.0,0.0,0.0,0.0,0.0,133.0,7.0
6,4688,Amul Premium Buttermilk Rs 24 ,6|4688,0.0,0.0,0.0,0.0,0.0,0.0,0.0,4.0,0.0,0.0,4.0,-4.0
6,474,Snickers Almond Rs 25,6|474,0.0,0.0,0.0,0.0,0.0,0.0,0.0,0.0,0.0,0.0,0.0,0.0
6,478,Kit Kat Rs 25,6|478,0.0,0.0,0.0,14.0,0.0,14.0,0.0,1.0,0.0,13.0,-13.0,0.0
6,4851,Kerala Banana Chips Desi Masala Rs 20,6|4851,0.0,1861.0,98.0,0.0,0.0,0.0,0.0,10.0,0.0,0.0,1871.0,88.0
6,4900,Britannia Treat Creme Wafers Strawberry Rs 50,6|4900,0.0,0.0,0.0,0.0,0.0,0.0,0.0,0.0,0.0,0.0,0.0,0.0
6,493,Test Product,6|493,0.0,0.0,0.0,1165.0,1228.0,2393.0,86.0,1451.0,47.0,1426.0,-856.0,-617.0
6,5090,Rewynd Khakhra Methi Thepla 40g Rs 20,6|5090,0.0,1348.0,71.0,5.0,0.0,5.0,0.0,5.0,0.0,0.0,1348.0,71.0
6,5097,Kari Kari Chilli Garlic Rs 20,6|5097,0.0,0.0,0.0,35.0,6.0,41.0,0.0,22.0,5.0,31.0,-19.0,-17.0
6,5272,Nutrezy Almond Cranberry Crunchy Bar,6|5272,0.0,0.0,0.0,0.0,0.0,0.0,0.0,0.0,0.0,6.0,0.0,-6.0
6,5283,4700BC 100 Corn Chips Salt And Truffle Rs 20,6|5283,0.0,0.0,0.0,6.0,0.0,6.0,0.0,0.0,0.0,6.0,-6.0,0.0
6,5351,Puzzles Aloo Bhujia Rs 10,6|5351,7200.0,0.0,4.0,5968.0,1042.0,7010.0,42.0,629.0,112.0,5987.0,861.0,244.0
6,5419,Mcvities Butter Cookies ,6|5419,21024.0,0.0,0.0,18299.0,2456.0,20755.0,62.0,662.0,50.0,18688.0,993.0,1293.0
6,542,Limca 250ml Pet Rs 20,6|542,0.0,690.0,36.0,612.0,291.0,903.0,0.0,90.0,7.0,788.0,-123.0,54.0
6,5453,Nestle KitKat ,6|5453,0.0,0.0,0.0,52.0,0.0,52.0,0.0,0.0,7.0,37.0,-52.0,8.0
6,5485,Bonn Choco Chip Cookies Rs 10,6|5485,34720.0,2375.0,125.0,31041.0,5165.0,36206.0,70.0,2246.0,381.0,32494.0,3205.0,1140.0
6,5494,Farmley Roasted Makhana Cream And Onion Rs 30,6|5494,15000.0,0.0,0.0,9542.0,1115.0,10657.0,4.0,423.0,1.0,8418.0,4770.0,1811.0
6,5581,Nescafe Intense Cappuccino Rs 70,6|5581,0.0,0.0,0.0,0.0,0.0,0.0,0.0,0.0,0.0,0.0,0.0,0.0
6,575,Frooti Rs 10,6|575,0.0,281.0,15.0,2.0,2.0,4.0,0.0,2.0,0.0,0.0,279.0,17.0
6,61,Paper Boat Lychee Ras Rs 20,6|61,0.0,72.0,16.0,39.0,0.0,39.0,0.0,3.0,0.0,45.0,36.0,7.0
6,629,Baked Bhakri,6|629,0.0,0.0,0.0,0.0,0.0,0.0,0.0,0.0,0.0,0.0,0.0,0.0
6,6373,Amul Belgian Chocolate Rs 45,6|6373,216.0,1.0,0.0,0.0,0.0,0.0,0.0,0.0,0.0,0.0,217.0,0.0
6,6482,Tong Garden Onion & Garlic Small Green Peas ,6|6482,0.0,0.0,0.0,33.0,0.0,33.0,0.0,2.0,0.0,38.0,-31.0,-7.0
6,66,Kathi Roll,6|66,0.0,0.0,0.0,0.0,1.0,1.0,0.0,1.0,0.0,0.0,0.0,0.0
6,663,Britannia Veg Cake Chocolate Rs 20,6|663,27564.0,1752.0,98.0,20893.0,3492.0,24385.0,50.0,758.0,206.0,22116.0,5739.0,1353.0
6,668,Maaza Pet Bottle Rs 20,6|668,900.0,142.0,8.0,701.0,241.0,942.0,2.0,101.0,24.0,861.0,203.0,-38.0
6,678,Britannia Bourbon-Rs 10,6|678,133802.0,1648.0,95.0,109220.0,17060.0,126280.0,445.0,3401.0,1440.0,116471.0,13016.0,4618.0
6,680,Cornitos Roasted Cashews Lightly Salted ,6|680,0.0,5.0,0.0,0.0,0.0,0.0,0.0,0.0,0.0,0.0,5.0,0.0
6,690,Amul Lassi Rs 15,6|690,0.0,0.0,0.0,0.0,32.0,32.0,0.0,1.0,0.0,31.0,-31.0,0.0
6,691,Britannia Chocolate Shake Rs 30 ,6|691,9030.0,923.0,49.0,7522.0,1282.0,8804.0,39.0,329.0,33.0,7663.0,1517.0,789.0
6,693,Snickers,6|693,0.0,453.0,25.0,47.0,123.0,170.0,3.0,80.0,18.0,180.0,366.0,-86.0
6,694,Frooti ,6|694,0.0,0.0,0.0,7.0,0.0,7.0,0.0,0.0,0.0,7.0,-7.0,0.0
6,7,Healthy Vegetable Poha,6|7,0.0,0.0,0.0,2.0,2.0,4.0,0.0,2.0,0.0,0.0,-2.0,2.0
6,7088,Dates Bites Sachet Rs 40,6|7088,1512.0,0.0,0.0,420.0,418.0,838.0,0.0,39.0,7.0,921.0,713.0,-129.0
6,73,Cavin's Lassi,6|73,0.0,0.0,0.0,94.0,0.0,94.0,0.0,0.0,0.0,96.0,-94.0,-2.0
6,7394,7up Nimbooz Rs 15,6|7394,0.0,187.0,10.0,0.0,0.0,0.0,0.0,0.0,0.0,0.0,187.0,10.0
6,7465,Blueberry Fruit Yogurt Rs 35,6|7465,0.0,0.0,0.0,0.0,0.0,0.0,0.0,0.0,0.0,0.0,0.0,0.0
6,764,Amul Milk Chocolate Rs 25,6|764,27360.0,2025.0,107.0,22472.0,3273.0,25745.0,85.0,1227.0,406.0,22915.0,4952.0,1219.0
6,766,Amul Rose Lassi Rs 20 ,6|766,6938.0,1381.0,73.0,6004.0,865.0,6869.0,10.0,342.0,51.0,6330.0,1802.0,209.0
6,769,Cadbury Dairy Milk Rs.10,6|769,0.0,124.0,7.0,37.0,94.0,131.0,0.0,44.0,0.0,87.0,37.0,7.0
6,7790,3 Sisters Indie Sodas Jeera Masala Rs 80,6|7790,0.0,0.0,0.0,0.0,0.0,0.0,0.0,0.0,0.0,6.0,0.0,-6.0
6,794,Britannia Little Hearts,6|794,14280.0,0.0,0.0,10665.0,2508.0,13173.0,94.0,465.0,67.0,12231.0,1666.0,316.0
6,80,Cavin's Spiced ButterMilk,6|80,0.0,0.0,0.0,73.0,0.0,73.0,0.0,4.0,0.0,67.0,-69.0,2.0
6,82,Paper Boat Alphonso Aam Rs 25,6|82,0.0,0.0,0.0,0.0,0.0,0.0,0.0,0.0,0.0,0.0,0.0,0.0
6,8207,Mulberry Zingals Chocolate Slice Cake ,6|8207,0.0,0.0,0.0,7.0,0.0,7.0,0.0,0.0,0.0,7.0,-7.0,0.0
6,822,Britannia Good Day Cashew ,6|822,2040.0,0.0,0.0,1508.0,431.0,1939.0,10.0,82.0,16.0,1723.0,193.0,108.0
6,8249,Real Coconut Water Rs 35,6|8249,0.0,132.0,7.0,0.0,0.0,0.0,0.0,0.0,0.0,0.0,132.0,7.0
6,8279,Lotus Thandai Badam Milk ,6|8279,0.0,0.0,9.0,0.0,0.0,0.0,0.0,0.0,0.0,0.0,0.0,9.0
6,8287,Wonderland Foods Almond Roasted & Salted,6|8287,0.0,0.0,0.0,20.0,0.0,20.0,0.0,0.0,0.0,20.0,-20.0,0.0
6,8385,Dabur Real Activ Coconut Water Rs 40,6|8385,0.0,19.0,1.0,0.0,0.0,0.0,0.0,0.0,0.0,0.0,19.0,1.0
6,8481,Campa Orange Rs 10,6|8481,260610.0,984.0,52.0,208706.0,31918.0,240624.0,579.0,12000.0,7140.0,214321.0,33549.0,6636.0
6,8521,Jameson Ginger Ale Rs 100,6|8521,0.0,0.0,0.0,23.0,0.0,23.0,0.0,1.0,0.0,22.0,-22.0,0.0
6,8588,Bonn Jeera Biscuits Rs 20,6|8588,0.0,340.0,18.0,108.0,52.0,160.0,4.0,6.0,0.0,103.0,190.0,65.0
6,864,LuvIt fruit and nut MRP-55,6|864,0.0,0.0,0.0,0.0,0.0,0.0,0.0,0.0,0.0,0.0,0.0,0.0
6,891,RiteBite Peanut Butter,6|891,0.0,0.0,0.0,0.0,0.0,0.0,0.0,0.0,0.0,14.0,0.0,-14.0
6,9083,Meow Crispy Himalayan Pink Salt Rs 30,6|9083,0.0,0.0,0.0,3.0,0.0,3.0,0.0,0.0,0.0,7.0,-3.0,-4.0
6,9191,Nuttoz Roasted Peanuts Rs 20,6|9191,0.0,711.0,39.0,0.0,0.0,0.0,0.0,0.0,0.0,0.0,711.0,39.0
6,929,Sprite750ml,6|929,0.0,0.0,0.0,69.0,0.0,69.0,0.0,0.0,0.0,70.0,-69.0,-1.0
6,9346,Swashray Farali Chiwda Rs 20,6|9346,450.0,44.0,0.0,14.0,0.0,14.0,0.0,8.0,0.0,6.0,488.0,0.0
6,935,Lays - American Style Cream and Onion ,6|935,0.0,0.0,0.0,103.0,0.0,103.0,0.0,0.0,2.0,93.0,-103.0,8.0
6,94,Maaza Tetrapack Rs 10,6|94,0.0,0.0,0.0,43.0,22.0,65.0,0.0,29.0,0.0,27.0,-36.0,9.0
6,941,MTR - Vegetable Upma,6|941,0.0,0.0,0.0,0.0,0.0,0.0,0.0,0.0,0.0,0.0,0.0,0.0
6,95,Parle Appy Rs 10,6|95,0.0,309.0,16.0,0.0,0.0,0.0,0.0,0.0,0.0,0.0,309.0,16.0
6,9825,Nuttoz Roasted Cashew Rs 25,6|9825,0.0,0.0,5.0,0.0,0.0,0.0,0.0,1.0,0.0,5.0,1.0,-1.0
6,984,Appy 200ml Rs 15,6|984,0.0,0.0,0.0,35.0,0.0,35.0,0.0,0.0,0.0,35.0,-35.0,0.0
6,9912,4700 BC Sea Salt Protein Pops ,6|9912,1188.0,0.0,0.0,927.0,237.0,1164.0,2.0,91.0,0.0,1106.0,117.0,-35.0
6,9996,Welbe Plain Murukku ,6|9996,0.0,0.0,0.0,12.0,0.0,12.0,0.0,0.0,0.0,16.0,-12.0,-4.0
66,0,Unknown/Unmapped,66|0,4794.0,0.0,0.0,998.0,0.0,998.0,0.0,39.0,0.0,0.0,3835.0,959.0
66,10109,Fabeato Salt & Pepper Cashews,66|10109,600.0,0.0,0.0,1553.0,0.0,1553.0,0.0,546.0,42.0,0.0,-407.0,965.0
66,10114,Nutrezy Raisin Omega & Crunch Trail Mix,66|10114,3100.0,0.0,0.0,3557.0,0.0,3557.0,0.0,719.0,0.0,0.0,262.0,2838.0
66,1023,Britannia Chocolate Shake Rs 35,66|1023,0.0,0.0,0.0,797.0,0.0,797.0,0.0,286.0,0.0,0.0,-511.0,511.0
66,10321,Superyou Strawberry Wafer Bar,66|10321,6660.0,0.0,0.0,9288.0,0.0,9288.0,0.0,2885.0,55.0,0.0,257.0,6348.0
66,10390,Sweet Karam Coffee Madras Mixture,66|10390,5600.0,0.0,0.0,5101.0,0.0,5101.0,2.0,1183.0,28.0,0.0,1684.0,3888.0
66,10412,Max Protein Choco Almond Bar,66|10412,0.0,0.0,0.0,829.0,0.0,829.0,0.0,154.0,0.0,0.0,-675.0,675.0
66,10697,Insta Ahaar Cuppa Classic Masala Poha ,66|10697,120.0,0.0,0.0,44.0,0.0,44.0,0.0,21.0,11.0,0.0,97.0,12.0
66,10724,Bru Cold Coffee ,66|10724,2760.0,0.0,0.0,1361.0,0.0,1361.0,0.0,245.0,74.0,0.0,1644.0,1042.0
66,10845,Lotus Masala Chaach,66|10845,840.0,0.0,0.0,1799.0,0.0,1799.0,0.0,192.0,0.0,0.0,-767.0,1607.0
66,10856,Jimmys Classic Lime Lemonade,66|10856,600.0,0.0,0.0,830.0,0.0,830.0,0.0,166.0,0.0,0.0,-64.0,664.0
66,10857,Swizzle Desi Lemonade ,66|10857,1790.0,0.0,0.0,2076.0,0.0,2076.0,5.0,890.0,82.0,0.0,609.0,1099.0
66,11008,Reload Orange Rush Drink ,66|11008,4476.0,0.0,0.0,5840.0,0.0,5840.0,1.0,1150.0,0.0,0.0,-213.0,4689.0
66,11030,Jimmys Blueberry Lemonade ,66|11030,0.0,0.0,0.0,29.0,0.0,29.0,0.0,6.0,0.0,0.0,-23.0,23.0
66,11106,Eat Better Millet Namkeen Desi Masala ,66|11106,1800.0,0.0,0.0,1827.0,0.0,1827.0,0.0,751.0,49.0,0.0,724.0,1027.0
66,11152,Ella Foods Ready To Eat Poha 65g,66|11152,344.0,0.0,0.0,60.0,0.0,60.0,0.0,35.0,0.0,0.0,319.0,25.0
66,11154,Ella Foods Salted Almonds,66|11154,1600.0,0.0,0.0,993.0,0.0,993.0,0.0,425.0,85.0,0.0,1032.0,483.0
66,11171,Superyou Multigrain Super Masala Chips 40,66|11171,6192.0,0.0,0.0,4801.0,0.0,4801.0,0.0,631.0,22.0,0.0,2022.0,4148.0
66,11251,Bru Cold Coffee 200 ML,66|11251,1920.0,0.0,0.0,2595.0,0.0,2595.0,0.0,371.0,4.0,0.0,-304.0,2220.0
66,11252,Boost Ready To Drink 180 ML,66|11252,5280.0,0.0,0.0,4099.0,0.0,4099.0,0.0,450.0,4.0,0.0,1631.0,3645.0
66,11274,Millet Bank Chilli Chataka Stix,66|11274,5590.0,0.0,0.0,5905.0,0.0,5905.0,0.0,531.0,0.0,0.0,216.0,5374.0
66,11388,Lets Try Aloo Bhujia ,66|11388,11100.0,0.0,0.0,9325.0,0.0,9325.0,5.0,579.0,0.0,0.0,2359.0,8741.0
66,1143,Nestle Kit Kat,66|1143,7560.0,0.0,0.0,4886.0,0.0,4886.0,0.0,151.0,0.0,0.0,2825.0,4735.0
66,11613,Fabeato Korean Kimchi Banana Chips,66|11613,4000.0,0.0,0.0,4151.0,0.0,4151.0,1.0,463.0,13.0,0.0,313.0,3674.0
66,11617,Butter Popcorn Jumbo Pack,66|11617,1440.0,0.0,0.0,2481.0,0.0,2481.0,2.0,134.0,0.0,0.0,-905.0,2345.0
66,1170,Haldirams NGP Salted Peanut ,66|1170,0.0,0.0,0.0,5555.0,0.0,5555.0,0.0,942.0,1.0,0.0,-4613.0,4612.0
66,11988,Swap Aam Panna Rs 60,66|11988,400.0,0.0,0.0,529.0,0.0,529.0,0.0,198.0,29.0,0.0,69.0,302.0
66,12012,Volls Sante Caramel Protein Bar Rs 130,66|12012,740.0,0.0,0.0,458.0,0.0,458.0,0.0,24.0,15.0,0.0,306.0,419.0
66,12452,Mcvities Digestive Cookies ,66|12452,3072.0,0.0,0.0,1342.0,0.0,1342.0,2.0,356.0,0.0,0.0,2088.0,984.0
66,12640,Trubeing Roasted Peanuts Plain Salted,66|12640,7200.0,0.0,0.0,2421.0,0.0,2421.0,6.0,188.0,0.0,0.0,4973.0,2227.0
66,12644,Trubeing Roasted Makhana Himalayan Pink Salt,66|12644,4560.0,0.0,0.0,332.0,0.0,332.0,0.0,55.0,0.0,0.0,4283.0,277.0
66,12650,Trubeing Soya Chips,66|12650,2160.0,0.0,0.0,1129.0,0.0,1129.0,0.0,34.0,0.0,0.0,1065.0,1095.0
66,12715,Badiyanath Choco Nuts Protein Bar ,66|12715,500.0,0.0,0.0,558.0,0.0,558.0,0.0,77.0,0.0,0.0,19.0,481.0
66,130,Choco Chips Cookies,66|130,9600.0,0.0,0.0,17484.0,0.0,17484.0,8.0,2043.0,5.0,0.0,-5833.0,15428.0
66,1301,Maggi Cuppa Noodles Masala ,66|1301,288.0,0.0,0.0,233.0,0.0,233.0,0.0,51.0,8.0,0.0,106.0,174.0
66,1315, Britannia Treat Jim Jam Rs 10,66|1315,5400.0,0.0,0.0,5684.0,0.0,5684.0,4.0,1277.0,13.0,0.0,997.0,4390.0
66,1326,Unibic Choco Chip Cookies ,66|1326,12672.0,0.0,0.0,12367.0,0.0,12367.0,5.0,1629.0,12.0,0.0,1939.0,10721.0
66,1606,BRB Popped Potato Chips Pasta Cheese ,66|1606,19528.0,0.0,0.0,26870.0,0.0,26870.0,14.0,3763.0,1.0,0.0,-3565.0,23092.0
66,1608,Makino Nacho Chips Jalapeno ,66|1608,16560.0,0.0,0.0,19306.0,0.0,19306.0,9.0,1877.0,22.0,0.0,-860.0,17398.0
66,1738,Maggi Cuppa NDLS Masala Rs 55,66|1738,192.0,0.0,0.0,127.0,0.0,127.0,0.0,1.0,0.0,0.0,66.0,126.0
66,2239,Cadbury Chocolate Rs 50,66|2239,4740.0,0.0,0.0,7728.0,0.0,7728.0,0.0,2839.0,0.0,0.0,-149.0,4889.0
66,2412,Nescafe Chilled Latte Rs 45,66|2412,1830.0,0.0,0.0,3360.0,0.0,3360.0,5.0,872.0,5.0,0.0,-653.0,2478.0
66,252,Thumps Up Can,66|252,4608.0,0.0,0.0,7197.0,0.0,7197.0,8.0,1045.0,0.0,0.0,-1536.0,6144.0
66,2550,Max Protein Desi Masala Rs45,66|2550,0.0,0.0,0.0,277.0,0.0,277.0,0.0,263.0,0.0,0.0,-14.0,14.0
66,261,McVitie's Digestive Biscuits,66|261,1152.0,0.0,0.0,5472.0,0.0,5472.0,5.0,558.0,0.0,0.0,-3757.0,4909.0
66,279,Snickers - Small,66|279,2880.0,0.0,0.0,4381.0,0.0,4381.0,0.0,394.0,0.0,0.0,-1107.0,3987.0
66,282,Too Yumm Veggie Stix Cheese & Herbs Rs 20,66|282,36138.0,0.0,0.0,44189.0,0.0,44189.0,7.0,2530.0,12.0,0.0,-5514.0,41640.0
66,3092,Alo Frut Kiwi Rs 30,66|3092,6528.0,0.0,0.0,9665.0,0.0,9665.0,8.0,2366.0,0.0,0.0,-763.0,7291.0
66,3096,Alo Frut Coconut Water Rs 50,66|3096,2160.0,0.0,0.0,2972.0,0.0,2972.0,0.0,940.0,0.0,0.0,128.0,2032.0
66,318,Coke Zero,66|318,4728.0,0.0,0.0,9318.0,0.0,9318.0,8.0,974.0,10.0,0.0,-3608.0,8326.0
66,3298,Paper Boat Aamras ,66|3298,0.0,0.0,0.0,31.0,0.0,31.0,0.0,0.0,0.0,0.0,-31.0,31.0
66,3782,Britannia Winkin Cow Rs 35,66|3782,0.0,0.0,0.0,4054.0,0.0,4054.0,0.0,516.0,0.0,0.0,-3538.0,3538.0
66,430,Haldiram's Moong Dal Rs 10 ,66|430,14892.0,0.0,0.0,12820.0,0.0,12820.0,7.0,602.0,0.0,0.0,2681.0,12211.0
66,4545,Snickers chocolate bar Rs 50,66|4545,6000.0,0.0,0.0,4473.0,0.0,4473.0,0.0,1292.0,0.0,0.0,2819.0,3181.0
66,478,Kit Kat Rs 25,66|478,0.0,0.0,0.0,2282.0,0.0,2282.0,0.0,324.0,0.0,0.0,-1958.0,1958.0
66,493,Test Product,66|493,0.0,0.0,0.0,833.0,3.0,836.0,0.0,507.0,0.0,0.0,-329.0,329.0
66,5097,Kari Kari Chilli Garlic Rs 20,66|5097,1830.0,0.0,0.0,6658.0,0.0,6658.0,0.0,2220.0,383.0,0.0,-2608.0,4055.0
66,5272,Nutrezy Almond Cranberry Crunchy Bar,66|5272,0.0,0.0,0.0,845.0,0.0,845.0,0.0,509.0,0.0,0.0,-336.0,336.0
66,5283,4700BC 100 Corn Chips Salt And Truffle Rs 20,66|5283,2700.0,0.0,0.0,4414.0,0.0,4414.0,0.0,594.0,26.0,0.0,-1120.0,3794.0
66,5419,Mcvities Butter Cookies ,66|5419,4752.0,0.0,0.0,2570.0,0.0,2570.0,0.0,487.0,0.0,0.0,2669.0,2083.0
66,5453,Nestle KitKat ,66|5453,4266.0,0.0,0.0,9752.0,0.0,9752.0,7.0,1246.0,0.0,0.0,-4233.0,8499.0
66,5494,Farmley Roasted Makhana Cream And Onion Rs 30,66|5494,5160.0,0.0,0.0,4511.0,0.0,4511.0,0.0,381.0,0.0,0.0,1030.0,4130.0
66,5557,Max Protein Choco Almond Bar Rs 75,66|5557,984.0,0.0,0.0,38.0,0.0,38.0,0.0,1.0,0.0,0.0,947.0,37.0
66,61,Paper Boat Lychee Ras Rs 20,66|61,0.0,0.0,0.0,1065.0,0.0,1065.0,0.0,345.0,0.0,0.0,-720.0,720.0
66,663,Britannia Veg Cake Chocolate Rs 20,66|663,900.0,0.0,0.0,2844.0,0.0,2844.0,0.0,247.0,0.0,0.0,-1697.0,2597.0
66,678,Britannia Bourbon-Rs 10,66|678,11568.0,0.0,0.0,11309.0,0.0,11309.0,6.0,562.0,8.0,0.0,827.0,10733.0
66,691,Britannia Chocolate Shake Rs 30 ,66|691,864.0,0.0,0.0,2448.0,0.0,2448.0,0.0,499.0,3.0,0.0,-1085.0,1946.0
66,694,Frooti ,66|694,2100.0,0.0,0.0,2927.0,0.0,2927.0,0.0,469.0,0.0,0.0,-358.0,2458.0
66,7088,Dates Bites Sachet Rs 40,66|7088,10800.0,0.0,0.0,12822.0,0.0,12822.0,14.0,2446.0,5.0,0.0,438.0,10357.0
66,7112,Cheese & Herbs Corn Chips Rs 20,66|7112,2900.0,0.0,0.0,2516.0,0.0,2516.0,5.0,383.0,0.0,0.0,772.0,2128.0
66,73,Cavin's Lassi,66|73,12900.0,0.0,0.0,14300.0,0.0,14300.0,4.0,1343.0,0.0,0.0,-53.0,12953.0
66,7421,Hustle Energy Drink Rs 60,66|7421,240.0,0.0,0.0,419.0,0.0,419.0,0.0,212.0,0.0,0.0,33.0,207.0
66,7790,3 Sisters Indie Sodas Jeera Masala Rs 80,66|7790,0.0,0.0,0.0,229.0,0.0,229.0,0.0,329.0,3.0,0.0,100.0,-103.0
66,794,Britannia Little Hearts,66|794,0.0,0.0,0.0,4103.0,0.0,4103.0,3.0,141.0,0.0,0.0,-3959.0,3959.0
66,80,Cavin's Spiced ButterMilk,66|80,13800.0,0.0,0.0,14935.0,0.0,14935.0,1.0,1095.0,2.0,0.0,-39.0,13837.0
66,82,Paper Boat Alphonso Aam Rs 25,66|82,8280.0,0.0,0.0,4833.0,0.0,4833.0,1.0,346.0,0.0,0.0,3794.0,4486.0
66,8207,Mulberry Zingals Chocolate Slice Cake ,66|8207,5040.0,0.0,0.0,3980.0,0.0,3980.0,0.0,236.0,0.0,0.0,1296.0,3744.0
66,8279,Lotus Thandai Badam Milk ,66|8279,840.0,0.0,0.0,1865.0,0.0,1865.0,0.0,521.0,9.0,0.0,-504.0,1335.0
66,8287,Wonderland Foods Almond Roasted & Salted,66|8287,3000.0,0.0,0.0,5691.0,0.0,5691.0,0.0,1761.0,10.0,0.0,-930.0,3920.0
66,8521,Jameson Ginger Ale Rs 100,66|8521,1200.0,0.0,0.0,1512.0,0.0,1512.0,6.0,569.0,34.0,0.0,263.0,903.0
66,891,RiteBite Peanut Butter,66|891,0.0,0.0,0.0,1038.0,0.0,1038.0,0.0,424.0,4.0,0.0,-614.0,610.0
66,9083,Meow Crispy Himalayan Pink Salt Rs 30,66|9083,0.0,0.0,0.0,246.0,0.0,246.0,0.0,226.0,13.0,0.0,-20.0,7.0
66,9089,Mountain Tribe Gingerade Kombucha ,66|9089,432.0,0.0,0.0,637.0,0.0,637.0,0.0,311.0,19.0,0.0,106.0,307.0
66,929,Sprite750ml,66|929,4608.0,0.0,0.0,6313.0,0.0,6313.0,5.0,871.0,9.0,0.0,-829.0,5428.0
66,9308,Volls Pro Plant Protein Caramel ,66|9308,960.0,0.0,0.0,1213.0,0.0,1213.0,10.0,440.0,137.0,0.0,197.0,626.0
66,935,Lays - American Style Cream and Onion ,66|935,8400.0,0.0,0.0,16855.0,0.0,16855.0,0.0,1525.0,8.0,0.0,-6930.0,15322.0
66,984,Appy 200ml Rs 15,66|984,0.0,0.0,0.0,1041.0,0.0,1041.0,0.0,47.0,0.0,0.0,-994.0,994.0
66,9851,Farmley Cream & Onion Makhana Rs 50,66|9851,0.0,0.0,0.0,28.0,0.0,28.0,0.0,29.0,0.0,0.0,1.0,-1.0
66,9925,Sugar Free Diet Mocha Hazelnut Cookies ,66|9925,0.0,0.0,0.0,237.0,0.0,237.0,0.0,56.0,10.0,0.0,-181.0,171.0
66,9994,Fit & flex Masala Protein Puffs ,66|9994,0.0,0.0,0.0,418.0,0.0,418.0,0.0,70.0,0.0,0.0,-348.0,348.0
66,9996,Welbe Plain Murukku ,66|9996,3024.0,0.0,0.0,3727.0,0.0,3727.0,0.0,296.0,3.0,0.0,-407.0,3428.0
74,0,Unknown/Unmapped,74|0,0.0,0.0,0.0,135.0,0.0,135.0,0.0,0.0,0.0,64.0,-135.0,71.0
74,10109,Fabeato Salt & Pepper Cashews,74|10109,0.0,0.0,0.0,21.0,0.0,21.0,0.0,7.0,0.0,8.0,-14.0,6.0
74,10114,Nutrezy Raisin Omega & Crunch Trail Mix,74|10114,0.0,0.0,0.0,21.0,0.0,21.0,0.0,0.0,0.0,4.0,-21.0,17.0
74,10390,Sweet Karam Coffee Madras Mixture,74|10390,0.0,0.0,0.0,14.0,0.0,14.0,0.0,0.0,0.0,5.0,-14.0,9.0
74,1048,Balaji Wafers Pizzy Masala Rs 10,74|1048,0.0,0.0,0.0,411.0,0.0,411.0,0.0,14.0,0.0,361.0,-397.0,36.0
74,1054,Cavins Strawberry Milk Shake Rs 35,74|1054,0.0,0.0,0.0,51.0,0.0,51.0,0.0,0.0,18.0,20.0,-51.0,13.0
74,10844,Lotus Lassi,74|10844,0.0,0.0,0.0,79.0,0.0,79.0,0.0,50.0,28.0,1.0,-29.0,0.0
74,10845,Lotus Masala Chaach,74|10845,0.0,0.0,0.0,22.0,0.0,22.0,0.0,22.0,0.0,0.0,0.0,0.0
74,11008,Reload Orange Rush Drink ,74|11008,0.0,0.0,0.0,13.0,0.0,13.0,0.0,0.0,0.0,10.0,-13.0,3.0
74,11152,Ella Foods Ready To Eat Poha 65g,74|11152,0.0,0.0,0.0,11.0,0.0,11.0,0.0,0.0,5.0,1.0,-11.0,5.0
74,11158,Ella Foods Chilli Lime Cashew ,74|11158,0.0,0.0,0.0,7.0,0.0,7.0,0.0,0.0,0.0,0.0,-7.0,7.0
74,11171,Superyou Multigrain Super Masala Chips 40,74|11171,0.0,0.0,0.0,46.0,0.0,46.0,0.0,18.0,0.0,29.0,-28.0,-1.0
74,1120,Fanta Can ,74|1120,0.0,0.0,0.0,6.0,0.0,6.0,0.0,0.0,0.0,1.0,-6.0,5.0
74,11251,Bru Cold Coffee 200 ML,74|11251,0.0,0.0,0.0,40.0,0.0,40.0,0.0,2.0,0.0,29.0,-38.0,9.0
74,11252,Boost Ready To Drink 180 ML,74|11252,0.0,0.0,0.0,64.0,0.0,64.0,0.0,0.0,0.0,53.0,-64.0,11.0
74,11299,Rimzim Jeera,74|11299,0.0,0.0,0.0,91.0,0.0,91.0,0.0,0.0,0.0,91.0,-91.0,0.0
74,11388,Lets Try Aloo Bhujia ,74|11388,0.0,0.0,0.0,71.0,0.0,71.0,0.0,2.0,5.0,47.0,-69.0,17.0
74,11391,Lets Try Navratan Tadka ,74|11391,0.0,0.0,0.0,19.0,0.0,19.0,0.0,0.0,0.0,11.0,-19.0,8.0
74,1143,Nestle Kit Kat,74|1143,0.0,0.0,0.0,79.0,0.0,79.0,0.0,28.0,6.0,30.0,-51.0,15.0
74,115,Coke Diet Can Rs 35,74|115,0.0,0.0,0.0,47.0,0.0,47.0,0.0,0.0,10.0,28.0,-47.0,9.0
74,11613,Fabeato Korean Kimchi Banana Chips,74|11613,0.0,0.0,0.0,35.0,0.0,35.0,0.0,6.0,0.0,24.0,-29.0,5.0
74,1170,Haldirams NGP Salted Peanut ,74|1170,0.0,0.0,0.0,54.0,0.0,54.0,0.0,0.0,0.0,54.0,-54.0,0.0
74,11988,Swap Aam Panna Rs 60,74|11988,0.0,0.0,0.0,21.0,0.0,21.0,0.0,0.0,6.0,4.0,-21.0,11.0
74,124,Sprite Rs 20,74|124,0.0,0.0,0.0,161.0,0.0,161.0,0.0,4.0,0.0,156.0,-157.0,1.0
74,1241, Lays Indian Magic Masala Rs 20,74|1241,0.0,0.0,0.0,38.0,0.0,38.0,0.0,0.0,0.0,30.0,-38.0,8.0
74,1242, Lays Cream & Onion Rs 20,74|1242,0.0,0.0,0.0,31.0,1.0,32.0,0.0,3.0,13.0,16.0,-29.0,0.0
74,12429,Madmix Jowar Bhujia Masala Masti,74|12429,0.0,0.0,0.0,88.0,0.0,88.0,0.0,29.0,0.0,53.0,-59.0,6.0
74,12577,Madmix Millet Bhujia Lemon & Chilli,74|12577,0.0,0.0,0.0,12.0,0.0,12.0,0.0,0.0,0.0,2.0,-12.0,10.0
74,12579,Ocean Crispy Orange Apple Fruit Drink Rs 38,74|12579,0.0,0.0,0.0,9.0,0.0,9.0,0.0,0.0,0.0,7.0,-9.0,2.0
74,126,Coke Regular Pet 250ml Rs 20,74|126,0.0,0.0,0.0,419.0,0.0,419.0,2.0,10.0,0.0,404.0,-407.0,3.0
74,12640,Trubeing Roasted Peanuts Plain Salted,74|12640,0.0,0.0,0.0,214.0,0.0,214.0,1.0,7.0,0.0,160.0,-206.0,46.0
74,12644,Trubeing Roasted Makhana Himalayan Pink Salt,74|12644,0.0,0.0,0.0,31.0,0.0,31.0,0.0,8.0,0.0,13.0,-23.0,10.0
74,12650,Trubeing Soya Chips,74|12650,0.0,0.0,0.0,40.0,0.0,40.0,0.0,2.0,0.0,30.0,-38.0,8.0
74,12716,Klaw Masala Madness Sticks,74|12716,0.0,0.0,0.0,15.0,0.0,15.0,0.0,0.0,0.0,9.0,-15.0,6.0
74,12778,Cavins Choco Mocha,74|12778,0.0,0.0,0.0,19.0,0.0,19.0,0.0,2.0,0.0,18.0,-17.0,-1.0
74,130,Choco Chips Cookies,74|130,0.0,0.0,0.0,370.0,18.0,388.0,0.0,59.0,41.0,152.0,-329.0,136.0
74,1301,Maggi Cuppa Noodles Masala ,74|1301,0.0,0.0,0.0,11.0,0.0,11.0,0.0,9.0,0.0,2.0,-2.0,0.0
74,13018,ThumsUp Pet Bottle Rs 30,74|13018,0.0,0.0,0.0,7.0,0.0,7.0,0.0,0.0,0.0,1.0,-7.0,6.0
74,1315, Britannia Treat Jim Jam Rs 10,74|1315,0.0,0.0,0.0,334.0,0.0,334.0,0.0,27.0,3.0,298.0,-307.0,6.0
74,1326,Unibic Choco Chip Cookies ,74|1326,0.0,0.0,0.0,405.0,0.0,405.0,5.0,28.0,0.0,353.0,-372.0,19.0
74,1338, Karikari Salt Pepper Rs 50,74|1338,0.0,0.0,0.0,40.0,0.0,40.0,0.0,18.0,19.0,3.0,-22.0,0.0
74,147,Snickers Rs 35,74|147,0.0,0.0,0.0,125.0,0.0,125.0,0.0,0.0,0.0,126.0,-125.0,-1.0
74,1606,BRB Popped Potato Chips Pasta Cheese ,74|1606,0.0,0.0,0.0,125.0,1.0,126.0,0.0,25.0,1.0,66.0,-101.0,34.0
74,1608,Makino Nacho Chips Jalapeno ,74|1608,0.0,0.0,0.0,135.0,0.0,135.0,0.0,53.0,0.0,67.0,-82.0,15.0
74,1636,Kurkure Solid Masti Rs 20,74|1636,0.0,0.0,0.0,49.0,0.0,49.0,0.0,0.0,0.0,46.0,-49.0,3.0
74,1738,Maggi Cuppa NDLS Masala Rs 55,74|1738,0.0,0.0,0.0,47.0,0.0,47.0,0.0,4.0,0.0,32.0,-43.0,11.0
74,1743,Act 2 Popcorn Butter,74|1743,0.0,0.0,0.0,163.0,0.0,163.0,0.0,0.0,0.0,177.0,-163.0,-14.0
74,177,Minute Maid Pulpy Orange,74|177,0.0,0.0,0.0,69.0,0.0,69.0,0.0,0.0,0.0,67.0,-69.0,2.0
74,185,Thums UP CHARGED Rs 20,74|185,0.0,0.0,0.0,267.0,0.0,267.0,1.0,1.0,0.0,263.0,-265.0,2.0
74,1930,Britannia  Good Day Chocochip Cookies Rs 30,74|1930,0.0,0.0,0.0,26.0,0.0,26.0,0.0,0.0,0.0,24.0,-26.0,2.0
74,2005,Cavins Badam Milkshake 180 ml Rs 50,74|2005,0.0,0.0,0.0,30.0,0.0,30.0,0.0,30.0,0.0,0.0,0.0,0.0
74,203,Sprite Pop Can Rs 25,74|203,0.0,0.0,0.0,69.0,0.0,69.0,0.0,0.0,0.0,51.0,-69.0,18.0
74,2091,Maggi Masala Cuppa Noodles ,74|2091,0.0,0.0,0.0,9.0,0.0,9.0,0.0,0.0,4.0,1.0,-9.0,4.0
74,2173,Coke Diet Can Rs 40,74|2173,0.0,0.0,0.0,26.0,0.0,26.0,0.0,18.0,0.0,8.0,-8.0,0.0
74,2239,Cadbury Chocolate Rs 50,74|2239,0.0,0.0,0.0,31.0,0.0,31.0,0.0,0.0,0.0,13.0,-31.0,18.0
74,2276,Snicker Rs 45,74|2276,0.0,0.0,0.0,31.0,0.0,31.0,0.0,0.0,0.0,22.0,-31.0,9.0
74,2388,Tropicana Guava Delight 200ml,74|2388,0.0,0.0,0.0,309.0,0.0,309.0,0.0,9.0,0.0,299.0,-300.0,1.0
74,2412,Nescafe Chilled Latte Rs 45,74|2412,0.0,0.0,0.0,108.0,0.0,108.0,0.0,0.0,0.0,97.0,-108.0,11.0
74,2456,Unibic Choco Chip Cookies Rs 40,74|2456,0.0,0.0,0.0,58.0,0.0,58.0,0.0,57.0,0.0,1.0,-1.0,0.0
74,2501,ThumsUp Can Rs 60,74|2501,0.0,0.0,0.0,19.0,0.0,19.0,0.0,6.0,5.0,2.0,-13.0,6.0
74,252,Thumps Up Can,74|252,0.0,0.0,0.0,92.0,0.0,92.0,0.0,6.0,0.0,67.0,-86.0,19.0
74,261,McVitie's Digestive Biscuits,74|261,0.0,0.0,0.0,232.0,0.0,232.0,0.0,1.0,0.0,143.0,-231.0,88.0
74,2696,Masala Peanut ,74|2696,0.0,0.0,0.0,466.0,2.0,468.0,0.0,19.0,0.0,451.0,-449.0,-2.0
74,2698,Madras Mixture,74|2698,0.0,0.0,0.0,119.0,1.0,120.0,0.0,56.0,5.0,51.0,-64.0,8.0
74,2713,Britannia Milk Bikis,74|2713,0.0,0.0,0.0,165.0,0.0,165.0,0.0,6.0,0.0,151.0,-159.0,8.0
74,279,Snickers - Small,74|279,0.0,0.0,0.0,41.0,0.0,41.0,0.0,0.0,0.0,30.0,-41.0,11.0
74,282,Too Yumm Veggie Stix Cheese & Herbs Rs 20,74|282,0.0,0.0,0.0,465.0,0.0,465.0,0.0,57.0,0.0,391.0,-408.0,17.0
74,290,Kurkure Masala Munch ,74|290,0.0,0.0,0.0,113.0,0.0,113.0,0.0,0.0,0.0,113.0,-113.0,0.0
74,291,Lay's American style Cream & Onion Rs 10,74|291,0.0,0.0,0.0,102.0,0.0,102.0,0.0,0.0,0.0,101.0,-102.0,1.0
74,306,Hazelnut Latte,74|306,0.0,0.0,0.0,39.0,0.0,39.0,0.0,0.0,0.0,34.0,-39.0,5.0
74,3092,Alo Frut Kiwi Rs 30,74|3092,0.0,0.0,0.0,90.0,0.0,90.0,0.0,23.0,0.0,49.0,-67.0,18.0
74,3114,Alo Frut Guava Rs 30,74|3114,0.0,0.0,0.0,38.0,0.0,38.0,0.0,6.0,17.0,8.0,-32.0,7.0
74,3124,Max Protein Daily Almond Bar Rs 70,74|3124,0.0,0.0,0.0,26.0,0.0,26.0,0.0,0.0,0.0,13.0,-26.0,13.0
74,318,Coke Zero,74|318,0.0,0.0,0.0,434.0,0.0,434.0,0.0,26.0,0.0,394.0,-408.0,14.0
74,331,Britannia Veg Cake Fruity Fun Rs 20,74|331,0.0,0.0,0.0,235.0,0.0,235.0,0.0,10.0,0.0,189.0,-225.0,36.0
74,3387,Nescafe Intense Cafe ,74|3387,0.0,0.0,0.0,13.0,0.0,13.0,0.0,1.0,0.0,11.0,-12.0,1.0
74,3515,Cavins Kaju Butterscotch Milkshake  ,74|3515,0.0,0.0,0.0,72.0,0.0,72.0,0.0,1.0,0.0,71.0,-71.0,0.0
74,3784,Cavins Rajbhog Milkshake Rs 60,74|3784,0.0,0.0,0.0,76.0,0.0,76.0,0.0,0.0,0.0,76.0,-76.0,0.0
74,38,Amul Masti Buttermilk Rs 10,74|38,0.0,0.0,0.0,35.0,0.0,35.0,0.0,0.0,0.0,35.0,-35.0,0.0
74,395,Too Yum- Multigrain Chips,74|395,0.0,0.0,0.0,1378.0,0.0,1378.0,0.0,24.0,0.0,1345.0,-1354.0,9.0
74,401,Bingo - Potato Chips Masala,74|401,0.0,0.0,0.0,256.0,0.0,256.0,0.0,0.0,0.0,247.0,-256.0,9.0
74,4036,Snickers Kesar Pista Stick Rs 30,74|4036,0.0,0.0,0.0,279.0,0.0,279.0,0.0,22.0,0.0,205.0,-257.0,52.0
74,4068,Alo Frut Orange Rs 30,74|4068,0.0,0.0,0.0,44.0,0.0,44.0,0.0,2.0,0.0,42.0,-42.0,0.0
74,4238,Fit And Flex Cheesy Cheese Flavour ,74|4238,0.0,0.0,0.0,6.0,0.0,6.0,0.0,0.0,6.0,0.0,-6.0,0.0
74,430,Haldiram's Moong Dal Rs 10 ,74|430,0.0,0.0,0.0,1335.0,0.0,1335.0,2.0,21.0,1.0,1300.0,-1312.0,11.0
74,4316,Britannia Gobbles,74|4316,0.0,0.0,0.0,124.0,0.0,124.0,0.0,4.0,0.0,120.0,-120.0,0.0
74,4335,Townbus Madras Mixture,74|4335,0.0,0.0,0.0,50.0,0.0,50.0,0.0,0.0,0.0,34.0,-50.0,16.0
74,4538,Rewynd Peanuts Chikki,74|4538,0.0,0.0,0.0,35.0,0.0,35.0,0.0,1.0,0.0,26.0,-34.0,8.0
74,4545,Snickers chocolate bar Rs 50,74|4545,0.0,0.0,0.0,35.0,0.0,35.0,0.0,27.0,0.0,8.0,-8.0,0.0
74,4565,Snickers chocolate ,74|4565,0.0,0.0,0.0,136.0,0.0,136.0,0.0,0.0,0.0,133.0,-136.0,3.0
74,4638,Paper Boat Dry Fruit Chikki Rs 30,74|4638,0.0,0.0,0.0,18.0,3.0,21.0,0.0,0.0,0.0,13.0,-21.0,8.0
74,478,Kit Kat Rs 25,74|478,0.0,0.0,0.0,462.0,0.0,462.0,0.0,33.0,0.0,402.0,-429.0,27.0
74,4900,Britannia Treat Creme Wafers Strawberry Rs 50,74|4900,0.0,0.0,0.0,12.0,0.0,12.0,0.0,1.0,0.0,12.0,-11.0,-1.0
74,493,Test Product,74|493,0.0,0.0,0.0,12.0,3.0,15.0,0.0,29.0,7.0,12.0,14.0,-33.0
74,5097,Kari Kari Chilli Garlic Rs 20,74|5097,0.0,0.0,0.0,61.0,0.0,61.0,0.0,60.0,0.0,1.0,-1.0,0.0
74,5272,Nutrezy Almond Cranberry Crunchy Bar,74|5272,0.0,0.0,0.0,22.0,0.0,22.0,0.0,14.0,0.0,1.0,-8.0,7.0
74,5283,4700BC 100 Corn Chips Salt And Truffle Rs 20,74|5283,0.0,0.0,0.0,5.0,0.0,5.0,0.0,0.0,0.0,5.0,-5.0,0.0
74,541,Too Yumm Karare Munchy Masala Rs 20,74|541,0.0,0.0,0.0,32.0,0.0,32.0,0.0,2.0,4.0,20.0,-30.0,6.0
74,5419,Mcvities Butter Cookies ,74|5419,0.0,0.0,0.0,182.0,0.0,182.0,2.0,2.0,0.0,163.0,-178.0,15.0
74,542,Limca 250ml Pet Rs 20,74|542,0.0,0.0,0.0,225.0,0.0,225.0,0.0,3.0,2.0,218.0,-222.0,2.0
74,5494,Farmley Roasted Makhana Cream And Onion Rs 30,74|5494,0.0,0.0,0.0,75.0,0.0,75.0,0.0,30.0,0.0,45.0,-45.0,0.0
74,5557,Max Protein Choco Almond Bar Rs 75,74|5557,0.0,0.0,0.0,29.0,1.0,30.0,0.0,0.0,0.0,14.0,-30.0,16.0
74,5614,A2B Mini Murukku ,74|5614,0.0,0.0,0.0,19.0,0.0,19.0,0.0,14.0,0.0,5.0,-5.0,0.0
74,5724,Horlicks Rs 5,74|5724,0.0,0.0,0.0,18.0,0.0,18.0,0.0,18.0,0.0,0.0,0.0,0.0
74,5727,Boost Rs 5,74|5727,0.0,0.0,0.0,18.0,0.0,18.0,0.0,17.0,0.0,1.0,-1.0,0.0
74,59,Tropicana Juice,74|59,0.0,0.0,0.0,51.0,0.0,51.0,0.0,0.0,0.0,47.0,-51.0,4.0
74,6033,Snickers Butterscotch ,74|6033,0.0,0.0,0.0,32.0,0.0,32.0,0.0,32.0,0.0,0.0,0.0,0.0
74,663,Britannia Veg Cake Chocolate Rs 20,74|663,0.0,0.0,0.0,41.0,0.0,41.0,0.0,1.0,0.0,34.0,-40.0,6.0
74,668,Maaza Pet Bottle Rs 20,74|668,0.0,0.0,0.0,6.0,0.0,6.0,0.0,0.0,0.0,6.0,-6.0,0.0
74,678,Britannia Bourbon-Rs 10,74|678,0.0,0.0,0.0,1986.0,0.0,1986.0,1.0,39.0,0.0,1838.0,-1946.0,108.0
74,691,Britannia Chocolate Shake Rs 30 ,74|691,0.0,0.0,0.0,40.0,0.0,40.0,0.0,10.0,10.0,20.0,-30.0,0.0
74,693,Snickers,74|693,0.0,0.0,0.0,197.0,0.0,197.0,0.0,0.0,0.0,187.0,-197.0,10.0
74,694,Frooti ,74|694,0.0,0.0,0.0,88.0,0.0,88.0,0.0,5.0,0.0,83.0,-83.0,0.0
74,7088,Dates Bites Sachet Rs 40,74|7088,0.0,0.0,0.0,96.0,1.0,97.0,0.0,61.0,9.0,13.0,-36.0,14.0
74,7112,Cheese & Herbs Corn Chips Rs 20,74|7112,0.0,0.0,0.0,12.0,0.0,12.0,0.0,0.0,0.0,6.0,-12.0,6.0
74,73,Cavin's Lassi,74|73,0.0,0.0,0.0,349.0,1.0,350.0,0.0,40.0,21.0,270.0,-310.0,19.0
74,7483,Farmley Achaari Munchies Rs 20,74|7483,0.0,0.0,0.0,28.0,0.0,28.0,0.0,6.0,1.0,16.0,-22.0,5.0
74,764,Amul Milk Chocolate Rs 25,74|764,0.0,0.0,0.0,40.0,0.0,40.0,0.0,0.0,0.0,40.0,-40.0,0.0
74,766,Amul Rose Lassi Rs 20 ,74|766,0.0,0.0,0.0,25.0,0.0,25.0,0.0,0.0,0.0,21.0,-25.0,4.0
74,769,Cadbury Dairy Milk Rs.10,74|769,0.0,0.0,0.0,8.0,0.0,8.0,0.0,0.0,0.0,0.0,-8.0,8.0
74,7759,Alo Frut Kiwi Alovera Rs 30,74|7759,0.0,0.0,0.0,30.0,0.0,30.0,0.0,27.0,0.0,3.0,-3.0,0.0
74,7790,3 Sisters Indie Sodas Jeera Masala Rs 80,74|7790,0.0,0.0,0.0,12.0,0.0,12.0,0.0,12.0,0.0,0.0,0.0,0.0
74,794,Britannia Little Hearts,74|794,0.0,0.0,0.0,859.0,0.0,859.0,0.0,64.0,0.0,843.0,-795.0,-48.0
74,80,Cavin's Spiced ButterMilk,74|80,0.0,0.0,0.0,295.0,0.0,295.0,0.0,51.0,0.0,225.0,-244.0,19.0
74,814,Ritebite Sport Bar Almond Mocha,74|814,0.0,0.0,0.0,16.0,0.0,16.0,0.0,0.0,0.0,5.0,-16.0,11.0
74,815,Britannia Good Day Chocochip Cookies ,74|815,0.0,0.0,0.0,20.0,0.0,20.0,0.0,20.0,0.0,0.0,0.0,0.0
74,82,Paper Boat Alphonso Aam Rs 25,74|82,0.0,0.0,0.0,50.0,0.0,50.0,0.0,12.0,0.0,14.0,-38.0,24.0
74,8207,Mulberry Zingals Chocolate Slice Cake ,74|8207,0.0,0.0,0.0,22.0,2.0,24.0,0.0,0.0,6.0,18.0,-24.0,0.0
74,8279,Lotus Thandai Badam Milk ,74|8279,0.0,0.0,0.0,54.0,0.0,54.0,0.0,48.0,5.0,1.0,-6.0,0.0
74,8287,Wonderland Foods Almond Roasted & Salted,74|8287,0.0,0.0,0.0,6.0,0.0,6.0,0.0,0.0,0.0,1.0,-6.0,5.0
74,831,Too Yumm Veggie Stix  Sour Cream & Onion ,74|831,0.0,0.0,0.0,51.0,0.0,51.0,0.0,17.0,18.0,11.0,-34.0,5.0
74,8521,Jameson Ginger Ale Rs 100,74|8521,0.0,0.0,0.0,12.0,0.0,12.0,0.0,6.0,0.0,0.0,-6.0,6.0
74,9089,Mountain Tribe Gingerade Kombucha ,74|9089,0.0,0.0,0.0,6.0,0.0,6.0,0.0,0.0,0.0,0.0,-6.0,6.0
74,9308,Volls Pro Plant Protein Caramel ,74|9308,0.0,0.0,0.0,73.0,0.0,73.0,0.0,55.0,17.0,1.0,-18.0,0.0
74,935,Lays - American Style Cream and Onion ,74|935,0.0,0.0,0.0,432.0,0.0,432.0,0.0,3.0,0.0,400.0,-429.0,29.0
74,9794,Bourbon Chocolate Biscuits,74|9794,0.0,0.0,0.0,57.0,0.0,57.0,0.0,0.0,0.0,52.0,-57.0,5.0
74,9878,A2B Seedai Rs 90,74|9878,0.0,0.0,0.0,14.0,0.0,14.0,0.0,14.0,0.0,0.0,0.0,0.0
74,9912,4700 BC Sea Salt Protein Pops ,74|9912,0.0,0.0,0.0,38.0,0.0,38.0,0.0,0.0,1.0,30.0,-38.0,7.0
74,9994,Fit & flex Masala Protein Puffs ,74|9994,0.0,0.0,0.0,32.0,0.0,32.0,0.0,24.0,1.0,7.0,-8.0,0.0
74,9996,Welbe Plain Murukku ,74|9996,0.0,0.0,0.0,88.0,0.0,88.0,0.0,60.0,18.0,2.0,-28.0,8.0
8,0,Unknown/Unmapped,8|0,9296.0,0.0,0.0,3811.0,0.0,3811.0,5.0,184.0,0.0,2624.0,5674.0,998.0
8,10006,Galaxy Chocolate Wafer Roll,8|10006,0.0,0.0,0.0,6.0,0.0,6.0,0.0,5.0,0.0,1.0,-1.0,0.0
8,10109,Fabeato Salt & Pepper Cashews,8|10109,8800.0,476.0,25.0,12310.0,6.0,12316.0,37.0,1900.0,533.0,9892.0,-1103.0,-21.0
8,10111,Fabeato Superfood Mix,8|10111,0.0,0.0,0.0,15.0,0.0,15.0,0.0,16.0,0.0,5.0,1.0,-6.0
8,10114,Nutrezy Raisin Omega & Crunch Trail Mix,8|10114,1800.0,0.0,0.0,1883.0,12.0,1895.0,19.0,249.0,85.0,1538.0,173.0,4.0
8,10129,Roasty Tasty Millet Upma Rs 80,8|10129,0.0,0.0,1.0,240.0,0.0,240.0,0.0,124.0,35.0,108.0,-116.0,-26.0
8,1023,Britannia Chocolate Shake Rs 35,8|1023,0.0,2423.0,128.0,1551.0,0.0,1551.0,32.0,421.0,131.0,2614.0,1325.0,-1519.0
8,1032,Snickers Rs 40,8|1032,0.0,0.0,0.0,509.0,0.0,509.0,9.0,119.0,1.0,359.0,-381.0,21.0
8,10321,Superyou Strawberry Wafer Bar,8|10321,0.0,0.0,0.0,40.0,0.0,40.0,0.0,9.0,4.0,25.0,-31.0,2.0
8,10390,Sweet Karam Coffee Madras Mixture,8|10390,25620.0,0.0,0.0,25708.0,30.0,25738.0,23.0,1732.0,339.0,23047.0,1637.0,597.0
8,10412,Max Protein Choco Almond Bar,8|10412,0.0,0.0,0.0,30.0,0.0,30.0,0.0,18.0,0.0,12.0,-12.0,0.0
8,1054,Cavins Strawberry Milk Shake Rs 35,8|1054,0.0,0.0,0.0,0.0,0.0,0.0,0.0,0.0,0.0,0.0,0.0,0.0
8,1059,Cavin's Spiced Butter Milk Rs 15,8|1059,0.0,0.0,0.0,672.0,0.0,672.0,0.0,63.0,13.0,589.0,-609.0,7.0
8,10591,Volls Sante Millet Monk Cookies ,8|10591,600.0,0.0,4.0,1356.0,0.0,1356.0,2.0,53.0,20.0,1277.0,-701.0,8.0
8,1062,Havit Vrat Special Banana Chips,8|1062,0.0,0.0,0.0,0.0,0.0,0.0,0.0,0.0,0.0,0.0,0.0,0.0
8,10660,Nandini Buttermilk,8|10660,840.0,0.0,0.0,256.0,0.0,256.0,0.0,2.0,0.0,253.0,586.0,1.0
8,1069, Sunfeast Dark Fantasy Choco Fill Cookies Rs 10,8|1069,33120.0,6287.0,344.0,35099.0,30.0,35129.0,155.0,1949.0,723.0,33561.0,6382.0,-915.0
8,10696,Insta Ahaar Classic Masala Poha ,8|10696,1400.0,0.0,0.0,1528.0,0.0,1528.0,0.0,1261.0,93.0,279.0,1133.0,-105.0
8,10697,Insta Ahaar Cuppa Classic Masala Poha ,8|10697,700.0,0.0,0.0,862.0,0.0,862.0,2.0,206.0,98.0,549.0,46.0,7.0
8,10724,Bru Cold Coffee ,8|10724,7170.0,0.0,0.0,1960.0,6.0,1966.0,0.0,113.0,41.0,1748.0,5317.0,64.0
8,10733,Lemon Breeze Low Sugar Soft Drink ,8|10733,17082.0,0.0,4.0,17908.0,31.0,17939.0,73.0,2256.0,1119.0,13665.0,1472.0,830.0
8,10734,Watermelon Zing Low Sugar Soft Drink ,8|10734,0.0,0.0,0.0,64.0,0.0,64.0,0.0,40.0,6.0,18.0,-24.0,0.0
8,10737,Salted Potato Chips ,8|10737,3100.0,0.0,0.0,2724.0,0.0,2724.0,0.0,159.0,0.0,1934.0,535.0,631.0
8,10822,Ritebite Choco Almond Protein Bar,8|10822,0.0,0.0,0.0,116.0,0.0,116.0,0.0,14.0,0.0,102.0,-102.0,0.0
8,10844,Lotus Lassi,8|10844,6264.0,0.0,0.0,6697.0,20.0,6717.0,17.0,378.0,248.0,6006.0,-58.0,68.0
8,10845,Lotus Masala Chaach,8|10845,7224.0,0.0,0.0,7530.0,26.0,7556.0,15.0,523.0,245.0,6734.0,206.0,39.0
8,10856,Jimmys Classic Lime Lemonade,8|10856,5040.0,0.0,0.0,5167.0,6.0,5173.0,3.0,282.0,58.0,4736.0,152.0,94.0
8,10857,Swizzle Desi Lemonade ,8|10857,1320.0,0.0,0.0,882.0,0.0,882.0,1.0,102.0,0.0,542.0,541.0,237.0
8,109,Real Mixed Fruit Juice Rs 20,8|109,5130.0,0.0,0.0,1082.0,0.0,1082.0,1.0,36.0,0.0,935.0,4085.0,110.0
8,1091,Max Protein Desi Masala  Rs 40,8|1091,0.0,0.0,0.0,64.0,0.0,64.0,0.0,3.0,2.0,59.0,-61.0,0.0
8,11008,Reload Orange Rush Drink ,8|11008,15480.0,0.0,0.0,16526.0,10.0,16536.0,54.0,1568.0,196.0,14339.0,566.0,379.0
8,11145,4700 BC Salted Classic Popcorn,8|11145,0.0,0.0,0.0,18.0,0.0,18.0,0.0,0.0,0.0,18.0,-18.0,0.0
8,11146,Swap Lemon Zing ,8|11146,2400.0,0.0,0.0,915.0,6.0,921.0,2.0,256.0,57.0,531.0,1737.0,75.0
8,11152,Ella Foods Ready To Eat Poha 65g,8|11152,1900.0,0.0,0.0,2215.0,4.0,2219.0,8.0,371.0,104.0,1572.0,60.0,164.0
8,11153,Ella Foods Ready To Eat Upma 65g,8|11153,500.0,0.0,0.0,124.0,0.0,124.0,0.0,10.0,0.0,73.0,386.0,41.0
8,11171,Superyou Multigrain Super Masala Chips 40,8|11171,23760.0,0.0,0.0,21558.0,14.0,21572.0,37.0,1932.0,413.0,18714.0,4157.0,476.0
8,11179,Sweet Karam Coffee Garlic Murukku Sticks 30g,8|11179,0.0,0.0,0.0,48.0,0.0,48.0,0.0,40.0,0.0,9.0,-8.0,-1.0
8,112,Granola - Berries and Almond,8|112,0.0,0.0,0.0,25.0,0.0,25.0,0.0,2.0,8.0,15.0,-23.0,0.0
8,1120,Fanta Can ,8|1120,8232.0,1130.0,60.0,7439.0,16.0,7455.0,20.0,320.0,134.0,6734.0,2247.0,307.0
8,11251,Bru Cold Coffee 200 ML,8|11251,0.0,0.0,0.0,4213.0,0.0,4213.0,6.0,271.0,36.0,3615.0,-3936.0,285.0
8,11252,Boost Ready To Drink 180 ML,8|11252,12540.0,0.0,0.0,12534.0,6.0,12540.0,19.0,724.0,83.0,10913.0,743.0,801.0
8,11274,Millet Bank Chilli Chataka Stix,8|11274,22350.0,0.0,0.0,22111.0,22.0,22133.0,27.0,1459.0,291.0,19644.0,1703.0,712.0
8,11295,Himalayan Salt Caramel Popcorn,8|11295,0.0,0.0,0.0,92.0,0.0,92.0,0.0,40.0,0.0,56.0,-52.0,-4.0
8,11393,Lets Try Salted Popcorn ,8|11393,6120.0,0.0,0.0,6061.0,6.0,6067.0,13.0,549.0,50.0,5333.0,615.0,122.0
8,114,Coke Regular Can Rs 35,8|114,0.0,0.0,0.0,0.0,0.0,0.0,0.0,0.0,0.0,0.0,0.0,0.0
8,115,Coke Diet Can Rs 35,8|115,0.0,0.0,0.0,187.0,0.0,187.0,0.0,97.0,0.0,96.0,-90.0,-6.0
8,11613,Fabeato Korean Kimchi Banana Chips,8|11613,13600.0,0.0,0.0,13840.0,8.0,13848.0,15.0,761.0,64.0,12837.0,528.0,171.0
8,11616,Fabeato Classic Salted Banana Chips,8|11616,0.0,0.0,0.0,47.0,0.0,47.0,0.0,8.0,0.0,38.0,-39.0,1.0
8,1169,"Classic Regular, Rich Taste Cigarette Rs-330",8|1169,0.0,0.0,0.0,0.0,0.0,0.0,0.0,0.0,0.0,0.0,0.0,0.0
8,1170,Haldirams NGP Salted Peanut ,8|1170,0.0,0.0,0.0,691.0,0.0,691.0,0.0,198.0,37.0,444.0,-493.0,12.0
8,11847,Nandini Lassi,8|11847,1800.0,0.0,0.0,1164.0,0.0,1164.0,0.0,56.0,0.0,1092.0,692.0,16.0
8,11988,Swap Aam Panna Rs 60,8|11988,1560.0,0.0,0.0,1734.0,0.0,1734.0,0.0,182.0,7.0,1187.0,8.0,358.0
8,120,Real Orange Juice 1,8|120,0.0,0.0,0.0,1626.0,0.0,1626.0,0.0,83.0,0.0,1206.0,-1543.0,337.0
8,12013,Volls Sante Strawberry Protein Bar Rs 90,8|12013,800.0,0.0,0.0,870.0,16.0,886.0,0.0,154.0,0.0,672.0,68.0,60.0
8,121,Homestyle Veg Mayo Sandwich,8|121,0.0,0.0,1.0,1.0,0.0,1.0,0.0,1.0,0.0,0.0,0.0,1.0
8,12134,Millet Bank Chilli Chataka Rs 25,8|12134,0.0,0.0,0.0,43.0,0.0,43.0,0.0,16.0,0.0,29.0,-27.0,-2.0
8,1231,Heineken International Heniken ,8|1231,0.0,0.0,0.0,0.0,0.0,0.0,0.0,0.0,0.0,0.0,0.0,0.0
8,124,Sprite Rs 20,8|124,0.0,0.0,0.0,0.0,0.0,0.0,0.0,0.0,0.0,0.0,0.0,0.0
8,1241, Lays Indian Magic Masala Rs 20,8|1241,0.0,0.0,0.0,122.0,0.0,122.0,0.0,60.0,0.0,60.0,-62.0,2.0
8,1242, Lays Cream & Onion Rs 20,8|1242,28080.0,0.0,0.0,573.0,0.0,573.0,0.0,74.0,49.0,457.0,27581.0,-7.0
8,12429,Madmix Jowar Bhujia Masala Masti,8|12429,8550.0,0.0,0.0,8752.0,6.0,8758.0,6.0,366.0,11.0,7985.0,164.0,390.0
8,1243,RedBull Rs 125,8|1243,0.0,192.0,10.0,0.0,0.0,0.0,0.0,1.0,0.0,0.0,193.0,9.0
8,12437,Lynk Peri Peri Makhana ,8|12437,2300.0,0.0,0.0,1947.0,0.0,1947.0,0.0,140.0,2.0,1573.0,493.0,232.0
8,12452,Mcvities Digestive Cookies ,8|12452,5952.0,0.0,0.0,6223.0,0.0,6223.0,4.0,257.0,14.0,4781.0,-10.0,1167.0
8,12473,Lets Try Salted Popcorn Rs 50,8|12473,0.0,0.0,0.0,17.0,0.0,17.0,0.0,17.0,0.0,0.0,0.0,0.0
8,12555,Paneer Paratha with Pickel,8|12555,446.0,0.0,0.0,395.0,54.0,449.0,0.0,457.0,0.0,164.0,454.0,-172.0
8,12579,Ocean Crispy Orange Apple Fruit Drink Rs 38,8|12579,2340.0,0.0,0.0,2719.0,0.0,2719.0,1.0,117.0,23.0,2364.0,-261.0,214.0
8,126,Coke Regular Pet 250ml Rs 20,8|126,0.0,0.0,0.0,0.0,0.0,0.0,0.0,0.0,0.0,0.0,0.0,0.0
8,12640,Trubeing Roasted Peanuts Plain Salted,8|12640,47280.0,0.0,0.0,31341.0,0.0,31341.0,29.0,1003.0,12.0,25908.0,16971.0,4389.0
8,12644,Trubeing Roasted Makhana Himalayan Pink Salt,8|12644,8130.0,0.0,0.0,4370.0,0.0,4370.0,0.0,200.0,5.0,3845.0,3960.0,320.0
8,12650,Trubeing Soya Chips,8|12650,9180.0,0.0,0.0,4873.0,0.0,4873.0,5.0,97.0,0.0,4517.0,4409.0,254.0
8,1270,Haldiram's Khatta Meetha Rs 30,8|1270,0.0,0.0,0.0,0.0,0.0,0.0,0.0,0.0,0.0,0.0,0.0,0.0
8,12716,Klaw Masala Madness Sticks,8|12716,4616.0,0.0,0.0,3737.0,0.0,3737.0,1.0,91.0,2.0,3132.0,971.0,511.0
8,1279,Paneer parantha,8|1279,0.0,0.0,0.0,0.0,0.0,0.0,0.0,0.0,0.0,0.0,0.0,0.0
8,12876,Healthify Soya Chips,8|12876,800.0,0.0,0.0,799.0,0.0,799.0,0.0,33.0,0.0,655.0,34.0,111.0
8,12877,Healthify Double Chocolate Travel Pack,8|12877,500.0,0.0,0.0,107.0,0.0,107.0,0.0,0.0,0.0,28.0,393.0,79.0
8,12958,Whisper Choice Ultra Sanitary Pads XL+,8|12958,0.0,0.0,0.0,772.0,0.0,772.0,0.0,400.0,0.0,259.0,-372.0,113.0
8,12967,Raj Uphaar Rice Chakri ,8|12967,3050.0,0.0,0.0,526.0,0.0,526.0,0.0,48.0,0.0,300.0,2572.0,178.0
8,12971,Raj Uphaar Protein Pure Cacao Bar,8|12971,2610.0,0.0,0.0,865.0,0.0,865.0,1.0,163.0,0.0,637.0,1909.0,64.0
8,1299,Happy Bar Energy Snack Rs 40,8|1299,0.0,0.0,0.0,0.0,0.0,0.0,0.0,0.0,0.0,0.0,0.0,0.0
8,130,Choco Chips Cookies,8|130,99456.0,0.0,0.0,63978.0,18.0,63996.0,152.0,4039.0,617.0,56738.0,39651.0,2450.0
8,1301,Maggi Cuppa Noodles Masala ,8|1301,4608.0,50.0,3.0,3957.0,8.0,3965.0,11.0,485.0,151.0,3719.0,1189.0,-398.0
8,1302,Born Reborn Oats & Jowar Garlic Zen Rs 30,8|1302,0.0,0.0,0.0,0.0,0.0,0.0,0.0,0.0,0.0,0.0,0.0,0.0
8,1315, Britannia Treat Jim Jam Rs 10,8|1315,0.0,559.0,28.0,0.0,0.0,0.0,0.0,14.0,0.0,0.0,573.0,14.0
8,132,Maggi Masala ,8|132,2496.0,151.0,8.0,2294.0,0.0,2294.0,0.0,161.0,10.0,2126.0,514.0,5.0
8,1326,Unibic Choco Chip Cookies ,8|1326,37824.0,0.0,0.0,60123.0,108.0,60231.0,131.0,3227.0,219.0,52472.0,-19049.0,4182.0
8,1328,Mumbai masala aloo sandwich,8|1328,0.0,0.0,0.0,0.0,0.0,0.0,0.0,0.0,0.0,0.0,0.0,0.0
8,1344,NIDZ Dark Milk Roasted Cashew Chocolate Rs 60,8|1344,0.0,0.0,0.0,0.0,0.0,0.0,0.0,0.0,0.0,0.0,0.0,0.0
8,1383,Nestle Kitkat Rs 10,8|1383,0.0,0.0,0.0,0.0,0.0,0.0,0.0,0.0,0.0,0.0,0.0,0.0
8,139,Nestle Classic Chocolate ,8|139,1728.0,0.0,0.0,1932.0,0.0,1932.0,14.0,304.0,0.0,1791.0,114.0,-177.0
8,140,Cadbury Dairy Milk Rs 20,8|140,0.0,367.0,19.0,0.0,0.0,0.0,0.0,17.0,0.0,0.0,384.0,2.0
8,1400,Veg Upma,8|1400,0.0,3.0,0.0,0.0,0.0,0.0,0.0,0.0,0.0,0.0,3.0,0.0
8,143,Minute Maid Mixed Fruit Rs 10,8|143,0.0,0.0,0.0,22.0,0.0,22.0,0.0,18.0,0.0,0.0,-4.0,4.0
8,1448,RiteBite - Choco Delite Rs.35,8|1448,576.0,0.0,0.0,11.0,0.0,11.0,0.0,0.0,1.0,16.0,565.0,-6.0
8,1467, Snickers Fruit & Nut Rs 50,8|1467,0.0,16.0,0.0,32520.0,30.0,32550.0,153.0,3203.0,691.0,29906.0,-29178.0,-1403.0
8,1494,Britannia Treat Croissant Vanilla Rs15,8|1494,43848.0,2983.0,172.0,24314.0,0.0,24314.0,60.0,1161.0,339.0,23790.0,23738.0,-864.0
8,1504,Yoga Bar Chocolate Chunk Nut Rs 40,8|1504,0.0,0.0,0.0,0.0,0.0,0.0,0.0,0.0,0.0,0.0,0.0,0.0
8,1606,BRB Popped Potato Chips Pasta Cheese ,8|1606,59792.0,5269.0,284.0,64366.0,59.0,64425.0,173.0,3508.0,865.0,61153.0,4317.0,-990.0
8,1608,Makino Nacho Chips Jalapeno ,8|1608,57600.0,4952.0,261.0,66264.0,14.0,66278.0,161.0,4926.0,955.0,61518.0,1361.0,-1021.0
8,1623,Cadbury Dairy Milk Chocolate Rs 50,8|1623,0.0,1.0,0.0,0.0,0.0,0.0,0.0,0.0,0.0,0.0,1.0,0.0
8,1627,Yoga Bar Breakfast Protein Blueberry Pie,8|1627,0.0,0.0,0.0,0.0,0.0,0.0,0.0,0.0,0.0,0.0,0.0,0.0
8,1636,Kurkure Solid Masti Rs 20,8|1636,2520.0,0.0,0.0,2386.0,0.0,2386.0,6.0,153.0,5.0,2238.0,293.0,-16.0
8,169,Minute Maid Guava Rs 20,8|169,0.0,0.0,0.0,0.0,0.0,0.0,0.0,0.0,0.0,0.0,0.0,0.0
8,172,Cadbury Fruit and Nut ,8|172,0.0,454.0,21.0,0.0,0.0,0.0,0.0,0.0,0.0,0.0,454.0,21.0
8,1738,Maggi Cuppa NDLS Masala Rs 55,8|1738,0.0,0.0,0.0,3145.0,1.0,3146.0,4.0,89.0,7.0,2824.0,-3053.0,222.0
8,1749,Cravova Classic Mojito Rs 50,8|1749,0.0,0.0,0.0,0.0,0.0,0.0,0.0,0.0,0.0,0.0,0.0,0.0
8,1762,Tedhe Medhe 50gm,8|1762,0.0,0.0,0.0,8.0,0.0,8.0,0.0,0.0,0.0,8.0,-8.0,0.0
8,1767,Little hearts 75gm,8|1767,0.0,672.0,35.0,10467.0,0.0,10467.0,26.0,726.0,143.0,9527.0,-9043.0,80.0
8,1768,Unibic fruit & nut 75gm,8|1768,0.0,0.0,0.0,22.0,0.0,22.0,0.0,2.0,6.0,14.0,-20.0,0.0
8,1776,Open Secret Spicy Peanut Butter Rs 40,8|1776,0.0,0.0,0.0,0.0,0.0,0.0,0.0,0.0,0.0,0.0,0.0,0.0
8,18,Red Bull Rs 115,8|18,0.0,0.0,0.0,0.0,0.0,0.0,0.0,0.0,0.0,0.0,0.0,0.0
8,1807,Nescafe Chilled Latte Rs 40,8|1807,0.0,2.0,0.0,0.0,0.0,0.0,0.0,0.0,0.0,0.0,2.0,0.0
8,1825,Open Secret White Choco Cashew Nutty Cookies Rs 35,8|1825,0.0,0.0,0.0,0.0,0.0,0.0,0.0,0.0,0.0,0.0,0.0,0.0
8,185,Thums UP CHARGED Rs 20,8|185,0.0,0.0,0.0,0.0,0.0,0.0,0.0,0.0,0.0,0.0,0.0,0.0
8,1926,Amrit Foods JUST Cold Coffee Rs 120,8|1926,0.0,0.0,0.0,0.0,0.0,0.0,0.0,0.0,0.0,0.0,0.0,0.0
8,193,Monster Energy,8|193,0.0,1.0,0.0,0.0,0.0,0.0,0.0,0.0,0.0,0.0,1.0,0.0
8,1930,Britannia  Good Day Chocochip Cookies Rs 30,8|1930,0.0,0.0,0.0,8301.0,0.0,8301.0,15.0,547.0,60.0,7635.0,-7739.0,44.0
8,196,Cadbury Dairy Milk Rs 40,8|196,0.0,1.0,0.0,0.0,0.0,0.0,0.0,0.0,0.0,0.0,1.0,0.0
8,1988,Nutritius Crunchy Peanut Chikki Rs10,8|1988,0.0,0.0,0.0,0.0,0.0,0.0,0.0,0.0,0.0,0.0,0.0,0.0
8,203,Sprite Pop Can Rs 25,8|203,0.0,0.0,0.0,50.0,0.0,50.0,0.0,0.0,1.0,49.0,-50.0,0.0
8,2052,Elevate Granola Almonds and Seeds Rs 50,8|2052,0.0,0.0,0.0,0.0,0.0,0.0,0.0,0.0,0.0,0.0,0.0,0.0
8,2063,Britannia Cake Fruit Fun	Rs15,8|2063,0.0,0.0,0.0,81.0,0.0,81.0,0.0,32.0,0.0,48.0,-49.0,1.0
8,2106,Winkies Fruit Cake with Raisin and Tutti Frutti ,8|2106,0.0,9.0,0.0,0.0,0.0,0.0,0.0,0.0,0.0,0.0,9.0,0.0
8,2173,Coke Diet Can Rs 40,8|2173,0.0,0.0,0.0,353.0,0.0,353.0,0.0,60.0,29.0,251.0,-293.0,13.0
8,2216,Frussh Mango Orange Juice Rs 40,8|2216,0.0,0.0,0.0,0.0,0.0,0.0,0.0,0.0,0.0,0.0,0.0,0.0
8,2222,Frussh Alphonso Mango Juice Rs 40 ,8|2222,0.0,0.0,0.0,0.0,0.0,0.0,0.0,0.0,0.0,0.0,0.0,0.0
8,2230,Sunfeast Dark Fantasy Bourbon Rs20,8|2230,0.0,0.0,0.0,57.0,0.0,57.0,0.0,22.0,8.0,27.0,-35.0,0.0
8,2241,Maggi Masala Cuppa Noodles,8|2241,0.0,0.0,0.0,73.0,0.0,73.0,0.0,28.0,5.0,34.0,-45.0,6.0
8,2271,Bingo Mad Angel Very Peri Peri Rs 10,8|2271,0.0,0.0,0.0,25.0,0.0,25.0,0.0,7.0,1.0,17.0,-18.0,0.0
8,2276,Snicker Rs 45,8|2276,0.0,0.0,0.0,14.0,0.0,14.0,0.0,1.0,0.0,13.0,-13.0,0.0
8,2330,Bikano Bikaneri Bhujia ,8|2330,0.0,0.0,0.0,18.0,0.0,18.0,0.0,2.0,0.0,13.0,-16.0,3.0
8,2358,B Natural Mixed Fruit Juice Rs 20,8|2358,4800.0,793.0,42.0,1599.0,0.0,1599.0,3.0,113.0,36.0,1482.0,4110.0,7.0
8,2371,Maggi Masala Single Pack Rs 14,8|2371,0.0,203.0,11.0,8.0,0.0,8.0,0.0,7.0,0.0,1.0,202.0,11.0
8,2384,TWT ENERGY BAR Almond Choco Fudge,8|2384,0.0,0.0,0.0,0.0,0.0,0.0,0.0,0.0,0.0,0.0,0.0,0.0
8,2398,Cup Noodles Mazedaar Delicious Masala,8|2398,1200.0,586.0,31.0,0.0,0.0,0.0,0.0,0.0,0.0,0.0,1786.0,31.0
8,2418,Garden Onion Pakoda Rs 20,8|2418,0.0,0.0,0.0,0.0,0.0,0.0,0.0,0.0,0.0,0.0,0.0,0.0
8,2430,Sting Energy ,8|2430,0.0,4.0,0.0,0.0,0.0,0.0,0.0,0.0,0.0,0.0,4.0,0.0
8,2456,Unibic Choco Chip Cookies Rs 40,8|2456,0.0,0.0,0.0,311.0,0.0,311.0,0.0,142.0,15.0,157.0,-169.0,-3.0
8,252,Thumps Up Can,8|252,57216.0,1328.0,70.0,54381.0,47.0,54428.0,109.0,1492.0,394.0,51649.0,5717.0,854.0
8,2550,Max Protein Desi Masala Rs45,8|2550,0.0,784.0,41.0,0.0,0.0,0.0,0.0,0.0,0.0,0.0,784.0,41.0
8,2604,Nidz Dark Roasted Cashew Chocolate Rs 70,8|2604,0.0,196.0,10.0,0.0,0.0,0.0,0.0,0.0,0.0,0.0,196.0,10.0
8,261,McVitie's Digestive Biscuits,8|261,2160.0,0.0,0.0,64.0,0.0,64.0,0.0,15.0,0.0,19.0,2111.0,30.0
8,2696,Masala Peanut ,8|2696,163920.0,0.0,0.0,165165.0,44.0,165209.0,336.0,7135.0,885.0,156793.0,6182.0,60.0
8,2698,Madras Mixture,8|2698,7416.0,0.0,0.0,7093.0,0.0,7093.0,5.0,483.0,1.0,6471.0,811.0,133.0
8,2706,Pepper Sev Rs 10,8|2706,0.0,0.0,0.0,338.0,0.0,338.0,0.0,152.0,0.0,178.0,-186.0,8.0
8,2760,Puzzles Khatta Meetha Rs10,8|2760,0.0,501.0,27.0,35.0,0.0,35.0,0.0,14.0,0.0,21.0,480.0,27.0
8,278,Unibic Chocolate Cookies,8|278,0.0,0.0,0.0,105.0,0.0,105.0,0.0,9.0,0.0,95.0,-96.0,1.0
8,279,Snickers - Small,8|279,0.0,0.0,0.0,42271.0,53.0,42324.0,123.0,2982.0,353.0,36696.0,-39219.0,2170.0
8,2818,Cadbury 5 Star Oreo Rs 35,8|2818,0.0,0.0,0.0,0.0,0.0,0.0,0.0,0.0,0.0,0.0,0.0,0.0
8,282,Too Yumm Veggie Stix Cheese & Herbs Rs 20,8|282,30728.0,2562.0,141.0,27017.0,16.0,27033.0,56.0,1480.0,293.0,26124.0,7793.0,-779.0
8,290,Kurkure Masala Munch ,8|290,0.0,0.0,0.0,48.0,0.0,48.0,0.0,3.0,0.0,37.0,-45.0,8.0
8,291,Lay's American style Cream & Onion Rs 10,8|291,0.0,0.0,0.0,389.0,0.0,389.0,0.0,22.0,1.0,364.0,-367.0,2.0
8,2910,Cavins Badam Milkshake Rs 60,8|2910,0.0,0.0,0.0,0.0,0.0,0.0,0.0,0.0,0.0,0.0,0.0,0.0
8,2987,Wingreen Naan chips Tez tandoori Rs 20,8|2987,0.0,0.0,5.0,0.0,0.0,0.0,0.0,0.0,0.0,0.0,0.0,5.0
8,2997,7up lemon Rs 35,8|2997,0.0,1.0,0.0,0.0,0.0,0.0,0.0,0.0,0.0,0.0,1.0,0.0
8,3002,Snickers Kesar Pista Rs 30,8|3002,0.0,0.0,0.0,25.0,0.0,25.0,0.0,15.0,0.0,10.0,-10.0,0.0
8,3007,MTR Poha,8|3007,240.0,0.0,0.0,76.0,0.0,76.0,0.0,6.0,0.0,7.0,170.0,63.0
8,3050,Happy Bar Coco Rs 50,8|3050,0.0,0.0,0.0,0.0,0.0,0.0,0.0,0.0,0.0,0.0,0.0,0.0
8,306,Hazelnut Latte,8|306,0.0,667.0,35.0,34.0,0.0,34.0,0.0,2.0,1.0,35.0,635.0,31.0
8,3065,Sirimiri Crushed Peanut Chikki Rs 15,8|3065,0.0,0.0,0.0,0.0,0.0,0.0,0.0,0.0,0.0,0.0,0.0,0.0
8,3092,Alo Frut Kiwi Rs 30,8|3092,36960.0,2454.0,130.0,40812.0,52.0,40864.0,96.0,2944.0,625.0,37903.0,1590.0,-574.0
8,3096,Alo Frut Coconut Water Rs 50,8|3096,0.0,0.0,0.0,0.0,0.0,0.0,0.0,0.0,0.0,0.0,0.0,0.0
8,3114,Alo Frut Guava Rs 30,8|3114,0.0,0.0,0.0,81.0,0.0,81.0,0.0,52.0,0.0,29.0,-29.0,0.0
8,3124,Max Protein Daily Almond Bar Rs 70,8|3124,27072.0,0.0,0.0,40443.0,7.0,40450.0,107.0,3523.0,299.0,34538.0,-9748.0,1983.0
8,313,Paperboat Chikki,8|313,0.0,2826.0,149.0,0.0,0.0,0.0,0.0,0.0,0.0,0.0,2826.0,149.0
8,3131,Sunfeast Dark Fantasy Choco Cream Rs 30,8|3131,1020.0,0.0,0.0,740.0,0.0,740.0,1.0,1.0,0.0,709.0,282.0,29.0
8,318,Coke Zero,8|318,71232.0,2759.0,146.0,65138.0,25.0,65163.0,125.0,1674.0,840.0,62809.0,10627.0,-139.0
8,320,Unibic Choco Hazelnut Cookies Rs 10,8|320,0.0,1660.0,86.0,83.0,0.0,83.0,0.0,42.0,0.0,86.0,1619.0,41.0
8,323,Piri Piri Paradise Makhana,8|323,0.0,161.0,9.0,0.0,0.0,0.0,0.0,0.0,0.0,0.0,161.0,9.0
8,3286,Limca Rs 40,8|3286,0.0,3.0,0.0,0.0,0.0,0.0,0.0,6.0,0.0,0.0,9.0,-6.0
8,331,Britannia Veg Cake Fruity Fun Rs 20,8|331,0.0,0.0,2.0,347.0,0.0,347.0,1.0,76.0,30.0,235.0,-270.0,7.0
8,3316,Unibic Choco Chip Cookies Rs 20,8|3316,0.0,0.0,0.0,7.0,0.0,7.0,0.0,1.0,0.0,6.0,-6.0,0.0
8,3407,  Unibic Fruit & Nut Cookies  Rs 20,8|3407,0.0,0.0,0.0,31.0,0.0,31.0,0.0,12.0,0.0,14.0,-19.0,5.0
8,3464,Cabins Rose Lassi Rs 25,8|3464,0.0,0.0,0.0,365.0,0.0,365.0,0.0,200.0,3.0,174.0,-165.0,-12.0
8,3535,Coca cola Original Taste ,8|3535,0.0,0.0,0.0,0.0,0.0,0.0,0.0,1.0,0.0,3.0,1.0,-4.0
8,3557,Winkies Chocolate Finger Cake Rs 15,8|3557,0.0,126.0,12.0,0.0,0.0,0.0,0.0,0.0,0.0,0.0,126.0,12.0
8,3659,Wingreens Naan Chips Rs 40,8|3659,0.0,0.0,0.0,0.0,0.0,0.0,0.0,0.0,0.0,0.0,0.0,0.0
8,3665,Max Protein Daily Choco Almond Bar Rs 70,8|3665,0.0,664.0,35.0,533.0,0.0,533.0,1.0,119.0,10.0,453.0,251.0,-15.0
8,3668,Yoga Bar 20g Protein Almond Fudge Rs 125,8|3668,0.0,0.0,0.0,0.0,0.0,0.0,0.0,0.0,0.0,0.0,0.0,0.0
8,3782,Britannia Winkin Cow Rs 35,8|3782,0.0,0.0,4.0,0.0,0.0,0.0,0.0,0.0,0.0,0.0,0.0,4.0
8,3810,Lays Wavay Cream Onion Flavour Rs 15,8|3810,0.0,0.0,0.0,0.0,0.0,0.0,0.0,0.0,0.0,0.0,0.0,0.0
8,3868,RiteBite Max Protein Choco Classic Bar Rs 65,8|3868,0.0,0.0,0.0,0.0,0.0,0.0,0.0,0.0,0.0,0.0,0.0,0.0
8,3920,Kit Kat Chocolate Rs 25,8|3920,0.0,0.0,0.0,417.0,0.0,417.0,0.0,264.0,0.0,179.0,-153.0,-26.0
8,395,Too Yum- Multigrain Chips,8|395,0.0,6.0,0.0,0.0,0.0,0.0,0.0,0.0,0.0,0.0,6.0,0.0
8,401,Bingo - Potato Chips Masala,8|401,47520.0,12708.0,696.0,49853.0,32.0,49885.0,169.0,2801.0,691.0,47325.0,13313.0,-405.0
8,4234,Mars Snickers,8|4234,0.0,0.0,0.0,177.0,0.0,177.0,0.0,120.0,0.0,56.0,-57.0,1.0
8,4238,Fit And Flex Cheesy Cheese Flavour ,8|4238,0.0,387.0,21.0,3.0,0.0,3.0,0.0,0.0,0.0,3.0,384.0,21.0
8,4242,Max Protein Daily Bar Choco Almond,8|4242,0.0,2.0,0.0,0.0,0.0,0.0,0.0,0.0,0.0,0.0,2.0,0.0
8,430,Haldiram's Moong Dal Rs 10 ,8|430,254766.0,4646.0,249.0,261836.0,157.0,261993.0,487.0,8045.0,2217.0,251143.0,5951.0,350.0
8,4316,Britannia Gobbles,8|4316,0.0,0.0,0.0,22859.0,22.0,22881.0,34.0,783.0,222.0,21802.0,-22064.0,40.0
8,4323,Minute Maid Pulpy Orange,8|4323,0.0,0.0,0.0,0.0,0.0,0.0,0.0,0.0,0.0,0.0,0.0,0.0
8,4335,Townbus Madras Mixture,8|4335,12480.0,13262.0,713.0,9743.0,0.0,9743.0,22.0,602.0,108.0,8606.0,16623.0,1118.0
8,4499,Coca Cola Monster Energy,8|4499,0.0,0.0,0.0,0.0,0.0,0.0,0.0,0.0,0.0,0.0,0.0,0.0
8,4507, Dole Juice Pineapple Orange Banana Rs 60,8|4507,0.0,0.0,0.0,0.0,0.0,0.0,0.0,0.0,0.0,0.0,0.0,0.0
8,4538,Rewynd Peanuts Chikki,8|4538,0.0,491.0,26.0,1.0,0.0,1.0,0.0,0.0,5.0,3.0,490.0,19.0
8,4545,Snickers chocolate bar Rs 50,8|4545,85248.0,1821.0,96.0,5984.0,0.0,5984.0,6.0,543.0,42.0,5440.0,81634.0,49.0
8,4582,Kurkure,8|4582,0.0,0.0,0.0,20.0,0.0,20.0,0.0,5.0,5.0,15.0,-15.0,-5.0
8,46,Paper Boat Coconut Water,8|46,0.0,3552.0,186.0,3.0,0.0,3.0,0.0,17.0,0.0,5.0,3566.0,167.0
8,4642,Malaki Ginger Ale Rs 99 ,8|4642,0.0,0.0,0.0,0.0,0.0,0.0,0.0,0.0,0.0,0.0,0.0,0.0
8,4674,Winkies Chocolate Cake,8|4674,0.0,6.0,0.0,0.0,0.0,0.0,0.0,0.0,0.0,0.0,6.0,0.0
8,47,Mother Dairy Chocolate shake ,8|47,0.0,0.0,0.0,0.0,0.0,0.0,0.0,0.0,0.0,0.0,0.0,0.0
8,478,Kit Kat Rs 25,8|478,233296.0,13965.0,805.0,220910.0,88.0,220998.0,723.0,9564.0,1890.0,204341.0,36550.0,5285.0
8,4822,Desi Popz Tangy Imli Rs 50,8|4822,0.0,3.0,0.0,0.0,0.0,0.0,0.0,0.0,0.0,0.0,3.0,0.0
8,4851,Kerala Banana Chips Desi Masala Rs 20,8|4851,0.0,285.0,15.0,0.0,0.0,0.0,0.0,0.0,0.0,0.0,285.0,15.0
8,4866,Coolberg Cranberry Non Alcoholic Beer ,8|4866,0.0,1.0,0.0,0.0,0.0,0.0,0.0,0.0,0.0,0.0,1.0,0.0
8,4893,EATOPIA Superfood jowar puffs Rs 25,8|4893,0.0,0.0,0.0,0.0,0.0,0.0,0.0,0.0,0.0,0.0,0.0,0.0
8,4900,Britannia Treat Creme Wafers Strawberry Rs 50,8|4900,0.0,0.0,0.0,0.0,0.0,0.0,0.0,0.0,0.0,0.0,0.0,0.0
8,493,Test Product,8|493,0.0,0.0,0.0,4744.0,58.0,4802.0,23.0,5773.0,98.0,1843.0,994.0,-2935.0
8,4933,Unjucked Chocolate Biscuits Rs 45,8|4933,0.0,0.0,0.0,0.0,0.0,0.0,0.0,0.0,0.0,0.0,0.0,0.0
8,4934,Chana Jor Lime And Chilli Rs 10,8|4934,0.0,912.0,48.0,0.0,0.0,0.0,0.0,7.0,0.0,8.0,919.0,33.0
8,4945,Choco Almond Sports Bar Rs 75,8|4945,0.0,755.0,40.0,12.0,0.0,12.0,0.0,12.0,0.0,0.0,755.0,40.0
8,4968,Cracker Bee Fruit And Nut Rs 30,8|4968,0.0,0.0,0.0,0.0,0.0,0.0,0.0,0.0,0.0,0.0,0.0,0.0
8,5081,Happilo Makhana Perky Pudina ,8|5081,0.0,0.0,0.0,1539.0,0.0,1539.0,5.0,215.0,82.0,1219.0,-1319.0,18.0
8,5097,Kari Kari Chilli Garlic Rs 20,8|5097,16150.0,2184.0,116.0,20943.0,20.0,20963.0,62.0,4027.0,1079.0,15665.0,1460.0,246.0
8,5272,Nutrezy Almond Cranberry Crunchy Bar,8|5272,12400.0,898.0,47.0,16806.0,12.0,16818.0,55.0,3031.0,510.0,13686.0,-434.0,-417.0
8,5273,Nutrezy Blueberry Granola Bar,8|5273,0.0,0.0,0.0,14.0,0.0,14.0,0.0,14.0,0.0,0.0,0.0,0.0
8,5283,4700BC 100 Corn Chips Salt And Truffle Rs 20,8|5283,20588.0,0.0,0.0,20380.0,6.0,20386.0,40.0,1288.0,427.0,18237.0,1530.0,394.0
8,529,Doublemint,8|529,0.0,0.0,0.0,0.0,0.0,0.0,0.0,0.0,0.0,0.0,0.0,0.0
8,5351,Puzzles Aloo Bhujia Rs 10,8|5351,0.0,0.0,0.0,0.0,0.0,0.0,0.0,0.0,0.0,0.0,0.0,0.0
8,5367,Almond Brittle Coffee Rs 40,8|5367,0.0,876.0,46.0,0.0,0.0,0.0,0.0,0.0,0.0,0.0,876.0,46.0
8,5389,Winkies Center Filled Vanilla Cream Rs 10,8|5389,0.0,873.0,51.0,0.0,0.0,0.0,0.0,0.0,0.0,0.0,873.0,51.0
8,541,Too Yumm Karare Munchy Masala Rs 20,8|541,0.0,0.0,0.0,87.0,0.0,87.0,0.0,49.0,3.0,46.0,-38.0,-11.0
8,5419,Mcvities Butter Cookies ,8|5419,8400.0,0.0,0.0,7900.0,0.0,7900.0,6.0,339.0,3.0,5696.0,845.0,1856.0
8,5494,Farmley Roasted Makhana Cream And Onion Rs 30,8|5494,31460.0,1048.0,58.0,33162.0,27.0,33189.0,58.0,2004.0,410.0,30701.0,1381.0,74.0
8,5557,Max Protein Choco Almond Bar Rs 75,8|5557,33120.0,0.0,0.0,18991.0,29.0,19020.0,71.0,1229.0,410.0,16933.0,15400.0,377.0
8,5688,Ripe Jackfruit With Chilli Mango Rs 59,8|5688,0.0,405.0,21.0,23.0,0.0,23.0,0.0,18.0,5.0,17.0,400.0,4.0
8,5723,Sleepy Owl Classic Cold Coffee Rs 100,8|5723,0.0,0.0,0.0,0.0,0.0,0.0,0.0,0.0,0.0,0.0,0.0,0.0
8,575,Frooti Rs 10,8|575,0.0,0.0,0.0,0.0,0.0,0.0,0.0,0.0,0.0,0.0,0.0,0.0
8,586,Coke Regular Pop Can Rs 25,8|586,0.0,0.0,0.0,4.0,0.0,4.0,0.0,4.0,0.0,0.0,0.0,0.0
8,59,Tropicana Juice,8|59,2040.0,2.0,0.0,0.0,0.0,0.0,0.0,0.0,0.0,0.0,2042.0,0.0
8,5990,Ocean Crispy Apple Rs 40,8|5990,900.0,0.0,0.0,676.0,0.0,676.0,0.0,54.0,0.0,545.0,278.0,77.0
8,6033,Snickers Butterscotch ,8|6033,0.0,0.0,0.0,0.0,0.0,0.0,0.0,0.0,0.0,0.0,0.0,0.0
8,61,Paper Boat Lychee Ras Rs 20,8|61,420.0,6293.0,330.0,1.0,0.0,1.0,0.0,21.0,2.0,8.0,6733.0,300.0
8,6172,The Champak Story Box,8|6172,0.0,0.0,0.0,0.0,0.0,0.0,0.0,0.0,0.0,0.0,0.0,0.0
8,6176,Great Stories for Children Ruskin Bond,8|6176,0.0,0.0,0.0,0.0,0.0,0.0,0.0,0.0,0.0,0.0,0.0,0.0
8,6191,Think and Grow Rich,8|6191,0.0,0.0,0.0,0.0,0.0,0.0,0.0,0.0,0.0,0.0,0.0,0.0
8,629,Baked Bhakri,8|629,0.0,0.0,0.0,0.0,0.0,0.0,0.0,0.0,0.0,0.0,0.0,0.0
8,633,Max Protein-Spanish Tomato Rs 20,8|633,8960.0,1528.0,81.0,10560.0,8.0,10568.0,17.0,692.0,239.0,10173.0,629.0,-472.0
8,6480,Tong Garden Onion & Garlic Coated peanut 20 gm Rs 10,8|6480,0.0,0.0,0.0,0.0,0.0,0.0,0.0,0.0,0.0,0.0,0.0,0.0
8,663,Britannia Veg Cake Chocolate Rs 20,8|663,0.0,127.0,7.0,0.0,0.0,0.0,0.0,0.0,0.0,0.0,127.0,7.0
8,678,Britannia Bourbon-Rs 10,8|678,76500.0,6261.0,364.0,83482.0,36.0,83518.0,201.0,3213.0,1015.0,81108.0,2657.0,-1655.0
8,690,Amul Lassi Rs 15,8|690,0.0,0.0,0.0,0.0,0.0,0.0,0.0,0.0,0.0,0.0,0.0,0.0
8,691,Britannia Chocolate Shake Rs 30 ,8|691,36630.0,1637.0,85.0,31633.0,24.0,31657.0,98.0,1340.0,388.0,30460.0,8048.0,-544.0
8,693,Snickers,8|693,23040.0,2021.0,106.0,25769.0,18.0,25787.0,109.0,2630.0,933.0,24489.0,2013.0,-2268.0
8,694,Frooti ,8|694,0.0,0.0,0.0,0.0,0.0,0.0,0.0,0.0,0.0,0.0,0.0,0.0
8,700,Aloo Parantha,8|700,0.0,0.0,0.0,0.0,0.0,0.0,0.0,0.0,0.0,0.0,0.0,0.0
8,701,Veg Poha,8|701,0.0,0.0,0.0,0.0,0.0,0.0,0.0,0.0,0.0,0.0,0.0,0.0
8,7088,Dates Bites Sachet Rs 40,8|7088,27432.0,1286.0,68.0,32738.0,19.0,32757.0,58.0,1718.0,561.0,31630.0,-2263.0,-1142.0
8,7112,Cheese & Herbs Corn Chips Rs 20,8|7112,15438.0,0.0,0.0,481.0,0.0,481.0,0.0,30.0,1.0,441.0,14987.0,9.0
8,7115,Himalayan Salt Caramel,8|7115,0.0,0.0,0.0,49.0,0.0,49.0,0.0,23.0,0.0,26.0,-26.0,0.0
8,7214,The Theatre Project Popcorn Cheddar Cheese Rs 20,8|7214,0.0,640.0,34.0,0.0,0.0,0.0,0.0,0.0,0.0,0.0,640.0,34.0
8,73,Cavin's Lassi,8|73,53640.0,977.0,51.0,55809.0,20.0,55829.0,127.0,3258.0,550.0,51444.0,2173.0,501.0
8,7421,Hustle Energy Drink Rs 60,8|7421,0.0,189.0,10.0,13.0,0.0,13.0,0.0,22.0,10.0,4.0,198.0,-13.0
8,7425,Kevlar Hand Gloves ,8|7425,0.0,0.0,0.0,0.0,0.0,0.0,0.0,0.0,0.0,0.0,0.0,0.0
8,7435,Finger Stalls 2 Dip Orange ,8|7435,0.0,21.0,0.0,0.0,0.0,0.0,0.0,0.0,0.0,0.0,21.0,0.0
8,745,Paper Boat Coconut Water pack of 16 Rs.640,8|745,0.0,10.0,0.0,0.0,0.0,0.0,0.0,0.0,0.0,0.0,10.0,0.0
8,7482,Farmley Masala Munchies ,8|7482,0.0,0.0,5.0,188.0,0.0,188.0,0.0,21.0,0.0,163.0,-167.0,9.0
8,7483,Farmley Achaari Munchies Rs 20,8|7483,0.0,0.0,0.0,74.0,0.0,74.0,0.0,38.0,0.0,35.0,-36.0,1.0
8,7485,Coolberg Peach Beer Rs 99,8|7485,0.0,47.0,2.0,0.0,0.0,0.0,0.0,0.0,0.0,0.0,47.0,2.0
8,7489,Schweppes Original Soda Water Rs 60,8|7489,0.0,11.0,0.0,0.0,0.0,0.0,0.0,0.0,0.0,0.0,11.0,0.0
8,7624,Maaza Alphonso Mangoes Rs 100,8|7624,0.0,1.0,0.0,0.0,0.0,0.0,0.0,6.0,0.0,0.0,7.0,-6.0
8,7625,Pulpy Orange Rs 100,8|7625,0.0,1.0,0.0,0.0,0.0,0.0,0.0,0.0,0.0,0.0,1.0,0.0
8,766,Amul Rose Lassi Rs 20 ,8|766,0.0,0.0,0.0,0.0,0.0,0.0,0.0,0.0,0.0,0.0,0.0,0.0
8,769,Cadbury Dairy Milk Rs.10,8|769,0.0,0.0,0.0,0.0,0.0,0.0,0.0,0.0,0.0,0.0,0.0,0.0
8,7759,Alo Frut Kiwi Alovera Rs 30,8|7759,0.0,0.0,0.0,229.0,0.0,229.0,0.0,58.0,5.0,164.0,-171.0,2.0
8,777,Big Box 500ml PP Container ,8|777,2131.0,326.0,17.0,0.0,0.0,0.0,0.0,0.0,0.0,0.0,2457.0,17.0
8,7786,Taali Sriracha Spice Rs 40,8|7786,0.0,428.0,23.0,0.0,0.0,0.0,0.0,0.0,0.0,0.0,428.0,23.0
8,7790,3 Sisters Indie Sodas Jeera Masala Rs 80,8|7790,0.0,209.0,11.0,1115.0,0.0,1115.0,7.0,415.0,105.0,1072.0,-484.0,-473.0
8,7792,Solh Cold Coffee Mocha Rs 50,8|7792,0.0,232.0,12.0,0.0,0.0,0.0,0.0,0.0,0.0,0.0,232.0,12.0
8,7795,Britannia Be You Choco Almond Rs 65,8|7795,0.0,152.0,8.0,0.0,0.0,0.0,0.0,0.0,0.0,0.0,152.0,8.0
8,7865,Galaxy Smooth Milk Chocolate Rs 20,8|7865,0.0,0.0,0.0,21.0,0.0,21.0,0.0,20.0,0.0,4.0,-1.0,-3.0
8,7896,Yippee quick meals veg delight Rs 50,8|7896,0.0,0.0,0.0,305.0,0.0,305.0,0.0,10.0,12.0,288.0,-295.0,-5.0
8,794,Britannia Little Hearts,8|794,0.0,0.0,0.0,6330.0,15.0,6345.0,6.0,425.0,110.0,5781.0,-5914.0,23.0
8,799,Mr Makhana Cream & Onion,8|799,0.0,2.0,0.0,57.0,0.0,57.0,0.0,34.0,0.0,23.0,-21.0,0.0
8,80,Cavin's Spiced ButterMilk,8|80,63300.0,2224.0,117.0,67156.0,27.0,67183.0,186.0,3834.0,891.0,62976.0,2361.0,-587.0
8,809,Chinese Style Stir Fry IDLIi,8|809,0.0,0.0,0.0,0.0,0.0,0.0,0.0,0.0,0.0,0.0,0.0,0.0
8,814,Ritebite Sport Bar Almond Mocha,8|814,0.0,0.0,0.0,14.0,0.0,14.0,0.0,9.0,0.0,20.0,-5.0,-15.0
8,815,Britannia Good Day Chocochip Cookies ,8|815,0.0,0.0,0.0,122.0,0.0,122.0,0.0,25.0,2.0,92.0,-97.0,3.0
8,82,Paper Boat Alphonso Aam Rs 25,8|82,900.0,3.0,0.0,0.0,0.0,0.0,0.0,0.0,0.0,0.0,903.0,0.0
8,8207,Mulberry Zingals Chocolate Slice Cake ,8|8207,20880.0,0.0,0.0,20703.0,17.0,20720.0,61.0,961.0,304.0,18768.0,1182.0,626.0
8,8245,MTR Veg Pulao Just Heat & Eat,8|8245,0.0,1.0,0.0,0.0,0.0,0.0,0.0,0.0,0.0,0.0,1.0,0.0
8,8246,MTR Bisibele Bhath Just Heat & Eat,8|8246,0.0,2.0,0.0,0.0,0.0,0.0,0.0,0.0,0.0,0.0,2.0,0.0
8,825,Amul Masti Buttermilk Rs 12,8|825,0.0,0.0,0.0,0.0,0.0,0.0,0.0,0.0,0.0,0.0,0.0,0.0
8,8279,Lotus Thandai Badam Milk ,8|8279,9000.0,1738.0,92.0,11566.0,23.0,11589.0,34.0,886.0,374.0,11340.0,69.0,-953.0
8,8280,Lotus Kulfi Badam Milk ,8|8280,0.0,0.0,0.0,40.0,0.0,40.0,0.0,6.0,12.0,21.0,-34.0,1.0
8,8282,Adishtu Strawberry Energy Bar Rs 75,8|8282,0.0,332.0,18.0,0.0,0.0,0.0,0.0,0.0,0.0,0.0,332.0,18.0
8,8287,Wonderland Foods Almond Roasted & Salted,8|8287,48500.0,975.0,52.0,57561.0,32.0,57593.0,170.0,7437.0,1727.0,48441.0,-511.0,-130.0
8,8289,Wonderland Foods Pistachios Roasted & Salted Rs 40,8|8289,0.0,0.0,0.0,10.0,0.0,10.0,0.0,11.0,0.0,8.0,1.0,-9.0
8,831,Too Yumm Veggie Stix  Sour Cream & Onion ,8|831,0.0,0.0,0.0,741.0,0.0,741.0,0.0,156.0,27.0,549.0,-585.0,9.0
8,8334,MTR Dal Makhani Rs 125,8|8334,0.0,0.0,0.0,0.0,0.0,0.0,0.0,0.0,0.0,0.0,0.0,0.0
8,8457,7up Tin Can Rs 40,8|8457,1008.0,0.0,0.0,0.0,0.0,0.0,0.0,0.0,0.0,0.0,1008.0,0.0
8,8514,Nandini Good Life Lassi Rs 25,8|8514,0.0,0.0,0.0,720.0,0.0,720.0,0.0,37.0,1.0,671.0,-683.0,11.0
8,8520,Absolut Raspberry & Lemon Mixer Rs 100,8|8520,0.0,0.0,5.0,8.0,0.0,8.0,0.0,6.0,4.0,16.0,-2.0,-13.0
8,8521,Jameson Ginger Ale Rs 100,8|8521,1350.0,126.0,7.0,1620.0,6.0,1626.0,7.0,323.0,70.0,1206.0,180.0,27.0
8,8522,Crizpo Banana Chips Creamy Cheddar Rs 60,8|8522,0.0,0.0,0.0,0.0,0.0,0.0,0.0,0.0,0.0,0.0,0.0,0.0
8,8534,Veg Poha,8|8534,197.0,0.0,0.0,202.0,0.0,202.0,12.0,37.0,148.0,29.0,44.0,-24.0
8,8535,Veg Upma,8|8535,385.0,24.0,0.0,358.0,0.0,358.0,20.0,82.0,237.0,58.0,153.0,-39.0
8,8536,Aloo Paratha ,8|8536,1292.0,148.0,10.0,1169.0,0.0,1169.0,35.0,90.0,761.0,351.0,396.0,-58.0
8,8539,Paneer Paratha ,8|8539,257.0,0.0,0.0,239.0,0.0,239.0,13.0,77.0,126.0,48.0,108.0,-25.0
8,8551,Ladies Pad ,8|8551,0.0,163.0,9.0,0.0,0.0,0.0,0.0,0.0,0.0,0.0,163.0,9.0
8,8759,Sanitary Pads Rs 17,8|8759,0.0,0.0,0.0,1318.0,0.0,1318.0,0.0,1902.0,14.0,1083.0,584.0,-1681.0
8,8907,Crizpo Banana Chips Green chilli Delight Rs 60,8|8907,0.0,0.0,0.0,0.0,0.0,0.0,0.0,0.0,0.0,6.0,0.0,-6.0
8,891,RiteBite Peanut Butter,8|891,0.0,1451.0,77.0,1142.0,0.0,1142.0,33.0,883.0,264.0,2013.0,1225.0,-1974.0
8,8929,Britannia Be You Choco Berries Rs 70,8|8929,0.0,0.0,0.0,0.0,0.0,0.0,0.0,0.0,0.0,0.0,0.0,0.0
8,9083,Meow Crispy Himalayan Pink Salt Rs 30,8|9083,0.0,929.0,49.0,11.0,0.0,11.0,0.0,10.0,3.0,19.0,928.0,28.0
8,9089,Mountain Tribe Gingerade Kombucha ,8|9089,5304.0,304.0,16.0,6781.0,7.0,6788.0,15.0,1085.0,400.0,5133.0,-80.0,171.0
8,9151,Cookieman Choe Chip Cookies CRED Coins,8|9151,0.0,118.0,6.0,0.0,0.0,0.0,0.0,0.0,0.0,0.0,118.0,6.0
8,9191,Nuttoz Roasted Peanuts Rs 20,8|9191,0.0,1151.0,61.0,0.0,0.0,0.0,0.0,4.0,0.0,9.0,1155.0,48.0
8,929,Sprite750ml,8|929,7968.0,1280.0,71.0,6406.0,21.0,6427.0,21.0,319.0,101.0,6104.0,3161.0,-47.0
8,9307,Samosa,8|9307,0.0,0.0,0.0,0.0,0.0,0.0,0.0,0.0,0.0,0.0,0.0,0.0
8,9308,Volls Pro Plant Protein Caramel ,8|9308,960.0,456.0,24.0,3241.0,0.0,3241.0,13.0,734.0,277.0,2706.0,-1078.0,-465.0
8,935,Lays - American Style Cream and Onion ,8|935,144540.0,2507.0,132.0,162266.0,117.0,162383.0,341.0,5385.0,1913.0,153841.0,-9610.0,1035.0
8,9364,Nuttoz Coconut Chikki Rs 10,8|9364,0.0,723.0,38.0,41.0,0.0,41.0,0.0,57.0,0.0,43.0,739.0,-21.0
8,94,Maaza Tetrapack Rs 10,8|94,0.0,0.0,0.0,0.0,0.0,0.0,0.0,0.0,0.0,0.0,0.0,0.0
8,948,Bingo Tedhe Medhe Masala Tadka Rs 5,8|948,0.0,0.0,0.0,0.0,0.0,0.0,0.0,0.0,0.0,0.0,0.0,0.0
8,95,Parle Appy Rs 10,8|95,2000.0,0.0,0.0,1315.0,0.0,1315.0,0.0,7.0,0.0,1239.0,692.0,69.0
8,9575,Heritage Sweet Lassi,8|9575,2010.0,0.0,0.0,280.0,0.0,280.0,0.0,3.0,0.0,209.0,1733.0,68.0
8,96,B Natural Mixed Fruit & Dry Fruit,8|96,2400.0,284.0,15.0,6121.0,6.0,6127.0,16.0,566.0,156.0,5458.0,-2861.0,-54.0
8,9825,Nuttoz Roasted Cashew Rs 25,8|9825,0.0,136.0,7.0,10.0,0.0,10.0,0.0,45.0,9.0,44.0,171.0,-81.0
8,984,Appy 200ml Rs 15,8|984,0.0,0.0,0.0,0.0,0.0,0.0,0.0,0.0,0.0,0.0,0.0,0.0
8,9851,Farmley Cream & Onion Makhana Rs 50,8|9851,936.0,0.0,0.0,826.0,0.0,826.0,0.0,2.0,0.0,815.0,112.0,9.0
8,986,Haldiram's Chips Pudina Treat Rs 15 ,8|986,0.0,0.0,0.0,91.0,0.0,91.0,0.0,31.0,0.0,60.0,-60.0,0.0
8,9912,4700 BC Sea Salt Protein Pops ,8|9912,792.0,0.0,0.0,14014.0,6.0,14020.0,17.0,797.0,91.0,12942.0,-12414.0,173.0
8,9925,Sugar Free Diet Mocha Hazelnut Cookies ,8|9925,0.0,147.0,8.0,186.0,0.0,186.0,0.0,40.0,10.0,230.0,1.0,-86.0
8,9989,Nandini Good Life Strawberry Milk ,8|9989,1350.0,0.0,0.0,1283.0,0.0,1283.0,0.0,31.0,0.0,1245.0,98.0,7.0
8,9994,Fit & flex Masala Protein Puffs ,8|9994,480.0,0.0,5.0,759.0,0.0,759.0,10.0,79.0,47.0,722.0,-190.0,-94.0
8,9996,Welbe Plain Murukku ,8|9996,10800.0,856.0,45.0,10928.0,0.0,10928.0,18.0,657.0,149.0,10368.0,1403.0,-219.0
89,493,Test Product,89|493,0.0,0.0,0.0,5.0,0.0,5.0,0.0,0.0,0.0,0.0,-5.0,5.0
9,0,Unknown/Unmapped,9|0,8416.0,0.0,0.0,6372.0,49.0,6421.0,2.0,330.0,0.0,4233.0,2327.0,1856.0
9,1,Soya Masala Snacker,9|1,0.0,0.0,0.0,2.0,0.0,2.0,0.0,2.0,0.0,0.0,0.0,0.0
9,10109,Fabeato Salt & Pepper Cashews,9|10109,0.0,0.0,0.0,23.0,0.0,23.0,0.0,0.0,0.0,23.0,-23.0,0.0
9,10114,Nutrezy Raisin Omega & Crunch Trail Mix,9|10114,0.0,0.0,0.0,20.0,0.0,20.0,0.0,0.0,0.0,20.0,-20.0,0.0
9,1023,Britannia Chocolate Shake Rs 35,9|1023,480.0,0.0,10.0,2924.0,0.0,2924.0,4.0,499.0,38.0,2414.0,-1941.0,-21.0
9,10321,Superyou Strawberry Wafer Bar,9|10321,0.0,0.0,0.0,88.0,0.0,88.0,0.0,15.0,0.0,43.0,-73.0,30.0
9,1054,Cavins Strawberry Milk Shake Rs 35,9|1054,0.0,153.0,11.0,89.0,0.0,89.0,0.0,112.0,8.0,63.0,176.0,-83.0
9,1069, Sunfeast Dark Fantasy Choco Fill Cookies Rs 10,9|1069,5808.0,0.0,0.0,11689.0,70.0,11759.0,12.0,923.0,0.0,10489.0,-5016.0,335.0
9,10845,Lotus Masala Chaach,9|10845,0.0,0.0,0.0,139.0,0.0,139.0,0.0,10.0,0.0,123.0,-129.0,6.0
9,10856,Jimmys Classic Lime Lemonade,9|10856,0.0,0.0,0.0,80.0,0.0,80.0,0.0,7.0,0.0,60.0,-73.0,13.0
9,10857,Swizzle Desi Lemonade ,9|10857,0.0,0.0,0.0,17.0,0.0,17.0,0.0,0.0,0.0,8.0,-17.0,9.0
9,109,Real Mixed Fruit Juice Rs 20,9|109,0.0,0.0,0.0,4558.0,0.0,4558.0,6.0,177.0,20.0,4168.0,-4375.0,187.0
9,11,Mother Dairy Sweet Lassi,9|11,0.0,0.0,0.0,0.0,0.0,0.0,0.0,0.0,0.0,0.0,0.0,0.0
9,11008,Reload Orange Rush Drink ,9|11008,0.0,0.0,0.0,113.0,0.0,113.0,0.0,1.0,0.0,83.0,-112.0,29.0
9,1104,Haldirams NGP Lite Chiwda Rs 10,9|1104,0.0,0.0,0.0,131.0,0.0,131.0,7.0,0.0,0.0,138.0,-124.0,-14.0
9,1120,Fanta Can ,9|1120,600.0,2.0,2.0,5566.0,24.0,5590.0,5.0,355.0,1.0,5067.0,-4628.0,164.0
9,11299,Rimzim Jeera,9|11299,1624.0,0.0,0.0,3284.0,8.0,3292.0,0.0,289.0,0.0,2895.0,-1379.0,108.0
9,1143,Nestle Kit Kat,9|1143,0.0,0.0,4.0,210.0,0.0,210.0,0.0,53.0,0.0,138.0,-157.0,23.0
9,1144,DM Tomato Ketchup Rs-1,9|1144,0.0,0.0,0.0,38.0,0.0,38.0,0.0,25.0,0.0,13.0,-13.0,0.0
9,115,Coke Diet Can Rs 35,9|115,0.0,0.0,0.0,3.0,0.0,3.0,0.0,3.0,0.0,3.0,0.0,-3.0
9,1170,Haldirams NGP Salted Peanut ,9|1170,1800.0,216.0,11.0,7712.0,7.0,7719.0,10.0,301.0,5.0,6982.0,-5392.0,432.0
9,1189,Soulfull Ragi Bites Choco Fills Rs 20,9|1189,0.0,0.0,0.0,0.0,0.0,0.0,0.0,0.0,0.0,0.0,0.0,0.0
9,120,Real Orange Juice 1,9|120,0.0,0.0,0.0,329.0,4.0,333.0,0.0,9.0,0.0,319.0,-324.0,5.0
9,1233,Doritos Sweet Chilli Rs 20,9|1233,0.0,0.0,0.0,0.0,0.0,0.0,0.0,0.0,0.0,0.0,0.0,0.0
9,124,Sprite Rs 20,9|124,0.0,0.0,0.0,10073.0,39.0,10112.0,10.0,346.0,0.0,9668.0,-9756.0,88.0
9,1247,Pickle Sachet MFID for Zoho,9|1247,0.0,0.0,0.0,0.0,0.0,0.0,0.0,0.0,0.0,0.0,0.0,0.0
9,125,Fanta Pet 250ml Rs 20,9|125,0.0,0.0,0.0,5484.0,30.0,5514.0,7.0,249.0,0.0,5254.0,-5258.0,4.0
9,126,Coke Regular Pet 250ml Rs 20,9|126,25392.0,2096.0,120.0,47446.0,181.0,47627.0,18.0,3147.0,256.0,43324.0,-16974.0,1002.0
9,12778,Cavins Choco Mocha,9|12778,0.0,0.0,0.0,238.0,0.0,238.0,0.0,22.0,0.0,197.0,-216.0,19.0
9,12779,Cavins Creamy Latte,9|12779,0.0,0.0,0.0,86.0,0.0,86.0,0.0,1.0,0.0,77.0,-85.0,8.0
9,130,Choco Chips Cookies,9|130,0.0,0.0,0.0,908.0,0.0,908.0,0.0,12.0,0.0,883.0,-896.0,13.0
9,1301,Maggi Cuppa Noodles Masala ,9|1301,0.0,0.0,0.0,0.0,0.0,0.0,0.0,0.0,0.0,0.0,0.0,0.0
9,1315, Britannia Treat Jim Jam Rs 10,9|1315,6630.0,0.0,0.0,11894.0,54.0,11948.0,25.0,1276.0,227.0,9901.0,-4017.0,519.0
9,1383,Nestle Kitkat Rs 10,9|1383,0.0,0.0,6.0,936.0,3.0,939.0,0.0,60.0,14.0,799.0,-879.0,72.0
9,139,Nestle Classic Chocolate ,9|139,1872.0,166.0,10.0,8497.0,44.0,8541.0,15.0,762.0,1.0,7310.0,-5726.0,463.0
9,140,Cadbury Dairy Milk Rs 20,9|140,0.0,18.0,0.0,1789.0,0.0,1789.0,12.0,127.0,0.0,1604.0,-1632.0,46.0
9,147,Snickers Rs 35,9|147,792.0,0.0,4.0,4208.0,32.0,4240.0,5.0,735.0,10.0,3205.0,-2708.0,289.0
9,1482,Parle Agro Appy Fizz ,9|1482,0.0,0.0,0.0,0.0,0.0,0.0,0.0,0.0,0.0,0.0,0.0,0.0
9,1494,Britannia Treat Croissant Vanilla Rs15,9|1494,0.0,0.0,0.0,0.0,0.0,0.0,0.0,0.0,0.0,0.0,0.0,0.0
9,1606,BRB Popped Potato Chips Pasta Cheese ,9|1606,0.0,0.0,0.0,327.0,0.0,327.0,0.0,13.0,0.0,284.0,-314.0,30.0
9,1608,Makino Nacho Chips Jalapeno ,9|1608,0.0,831.0,44.0,2550.0,0.0,2550.0,4.0,759.0,168.0,3070.0,-956.0,-1407.0
9,1623,Cadbury Dairy Milk Chocolate Rs 50,9|1623,144.0,0.0,0.0,0.0,0.0,0.0,0.0,0.0,0.0,0.0,144.0,0.0
9,1636,Kurkure Solid Masti Rs 20,9|1636,2700.0,0.0,5.0,10412.0,34.0,10446.0,8.0,538.0,15.0,9730.0,-7200.0,160.0
9,164,ThumbsUp Charged - No Sugar,9|164,560.0,141.0,7.0,1851.0,21.0,1872.0,0.0,187.0,18.0,1677.0,-984.0,-3.0
9,1668,7up Rs20,9|1668,0.0,288.0,16.0,0.0,0.0,0.0,0.0,0.0,0.0,0.0,288.0,16.0
9,169,Minute Maid Guava Rs 20,9|169,0.0,0.0,2.0,119.0,0.0,119.0,0.0,10.0,0.0,102.0,-109.0,9.0
9,17,McVities Digestive Rs 10,9|17,0.0,0.0,0.0,0.0,0.0,0.0,0.0,0.0,0.0,0.0,0.0,0.0
9,1708,Mirinda Orange Rs20,9|1708,0.0,917.0,53.0,0.0,0.0,0.0,0.0,0.0,5.0,0.0,917.0,48.0
9,172,Cadbury Fruit and Nut ,9|172,0.0,0.0,2.0,0.0,0.0,0.0,0.0,0.0,0.0,0.0,0.0,2.0
9,1743,Act 2 Popcorn Butter,9|1743,5370.0,0.0,0.0,16548.0,98.0,16646.0,4.0,909.0,16.0,15529.0,-10363.0,188.0
9,1759,Frooti ,9|1759,0.0,118.0,6.0,0.0,0.0,0.0,0.0,0.0,0.0,0.0,118.0,6.0
9,1767,Little hearts 75gm,9|1767,0.0,0.0,0.0,340.0,21.0,361.0,0.0,41.0,0.0,304.0,-320.0,16.0
9,1769,Kitkat 37gm,9|1769,0.0,0.0,0.0,1784.0,0.0,1784.0,7.0,60.0,0.0,1682.0,-1717.0,35.0
9,177,Minute Maid Pulpy Orange,9|177,1350.0,0.0,0.0,3610.0,24.0,3634.0,2.0,120.0,1.0,3202.0,-2162.0,309.0
9,18,Red Bull Rs 115,9|18,0.0,0.0,0.0,0.0,0.0,0.0,0.0,0.0,0.0,0.0,0.0,0.0
9,1805,Woot Woot Popcorn Classic Butter Rs10,9|1805,0.0,0.0,0.0,0.0,0.0,0.0,0.0,0.0,0.0,0.0,0.0,0.0
9,185,Thums UP CHARGED Rs 20,9|185,9548.0,862.0,50.0,26203.0,130.0,26333.0,10.0,1397.0,122.0,24343.0,-14516.0,511.0
9,193,Monster Energy,9|193,0.0,0.0,1.0,10.0,0.0,10.0,2.0,13.0,8.0,21.0,5.0,-33.0
9,1959,Snickers Rs 20,9|1959,640.0,319.0,17.0,5859.0,0.0,5859.0,0.0,1363.0,60.0,4525.0,-3537.0,-72.0
9,196,Cadbury Dairy Milk Rs 40,9|196,0.0,0.0,0.0,0.0,0.0,0.0,0.0,0.0,0.0,0.0,0.0,0.0
9,1985,Amul Kool Kesar ,9|1985,0.0,0.0,0.0,0.0,0.0,0.0,0.0,0.0,0.0,0.0,0.0,0.0
9,2003,Amul Chocolate Cookies Rs 18,9|2003,0.0,0.0,0.0,0.0,0.0,0.0,0.0,0.0,0.0,0.0,0.0,0.0
9,2016,Haldirams NGP Punjabi Tadka Rs 35,9|2016,0.0,0.0,0.0,195.0,0.0,195.0,0.0,4.0,0.0,187.0,-191.0,4.0
9,203,Sprite Pop Can Rs 25,9|203,0.0,194.0,10.0,0.0,0.0,0.0,0.0,0.0,0.0,0.0,194.0,10.0
9,2031,Sprite Can Rs 35,9|2031,0.0,0.0,0.0,0.0,0.0,0.0,0.0,0.0,0.0,0.0,0.0,0.0
9,2033,Anmol Romanzo Choco Filled Cookies Rs 10,9|2033,0.0,3.0,0.0,20.0,0.0,20.0,0.0,1.0,0.0,19.0,-16.0,0.0
9,2087,Maggi Masala Single Pack Rs14,9|2087,0.0,0.0,0.0,0.0,0.0,0.0,0.0,0.0,0.0,0.0,0.0,0.0
9,2230,Sunfeast Dark Fantasy Bourbon Rs20,9|2230,336.0,0.0,0.0,346.0,0.0,346.0,0.0,15.0,0.0,261.0,5.0,70.0
9,2239,Cadbury Chocolate Rs 50,9|2239,0.0,0.0,0.0,135.0,0.0,135.0,0.0,11.0,0.0,81.0,-124.0,43.0
9,224,Amul Kool Cafe Rs 30,9|224,1350.0,8.0,11.0,3687.0,0.0,3687.0,6.0,171.0,37.0,3363.0,-2152.0,121.0
9,2388,Tropicana Guava Delight 200ml,9|2388,3840.0,0.0,0.0,21977.0,194.0,22171.0,11.0,1919.0,68.0,18969.0,-16401.0,1204.0
9,241,Tangy Mix Sauce Macronii,9|241,0.0,0.0,0.0,0.0,0.0,0.0,0.0,0.0,0.0,0.0,0.0,0.0
9,2412,Nescafe Chilled Latte Rs 45,9|2412,420.0,0.0,0.0,1926.0,5.0,1931.0,0.0,119.0,0.0,1458.0,-1392.0,354.0
9,2448,Too Yumm American Style Cream & Onion Chips,9|2448,704.0,0.0,0.0,76.0,0.0,76.0,0.0,63.0,6.0,7.0,691.0,0.0
9,2502,Sting Energy Drink 35,9|2502,0.0,4.0,0.0,0.0,0.0,0.0,0.0,0.0,0.0,0.0,4.0,0.0
9,252,Thumps Up Can,9|252,476.0,3.0,0.0,5360.0,0.0,5360.0,8.0,208.0,4.0,5057.0,-4665.0,83.0
9,261,McVitie's Digestive Biscuits,9|261,0.0,0.0,0.0,6784.0,16.0,6800.0,5.0,785.0,0.0,5056.0,-6010.0,954.0
9,2669,Slice Mango Drink Rs 10,9|2669,0.0,523.0,27.0,0.0,0.0,0.0,0.0,0.0,0.0,0.0,523.0,27.0
9,2713,Britannia Milk Bikis,9|2713,240.0,0.0,0.0,5401.0,89.0,5490.0,0.0,176.0,0.0,5216.0,-5074.0,98.0
9,2760,Puzzles Khatta Meetha Rs10,9|2760,0.0,34.0,1.0,87.0,0.0,87.0,0.0,26.0,0.0,88.0,-27.0,-26.0
9,2769,Amul Kool Badam Milk Shake Rs 40,9|2769,0.0,1.0,0.0,321.0,0.0,321.0,0.0,7.0,0.0,351.0,-313.0,-37.0
9,279,Snickers - Small,9|279,0.0,0.0,0.0,0.0,0.0,0.0,0.0,0.0,0.0,0.0,0.0,0.0
9,2818,Cadbury 5 Star Oreo Rs 35,9|2818,0.0,0.0,0.0,0.0,0.0,0.0,0.0,0.0,0.0,0.0,0.0,0.0
9,282,Too Yumm Veggie Stix Cheese & Herbs Rs 20,9|282,6482.0,0.0,0.0,35975.0,302.0,36277.0,37.0,3491.0,138.0,32180.0,-26267.0,431.0
9,2868,Amul Masti Buttermilk Rs 14,9|2868,0.0,0.0,0.0,0.0,0.0,0.0,0.0,0.0,0.0,0.0,0.0,0.0
9,290,Kurkure Masala Munch ,9|290,5070.0,36.0,7.0,13981.0,6.0,13987.0,1.0,531.0,46.0,13194.0,-8349.0,222.0
9,291,Lay's American style Cream & Onion Rs 10,9|291,25139.0,657.0,45.0,61182.0,71.0,61253.0,52.0,4359.0,294.0,55692.0,-31046.0,901.0
9,3002,Snickers Kesar Pista Rs 30,9|3002,0.0,0.0,0.0,1213.0,2.0,1215.0,0.0,224.0,6.0,434.0,-991.0,551.0
9,306,Hazelnut Latte,9|306,90.0,0.0,0.0,862.0,0.0,862.0,0.0,59.0,0.0,692.0,-713.0,111.0
9,3070,Americana  Cheese Cracker Biscuits  Rs 10,9|3070,0.0,435.0,29.0,9629.0,0.0,9629.0,9.0,538.0,0.0,9621.0,-8647.0,-510.0
9,3083,Amul Kool Koko Chocolate Rs 35,9|3083,0.0,2.0,0.0,0.0,0.0,0.0,0.0,0.0,0.0,0.0,2.0,0.0
9,3092,Alo Frut Kiwi Rs 30,9|3092,0.0,0.0,0.0,341.0,0.0,341.0,0.0,22.0,4.0,301.0,-319.0,14.0
9,313,Paperboat Chikki,9|313,0.0,49.0,1.0,0.0,0.0,0.0,0.0,0.0,0.0,0.0,49.0,1.0
9,316,Minute Maid Pulpy Orange,9|316,0.0,1.0,3.0,1097.0,5.0,1102.0,1.0,85.0,0.0,1000.0,-1015.0,19.0
9,318,Coke Zero,9|318,360.0,8.0,2.0,6115.0,16.0,6131.0,5.0,391.0,9.0,5626.0,-5367.0,102.0
9,320,Unibic Choco Hazelnut Cookies Rs 10,9|320,0.0,0.0,0.0,241.0,0.0,241.0,0.0,18.0,0.0,217.0,-223.0,6.0
9,3286,Limca Rs 40,9|3286,600.0,3.0,1.0,4357.0,4.0,4361.0,3.0,500.0,55.0,3726.0,-3255.0,78.0
9,331,Britannia Veg Cake Fruity Fun Rs 20,9|331,5780.0,0.0,0.0,22927.0,120.0,23047.0,12.0,1527.0,66.0,20885.0,-15728.0,557.0
9,3387,Nescafe Intense Cafe ,9|3387,0.0,0.0,0.0,967.0,0.0,967.0,0.0,10.0,0.0,910.0,-957.0,47.0
9,3392,Sprite 250ml Rs 20,9|3392,0.0,3.0,0.0,573.0,0.0,573.0,0.0,12.0,0.0,522.0,-558.0,39.0
9,3515,Cavins Kaju Butterscotch Milkshake  ,9|3515,240.0,0.0,0.0,646.0,0.0,646.0,0.0,66.0,0.0,552.0,-340.0,28.0
9,3535,Coca cola Original Taste ,9|3535,0.0,2.0,0.0,0.0,0.0,0.0,0.0,0.0,0.0,0.0,2.0,0.0
9,3542,Taali Masala Mania Protien Puffs Rs 20,9|3542,0.0,12.0,0.0,0.0,0.0,0.0,0.0,0.0,0.0,0.0,12.0,0.0
9,3782,Britannia Winkin Cow Rs 35,9|3782,860.0,0.0,0.0,1875.0,17.0,1892.0,4.0,198.0,11.0,1576.0,-830.0,103.0
9,3784,Cavins Rajbhog Milkshake Rs 60,9|3784,0.0,0.0,0.0,525.0,0.0,525.0,0.0,13.0,0.0,490.0,-512.0,22.0
9,38,Amul Masti Buttermilk Rs 10,9|38,480.0,0.0,0.0,622.0,0.0,622.0,1.0,166.0,0.0,436.0,25.0,19.0
9,395,Too Yum- Multigrain Chips,9|395,69464.0,30.0,10.0,197854.0,1143.0,198997.0,135.0,14645.0,731.0,182234.0,-114723.0,1262.0
9,3953,Thums Up ,9|3953,0.0,5.0,0.0,562.0,0.0,562.0,1.0,16.0,0.0,518.0,-540.0,27.0
9,401,Bingo - Potato Chips Masala,9|401,12904.0,19.0,0.0,26781.0,25.0,26806.0,15.0,2179.0,42.0,24167.0,-11689.0,403.0
9,4036,Snickers Kesar Pista Stick Rs 30,9|4036,4200.0,47.0,3.0,10262.0,32.0,10294.0,21.0,1475.0,25.0,6916.0,-4551.0,1860.0
9,4037,Snickers Almond Stick ,9|4037,0.0,0.0,0.0,0.0,0.0,0.0,0.0,0.0,0.0,0.0,0.0,0.0
9,4050,Prabhu ji Masala Muri Rs 10,9|4050,4560.0,0.0,13.0,30224.0,62.0,30286.0,27.0,2884.0,263.0,28173.0,-22815.0,-1048.0
9,4063,BiskFarm Masala Chatpata Bhel  Rs 10,9|4063,0.0,2.0,0.0,0.0,0.0,0.0,0.0,0.0,0.0,0.0,2.0,0.0
9,4065,BiskFarm Tiffun Slice Rs 10,9|4065,576.0,0.0,0.0,0.0,0.0,0.0,0.0,0.0,0.0,0.0,576.0,0.0
9,4068,Alo Frut Orange Rs 30,9|4068,0.0,874.0,58.0,3227.0,0.0,3227.0,9.0,1133.0,32.0,3973.0,-1211.0,-1862.0
9,4206,Tropicana Mixed Fruit,9|4206,0.0,0.0,0.0,575.0,0.0,575.0,0.0,38.0,0.0,536.0,-537.0,1.0
9,4230,Coca Cola Rs 25,9|4230,0.0,0.0,0.0,0.0,0.0,0.0,0.0,0.0,0.0,0.0,0.0,0.0
9,430,Haldiram's Moong Dal Rs 10 ,9|430,18672.0,13212.0,719.0,85949.0,190.0,86139.0,67.0,2976.0,194.0,82014.0,-51212.0,1607.0
9,4316,Britannia Gobbles,9|4316,800.0,0.0,0.0,2755.0,0.0,2755.0,0.0,111.0,29.0,2488.0,-1844.0,127.0
9,4320,Coke Cocacola,9|4320,0.0,0.0,0.0,5.0,0.0,5.0,0.0,3.0,0.0,2.0,-2.0,0.0
9,4322,Nimbus 7up,9|4322,0.0,139.0,10.0,0.0,0.0,0.0,0.0,0.0,0.0,0.0,139.0,10.0
9,4329,Maaza,9|4329,0.0,1.0,0.0,333.0,10.0,343.0,0.0,29.0,0.0,305.0,-313.0,9.0
9,434,Uncle Chips - Spicy Treat,9|434,0.0,0.0,0.0,0.0,0.0,0.0,0.0,0.0,0.0,0.0,0.0,0.0
9,4408,Dark Fantasy,9|4408,0.0,0.0,0.0,15.0,0.0,15.0,0.0,12.0,0.0,3.0,-3.0,0.0
9,4430,Americana Coconut Cookies Rs 20,9|4430,288.0,435.0,25.0,2645.0,0.0,2645.0,4.0,175.0,0.0,2460.0,-1743.0,31.0
9,4565,Snickers chocolate ,9|4565,2256.0,246.0,21.0,18407.0,165.0,18572.0,6.0,3481.0,659.0,14926.0,-12583.0,-479.0
9,46,Paper Boat Coconut Water,9|46,0.0,0.0,0.0,0.0,0.0,0.0,0.0,0.0,0.0,0.0,0.0,0.0
9,4677,Fizz Appy Juice Rs 20,9|4677,0.0,140.0,7.0,0.0,0.0,0.0,0.0,0.0,0.0,0.0,140.0,7.0
9,474,Snickers Almond Rs 25,9|474,0.0,10.0,0.0,0.0,0.0,0.0,0.0,0.0,0.0,0.0,10.0,0.0
9,478,Kit Kat Rs 25,9|478,2828.0,0.0,0.0,4632.0,0.0,4632.0,0.0,531.0,13.0,3775.0,-1273.0,313.0
9,4851,Kerala Banana Chips Desi Masala Rs 20,9|4851,0.0,106.0,6.0,0.0,0.0,0.0,0.0,0.0,0.0,0.0,106.0,6.0
9,4873,Dailee Jeera masala soda Rs 12,9|4873,0.0,2.0,0.0,0.0,0.0,0.0,0.0,0.0,0.0,0.0,2.0,0.0
9,4900,Britannia Treat Creme Wafers Strawberry Rs 50,9|4900,0.0,0.0,0.0,133.0,0.0,133.0,0.0,3.0,0.0,125.0,-130.0,5.0
9,4924,Cream Bell Coffee Milkshake Rs 30,9|4924,0.0,11.0,0.0,0.0,0.0,0.0,0.0,0.0,0.0,0.0,11.0,0.0
9,493,Test Product,9|493,0.0,0.0,0.0,2357.0,5.0,2362.0,4.0,2118.0,8.0,678.0,-240.0,-446.0
9,4963,Mayora Malkist Cheese Rs 10,9|4963,0.0,4.0,0.0,0.0,0.0,0.0,0.0,0.0,0.0,0.0,4.0,0.0
9,4993,Priyagold Butter Bite Biscuits Rs 20,9|4993,0.0,24.0,7.0,4.0,0.0,4.0,0.0,4.0,0.0,4.0,24.0,3.0
9,5069,Lahori Jeera Rs 10,9|5069,0.0,0.0,0.0,0.0,0.0,0.0,0.0,0.0,0.0,0.0,0.0,0.0
9,5097,Kari Kari Chilli Garlic Rs 20,9|5097,0.0,0.0,0.0,141.0,0.0,141.0,0.0,1.0,0.0,105.0,-140.0,35.0
9,5160,All In One Rs 5,9|5160,0.0,0.0,0.0,1.0,0.0,1.0,0.0,0.0,0.0,1.0,-1.0,0.0
9,5165,Masala Diet Chidwa spicy Special Rs 20,9|5165,450.0,344.0,22.0,15319.0,11.0,15330.0,34.0,1644.0,322.0,15501.0,-12858.0,-2149.0
9,5283,4700BC 100 Corn Chips Salt And Truffle Rs 20,9|5283,0.0,0.0,0.0,17.0,0.0,17.0,0.0,0.0,0.0,12.0,-17.0,5.0
9,5309,Beng Beng Chocolate Rs 10,9|5309,0.0,13.0,0.0,0.0,0.0,0.0,0.0,0.0,0.0,0.0,13.0,0.0
9,5351,Puzzles Aloo Bhujia Rs 10,9|5351,0.0,912.0,50.0,4032.0,0.0,4032.0,5.0,1175.0,135.0,4065.0,-1940.0,-1298.0
9,5354,Lahori Jeera Rs 20,9|5354,0.0,0.0,2.0,0.0,0.0,0.0,0.0,0.0,0.0,0.0,0.0,2.0
9,5364,Puzzles Nut Crackers Rs 20 ,9|5364,0.0,399.0,24.0,1198.0,0.0,1198.0,0.0,275.0,91.0,1248.0,-524.0,-392.0
9,5419,Mcvities Butter Cookies ,9|5419,0.0,0.0,0.0,8625.0,28.0,8653.0,14.0,429.0,0.0,7482.0,-8210.0,728.0
9,542,Limca 250ml Pet Rs 20,9|542,0.0,1.0,3.0,11608.0,129.0,11737.0,18.0,406.0,14.0,11156.0,-11312.0,146.0
9,5453,Nestle KitKat ,9|5453,210.0,0.0,3.0,494.0,0.0,494.0,0.0,38.0,0.0,474.0,-246.0,-15.0
9,5485,Bonn Choco Chip Cookies Rs 10,9|5485,1360.0,2358.0,122.0,6713.0,28.0,6741.0,1.0,493.0,0.0,6512.0,-2529.0,-143.0
9,5486,Bonn classic Bourbonn Biscuits Rs 15,9|5486,0.0,242.0,12.0,7.0,0.0,7.0,0.0,0.0,0.0,5.0,235.0,14.0
9,5493,Dates Bites Sachet Rs 35,9|5493,0.0,71.0,1.0,0.0,0.0,0.0,0.0,0.0,0.0,0.0,71.0,1.0
9,5494,Farmley Roasted Makhana Cream And Onion Rs 30,9|5494,0.0,5.0,0.0,0.0,0.0,0.0,0.0,0.0,0.0,0.0,5.0,0.0
9,5580,Diamond Cream And Onion Chips Rs 20,9|5580,0.0,0.0,3.0,18.0,0.0,18.0,0.0,0.0,4.0,32.0,-18.0,-15.0
9,5630,Lahori Nimboo Rs 20,9|5630,0.0,0.0,0.0,0.0,0.0,0.0,0.0,0.0,0.0,0.0,0.0,0.0
9,575,Frooti Rs 10,9|575,0.0,0.0,0.0,0.0,0.0,0.0,0.0,0.0,7.0,0.0,0.0,-7.0
9,584,Fanta Can 180 ml Rs 25,9|584,0.0,0.0,3.0,0.0,0.0,0.0,0.0,0.0,0.0,0.0,0.0,3.0
9,586,Coke Regular Pop Can Rs 25,9|586,0.0,119.0,7.0,0.0,0.0,0.0,0.0,0.0,0.0,0.0,119.0,7.0
9,59,Tropicana Juice,9|59,15930.0,98.0,5.0,53102.0,218.0,53320.0,57.0,5591.0,755.0,46225.0,-31644.0,697.0
9,600,Garden Mini Bhakarwadi Rs 10,9|600,0.0,0.0,0.0,0.0,0.0,0.0,0.0,0.0,0.0,0.0,0.0,0.0
9,6054,Tropicana Apple Delight Rs 10,9|6054,0.0,0.0,5.0,55.0,0.0,55.0,0.0,20.0,0.0,35.0,-35.0,5.0
9,61,Paper Boat Lychee Ras Rs 20,9|61,0.0,0.0,0.0,5.0,0.0,5.0,0.0,0.0,0.0,5.0,-5.0,0.0
9,6103,D Nature Eatery Roasted Cashew,9|6103,0.0,28.0,0.0,0.0,0.0,0.0,0.0,0.0,0.0,0.0,28.0,0.0
9,6278,Winkies Fruit Cake Sliced Rs 20,9|6278,0.0,0.0,0.0,179.0,0.0,179.0,0.0,0.0,0.0,168.0,-179.0,11.0
9,6322,Cream bell kesar badam,9|6322,0.0,311.0,16.0,0.0,0.0,0.0,0.0,0.0,0.0,0.0,311.0,16.0
9,6448,B Natural Select Tender Coconut Water ,9|6448,0.0,0.0,0.0,0.0,0.0,0.0,0.0,0.0,0.0,0.0,0.0,0.0
9,6547,Moutain Dew Rs 15,9|6547,0.0,39.0,3.0,0.0,0.0,0.0,0.0,0.0,0.0,0.0,39.0,3.0
9,6554,Rim Jim Soda Jeera Flavour Rs 20,9|6554,0.0,0.0,0.0,0.0,0.0,0.0,0.0,0.0,0.0,0.0,0.0,0.0
9,663,Britannia Veg Cake Chocolate Rs 20,9|663,1410.0,0.0,0.0,3185.0,21.0,3206.0,3.0,260.0,20.0,2785.0,-1533.0,138.0
9,668,Maaza Pet Bottle Rs 20,9|668,0.0,105.0,6.0,3086.0,0.0,3086.0,1.0,156.0,57.0,2886.0,-2824.0,-8.0
9,678,Britannia Bourbon-Rs 10,9|678,60440.0,1020.0,62.0,257151.0,1190.0,258341.0,222.0,11671.0,498.0,240414.0,-184988.0,5598.0
9,680,Cornitos Roasted Cashews Lightly Salted ,9|680,0.0,0.0,0.0,0.0,0.0,0.0,0.0,0.0,0.0,0.0,0.0,0.0
9,690,Amul Lassi Rs 15,9|690,150.0,1.0,2.0,191.0,0.0,191.0,0.0,37.0,0.0,149.0,-3.0,7.0
9,691,Britannia Chocolate Shake Rs 30 ,9|691,2610.0,6.0,3.0,6987.0,18.0,7005.0,4.0,575.0,26.0,5977.0,-3810.0,426.0
9,693,Snickers,9|693,4992.0,1084.0,61.0,29858.0,136.0,29994.0,75.0,4874.0,574.0,26190.0,-18969.0,-1658.0
9,694,Frooti ,9|694,0.0,0.0,0.0,458.0,0.0,458.0,0.0,12.0,0.0,424.0,-446.0,22.0
9,7072,Priyagold Cashew Cookies Rs 10,9|7072,0.0,1309.0,78.0,13.0,0.0,13.0,1.0,16.0,0.0,21.0,1313.0,53.0
9,7088,Dates Bites Sachet Rs 40,9|7088,0.0,0.0,0.0,134.0,0.0,134.0,0.0,0.0,0.0,102.0,-134.0,32.0
9,7214,The Theatre Project Popcorn Cheddar Cheese Rs 20,9|7214,0.0,0.0,2.0,0.0,0.0,0.0,0.0,0.0,0.0,0.0,0.0,2.0
9,73,Cavin's Lassi,9|73,1860.0,102.0,14.0,12694.0,92.0,12786.0,5.0,1025.0,35.0,11915.0,-9794.0,-180.0
9,7385,Tropicana Mixed Fruit Rs 15,9|7385,0.0,0.0,0.0,0.0,0.0,0.0,0.0,0.0,0.0,0.0,0.0,0.0
9,7421,Hustle Energy Drink Rs 60,9|7421,0.0,0.0,0.0,20.0,0.0,20.0,0.0,8.0,0.0,11.0,-12.0,1.0
9,764,Amul Milk Chocolate Rs 25,9|764,660.0,13.0,4.0,2363.0,10.0,2373.0,3.0,89.0,0.0,2087.0,-1608.0,198.0
9,766,Amul Rose Lassi Rs 20 ,9|766,2400.0,193.0,15.0,8633.0,10.0,8643.0,9.0,569.0,25.0,7753.0,-5472.0,302.0
9,769,Cadbury Dairy Milk Rs.10,9|769,0.0,2.0,5.0,3313.0,0.0,3313.0,5.0,31.0,0.0,3200.0,-3275.0,82.0
9,7759,Alo Frut Kiwi Alovera Rs 30,9|7759,0.0,0.0,0.0,13.0,0.0,13.0,0.0,0.0,0.0,13.0,-13.0,0.0
9,794,Britannia Little Hearts,9|794,16264.0,0.0,0.0,43668.0,314.0,43982.0,18.0,2933.0,31.0,40518.0,-24767.0,482.0
9,80,Cavin's Spiced ButterMilk,9|80,3120.0,152.0,21.0,19779.0,36.0,19815.0,74.0,2271.0,277.0,17987.0,-14198.0,-773.0
9,8207,Mulberry Zingals Chocolate Slice Cake ,9|8207,0.0,0.0,0.0,20.0,0.0,20.0,0.0,0.0,0.0,20.0,-20.0,0.0
9,8279,Lotus Thandai Badam Milk ,9|8279,0.0,0.0,0.0,207.0,0.0,207.0,0.0,3.0,0.0,183.0,-204.0,21.0
9,8287,Wonderland Foods Almond Roasted & Salted,9|8287,0.0,0.0,0.0,28.0,0.0,28.0,0.0,4.0,0.0,19.0,-24.0,5.0
9,8369,Lahori Shikanji Rs 10,9|8369,0.0,0.0,0.0,0.0,0.0,0.0,0.0,0.0,0.0,0.0,0.0,0.0
9,8383,Cavins Cold Coffee chilled Latte ,9|8383,0.0,0.0,0.0,11.0,0.0,11.0,0.0,0.0,0.0,11.0,-11.0,0.0
9,8521,Jameson Ginger Ale Rs 100,9|8521,0.0,0.0,0.0,10.0,0.0,10.0,0.0,0.0,0.0,1.0,-10.0,9.0
9,8766,Bhikharam Chandmal Bikaneri Bhujia ,9|8766,3600.0,664.0,53.0,12604.0,29.0,12633.0,17.0,1213.0,161.0,11898.0,-7139.0,-603.0
9,8897,Julies Banana Sandwich Rs 20,9|8897,0.0,0.0,0.0,31.0,0.0,31.0,0.0,15.0,0.0,13.0,-16.0,3.0
9,896,Yoga Pulp Aloevera KiwiJuice Rs 30,9|896,0.0,0.0,0.0,4.0,0.0,4.0,0.0,0.0,1.0,3.0,-4.0,0.0
9,9083,Meow Crispy Himalayan Pink Salt Rs 30,9|9083,0.0,259.0,14.0,355.0,0.0,355.0,0.0,324.0,184.0,523.0,228.0,-662.0
9,9089,Mountain Tribe Gingerade Kombucha ,9|9089,0.0,0.0,0.0,17.0,0.0,17.0,0.0,0.0,0.0,8.0,-17.0,9.0
9,9155,Priyagold Hunk Chocolate Rs 5,9|9155,0.0,1419.0,75.0,0.0,0.0,0.0,0.0,0.0,0.0,0.0,1419.0,75.0
9,9191,Nuttoz Roasted Peanuts Rs 20,9|9191,0.0,166.0,9.0,368.0,0.0,368.0,0.0,260.0,63.0,544.0,58.0,-490.0
9,922,Maaza ,9|922,0.0,29.0,1.0,0.0,0.0,0.0,0.0,0.0,0.0,0.0,29.0,1.0
9,929,Sprite750ml,9|929,240.0,3.0,0.0,5184.0,4.0,5188.0,3.0,198.0,73.0,4758.0,-4744.0,156.0
9,9308,Volls Pro Plant Protein Caramel ,9|9308,0.0,0.0,0.0,12.0,0.0,12.0,0.0,0.0,0.0,0.0,-12.0,12.0
9,935,Lays - American Style Cream and Onion ,9|935,4080.0,0.0,0.0,22554.0,25.0,22579.0,17.0,1815.0,167.0,20285.0,-16667.0,295.0
9,9364,Nuttoz Coconut Chikki Rs 10,9|9364,0.0,323.0,17.0,87.0,0.0,87.0,0.0,129.0,0.0,85.0,365.0,-110.0
9,94,Maaza Tetrapack Rs 10,9|94,400.0,754.0,40.0,385.0,0.0,385.0,2.0,107.0,0.0,273.0,878.0,43.0
9,9409,Bhikharam Chandmal Moong Dal Rs 20,9|9409,0.0,695.0,42.0,3302.0,0.0,3302.0,5.0,435.0,69.0,3377.0,-2167.0,-542.0
9,95,Parle Appy Rs 10,9|95,0.0,30.0,0.0,40.0,0.0,40.0,0.0,0.0,0.0,40.0,-10.0,0.0
9,9543,Priyagold choco gold fruit nut,9|9543,0.0,0.0,3.0,0.0,0.0,0.0,0.0,7.0,0.0,4.0,7.0,-8.0
9,9544,Priyagold magic fruit cake,9|9544,0.0,0.0,0.0,0.0,0.0,0.0,0.0,0.0,0.0,0.0,0.0,0.0
9,9794,Bourbon Chocolate Biscuits,9|9794,0.0,0.0,0.0,1796.0,0.0,1796.0,0.0,61.0,0.0,1706.0,-1735.0,29.0
9,9825,Nuttoz Roasted Cashew Rs 25,9|9825,0.0,308.0,16.0,1047.0,0.0,1047.0,4.0,868.0,81.0,827.0,133.0,-717.0
9,984,Appy 200ml Rs 15,9|984,0.0,0.0,0.0,20.0,0.0,20.0,0.0,0.0,0.0,14.0,-20.0,6.0
9,986,Haldiram's Chips Pudina Treat Rs 15 ,9|986,0.0,182.0,10.0,2054.0,0.0,2054.0,3.0,49.0,14.0,1945.0,-1820.0,53.0
9,9996,Welbe Plain Murukku ,9|9996,0.0,0.0,0.0,8.0,0.0,8.0,0.0,0.0,0.0,8.0,-8.0,0.0
