sku_id,variant_id,mapper_variant_id,mapper_variant_name
0,0,0,Unknown/Unmapped
1,1488,1488,Swashray Chavanu Rs 10
4,2121,493,Test Product
5,0,0,Unknown/Unmapped
7,7,7,Healthy Vegetable Poha
8,7,7,Healthy Vegetable Poha
16,13,13,Cornitos Nachos - Cheese and Herbs
20,17,17,McVities Digestive Rs 10
61,241,241,Tangy Mix Sauce Macronii
62,128,24,Rajma-Chawal Combo
63,244,66,Kathi Roll
64,66,66,Kathi Roll
65,24,24,Rajma-Chawal Combo
66,785,785,Choley Chawal Combo
101,0,0,Unknown/Unmapped
120,0,0,Unknown/Unmapped
169,109,109,Real Mixed Fruit Juice Rs 20
225,0,0,Unknown/Unmapped
232,0,0,Unknown/Unmapped
242,146,109,Real Mixed Fruit Juice Rs 20
288,189,185,Thums UP CHARGED Rs 20
294,101,101,Aloo Matar Sandwich
311,204,204,Saffola masala oats - Tangy Chaat
312,205,204,Saffola masala oats - Tangy Chaat
317,598,598,Moong Daal & Rice Combo
350,236,236,Go Grub Peanut + Blueberry
351,237,236,Go Grub Peanut + Blueberry
357,121,121,Homestyle Veg Mayo Sandwich
358,65,65,Vegetable Chatpati Roll
372,141,141,Crispy Veggie Cutlet 
384,256,256,M&M- Chocolate Rs 75
386,258,258,eighty7- Chilean Walnuts
390,262,262,Monginis Veg Fruit Cakes
391,263,263,Creme Bite- Orange Flavour
400,0,0,Unknown/Unmapped
412,282,282,Too Yumm Veggie Stix Cheese & Herbs Rs 20
440,44,44,Vada Pav
445,310,310,Baked Khakhra Chips Methi Flavour
446,311,310,Baked Khakhra Chips Methi Flavour
448,312,300,Himalayan Salt & Pepper Makhana
467,331,331,Britannia Veg Cake Fruity Fun Rs 20
475,338,278,Unibic Chocolate Cookies
487,227,227,Paneer Butter Masala Wrap
496,266,65,Vegetable Chatpati Roll
534,396,282,Too Yumm Veggie Stix Cheese & Herbs Rs 20
539,399,278,Unibic Chocolate Cookies
579,0,0,Unknown/Unmapped
581,433,169,Minute Maid Guava Rs 20
582,434,434,Uncle Chips - Spicy Treat
639,0,0,Unknown/Unmapped
648,493,493,Test Product
760,589,395,Too Yum- Multigrain Chips
776,604,282,Too Yumm Veggie Stix Cheese & Herbs Rs 20
956,669,669,Rava Idli with Chutney
957,467,24,Rajma-Chawal Combo
980,784,278,Unibic Chocolate Cookies
999,780,777,Big Box 500ml PP Container 
1016,814,814,Ritebite Sport Bar Almond Mocha
1018,816,278,Unibic Chocolate Cookies
1022,820,766,Amul Rose Lassi Rs 20 
1024,0,0,Unknown/Unmapped
1025,823,799,Mr Makhana Cream & Onion
1026,824,824,Mr Makhana Piri Piri Rs 35
1027,825,825,Amul Masti Buttermilk Rs 12
1035,833,600,Garden Mini Bhakarwadi Rs 10
1067,864,864,LuvIt fruit and nut MRP-55
1101,907,907,Small Box with Lid Transparent 250ml 
1126,928,928,Lifebuoy - Hand Sanitizer
1152,0,0,Unknown/Unmapped
1204,0,0,Unknown/Unmapped
1215,1014,241,Tangy Mix Sauce Macronii
1263,1065,1048,Balaji Wafers Pizzy Masala Rs 10
1265,297,297,Sabudana Khichdi
1266,75,75,Aloo Peanut Falahar - Vrat Special
1275,1073,109,Real Mixed Fruit Juice Rs 20
1301,1097,1097,Eighty 7 Cranberries 200 gm Rs 347
1347,1140,1140,Nutty Gritties Roasted & Salted Pistachios 200g Rs 420
1348,0,0,Unknown/Unmapped
1398,1189,1189,Soulfull Ragi Bites Choco Fills Rs 20
1470,1238,789,Knorr - Sweet Corn Soup Veg Rs.10
1565,1322,941,MTR - Vegetable Upma
1566,1323,941,MTR - Vegetable Upma
1572,1326,130,Choco Chips Cookies
1591,960,493,Test Product
1598,1333,109,Real Mixed Fruit Juice Rs 20
1608,1344,1344,NIDZ Dark Milk Roasted Cashew Chocolate Rs 60
1632,1376,1376,Real Bites Farali Wafers Rs 10
1633,1377,1376,Real Bites Farali Wafers Rs 10
1634,1378,1376,Real Bites Farali Wafers Rs 10
1635,1379,1376,Real Bites Farali Wafers Rs 10
1636,1380,430,Haldiram's Moong Dal Rs 10 
1637,1381,95,Parle Appy Rs 10
1638,1383,1383,Nestle Kitkat Rs 10
1639,331,331,Britannia Veg Cake Fruity Fun Rs 20
1640,1026,678,Britannia Bourbon-Rs 10
1641,663,331,Britannia Veg Cake Fruity Fun Rs 20
1643,769,769,Cadbury Dairy Milk Rs.10
1644,794,678,Britannia Bourbon-Rs 10
1645,1475,430,Haldiram's Moong Dal Rs 10 
1647,94,94,Maaza Tetrapack Rs 10
1648,575,575,Frooti Rs 10
1649,0,0,Unknown/Unmapped
1650,189,185,Thums UP CHARGED Rs 20
1654,1207,430,Haldiram's Moong Dal Rs 10 
1703,1170,430,Haldiram's Moong Dal Rs 10 
1707,678,678,Britannia Bourbon-Rs 10
1708,1105,430,Haldiram's Moong Dal Rs 10 
1709,1104,430,Haldiram's Moong Dal Rs 10 
1710,867,430,Haldiram's Moong Dal Rs 10 
1711,1425,678,Britannia Bourbon-Rs 10
1712,1172,430,Haldiram's Moong Dal Rs 10 
1713,622,430,Haldiram's Moong Dal Rs 10 
1720,680,680,Cornitos Roasted Cashews Lightly Salted 
1721,61,61,Paper Boat Lychee Ras Rs 20
1722,124,124,Sprite Rs 20
1723,0,0,Unknown/Unmapped
1728,1432,678,Britannia Bourbon-Rs 10
1729,1433,1048,Balaji Wafers Pizzy Masala Rs 10
1730,1434,1048,Balaji Wafers Pizzy Masala Rs 10
1826,1450,542,Limca 250ml Pet Rs 20
1829,1454,320,Unibic Choco Hazelnut Cookies Rs 10
1831,1456,320,Unibic Choco Hazelnut Cookies Rs 10
1832,1457,320,Unibic Choco Hazelnut Cookies Rs 10
1833,1458,1376,Real Bites Farali Wafers Rs 10
1834,1459,1376,Real Bites Farali Wafers Rs 10
1836,254,169,Minute Maid Guava Rs 20
1839,1174,430,Haldiram's Moong Dal Rs 10 
1840,766,766,Amul Rose Lassi Rs 20 
1841,1460,766,Amul Rose Lassi Rs 20 
1843,1071,430,Haldiram's Moong Dal Rs 10 
1846,1298,430,Haldiram's Moong Dal Rs 10 
1848,668,668,Maaza Pet Bottle Rs 20
1851,1474,320,Unibic Choco Hazelnut Cookies Rs 10
1855,1476,320,Unibic Choco Hazelnut Cookies Rs 10
1868,497,320,Unibic Choco Hazelnut Cookies Rs 10
1870,942,1,Soya Masala Snacker
1876,997,46,Paper Boat Coconut Water
1890,1472,1048,Balaji Wafers Pizzy Masala Rs 10
1914,125,125,Fanta Pet 250ml Rs 20
1916,1492,430,Haldiram's Moong Dal Rs 10 
1928,1507,1376,Real Bites Farali Wafers Rs 10
1929,1508,1376,Real Bites Farali Wafers Rs 10
1960,1527,1376,Real Bites Farali Wafers Rs 10
1961,1526,1376,Real Bites Farali Wafers Rs 10
1962,1525,1376,Real Bites Farali Wafers Rs 10
1963,1524,1376,Real Bites Farali Wafers Rs 10
1964,1523,1376,Real Bites Farali Wafers Rs 10
1965,1522,1376,Real Bites Farali Wafers Rs 10
1966,1521,1376,Real Bites Farali Wafers Rs 10
1967,1520,1376,Real Bites Farali Wafers Rs 10
1971,1532,1532,Mighty Puff Choco Ragi Rs 20
1973,1531,1531,Mighty Munch Tangy Tomato Rs 20
1976,1537,1376,Real Bites Farali Wafers Rs 10
1977,1538,1376,Real Bites Farali Wafers Rs 10
1978,126,126,Coke Regular Pet 250ml Rs 20
1990,1548,1376,Real Bites Farali Wafers Rs 10
1995,1552,1376,Real Bites Farali Wafers Rs 10
1999,1556,690,Amul Lassi Rs 15
2001,1557,139,Nestle Classic Chocolate 
2004,1562,896,Yoga Pulp Aloevera KiwiJuice Rs 30
2005,1563,896,Yoga Pulp Aloevera KiwiJuice Rs 30
2013,1572,1048,Balaji Wafers Pizzy Masala Rs 10
2016,1575,1048,Balaji Wafers Pizzy Masala Rs 10
2018,1577,1048,Balaji Wafers Pizzy Masala Rs 10
2022,1074,1069, Sunfeast Dark Fantasy Choco Fill Cookies Rs 10
2023,1580,1069, Sunfeast Dark Fantasy Choco Fill Cookies Rs 10
2024,1581,678,Britannia Bourbon-Rs 10
2028,1170,430,Haldiram's Moong Dal Rs 10 
2029,1585,430,Haldiram's Moong Dal Rs 10 
2030,1586,1376,Real Bites Farali Wafers Rs 10
2038,0,0,Unknown/Unmapped
2039,0,0,Unknown/Unmapped
2052,1603,1603,Swashray Masala Poori Rs 11
2053,1604,1603,Swashray Masala Poori Rs 11
2054,1605,282,Too Yumm Veggie Stix Cheese & Herbs Rs 20
2055,1606,1606,BRB Popped Potato Chips Pasta Cheese 
2056,1607,1606,BRB Popped Potato Chips Pasta Cheese 
2057,1608,1608,Makino Nacho Chips Jalapeno 
2058,1609,1608,Makino Nacho Chips Jalapeno 
2060,1611,586,Coke Regular Pop Can Rs 25
2061,465,75,Aloo Peanut Falahar - Vrat Special
2062,572,24,Rajma-Chawal Combo
2066,1613,120,Real Orange Juice 1
2075,1622,1606,BRB Popped Potato Chips Pasta Cheese 
2076,1624,1606,BRB Popped Potato Chips Pasta Cheese 
2092,1634,1048,Balaji Wafers Pizzy Masala Rs 10
2093,1635,1048,Balaji Wafers Pizzy Masala Rs 10
2097,1639,430,Haldiram's Moong Dal Rs 10 
2111,1648,24,Rajma-Chawal Combo
2112,151,24,Rajma-Chawal Combo
2113,701,297,Sabudana Khichdi
2114,15,15,Vermicelli Upma
2115,703,15,Vermicelli Upma
2119,1656,678,Britannia Bourbon-Rs 10
2122,1661,1048,Balaji Wafers Pizzy Masala Rs 10
2123,1660,1048,Balaji Wafers Pizzy Masala Rs 10
2125,1664,430,Haldiram's Moong Dal Rs 10 
2131,1519,493,Test Product
2134,1686,678,Britannia Bourbon-Rs 10
2135,1687,678,Britannia Bourbon-Rs 10
2141,1692,430,Haldiram's Moong Dal Rs 10 
2150,1700,1608,Makino Nacho Chips Jalapeno 
2151,1701,1608,Makino Nacho Chips Jalapeno 
2181,1734,1734,MOM	Makhana Rs40
2189,1741,430,Haldiram's Moong Dal Rs 10 
2196,1748,1748,Swashray Jeera Cookies Rs 24
2200,1752,313,Paperboat Chikki
2216,1581,678,Britannia Bourbon-Rs 10
2235,1800,1048,Balaji Wafers Pizzy Masala Rs 10
2236,1801,1048,Balaji Wafers Pizzy Masala Rs 10
2258,1822,678,Britannia Bourbon-Rs 10
2263,1827,1048,Balaji Wafers Pizzy Masala Rs 10
2265,1829,1048,Balaji Wafers Pizzy Masala Rs 10
2270,1832,61,Paper Boat Lychee Ras Rs 20
2288,1016,769,Cadbury Dairy Milk Rs.10
2336,1885,1606,BRB Popped Potato Chips Pasta Cheese 
2346,1893,1889,Brew House Apple Cinnamon Iced Tea Rs 40
2443,0,0,Unknown/Unmapped
2448,1929,331,Britannia Veg Cake Fruity Fun Rs 20
2449,1930,691,Britannia Chocolate Shake Rs 30 
2450,1931,663,Britannia Veg Cake Chocolate Rs 20
2458,1938,493,Test Product
2459,1939,1048,Balaji Wafers Pizzy Masala Rs 10
2461,1943,1926,Amrit Foods JUST Cold Coffee Rs 120
2467,1954,331,Britannia Veg Cake Fruity Fun Rs 20
2472,1959,1959,Snickers Rs 20
2473,1960,678,Britannia Bourbon-Rs 10
2475,1962,1467, Snickers Fruit & Nut Rs 50
2477,1964,693,Snickers
2479,1966,693,Snickers
2485,1972,1972,Storia Coconut Water Rs 35
2492,512,61,Paper Boat Lychee Ras Rs 20
2493,231,61,Paper Boat Lychee Ras Rs 20
2496,1300,61,Paper Boat Lychee Ras Rs 20
2498,230,61,Paper Boat Lychee Ras Rs 20
2503,474,474,Snickers Almond Rs 25
2507,1511,1467, Snickers Fruit & Nut Rs 50
2508,1982,1467, Snickers Fruit & Nut Rs 50
2509,1467,1467, Snickers Fruit & Nut Rs 50
2510,1964,693,Snickers
2511,140,140,Cadbury Dairy Milk Rs 20
2512,196,196,Cadbury Dairy Milk Rs 40
2513,1326,130,Choco Chips Cookies
2514,1983,278,Unibic Chocolate Cookies
2515,338,278,Unibic Chocolate Cookies
2516,1984,278,Unibic Chocolate Cookies
2531,1994,764,Amul Milk Chocolate Rs 25
2538,1997,1997,Basic Air 3 Ply Mask Pack of 10 Rs 100
2542,2003,2003,Amul Chocolate Cookies Rs 18
2544,2005,2005,Cavins Badam Milkshake 180 ml Rs 50
2545,2006,2006,Saliah Dates with Lemon & Orange Peel Rs 30
2546,2007,2006,Saliah Dates with Lemon & Orange Peel Rs 30
2549,2010,2006,Saliah Dates with Lemon & Orange Peel Rs 30
2551,2011,1104,Haldirams NGP Lite Chiwda Rs 10
2555,2014,1104,Haldirams NGP Lite Chiwda Rs 10
2557,2015,1104,Haldirams NGP Lite Chiwda Rs 10
2560,2019,600,Garden Mini Bhakarwadi Rs 10
2561,2022,2022,Swashray Methi Puri Rs 20
2574,2038,2038,Snackible Dipsters Cookies and Cream Dip Biscuit Sticks Rs 25
2579,2047,2047,Nourish Organics Lime Chia Bar Rs 60
2585,2052,2052,Elevate Granola Almonds and Seeds Rs 50
2593,4,4,Roasted Cereal - Wheat Jowar Bajra
2594,13,13,Cornitos Nachos - Cheese and Herbs
2595,17,17,McVities Digestive Rs 10
2596,146,109,Real Mixed Fruit Juice Rs 20
2609,331,331,Britannia Veg Cake Fruity Fun Rs 20
2611,338,130,Choco Chips Cookies
2616,359,359,Marodhi Gajak
2618,396,282,Too Yumm Veggie Stix Cheese & Herbs Rs 20
2624,433,169,Minute Maid Guava Rs 20
2645,823,799,Mr Makhana Cream & Onion
2647,825,825,Amul Masti Buttermilk Rs 12
2701,1605,282,Too Yumm Veggie Stix Cheese & Herbs Rs 20
2737,11,11,Mother Dairy Sweet Lassi
2741,796,796,Mother Dairy Chach Rs 12
2744,23,11,Mother Dairy Sweet Lassi
2749,36,36,Peanut-Gud Chikki
2772,493,493,Test Product
2776,827,395,Too Yum- Multigrain Chips
2789,534,38,Amul Masti Buttermilk Rs 10
2793,584,584,Fanta Can 180 ml Rs 25
2798,633,633,Max Protein-Spanish Tomato Rs 20
2831,745,745,Paper Boat Coconut Water pack of 16 Rs.640
2858,803,789,Knorr - Sweet Corn Soup Veg Rs.10
2862,840,840,Hershey's Chocolate Milk Shake Rs 35
2868,863,18,Red Bull Rs 115
2919,1535,1535,Mylab Covi Self COVID 19Rapid Antigen Self Test Kit 
2921,61,61,Paper Boat Lychee Ras Rs 20
2922,230,61,Paper Boat Lychee Ras Rs 20
2923,231,61,Paper Boat Lychee Ras Rs 20
2925,512,61,Paper Boat Lychee Ras Rs 20
2930,997,46,Paper Boat Coconut Water
2931,1300,61,Paper Boat Lychee Ras Rs 20
2932,1324,61,Paper Boat Lychee Ras Rs 20
2933,1325,61,Paper Boat Lychee Ras Rs 20
2934,600,600,Garden Mini Bhakarwadi Rs 10
2937,0,0,Unknown/Unmapped
2939,890,600,Garden Mini Bhakarwadi Rs 10
2940,1053,600,Garden Mini Bhakarwadi Rs 10
2942,1055,1054,Cavins Strawberry Milk Shake Rs 35
2943,1056,1054,Cavins Strawberry Milk Shake Rs 35
2944,1058,80,Cavin's Spiced ButterMilk
2946,1119,80,Cavin's Spiced ButterMilk
2951,828,401,Bingo - Potato Chips Masala
2952,844,401,Bingo - Potato Chips Masala
2981,115,114,Coke Regular Can Rs 35
2985,143,143,Minute Maid Mixed Fruit Rs 10
2987,170,170,Limca Can Rs 25
2991,203,203,Sprite Pop Can Rs 25
2993,848,318,Coke Zero
2998,585,185,Thums UP CHARGED Rs 20
2999,586,586,Coke Regular Pop Can Rs 25
3013,1120,1120,Fanta Can 
3014,1121,252,Thumps Up Can
3025,694,694,Frooti 
3033,1175,984,Appy 200ml Rs 15
3047,943,943,Havit Foods -Salted Soya Katori
3051,109,109,Real Mixed Fruit Juice Rs 20
3052,120,109,Real Mixed Fruit Juice Rs 20
3059,1333,109,Real Mixed Fruit Juice Rs 20
3067,132,132,Maggi Masala 
3069,690,690,Amul Lassi Rs 15
3070,1072,139,Nestle Classic Chocolate 
3072,1143,139,Nestle Classic Chocolate 
3075,1544,1383,Nestle Kitkat Rs 10
3077,1999,1301,Maggi Cuppa Noodles Masala 
3079,140,140,Cadbury Dairy Milk Rs 20
3083,646,172,Cadbury Fruit and Nut 
3112,0,0,Unknown/Unmapped
3115,1032,1032,Snickers Rs 40
3119,1467,1467, Snickers Fruit & Nut Rs 50
3138,896,896,Yoga Pulp Aloevera KiwiJuice Rs 30
3139,897,896,Yoga Pulp Aloevera KiwiJuice Rs 30
3140,399,130,Choco Chips Cookies
3143,1206,130,Choco Chips Cookies
3147,568,10,Mother Dairy Chach Rs 10
3149,663,331,Britannia Veg Cake Fruity Fun Rs 20
3153,794,678,Britannia Bourbon-Rs 10
3155,0,0,Unknown/Unmapped
3160,1026,678,Britannia Bourbon-Rs 10
3165,430,430,Haldiram's Moong Dal Rs 10 
3166,621,430,Haldiram's Moong Dal Rs 10 
3168,654,430,Haldiram's Moong Dal Rs 10 
3169,670,430,Haldiram's Moong Dal Rs 10 
3170,706,430,Haldiram's Moong Dal Rs 10 
3176,949,430,Haldiram's Moong Dal Rs 10 
3177,950,430,Haldiram's Moong Dal Rs 10 
3179,952,430,Haldiram's Moong Dal Rs 10 
3187,987,986,Haldiram's Chips Pudina Treat Rs 15 
3192,994,986,Haldiram's Chips Pudina Treat Rs 15 
3193,0,0,Unknown/Unmapped
3198,1105,430,Haldiram's Moong Dal Rs 10 
3216,935,935,Lays - American Style Cream and Onion 
3217,1241,935,Lays - American Style Cream and Onion 
3218,1242,935,Lays - American Style Cream and Onion 
3222,799,300,Himalayan Salt & Pepper Makhana
3230,478,478,Kit Kat Rs 25
3235,626,626,Opera - Potato Crisps
3295,501,501,Sirona Intimate Wipes
3298,518,518,Dettol Sanitizer
3309,541,282,Too Yumm Veggie Stix Cheese & Herbs Rs 20
3320,680,680,Cornitos Roasted Cashews Lightly Salted 
3327,1113,529,Doublemint
3330,1117,17,McVities Digestive Rs 10
3331,1118,17,McVities Digestive Rs 10
3341,1530,282,Too Yumm Veggie Stix Cheese & Herbs Rs 20
3344,1592,282,Too Yumm Veggie Stix Cheese & Herbs Rs 20
3345,1593,282,Too Yumm Veggie Stix Cheese & Herbs Rs 20
3351,1813,678,Britannia Bourbon-Rs 10
3352,1623,1623,Cadbury Dairy Milk Chocolate Rs 50
3436,957,493,Test Product
3437,959,493,Test Product
3438,960,493,Test Product
3446,1299,1299,Happy Bar Energy Snack Rs 40
3448,1726,1299,Happy Bar Energy Snack Rs 40
3449,1302,1302,Born Reborn Oats & Jowar Garlic Zen Rs 30
3452,1209,1209,Priniti Foods Spicy Masti Potato Chips Rs 10
3453,1210,1209,Priniti Foods Spicy Masti Potato Chips Rs 10
3769,1566,73,Cavin's Lassi
3772,1925,600,Garden Mini Bhakarwadi Rs 10
3778,1504,1504,Yoga Bar Chocolate Chunk Nut Rs 40
3779,1626,1504,Yoga Bar Chocolate Chunk Nut Rs 40
3780,1627,1627,Yoga Bar Breakfast Protein Blueberry Pie
3781,1749,1749,Cravova Classic Mojito Rs 50
3783,1944,1944,Cravova Peri Peri Roasted Peanuts Rs 25
3804,1777,1776,Open Secret Spicy Peanut Butter Rs 40
3815,2067,678,Britannia Bourbon-Rs 10
3816,1478,430,Haldiram's Moong Dal Rs 10 
3862,2083,2083,UJI Natural Coconut Water 200 ml 
3863,2082,1054,Cavins Strawberry Milk Shake Rs 35
3864,2061,331,Britannia Veg Cake Fruity Fun Rs 20
3865,2087,2087,Maggi Masala Single Pack Rs14
3872,2096,2096,Bikaji Moong Dal Rs 10
3873,2097,2097,Bikaji Kuch Kuch Rs 20
3876,2099,2097,Bikaji Kuch Kuch Rs 20
3883,2111,2096,Bikaji Moong Dal Rs 10
3890,2112,2096,Bikaji Moong Dal Rs 10
3892,2115,2115,Millet Bowl Protein Shake Chocolate Rs 70
3901,2117,2096,Bikaji Moong Dal Rs 10
3905,132,132,Maggi Masala 
3908,0,0,Unknown/Unmapped
3910,1143,139,Nestle Classic Chocolate 
3912,1301,306,Hazelnut Latte
3915,1999,1301,Maggi Cuppa Noodles Masala 
3916,896,896,Yoga Pulp Aloevera KiwiJuice Rs 30
3917,897,896,Yoga Pulp Aloevera KiwiJuice Rs 30
3918,430,430,Haldiram's Moong Dal Rs 10 
3919,621,430,Haldiram's Moong Dal Rs 10 
3920,622,430,Haldiram's Moong Dal Rs 10 
3921,654,430,Haldiram's Moong Dal Rs 10 
3925,852,430,Haldiram's Moong Dal Rs 10 
3928,925,430,Haldiram's Moong Dal Rs 10 
3930,950,430,Haldiram's Moong Dal Rs 10 
3932,952,430,Haldiram's Moong Dal Rs 10 
3938,985,430,Haldiram's Moong Dal Rs 10 
3941,988,430,Haldiram's Moong Dal Rs 10 
3943,990,430,Haldiram's Moong Dal Rs 10 
3944,991,401,Bingo - Potato Chips Masala
3945,994,986,Haldiram's Chips Pudina Treat Rs 15 
3946,1003,430,Haldiram's Moong Dal Rs 10 
3947,1071,430,Haldiram's Moong Dal Rs 10 
3949,1103,430,Haldiram's Moong Dal Rs 10 
3950,1104,430,Haldiram's Moong Dal Rs 10 
3951,1105,430,Haldiram's Moong Dal Rs 10 
3952,1106,430,Haldiram's Moong Dal Rs 10 
3953,1133,430,Haldiram's Moong Dal Rs 10 
3959,1207,430,Haldiram's Moong Dal Rs 10 
3964,2104,430,Haldiram's Moong Dal Rs 10 
3965,1608,1608,Makino Nacho Chips Jalapeno 
3966,1609,1608,Makino Nacho Chips Jalapeno 
3968,1626,1504,Yoga Bar Chocolate Chunk Nut Rs 40
3969,1627,1627,Yoga Bar Breakfast Protein Blueberry Pie
3980,17,17,McVities Digestive Rs 10
4011,61,61,Paper Boat Lychee Ras Rs 20
4012,72,72,Dried Banana Chips
4023,94,94,Maaza Tetrapack Rs 10
4024,95,95,Parle Appy Rs 10
4034,114,114,Coke Regular Can Rs 35
4045,151,24,Rajma-Chawal Combo
4056,203,203,Sprite Pop Can Rs 25
4061,230,61,Paper Boat Lychee Ras Rs 20
4062,231,61,Paper Boat Lychee Ras Rs 20
4073,282,282,Too Yumm Veggie Stix Cheese & Herbs Rs 20
4074,291,291,Lay's American style Cream & Onion Rs 10
4079,301,301,Nutri Choice Oats Cookies
4102,396,282,Too Yumm Veggie Stix Cheese & Herbs Rs 20
4122,433,169,Minute Maid Guava Rs 20
4131,478,478,Kit Kat Rs 25
4140,493,493,Test Product
4141,493,493,Test Product
4143,512,61,Paper Boat Lychee Ras Rs 20
4148,535,535,Kinley Water Bottle 
4149,541,282,Too Yumm Veggie Stix Cheese & Herbs Rs 20
4157,563,563,Vegetable Puff
4163,574,282,Too Yumm Veggie Stix Cheese & Herbs Rs 20
4164,575,575,Frooti Rs 10
4179,600,600,Garden Mini Bhakarwadi Rs 10
4180,604,282,Too Yumm Veggie Stix Cheese & Herbs Rs 20
4198,649,282,Too Yumm Veggie Stix Cheese & Herbs Rs 20
4200,663,331,Britannia Veg Cake Fruity Fun Rs 20
4202,668,668,Maaza Pet Bottle Rs 20
4216,689,95,Parle Appy Rs 10
4218,694,694,Frooti 
4236,732,732,Go Grub Peanut & Blueberry (Pack of 10) Rs. 450
4272,773,401,Bingo - Potato Chips Masala
4295,813,600,Garden Mini Bhakarwadi Rs 10
4296,814,814,Ritebite Sport Bar Almond Mocha
4300,823,799,Mr Makhana Cream & Onion
4305,828,401,Bingo - Potato Chips Masala
4309,831,282,Too Yumm Veggie Stix Cheese & Herbs Rs 20
4312,844,401,Bingo - Potato Chips Masala
4315,848,318,Coke Zero
4322,863,18,Red Bull Rs 115
4328,890,600,Garden Mini Bhakarwadi Rs 10
4329,891,814,Ritebite Sport Bar Almond Mocha
4335,902,693,Snickers
4338,920,318,Coke Zero
4345,929,929,Sprite750ml
4346,930,930,Spicy Testing Poha
4368,954,954,Parle G Biscuits Rs 5
4388,997,46,Paper Boat Coconut Water
4400,1023,1023,Britannia Chocolate Shake Rs 35
4420,1054,1054,Cavins Strawberry Milk Shake Rs 35
4421,1055,1054,Cavins Strawberry Milk Shake Rs 35
4422,1056,1054,Cavins Strawberry Milk Shake Rs 35
4423,1058,80,Cavin's Spiced ButterMilk
4424,1059,1059,Cavin's Spiced Butter Milk Rs 15
4426,1061,1061,Havit Vrat Special Potato Wafers
4430,1069,1069, Sunfeast Dark Fantasy Choco Fill Cookies Rs 10
4431,1070,1069, Sunfeast Dark Fantasy Choco Fill Cookies Rs 10
4432,2230,2230,Sunfeast Dark Fantasy Bourbon Rs20
4433,1073,109,Real Mixed Fruit Juice Rs 20
4437,1076,95,Parle Appy Rs 10
4441,1091,1091,Max Protein Desi Masala  Rs 40
4450,1113,493,Test Product
4454,1117,17,McVities Digestive Rs 10
4456,1119,1054,Cavins Strawberry Milk Shake Rs 35
4457,1120,1120,Fanta Can 
4458,1121,252,Thumps Up Can
4463,1128,799,Mr Makhana Cream & Onion
4470,1141,318,Coke Zero
4472,1145,401,Bingo - Potato Chips Masala
4495,1170,430,Haldiram's Moong Dal Rs 10 
4496,1170,430,Haldiram's Moong Dal Rs 10 
4497,1171,430,Haldiram's Moong Dal Rs 10 
4498,1172,430,Haldiram's Moong Dal Rs 10 
4499,1174,430,Haldiram's Moong Dal Rs 10 
4500,1175,984,Appy 200ml Rs 15
4501,1177,252,Thumps Up Can
4507,1184,401,Bingo - Potato Chips Masala
4508,1185,430,Haldiram's Moong Dal Rs 10 
4518,1216,846,Kelloggs Chocos
4522,1230,929,Sprite750ml
4527,1241,935,Lays - American Style Cream and Onion 
4528,1242,935,Lays - American Style Cream and Onion 
4545,1273,1273,Shunya Go Mix Fruit Mania Rs 60
4546,1274,1273,Shunya Go Mix Fruit Mania Rs 60
4553,1292,935,Lays - American Style Cream and Onion 
4554,1293,401,Bingo - Potato Chips Masala
4559,1298,430,Haldiram's Moong Dal Rs 10 
4561,1300,61,Paper Boat Lychee Ras Rs 20
4562,1302,1302,Born Reborn Oats & Jowar Garlic Zen Rs 30
4563,1303,1302,Born Reborn Oats & Jowar Garlic Zen Rs 30
4566,1315,678,Britannia Bourbon-Rs 10
4570,1324,61,Paper Boat Lychee Ras Rs 20
4571,1325,61,Paper Boat Lychee Ras Rs 20
4574,1336,941,MTR - Vegetable Upma
4581,0,0,Unknown/Unmapped
4587,1485,395,Too Yum- Multigrain Chips
4592,1498,430,Haldiram's Moong Dal Rs 10 
4596,1530,282,Too Yumm Veggie Stix Cheese & Herbs Rs 20
4597,1535,1535,Mylab Covi Self COVID 19Rapid Antigen Self Test Kit 
4606,1551,1170,Haldirams NGP Salted Peanut 
4609,1562,896,Yoga Pulp Aloevera KiwiJuice Rs 30
4610,1563,896,Yoga Pulp Aloevera KiwiJuice Rs 30
4612,1581,678,Britannia Bourbon-Rs 10
4619,1591,282,Too Yumm Veggie Stix Cheese & Herbs Rs 20
4620,1592,282,Too Yumm Veggie Stix Cheese & Herbs Rs 20
4621,1593,282,Too Yumm Veggie Stix Cheese & Herbs Rs 20
4625,1605,282,Too Yumm Veggie Stix Cheese & Herbs Rs 20
4626,1606,1606,BRB Popped Potato Chips Pasta Cheese 
4627,1607,1606,BRB Popped Potato Chips Pasta Cheese 
4628,1622,1606,BRB Popped Potato Chips Pasta Cheese 
4629,1624,1606,BRB Popped Potato Chips Pasta Cheese 
4654,1725,1725,Happy Bar Sport Protein Rs60
4655,1726,1299,Happy Bar Energy Snack Rs 40
4673,1805,1805,Woot Woot Popcorn Classic Butter Rs10
4675,1807,1807,Nescafe Chilled Latte Rs 40
4687,1885,1606,BRB Popped Potato Chips Pasta Cheese 
4691,1956,663,Britannia Veg Cake Chocolate Rs 20
4692,1957,1805,Woot Woot Popcorn Classic Butter Rs10
4700,2026,629,Baked Bhakri
4701,2027,2027,Sunfeast Dark Fantasy Chocolate Shake Rs35
4710,2064,2064,Sunfeast All Rounder Rs25
4712,2087,2087,Maggi Masala Single Pack Rs14
4714,2121,493,Test Product
4716,2127,2127,Ultrapop Popcorn Cheese Rs 20
4751,2159,430,Haldiram's Moong Dal Rs 10 
4763,891,814,Ritebite Sport Bar Almond Mocha
4766,814,814,Ritebite Sport Bar Almond Mocha
4767,1119,1054,Cavins Strawberry Milk Shake Rs 35
4912,170,170,Limca Can Rs 25
4922,584,584,Fanta Can 180 ml Rs 25
4923,585,185,Thums UP CHARGED Rs 20
4924,586,586,Coke Regular Pop Can Rs 25
4936,941,941,MTR - Vegetable Upma
4950,1206,130,Choco Chips Cookies
4958,1504,1504,Yoga Bar Chocolate Chunk Nut Rs 40
4959,1626,1504,Yoga Bar Chocolate Chunk Nut Rs 40
4961,1884,1606,BRB Popped Potato Chips Pasta Cheese 
4964,94,94,Maaza Tetrapack Rs 10
4967,2165,493,Test Product
4968,2166,493,Test Product
4969,1584,1376,Real Bites Farali Wafers Rs 10
4970,1307,320,Unibic Choco Hazelnut Cookies Rs 10
4974,1741,430,Haldiram's Moong Dal Rs 10 
5017,2212,331,Britannia Veg Cake Fruity Fun Rs 20
5020,2213,331,Britannia Veg Cake Fruity Fun Rs 20
5037,13,13,Cornitos Nachos - Cheese and Herbs
5038,15,15,Vermicelli Upma
5041,18,18,Red Bull Rs 115
5050,24,24,Rajma-Chawal Combo
5057,31,24,Rajma-Chawal Combo
5062,33,33,Kadi Pakora with Steamed Rice
5069,38,38,Amul Masti Buttermilk Rs 10
5077,46,46,Paper Boat Coconut Water
5098,61,61,Paper Boat Lychee Ras Rs 20
5112,80,80,Cavin's Spiced ButterMilk
5125,94,94,Maaza Tetrapack Rs 10
5126,95,95,Parle Appy Rs 10
5138,109,109,Real Mixed Fruit Juice Rs 20
5149,115,114,Coke Regular Can Rs 35
5152,122,82,Paper Boat Alphonso Aam Rs 25
5153,123,82,Paper Boat Alphonso Aam Rs 25
5154,124,124,Sprite Rs 20
5155,125,125,Fanta Pet 250ml Rs 20
5156,125,125,Fanta Pet 250ml Rs 20
5157,126,126,Coke Regular Pet 250ml Rs 20
5160,132,132,Maggi Masala 
5161,0,0,Unknown/Unmapped
5162,136,109,Real Mixed Fruit Juice Rs 20
5167,140,140,Cadbury Dairy Milk Rs 20
5169,143,143,Minute Maid Mixed Fruit Rs 10
5172,0,0,Unknown/Unmapped
5174,151,24,Rajma-Chawal Combo
5182,170,170,Limca Can Rs 25
5184,172,172,Cadbury Fruit and Nut 
5186,177,177,Minute Maid Pulpy Orange
5199,203,203,Sprite Pop Can Rs 25
5205,215,215,Besan Cheela with Bread Butter
5223,253,253,Nescafe Chilled Latte 
5236,0,0,Unknown/Unmapped
5243,0,0,Unknown/Unmapped
5244,290,290,Kurkure Masala Munch 
5245,291,291,Lay's American style Cream & Onion Rs 10
5249,296,291,Lay's American style Cream & Onion Rs 10
5250,296,291,Lay's American style Cream & Onion Rs 10
5260,307,215,Besan Cheela with Bread Butter
5268,316,169,Minute Maid Guava Rs 20
5281,331,331,Britannia Veg Cake Fruity Fun Rs 20
5313,392,392,Test
5316,396,282,Too Yumm Veggie Stix Cheese & Herbs Rs 20
5324,408,282,Too Yumm Veggie Stix Cheese & Herbs Rs 20
5344,430,430,Haldiram's Moong Dal Rs 10 
5346,433,169,Minute Maid Guava Rs 20
5347,434,434,Uncle Chips - Spicy Treat
5371,478,478,Kit Kat Rs 25
5383,491,13,Cornitos Nachos - Cheese and Herbs
5386,493,493,Test Product
5403,541,282,Too Yumm Veggie Stix Cheese & Herbs Rs 20
5404,542,542,Limca 250ml Pet Rs 20
5420,572,24,Rajma-Chawal Combo
5423,575,575,Frooti Rs 10
5431,585,185,Thums UP CHARGED Rs 20
5432,586,586,Coke Regular Pop Can Rs 25
5445,599,291,Lay's American style Cream & Onion Rs 10
5446,599,291,Lay's American style Cream & Onion Rs 10
5447,600,600,Garden Mini Bhakarwadi Rs 10
5460,621,430,Haldiram's Moong Dal Rs 10 
5461,622,430,Haldiram's Moong Dal Rs 10 
5479,646,172,Cadbury Fruit and Nut 
5485,663,663,Britannia Veg Cake Chocolate Rs 20
5491,670,430,Haldiram's Moong Dal Rs 10 
5499,678,678,Britannia Bourbon-Rs 10
5510,690,690,Amul Lassi Rs 15
5511,691,691,Britannia Chocolate Shake Rs 30 
5516,699,699,Aloo Bread Toast
5518,701,297,Sabudana Khichdi
5520,703,15,Vermicelli Upma
5523,706,430,Haldiram's Moong Dal Rs 10 
5524,707,291,Lay's American style Cream & Onion Rs 10
5525,707,291,Lay's American style Cream & Onion Rs 10
5577,764,764,Amul Milk Chocolate Rs 25
5579,766,766,Amul Rose Lassi Rs 20 
5592,783,690,Amul Lassi Rs 15
5594,785,33,Kadi Pakora with Steamed Rice
5596,786,786,Maa-Chana Daal Rice Comboo
5605,794,678,Britannia Bourbon-Rs 10
5606,795,291,Lay's American style Cream & Onion Rs 10
5607,795,291,Lay's American style Cream & Onion Rs 10
5612,804,769,Cadbury Dairy Milk Rs.10
5616,812,600,Garden Mini Bhakarwadi Rs 10
5621,820,766,Amul Rose Lassi Rs 20 
5623,822,331,Britannia Veg Cake Fruity Fun Rs 20
5624,823,799,Mr Makhana Cream & Onion
5626,825,825,Amul Masti Buttermilk Rs 12
5631,830,331,Britannia Veg Cake Fruity Fun Rs 20
5632,830,663,Britannia Veg Cake Chocolate Rs 20
5633,831,282,Too Yumm Veggie Stix Cheese & Herbs Rs 20
5647,848,318,Coke Zero
5659,863,18,Red Bull Rs 115
5664,878,825,Amul Masti Buttermilk Rs 12
5666,887,690,Amul Lassi Rs 15
5668,890,600,Garden Mini Bhakarwadi Rs 10
5672,893,430,Haldiram's Moong Dal Rs 10 
5673,894,678,Britannia Bourbon-Rs 10
5674,895,895,Britannia Little Hearts- Rs20
5676,902,693,Snickers
5681,920,318,Coke Zero
5684,925,430,Haldiram's Moong Dal Rs 10 
5699,943,1,Soya Masala Snacker
5707,947,935,Lays - American Style Cream and Onion 
5708,947,935,Lays - American Style Cream and Onion 
5709,949,430,Haldiram's Moong Dal Rs 10 
5710,950,430,Haldiram's Moong Dal Rs 10 
5712,952,430,Haldiram's Moong Dal Rs 10 
5713,953,95,Parle Appy Rs 10
5736,980,430,Haldiram's Moong Dal Rs 10 
5747,991,401,Bingo - Potato Chips Masala
5750,993,769,Cadbury Dairy Milk Rs.10
5754,997,46,Paper Boat Coconut Water
5756,998,998,Amul Butter Cookies Coconut Rs 20
5760,1003,430,Haldiram's Moong Dal Rs 10 
5769,1016,769,Cadbury Dairy Milk Rs.10
5771,0,0,Unknown/Unmapped
5775,1026,678,Britannia Bourbon-Rs 10
5798,1056,1054,Cavins Strawberry Milk Shake Rs 35
5799,1058,80,Cavin's Spiced ButterMilk
5800,1059,1059,Cavin's Spiced Butter Milk Rs 15
5810,0,0,Unknown/Unmapped
5811,0,0,Unknown/Unmapped
5812,1074,1069, Sunfeast Dark Fantasy Choco Fill Cookies Rs 10
5813,1076,95,Parle Appy Rs 10
5819,1089,95,Parle Appy Rs 10
5826,1104,430,Haldiram's Moong Dal Rs 10 
5827,1105,430,Haldiram's Moong Dal Rs 10 
5836,0,0,Unknown/Unmapped
5839,0,0,Unknown/Unmapped
5847,1134,430,Haldiram's Moong Dal Rs 10 
5850,1141,318,Coke Zero
5852,0,0,Unknown/Unmapped
5857,1150,430,Haldiram's Moong Dal Rs 10 
5870,1170,430,Haldiram's Moong Dal Rs 10 
5872,1172,430,Haldiram's Moong Dal Rs 10 
5881,1192,1192,Coca Cola Kinley 300ml Rs 8
5889,1230,929,Sprite750ml
5898,1241,935,Lays - American Style Cream and Onion 
5899,1242,935,Lays - American Style Cream and Onion 
5929,1292,935,Lays - American Style Cream and Onion 
5931,1300,61,Paper Boat Lychee Ras Rs 20
5937,1315,678,Britannia Bourbon-Rs 10
5965,1432,678,Britannia Bourbon-Rs 10
5981,1457,320,Unibic Choco Hazelnut Cookies Rs 10
5994,1475,430,Haldiram's Moong Dal Rs 10 
6015,0,0,Unknown/Unmapped
6019,1544,1383,Nestle Kitkat Rs 10
6032,1577,1048,Balaji Wafers Pizzy Masala Rs 10
6035,1580,1069, Sunfeast Dark Fantasy Choco Fill Cookies Rs 10
6036,1581,678,Britannia Bourbon-Rs 10
6042,1585,430,Haldiram's Moong Dal Rs 10 
6048,1592,282,Too Yumm Veggie Stix Cheese & Herbs Rs 20
6049,1593,282,Too Yumm Veggie Stix Cheese & Herbs Rs 20
6050,1605,282,Too Yumm Veggie Stix Cheese & Herbs Rs 20
6052,1623,1623,Cadbury Dairy Milk Chocolate Rs 50
6055,1636,1636,Kurkure Solid Masti Rs 20
6058,1639,430,Haldiram's Moong Dal Rs 10 
6060,1655,1383,Nestle Kitkat Rs 10
6072,1690,766,Amul Rose Lassi Rs 20 
6081,1742,663,Britannia Veg Cake Chocolate Rs 20
6091,1807,1807,Nescafe Chilled Latte Rs 40
6093,1813,678,Britannia Bourbon-Rs 10
6119,1850,766,Amul Rose Lassi Rs 20 
6120,1851,766,Amul Rose Lassi Rs 20 
6162,1937,1937,Amul Dark Chocolate Rs 25
6183,1979,935,Lays - American Style Cream and Onion 
6190,1999,1301,Maggi Cuppa Noodles Masala 
6196,2121,493,Test Product
6197,2209,61,Paper Boat Lychee Ras Rs 20
6198,2216,2216,Frussh Mango Orange Juice Rs 40
6203,2222,2222,Frussh Alphonso Mango Juice Rs 40 
6204,2224,493,Test Product
6210,2211,1302,Born Reborn Oats & Jowar Garlic Zen Rs 30
6211,2210,1302,Born Reborn Oats & Jowar Garlic Zen Rs 30
6217,2239,1623,Cadbury Dairy Milk Chocolate Rs 50
6218,2239,1623,Cadbury Dairy Milk Chocolate Rs 50
6219,2233,1302,Born Reborn Oats & Jowar Garlic Zen Rs 30
6220,2232,1302,Born Reborn Oats & Jowar Garlic Zen Rs 30
6246,1003,430,Haldiram's Moong Dal Rs 10 
6248,1016,769,Cadbury Dairy Milk Rs.10
6251,1026,678,Britannia Bourbon-Rs 10
6262,1065,1048,Balaji Wafers Pizzy Masala Rs 10
6265,1071,430,Haldiram's Moong Dal Rs 10 
6266,1071,430,Haldiram's Moong Dal Rs 10 
6277,1103,430,Haldiram's Moong Dal Rs 10 
6278,1104,430,Haldiram's Moong Dal Rs 10 
6279,1104,430,Haldiram's Moong Dal Rs 10 
6280,1105,430,Haldiram's Moong Dal Rs 10 
6281,1105,430,Haldiram's Moong Dal Rs 10 
6294,0,0,Unknown/Unmapped
6303,1133,430,Haldiram's Moong Dal Rs 10 
6304,1134,430,Haldiram's Moong Dal Rs 10 
6309,1147,430,Haldiram's Moong Dal Rs 10 
6313,1150,430,Haldiram's Moong Dal Rs 10 
6318,1170,430,Haldiram's Moong Dal Rs 10 
6319,1170,430,Haldiram's Moong Dal Rs 10 
6320,1170,430,Haldiram's Moong Dal Rs 10 
6321,1171,430,Haldiram's Moong Dal Rs 10 
6322,1172,430,Haldiram's Moong Dal Rs 10 
6323,1172,430,Haldiram's Moong Dal Rs 10 
6324,1174,430,Haldiram's Moong Dal Rs 10 
6325,1174,430,Haldiram's Moong Dal Rs 10 
6326,1178,430,Haldiram's Moong Dal Rs 10 
6331,1185,430,Haldiram's Moong Dal Rs 10 
6338,1206,130,Choco Chips Cookies
6339,1207,430,Haldiram's Moong Dal Rs 10 
6346,122,82,Paper Boat Alphonso Aam Rs 25
6359,124,124,Sprite Rs 20
6361,125,125,Fanta Pet 250ml Rs 20
6365,126,126,Coke Regular Pet 250ml Rs 20
6369,1271,331,Britannia Veg Cake Fruity Fun Rs 20
6378,1292,935,Lays - American Style Cream and Onion 
6379,1298,430,Haldiram's Moong Dal Rs 10 
6380,1298,430,Haldiram's Moong Dal Rs 10 
6381,1299,1299,Happy Bar Energy Snack Rs 40
6383,1300,61,Paper Boat Lychee Ras Rs 20
6384,1300,61,Paper Boat Lychee Ras Rs 20
6389,1308,130,Choco Chips Cookies
6393,1315,678,Britannia Bourbon-Rs 10
6402,1326,130,Choco Chips Cookies
6403,1326,130,Choco Chips Cookies
6412,1336,941,MTR - Vegetable Upma
6419,1376,1376,Real Bites Farali Wafers Rs 10
6420,1377,1376,Real Bites Farali Wafers Rs 10
6421,1378,1376,Real Bites Farali Wafers Rs 10
6422,1379,1376,Real Bites Farali Wafers Rs 10
6423,1380,430,Haldiram's Moong Dal Rs 10 
6424,1381,95,Parle Appy Rs 10
6425,1383,1383,Nestle Kitkat Rs 10
6427,140,140,Cadbury Dairy Milk Rs 20
6430,1425,678,Britannia Bourbon-Rs 10
6433,1432,678,Britannia Bourbon-Rs 10
6434,1433,1048,Balaji Wafers Pizzy Masala Rs 10
6442,1450,542,Limca 250ml Pet Rs 20
6445,1454,320,Unibic Choco Hazelnut Cookies Rs 10
6446,1455,320,Unibic Choco Hazelnut Cookies Rs 10
6447,1456,320,Unibic Choco Hazelnut Cookies Rs 10
6448,1457,320,Unibic Choco Hazelnut Cookies Rs 10
6449,1458,1376,Real Bites Farali Wafers Rs 10
6450,1459,1376,Real Bites Farali Wafers Rs 10
6451,146,109,Real Mixed Fruit Juice Rs 20
6452,1460,766,Amul Rose Lassi Rs 20 
6455,1467,1467, Snickers Fruit & Nut Rs 50
6458,1471,1048,Balaji Wafers Pizzy Masala Rs 10
6459,1472,1048,Balaji Wafers Pizzy Masala Rs 10
6461,1474,320,Unibic Choco Hazelnut Cookies Rs 10
6462,1475,430,Haldiram's Moong Dal Rs 10 
6464,1477,320,Unibic Choco Hazelnut Cookies Rs 10
6475,1492,430,Haldiram's Moong Dal Rs 10 
6479,1507,1376,Real Bites Farali Wafers Rs 10
6480,1508,1376,Real Bites Farali Wafers Rs 10
6481,1511,1467, Snickers Fruit & Nut Rs 50
6482,1520,1376,Real Bites Farali Wafers Rs 10
6483,1521,1376,Real Bites Farali Wafers Rs 10
6484,1522,1376,Real Bites Farali Wafers Rs 10
6485,1523,1376,Real Bites Farali Wafers Rs 10
6486,1524,1376,Real Bites Farali Wafers Rs 10
6487,1525,1376,Real Bites Farali Wafers Rs 10
6488,1526,1376,Real Bites Farali Wafers Rs 10
6489,1527,1376,Real Bites Farali Wafers Rs 10
6490,1537,1376,Real Bites Farali Wafers Rs 10
6491,1538,1376,Real Bites Farali Wafers Rs 10
6492,1539,95,Parle Appy Rs 10
6497,1544,1383,Nestle Kitkat Rs 10
6499,1548,1376,Real Bites Farali Wafers Rs 10
6501,1552,1376,Real Bites Farali Wafers Rs 10
6505,1556,690,Amul Lassi Rs 15
6507,1572,1048,Balaji Wafers Pizzy Masala Rs 10
6511,1576,1048,Balaji Wafers Pizzy Masala Rs 10
6512,1577,1048,Balaji Wafers Pizzy Masala Rs 10
6513,1578,1048,Balaji Wafers Pizzy Masala Rs 10
6516,1580,1069, Sunfeast Dark Fantasy Choco Fill Cookies Rs 10
6518,1581,678,Britannia Bourbon-Rs 10
6519,1581,678,Britannia Bourbon-Rs 10
6523,1584,1376,Real Bites Farali Wafers Rs 10
6525,1586,1376,Real Bites Farali Wafers Rs 10
6535,1606,1606,BRB Popped Potato Chips Pasta Cheese 
6536,1607,1606,BRB Popped Potato Chips Pasta Cheese 
6537,1608,1608,Makino Nacho Chips Jalapeno 
6538,1609,1608,Makino Nacho Chips Jalapeno 
6539,1610,629,Baked Bhakri
6543,1624,1606,BRB Popped Potato Chips Pasta Cheese 
6550,1634,1048,Balaji Wafers Pizzy Masala Rs 10
6551,1635,1048,Balaji Wafers Pizzy Masala Rs 10
6555,1639,430,Haldiram's Moong Dal Rs 10 
6567,1656,678,Britannia Bourbon-Rs 10
6573,1664,430,Haldiram's Moong Dal Rs 10 
6574,1668,1668,7up Rs20
6577,1686,678,Britannia Bourbon-Rs 10
6583,1692,430,Haldiram's Moong Dal Rs 10 
6585,1694,1694,Fizz Jeera Masala Rs 12
6593,1708,1708,Mirinda Orange Rs20
6601,1741,430,Haldiram's Moong Dal Rs 10 
6604,1752,313,Paperboat Chikki
6611,1799,474,Snickers Almond Rs 25
6613,1800,1048,Balaji Wafers Pizzy Masala Rs 10
6614,1801,1048,Balaji Wafers Pizzy Masala Rs 10
6620,1822,678,Britannia Bourbon-Rs 10
6621,1823,678,Britannia Bourbon-Rs 10
6626,1829,1048,Balaji Wafers Pizzy Masala Rs 10
6636,1839,769,Cadbury Dairy Milk Rs.10
6655,0,0,Unknown/Unmapped
6676,1885,1606,BRB Popped Potato Chips Pasta Cheese 
6677,1885,1606,BRB Popped Potato Chips Pasta Cheese 
6680,189,185,Thums UP CHARGED Rs 20
6685,1929,331,Britannia Veg Cake Fruity Fun Rs 20
6686,1930,691,Britannia Chocolate Shake Rs 30 
6687,1931,663,Britannia Veg Cake Chocolate Rs 20
6688,1932,331,Britannia Veg Cake Fruity Fun Rs 20
6689,1934,1934,CocaCola Rim Zim Masala Jeera Rs 10
6692,1938,493,Test Product
6693,1939,1048,Balaji Wafers Pizzy Masala Rs 10
6696,1954,331,Britannia Veg Cake Fruity Fun Rs 20
6698,1956,663,Britannia Veg Cake Chocolate Rs 20
6699,1959,1959,Snickers Rs 20
6700,196,196,Cadbury Dairy Milk Rs 40
6701,1960,678,Britannia Bourbon-Rs 10
6704,1964,693,Snickers
6705,1964,693,Snickers
6712,1972,1972,Storia Coconut Water Rs 35
6722,1982,1467, Snickers Fruit & Nut Rs 50
6723,1983,278,Unibic Chocolate Cookies
6724,1984,278,Unibic Chocolate Cookies
6737,2016,2016,Haldirams NGP Punjabi Tadka Rs 35
6744,2121,493,Test Product
6755,230,61,Paper Boat Lychee Ras Rs 20
6756,230,61,Paper Boat Lychee Ras Rs 20
6757,231,61,Paper Boat Lychee Ras Rs 20
6758,231,61,Paper Boat Lychee Ras Rs 20
6766,254,169,Minute Maid Guava Rs 20
6772,261,261,McVitie's Digestive Biscuits
6782,291,291,Lay's American style Cream & Onion Rs 10
6786,296,291,Lay's American style Cream & Onion Rs 10
6800,313,313,Paperboat Chikki
6804,320,320,Unibic Choco Hazelnut Cookies Rs 10
6813,331,331,Britannia Veg Cake Fruity Fun Rs 20
6861,40,7,Healthy Vegetable Poha
6862,401,401,Bingo - Potato Chips Masala
6863,402,401,Bingo - Potato Chips Masala
6890,430,430,Haldiram's Moong Dal Rs 10 
6924,493,493,Test Product
6925,493,493,Test Product
6930,512,61,Paper Boat Lychee Ras Rs 20
6935,522,13,Cornitos Nachos - Cheese and Herbs
6961,575,575,Frooti Rs 10
6975,599,291,Lay's American style Cream & Onion Rs 10
6980,61,61,Paper Boat Lychee Ras Rs 20
6981,61,61,Paper Boat Lychee Ras Rs 20
6985,622,430,Haldiram's Moong Dal Rs 10 
6991,663,331,Britannia Veg Cake Fruity Fun Rs 20
6992,663,331,Britannia Veg Cake Fruity Fun Rs 20
6993,668,668,Maaza Pet Bottle Rs 20
6999,678,678,Britannia Bourbon-Rs 10
7000,678,678,Britannia Bourbon-Rs 10
7002,680,680,Cornitos Roasted Cashews Lightly Salted 
7005,682,680,Cornitos Roasted Cashews Lightly Salted 
7016,706,430,Haldiram's Moong Dal Rs 10 
7019,714,291,Lay's American style Cream & Onion Rs 10
7026,764,764,Amul Milk Chocolate Rs 25
7028,769,769,Cadbury Dairy Milk Rs.10
7047,815,691,Britannia Chocolate Shake Rs 30 
7051,822,331,Britannia Veg Cake Fruity Fun Rs 20
7068,859,859,Cookies Kiddie Rs.90
7091,894,678,Britannia Bourbon-Rs 10
7095,925,430,Haldiram's Moong Dal Rs 10 
7102,941,941,MTR - Vegetable Upma
7120,957,493,Test Product
7144,981,430,Haldiram's Moong Dal Rs 10 
7146,985,430,Haldiram's Moong Dal Rs 10 
7149,988,430,Haldiram's Moong Dal Rs 10 
7150,989,430,Haldiram's Moong Dal Rs 10 
7151,990,430,Haldiram's Moong Dal Rs 10 
7161,997,46,Paper Boat Coconut Water
7165,2267,430,Haldiram's Moong Dal Rs 10 
7171,2273,61,Paper Boat Lychee Ras Rs 20
7178,10,10,Mother Dairy Chach Rs 10
7192,1017,252,Thumps Up Can
7193,1023,1023,Britannia Chocolate Shake Rs 35
7196,1026,678,Britannia Bourbon-Rs 10
7201,1032,1032,Snickers Rs 40
7202,1032,1032,Snickers Rs 40
7217,1054,1054,Cavins Strawberry Milk Shake Rs 35
7221,1059,1059,Cavin's Spiced Butter Milk Rs 15
7230,1069,1069, Sunfeast Dark Fantasy Choco Fill Cookies Rs 10
7232,1070,1069, Sunfeast Dark Fantasy Choco Fill Cookies Rs 10
7234,1071,430,Haldiram's Moong Dal Rs 10 
7235,1071,430,Haldiram's Moong Dal Rs 10 
7240,1075,814,Ritebite Sport Bar Almond Mocha
7256,1104,430,Haldiram's Moong Dal Rs 10 
7268,1113,529,Doublemint
7272,1117,17,McVities Digestive Rs 10
7276,1120,1120,Fanta Can 
7277,1120,1120,Fanta Can 
7278,1121,252,Thumps Up Can
7279,1121,252,Thumps Up Can
7284,1127,824,Mr Makhana Piri Piri Rs 35
7286,1128,799,Mr Makhana Cream & Onion
7292,1133,430,Haldiram's Moong Dal Rs 10 
7295,114,114,Coke Regular Can Rs 35
7297,1141,318,Coke Zero
7299,1143,139,Nestle Classic Chocolate 
7301,1145,401,Bingo - Potato Chips Masala
7328,1170,430,Haldiram's Moong Dal Rs 10 
7329,1170,430,Haldiram's Moong Dal Rs 10 
7330,1170,430,Haldiram's Moong Dal Rs 10 
7331,1171,430,Haldiram's Moong Dal Rs 10 
7332,1172,430,Haldiram's Moong Dal Rs 10 
7333,1172,430,Haldiram's Moong Dal Rs 10 
7334,1174,430,Haldiram's Moong Dal Rs 10 
7335,1174,430,Haldiram's Moong Dal Rs 10 
7336,1175,984,Appy 200ml Rs 15
7345,1185,430,Haldiram's Moong Dal Rs 10 
7354,1196,401,Bingo - Potato Chips Masala
7357,1206,130,Choco Chips Cookies
7359,1216,846,Kelloggs Chocos
7360,122,82,Paper Boat Alphonso Aam Rs 25
7364,123,82,Paper Boat Alphonso Aam Rs 25
7365,1230,929,Sprite750ml
7373,1241,935,Lays - American Style Cream and Onion 
7374,1242,935,Lays - American Style Cream and Onion 
7383,1255,474,Snickers Almond Rs 25
7384,1255,474,Snickers Almond Rs 25
7390,126,126,Coke Regular Pet 250ml Rs 20
7410,1292,935,Lays - American Style Cream and Onion 
7411,1293,401,Bingo - Potato Chips Masala
7412,1298,430,Haldiram's Moong Dal Rs 10 
7413,1298,430,Haldiram's Moong Dal Rs 10 
7416,1300,61,Paper Boat Lychee Ras Rs 20
7417,1300,61,Paper Boat Lychee Ras Rs 20
7418,1301,306,Hazelnut Latte
7423,1308,130,Choco Chips Cookies
7428,1315,678,Britannia Bourbon-Rs 10
7429,1317,395,Too Yum- Multigrain Chips
7431,132,132,Maggi Masala 
7432,1324,61,Paper Boat Lychee Ras Rs 20
7434,1325,61,Paper Boat Lychee Ras Rs 20
7436,1326,130,Choco Chips Cookies
7437,1326,130,Choco Chips Cookies
7441,1336,941,MTR - Vegetable Upma
7453,1380,430,Haldiram's Moong Dal Rs 10 
7457,140,140,Cadbury Dairy Milk Rs 20
7464,1432,678,Britannia Bourbon-Rs 10
7469,1441,401,Bingo - Potato Chips Masala
7479,1455,320,Unibic Choco Hazelnut Cookies Rs 10
7480,1456,320,Unibic Choco Hazelnut Cookies Rs 10
7489,1467,1467, Snickers Fruit & Nut Rs 50
7490,1467,1467, Snickers Fruit & Nut Rs 50
7496,1473,320,Unibic Choco Hazelnut Cookies Rs 10
7498,1475,430,Haldiram's Moong Dal Rs 10 
7501,1478,430,Haldiram's Moong Dal Rs 10 
7503,1479,395,Too Yum- Multigrain Chips
7504,1479,395,Too Yum- Multigrain Chips
7506,1480,395,Too Yum- Multigrain Chips
7507,1481,395,Too Yum- Multigrain Chips
7508,1482,984,Appy 200ml Rs 15
7509,1483,1483,Coke Regular Pet 600ml Rs 38
7510,1484,1484,Haldiram Matka JhatkaRs12
7535,1530,282,Too Yumm Veggie Stix Cheese & Herbs Rs 20
7542,1542,1542,Cup Noodles
7545,1545,320,Unibic Choco Hazelnut Cookies Rs 10
7549,1551,1170,Haldirams NGP Salted Peanut 
7555,1557,139,Nestle Classic Chocolate 
7556,1562,896,Yoga Pulp Aloevera KiwiJuice Rs 30
7580,1591,282,Too Yumm Veggie Stix Cheese & Herbs Rs 20
7581,1592,282,Too Yumm Veggie Stix Cheese & Herbs Rs 20
7582,1593,282,Too Yumm Veggie Stix Cheese & Herbs Rs 20
7587,1602,95,Parle Appy Rs 10
7588,1605,282,Too Yumm Veggie Stix Cheese & Herbs Rs 20
7589,1608,1608,Makino Nacho Chips Jalapeno 
7590,1609,1608,Makino Nacho Chips Jalapeno 
7592,1622,1606,BRB Popped Potato Chips Pasta Cheese 
7593,1624,1606,BRB Popped Potato Chips Pasta Cheese 
7604,1638,1059,Cavin's Spiced Butter Milk Rs 15
7605,1639,430,Haldiram's Moong Dal Rs 10 
7619,1657,1048,Balaji Wafers Pizzy Masala Rs 10
7626,1669,95,Parle Appy Rs 10
7627,1670,395,Too Yum- Multigrain Chips
7635,1692,430,Haldiram's Moong Dal Rs 10 
7638,17,17,McVities Digestive Rs 10
7650,1729,814,Ritebite Sport Bar Almond Mocha
7654,1741,430,Haldiram's Moong Dal Rs 10 
7655,1742,663,Britannia Veg Cake Chocolate Rs 20
7656,1743,1743,Act 2 Popcorn Butter
7662,1752,313,Paperboat Chikki
7670,1799,474,Snickers Almond Rs 25
7672,18,18,Red Bull Rs 115
7676,1803,799,Mr Makhana Cream & Onion
7694,1832,61,Paper Boat Lychee Ras Rs 20
7696,1834,139,Nestle Classic Chocolate 
7698,1836,769,Cadbury Dairy Milk Rs.10
7701,1839,769,Cadbury Dairy Milk Rs.10
7721,1858,1069, Sunfeast Dark Fantasy Choco Fill Cookies Rs 10
7748,1885,1606,BRB Popped Potato Chips Pasta Cheese 
7763,1931,663,Britannia Veg Cake Chocolate Rs 20
7764,0,0,Unknown/Unmapped
7768,1938,493,Test Product
7774,1956,663,Britannia Veg Cake Chocolate Rs 20
7777,1959,1959,Snickers Rs 20
7778,1959,1959,Snickers Rs 20
7780,1960,678,Britannia Bourbon-Rs 10
7782,1964,693,Snickers
7795,1979,935,Lays - American Style Cream and Onion 
7798,1981,474,Snickers Almond Rs 25
7799,1982,1467, Snickers Fruit & Nut Rs 50
7800,1983,278,Unibic Chocolate Cookies
7804,1988,1988,Nutritius Crunchy Peanut Chikki Rs10
7805,1989,395,Too Yum- Multigrain Chips
7808,1999,1301,Maggi Cuppa Noodles Masala 
7819,203,203,Sprite Pop Can Rs 25
7821,2062,1494,Britannia Treat Croissant Vanilla Rs15
7827,2104,430,Haldiram's Moong Dal Rs 10 
7828,2121,493,Test Product
7838,230,61,Paper Boat Lychee Ras Rs 20
7839,230,61,Paper Boat Lychee Ras Rs 20
7881,296,291,Lay's American style Cream & Onion Rs 10
7902,313,313,Paperboat Chikki
7963,392,392,Test
7966,396,282,Too Yumm Veggie Stix Cheese & Herbs Rs 20
8024,474,474,Snickers Almond Rs 25
8028,478,478,Kit Kat Rs 25
8042,493,493,Test Product
8043,493,493,Test Product
8051,512,61,Paper Boat Lychee Ras Rs 20
8052,512,61,Paper Boat Lychee Ras Rs 20
8067,541,282,Too Yumm Veggie Stix Cheese & Herbs Rs 20
8083,568,10,Mother Dairy Chach Rs 10
8086,574,282,Too Yumm Veggie Stix Cheese & Herbs Rs 20
8087,575,575,Frooti Rs 10
8100,589,395,Too Yum- Multigrain Chips
8122,61,61,Paper Boat Lychee Ras Rs 20
8123,61,61,Paper Boat Lychee Ras Rs 20
8145,649,282,Too Yumm Veggie Stix Cheese & Herbs Rs 20
8148,663,331,Britannia Veg Cake Fruity Fun Rs 20
8151,668,668,Maaza Pet Bottle Rs 20
8174,694,694,Frooti 
8185,707,291,Lay's American style Cream & Onion Rs 10
8191,72,72,Dried Banana Chips
8240,773,401,Bingo - Potato Chips Masala
8241,773,401,Bingo - Potato Chips Masala
8249,783,690,Amul Lassi Rs 15
8258,792,401,Bingo - Potato Chips Masala
8259,792,401,Bingo - Potato Chips Masala
8264,799,300,Himalayan Salt & Pepper Makhana
8275,814,814,Ritebite Sport Bar Almond Mocha
8279,82,82,Paper Boat Alphonso Aam Rs 25
8294,831,282,Too Yumm Veggie Stix Cheese & Herbs Rs 20
8305,844,401,Bingo - Potato Chips Masala
8309,848,318,Coke Zero
8310,848,318,Coke Zero
8328,88,72,Dried Banana Chips
8334,891,814,Ritebite Sport Bar Almond Mocha
8335,891,814,Ritebite Sport Bar Almond Mocha
8339,895,895,Britannia Little Hearts- Rs20
8340,896,896,Yoga Pulp Aloevera KiwiJuice Rs 30
8341,897,896,Yoga Pulp Aloevera KiwiJuice Rs 30
8346,902,693,Snickers
8347,904,904,Galaxy Milk Chocolate Rs.70
8358,925,430,Haldiram's Moong Dal Rs 10 
8361,929,929,Sprite750ml
8368,935,935,Lays - American Style Cream and Onion 
8381,947,935,Lays - American Style Cream and Onion 
8394,960,493,Test Product
8415,981,430,Haldiram's Moong Dal Rs 10 
8417,983,95,Parle Appy Rs 10
8418,984,984,Appy 200ml Rs 15
8419,985,430,Haldiram's Moong Dal Rs 10 
8424,990,430,Haldiram's Moong Dal Rs 10 
8427,992,401,Bingo - Potato Chips Masala
8429,993,769,Cadbury Dairy Milk Rs.10
8432,997,46,Paper Boat Coconut Water
8436,2281,1054,Cavins Strawberry Milk Shake Rs 35
8438,2283,2087,Maggi Masala Single Pack Rs14
8439,2285,61,Paper Boat Lychee Ras Rs 20
8441,1738,1738,Maggi Cuppa NDLS Masala Rs 55
8442,1797,1301,Maggi Cuppa Noodles Masala 
8446,2288,586,Coke Regular Pop Can Rs 25
8448,2290,2106,Winkies Fruit Cake with Raisin and Tutti Frutti 
8449,1,1,Soya Masala Snacker
8479,1074,1069, Sunfeast Dark Fantasy Choco Fill Cookies Rs 10
8488,1144,1144,DM Tomato Ketchup Rs-1
8489,1148,395,Too Yum- Multigrain Chips
8490,1149,395,Too Yum- Multigrain Chips
8504,1170,430,Haldiram's Moong Dal Rs 10 
8507,1189,1189,Soulfull Ragi Bites Choco Fills Rs 20
8514,1233,1233,Doritos Sweet Chilli Rs 20
8516,1247,1247,Pickle Sachet MFID for Zoho
8532,1580,1069, Sunfeast Dark Fantasy Choco Fill Cookies Rs 10
8533,1581,678,Britannia Bourbon-Rs 10
8537,1585,430,Haldiram's Moong Dal Rs 10 
8540,1589,1383,Nestle Kitkat Rs 10
8545,1611,586,Coke Regular Pop Can Rs 25
8548,17,17,McVities Digestive Rs 10
8550,1728,430,Haldiram's Moong Dal Rs 10 
8557,1815,395,Too Yum- Multigrain Chips
8560,1878,126,Coke Regular Pet 250ml Rs 20
8561,189,185,Thums UP CHARGED Rs 20
8565,1947,678,Britannia Bourbon-Rs 10
8566,1948,678,Britannia Bourbon-Rs 10
8569,1966,693,Snickers
8570,1985,766,Amul Rose Lassi Rs 20 
8572,1990,678,Britannia Bourbon-Rs 10
8573,1991,1494,Britannia Treat Croissant Vanilla Rs15
8582,2015,1104,Haldirams NGP Lite Chiwda Rs 10
8583,2016,2016,Haldirams NGP Punjabi Tadka Rs 35
8585,2029,678,Britannia Bourbon-Rs 10
8586,2031,2031,Sprite Can Rs 35
8587,2032,331,Britannia Veg Cake Fruity Fun Rs 20
8589,2034,125,Fanta Pet 250ml Rs 20
8591,2049,766,Amul Rose Lassi Rs 20 
8592,2050,1104,Haldirams NGP Lite Chiwda Rs 10
8593,2067,678,Britannia Bourbon-Rs 10
8595,2079,430,Haldiram's Moong Dal Rs 10 
8596,2080,430,Haldiram's Moong Dal Rs 10 
8597,2081,126,Coke Regular Pet 250ml Rs 20
8599,2104,430,Haldiram's Moong Dal Rs 10 
8600,2116,986,Haldiram's Chips Pudina Treat Rs 15 
8601,2121,493,Test Product
8602,2125,11,Mother Dairy Sweet Lassi
8603,2126,291,Lay's American style Cream & Onion Rs 10
8605,2130,2003,Amul Chocolate Cookies Rs 18
8607,2132,18,Red Bull Rs 115
8608,2133,140,Cadbury Dairy Milk Rs 20
8610,2135,94,Maaza Tetrapack Rs 10
8612,2137,430,Haldiram's Moong Dal Rs 10 
8613,2138,430,Haldiram's Moong Dal Rs 10 
8614,2139,430,Haldiram's Moong Dal Rs 10 
8617,2142,126,Coke Regular Pet 250ml Rs 20
8618,2143,680,Cornitos Roasted Cashews Lightly Salted 
8619,2144,126,Coke Regular Pet 250ml Rs 20
8620,2145,690,Amul Lassi Rs 15
8623,2148,764,Amul Milk Chocolate Rs 25
8625,2150,401,Bingo - Potato Chips Masala
8626,2151,401,Bingo - Potato Chips Masala
8627,2152,678,Britannia Bourbon-Rs 10
8628,2154,678,Britannia Bourbon-Rs 10
8629,2155,678,Britannia Bourbon-Rs 10
8630,2156,678,Britannia Bourbon-Rs 10
8631,2157,678,Britannia Bourbon-Rs 10
8634,2169,395,Too Yum- Multigrain Chips
8635,2170,896,Yoga Pulp Aloevera KiwiJuice Rs 30
8636,2171,896,Yoga Pulp Aloevera KiwiJuice Rs 30
8637,2172,126,Coke Regular Pet 250ml Rs 20
8638,2173,318,Coke Zero
8639,2175,185,Thums UP CHARGED Rs 20
8640,2176,203,Sprite Pop Can Rs 25
8641,2177,290,Kurkure Masala Munch 
8642,2178,291,Lay's American style Cream & Onion Rs 10
8643,2179,169,Minute Maid Guava Rs 20
8645,2181,185,Thums UP CHARGED Rs 20
8646,2182,395,Too Yum- Multigrain Chips
8647,2183,478,Kit Kat Rs 25
8648,2184,769,Cadbury Dairy Milk Rs.10
8649,2185,46,Paper Boat Coconut Water
8650,2186,1120,Fanta Can 
8651,2187,395,Too Yum- Multigrain Chips
8653,2189,586,Coke Regular Pop Can Rs 25
8654,2190,290,Kurkure Masala Munch 
8655,2191,764,Amul Milk Chocolate Rs 25
8656,2192,430,Haldiram's Moong Dal Rs 10 
8657,2193,430,Haldiram's Moong Dal Rs 10 
8658,2194,430,Haldiram's Moong Dal Rs 10 
8659,2195,430,Haldiram's Moong Dal Rs 10 
8660,2196,430,Haldiram's Moong Dal Rs 10 
8661,2197,430,Haldiram's Moong Dal Rs 10 
8662,2198,430,Haldiram's Moong Dal Rs 10 
8663,2199,430,Haldiram's Moong Dal Rs 10 
8664,2201,430,Haldiram's Moong Dal Rs 10 
8665,2202,430,Haldiram's Moong Dal Rs 10 
8666,2203,668,Maaza Pet Bottle Rs 20
8668,2219,279,Snickers - Small
8670,2220,693,Snickers
8671,2221,693,Snickers
8674,2229,766,Amul Rose Lassi Rs 20 
8675,2231,493,Test Product
8676,2238,586,Coke Regular Pop Can Rs 25
8677,224,224,Amul Kool Cafe Rs 30
8679,2241,1301,Maggi Cuppa Noodles Masala 
8680,2242,126,Coke Regular Pet 250ml Rs 20
8686,2248,430,Haldiram's Moong Dal Rs 10 
8687,2259,291,Lay's American style Cream & Onion Rs 10
8689,2286,690,Amul Lassi Rs 15
8709,290,290,Kurkure Masala Munch 
8710,291,291,Lay's American style Cream & Onion Rs 10
8711,296,291,Lay's American style Cream & Onion Rs 10
8787,434,434,Uncle Chips - Spicy Treat
8844,584,584,Fanta Can 180 ml Rs 25
8845,589,395,Too Yum- Multigrain Chips
8846,590,395,Too Yum- Multigrain Chips
8847,590,395,Too Yum- Multigrain Chips
8876,651,395,Too Yum- Multigrain Chips
8930,766,766,Amul Rose Lassi Rs 20 
8937,783,690,Amul Lassi Rs 15
8946,820,766,Amul Rose Lassi Rs 20 
8952,831,282,Too Yumm Veggie Stix Cheese & Herbs Rs 20
8955,845,401,Bingo - Potato Chips Masala
8981,950,430,Haldiram's Moong Dal Rs 10 
8999,2295,2295,EGO Sweet Potato Mexican Twist Rs 40
9002,2298,172,Cadbury Fruit and Nut 
9059,0,0,Unknown/Unmapped
9394,0,0,Unknown/Unmapped
9434,0,0,Unknown/Unmapped
9812,2299,185,Thums UP CHARGED Rs 20
9846,2309,130,Choco Chips Cookies
9847,2309,130,Choco Chips Cookies
9848,2310,130,Choco Chips Cookies
9849,2311,130,Choco Chips Cookies
9852,1003,430,Haldiram's Moong Dal Rs 10 
9866,1026,678,Britannia Bourbon-Rs 10
9881,1048,1048,Balaji Wafers Pizzy Masala Rs 10
9890,1065,1048,Balaji Wafers Pizzy Masala Rs 10
9893,1071,430,Haldiram's Moong Dal Rs 10 
9899,1094,535,Kinley Water Bottle 
9903,1102,430,Haldiram's Moong Dal Rs 10 
9904,1103,430,Haldiram's Moong Dal Rs 10 
9905,1104,430,Haldiram's Moong Dal Rs 10 
9906,1104,430,Haldiram's Moong Dal Rs 10 
9907,1105,430,Haldiram's Moong Dal Rs 10 
9908,1105,430,Haldiram's Moong Dal Rs 10 
9917,112,112,Granola - Berries and Almond
9918,1120,1120,Fanta Can 
9920,1121,252,Thumps Up Can
9921,1121,252,Thumps Up Can
9924,1127,799,Mr Makhana Cream & Onion
9929,1133,430,Haldiram's Moong Dal Rs 10 
9930,1134,430,Haldiram's Moong Dal Rs 10 
9932,114,114,Coke Regular Can Rs 35
9934,1141,318,Coke Zero
9938,1148,395,Too Yum- Multigrain Chips
9939,1149,395,Too Yum- Multigrain Chips
9942,1150,430,Haldiram's Moong Dal Rs 10 
9958,1170,430,Haldiram's Moong Dal Rs 10 
9959,1170,430,Haldiram's Moong Dal Rs 10 
9960,1170,430,Haldiram's Moong Dal Rs 10 
9961,1171,430,Haldiram's Moong Dal Rs 10 
9962,1172,430,Haldiram's Moong Dal Rs 10 
9963,1172,430,Haldiram's Moong Dal Rs 10 
9964,1174,430,Haldiram's Moong Dal Rs 10 
9965,1174,430,Haldiram's Moong Dal Rs 10 
9967,1178,430,Haldiram's Moong Dal Rs 10 
9972,1185,430,Haldiram's Moong Dal Rs 10 
9982,1207,430,Haldiram's Moong Dal Rs 10 
9984,1230,929,Sprite750ml
9985,1231,1231,Heineken International Heniken 
9993,124,124,Sprite Rs 20
9994,1241,935,Lays - American Style Cream and Onion 
9995,1242,935,Lays - American Style Cream and Onion 
9999,125,125,Fanta Pet 250ml Rs 20
10000,125,125,Fanta Pet 250ml Rs 20
10005,126,126,Coke Regular Pet 250ml Rs 20
10006,126,126,Coke Regular Pet 250ml Rs 20
10017,1298,430,Haldiram's Moong Dal Rs 10 
10020,1300,61,Paper Boat Lychee Ras Rs 20
10021,1307,320,Unibic Choco Hazelnut Cookies Rs 10
10022,1308,130,Choco Chips Cookies
10027,1324,61,Paper Boat Lychee Ras Rs 20
10028,1325,61,Paper Boat Lychee Ras Rs 20
10029,1326,130,Choco Chips Cookies
10037,1376,1376,Real Bites Farali Wafers Rs 10
10038,1377,1376,Real Bites Farali Wafers Rs 10
10039,1378,1376,Real Bites Farali Wafers Rs 10
10040,1379,1376,Real Bites Farali Wafers Rs 10
10041,1380,430,Haldiram's Moong Dal Rs 10 
10044,140,140,Cadbury Dairy Milk Rs 20
10045,140,140,Cadbury Dairy Milk Rs 20
10052,1432,678,Britannia Bourbon-Rs 10
10053,1433,1048,Balaji Wafers Pizzy Masala Rs 10
10054,1434,1048,Balaji Wafers Pizzy Masala Rs 10
10062,1450,542,Limca 250ml Pet Rs 20
10065,1454,320,Unibic Choco Hazelnut Cookies Rs 10
10067,1456,320,Unibic Choco Hazelnut Cookies Rs 10
10068,1457,320,Unibic Choco Hazelnut Cookies Rs 10
10069,1458,1376,Real Bites Farali Wafers Rs 10
10070,1459,1376,Real Bites Farali Wafers Rs 10
10072,1460,766,Amul Rose Lassi Rs 20 
10075,1467,1467, Snickers Fruit & Nut Rs 50
10078,147,147,Snickers Rs 35
10079,1470,1048,Balaji Wafers Pizzy Masala Rs 10
10080,1471,1048,Balaji Wafers Pizzy Masala Rs 10
10081,1472,1048,Balaji Wafers Pizzy Masala Rs 10
10083,1474,320,Unibic Choco Hazelnut Cookies Rs 10
10084,1475,430,Haldiram's Moong Dal Rs 10 
10089,1479,395,Too Yum- Multigrain Chips
10093,1480,395,Too Yum- Multigrain Chips
10094,1480,395,Too Yum- Multigrain Chips
10095,1481,395,Too Yum- Multigrain Chips
10098,1484,1484,Haldiram Matka JhatkaRs12
10099,1485,395,Too Yum- Multigrain Chips
10104,1507,1507,Real Bites Moong Dal Rs 10
10105,1508,1507,Real Bites Moong Dal Rs 10
10108,1520,1376,Real Bites Farali Wafers Rs 10
10109,1521,1376,Real Bites Farali Wafers Rs 10
10110,1522,1376,Real Bites Farali Wafers Rs 10
10111,1523,1376,Real Bites Farali Wafers Rs 10
10112,1524,1376,Real Bites Farali Wafers Rs 10
10113,1525,1376,Real Bites Farali Wafers Rs 10
10115,1527,1376,Real Bites Farali Wafers Rs 10
10118,1537,1376,Real Bites Farali Wafers Rs 10
10119,1538,1376,Real Bites Farali Wafers Rs 10
10122,1541,95,Parle Appy Rs 10
10123,1542,1542,Cup Noodles
10126,1548,1376,Real Bites Farali Wafers Rs 10
10129,1552,1376,Real Bites Farali Wafers Rs 10
10130,1553,1376,Real Bites Farali Wafers Rs 10
10133,1556,690,Amul Lassi Rs 15
10134,1557,139,Nestle Classic Chocolate 
10135,1572,1048,Balaji Wafers Pizzy Masala Rs 10
10138,1575,1048,Balaji Wafers Pizzy Masala Rs 10
10139,1576,1048,Balaji Wafers Pizzy Masala Rs 10
10140,1577,1048,Balaji Wafers Pizzy Masala Rs 10
10141,1578,1048,Balaji Wafers Pizzy Masala Rs 10
10142,1579,1048,Balaji Wafers Pizzy Masala Rs 10
10144,1581,678,Britannia Bourbon-Rs 10
10145,1581,678,Britannia Bourbon-Rs 10
10149,1584,1376,Real Bites Farali Wafers Rs 10
10150,1584,1376,Real Bites Farali Wafers Rs 10
10152,1586,1376,Real Bites Farali Wafers Rs 10
10153,1587,769,Cadbury Dairy Milk Rs.10
10154,1588,38,Amul Masti Buttermilk Rs 10
10161,1605,282,Too Yumm Veggie Stix Cheese & Herbs Rs 20
10162,1620,1048,Balaji Wafers Pizzy Masala Rs 10
10164,1630,1448,RiteBite - Choco Delite Rs.35
10168,1634,1048,Balaji Wafers Pizzy Masala Rs 10
10169,1635,1048,Balaji Wafers Pizzy Masala Rs 10
10170,1636,1636,Kurkure Solid Masti Rs 20
10172,1638,1059,Cavin's Spiced Butter Milk Rs 15
10185,1656,678,Britannia Bourbon-Rs 10
10186,1657,1048,Balaji Wafers Pizzy Masala Rs 10
10187,1659,290,Kurkure Masala Munch 
10189,1661,1048,Balaji Wafers Pizzy Masala Rs 10
10191,1664,430,Haldiram's Moong Dal Rs 10 
10192,1668,1668,7up Rs20
10194,1670,395,Too Yum- Multigrain Chips
10195,1686,678,Britannia Bourbon-Rs 10
10196,1687,678,Britannia Bourbon-Rs 10
10198,1689,224,Amul Kool Cafe Rs 30
10202,1692,430,Haldiram's Moong Dal Rs 10 
10203,1695,95,Parle Appy Rs 10
10205,0,0,Unknown/Unmapped
10212,1708,1708,Mirinda Orange Rs20
10220,1741,430,Haldiram's Moong Dal Rs 10 
10222,1752,313,Paperboat Chikki
10226,1773,224,Amul Kool Cafe Rs 30
10229,1799,474,Snickers Almond Rs 25
10232,1800,1048,Balaji Wafers Pizzy Masala Rs 10
10233,1801,1048,Balaji Wafers Pizzy Masala Rs 10
10235,1804,799,Mr Makhana Cream & Onion
10240,1822,678,Britannia Bourbon-Rs 10
10242,1827,1048,Balaji Wafers Pizzy Masala Rs 10
10243,1828,1048,Balaji Wafers Pizzy Masala Rs 10
10244,1829,1048,Balaji Wafers Pizzy Masala Rs 10
10245,1830,1048,Balaji Wafers Pizzy Masala Rs 10
10246,1831,1048,Balaji Wafers Pizzy Masala Rs 10
10254,1839,769,Cadbury Dairy Milk Rs.10
10265,185,185,Thums UP CHARGED Rs 20
10274,1858,1069, Sunfeast Dark Fantasy Choco Fill Cookies Rs 10
10275,1859,1069, Sunfeast Dark Fantasy Choco Fill Cookies Rs 10
10277,1860,1069, Sunfeast Dark Fantasy Choco Fill Cookies Rs 10
10278,1861,1069, Sunfeast Dark Fantasy Choco Fill Cookies Rs 10
10279,1862,1069, Sunfeast Dark Fantasy Choco Fill Cookies Rs 10
10296,189,185,Thums UP CHARGED Rs 20
10304,1931,663,Britannia Veg Cake Chocolate Rs 20
10308,1936,1048,Balaji Wafers Pizzy Masala Rs 10
10309,1938,493,Test Product
10310,1939,1048,Balaji Wafers Pizzy Masala Rs 10
10314,1959,1959,Snickers Rs 20
10315,1959,1959,Snickers Rs 20
10316,196,196,Cadbury Dairy Milk Rs 40
10317,1960,678,Britannia Bourbon-Rs 10
10319,1964,693,Snickers
10332,1979,935,Lays - American Style Cream and Onion 
10335,1981,474,Snickers Almond Rs 25
10336,1982,1467, Snickers Fruit & Nut Rs 50
10337,1983,278,Unibic Chocolate Cookies
10338,1984,278,Unibic Chocolate Cookies
10342,1989,395,Too Yum- Multigrain Chips
10350,2025,764,Amul Milk Chocolate Rs 25
10353,2067,794,Britannia Little Hearts
10362,2104,430,Haldiram's Moong Dal Rs 10 
10373,2121,493,Test Product
10374,2127,2127,Ultrapop Popcorn Cheese Rs 20
10377,2159,430,Haldiram's Moong Dal Rs 10 
10389,224,224,Amul Kool Cafe Rs 30
10390,224,224,Amul Kool Cafe Rs 30
10392,2267,430,Haldiram's Moong Dal Rs 10 
10399,230,61,Paper Boat Lychee Ras Rs 20
10400,231,61,Paper Boat Lychee Ras Rs 20
10401,232,61,Paper Boat Lychee Ras Rs 20
10416,282,282,Too Yumm Veggie Stix Cheese & Herbs Rs 20
10426,296,291,Lay's American style Cream & Onion Rs 10
10437,320,320,Unibic Choco Hazelnut Cookies Rs 10
10438,320,320,Unibic Choco Hazelnut Cookies Rs 10
10439,322,322,Modern Cake Choco Cheer
10450,338,278,Unibic Chocolate Cookies
10451,338,278,Unibic Chocolate Cookies
10478,392,392,Test
10481,396,282,Too Yumm Veggie Stix Cheese & Herbs Rs 20
10489,408,282,Too Yumm Veggie Stix Cheese & Herbs Rs 20
10526,474,474,Snickers Almond Rs 25
10529,478,478,Kit Kat Rs 25
10538,493,493,Test Product
10541,512,61,Paper Boat Lychee Ras Rs 20
10546,529,529,Doublemint
10560,575,575,Frooti Rs 10
10569,589,395,Too Yum- Multigrain Chips
10570,590,395,Too Yum- Multigrain Chips
10571,590,395,Too Yum- Multigrain Chips
10578,604,282,Too Yumm Veggie Stix Cheese & Herbs Rs 20
10583,61,61,Paper Boat Lychee Ras Rs 20
10587,0,0,Unknown/Unmapped
10599,0,0,Unknown/Unmapped
10603,663,331,Britannia Veg Cake Fruity Fun Rs 20
10605,668,668,Maaza Pet Bottle Rs 20
10606,668,668,Maaza Pet Bottle Rs 20
10614,0,0,Unknown/Unmapped
10619,688,196,Cadbury Dairy Milk Rs 40
10620,689,95,Parle Appy Rs 10
10688,769,769,Cadbury Dairy Milk Rs.10
10698,783,690,Amul Lassi Rs 15
10707,794,794,Britannia Little Hearts
10717,823,799,Mr Makhana Cream & Onion
10725,831,282,Too Yumm Veggie Stix Cheese & Herbs Rs 20
10727,840,840,Hershey's Chocolate Milk Shake Rs 35
10732,848,318,Coke Zero
10733,848,318,Coke Zero
10756,902,693,Snickers
10757,904,904,Galaxy Milk Chocolate Rs.70
10778,94,94,Maaza Tetrapack Rs 10
10792,960,493,Test Product
10814,982,430,Haldiram's Moong Dal Rs 10 
10815,982,430,Haldiram's Moong Dal Rs 10 
10816,985,430,Haldiram's Moong Dal Rs 10 
10820,989,430,Haldiram's Moong Dal Rs 10 
10821,990,430,Haldiram's Moong Dal Rs 10 
10825,993,769,Cadbury Dairy Milk Rs.10
10826,993,769,Cadbury Dairy Milk Rs.10
10830,998,690,Amul Lassi Rs 15
10831,2312,663,Britannia Veg Cake Chocolate Rs 20
10832,2321,47,Mother Dairy Chocolate shake 
10833,2322,46,Paper Boat Coconut Water
10835,2325,2096,Bikaji Moong Dal Rs 10
10836,2324,663,Britannia Veg Cake Chocolate Rs 20
10838,2327,986,Haldiram's Chips Pudina Treat Rs 15 
10841,2330,2330,Bikano Bikaneri Bhujia 
10842,2331,2330,Bikano Bikaneri Bhujia 
10843,2332,2330,Bikano Bikaneri Bhujia 
10844,2333,2330,Bikano Bikaneri Bhujia 
10861,2349,430,Haldiram's Moong Dal Rs 10 
10884,2360,2360,Real Koolerz Mango Rs 10
10889,1000,143,Minute Maid Mixed Fruit Rs 10
10890,1003,430,Haldiram's Moong Dal Rs 10 
10904,1023,1023,Britannia Chocolate Shake Rs 35
10907,1026,678,Britannia Bourbon-Rs 10
10912,1032,1032,Snickers Rs 40
10933,1062,1062,Havit Vrat Special Banana Chips
10938,1069,1069, Sunfeast Dark Fantasy Choco Fill Cookies Rs 10
10940,1070,1069, Sunfeast Dark Fantasy Choco Fill Cookies Rs 10
10941,1071,430,Haldiram's Moong Dal Rs 10 
10944,1074,1069, Sunfeast Dark Fantasy Choco Fill Cookies Rs 10
10945,1074,1069, Sunfeast Dark Fantasy Choco Fill Cookies Rs 10
10946,1075,814,Ritebite Sport Bar Almond Mocha
10953,109,109,Real Mixed Fruit Juice Rs 20
10963,1104,430,Haldiram's Moong Dal Rs 10 
10964,1105,430,Haldiram's Moong Dal Rs 10 
10965,1105,430,Haldiram's Moong Dal Rs 10 
10969,1113,529,Doublemint
10975,1120,1120,Fanta Can 
10976,1120,1120,Fanta Can 
10977,1121,252,Thumps Up Can
10978,1121,252,Thumps Up Can
10979,1127,799,Mr Makhana Cream & Onion
10988,114,114,Coke Regular Can Rs 35
10990,1141,318,Coke Zero
10992,1143,139,Nestle Classic Chocolate 
10994,1145,401,Bingo - Potato Chips Masala
10995,1146,401,Bingo - Potato Chips Masala
10998,1149,395,Too Yum- Multigrain Chips
11017,1169,1169,"Classic Regular, Rich Taste Cigarette Rs-330"
11018,1170,430,Haldiram's Moong Dal Rs 10 
11019,1170,430,Haldiram's Moong Dal Rs 10 
11020,1172,430,Haldiram's Moong Dal Rs 10 
11021,1174,430,Haldiram's Moong Dal Rs 10 
11022,1175,984,Appy 200ml Rs 15
11025,1183,401,Bingo - Potato Chips Masala
11026,1184,401,Bingo - Potato Chips Masala
11037,1206,130,Choco Chips Cookies
11043,122,82,Paper Boat Alphonso Aam Rs 25
11054,123,82,Paper Boat Alphonso Aam Rs 25
11055,1230,929,Sprite750ml
11065,124,124,Sprite Rs 20
11067,1241,935,Lays - American Style Cream and Onion 
11068,1242,935,Lays - American Style Cream and Onion 
11083,126,126,Coke Regular Pet 250ml Rs 20
11094,1270,1270,Haldiram's Khatta Meetha Rs 30
11104,1292,935,Lays - American Style Cream and Onion 
11105,1293,401,Bingo - Potato Chips Masala
11107,1299,1299,Happy Bar Energy Snack Rs 40
11109,1300,61,Paper Boat Lychee Ras Rs 20
11110,1300,61,Paper Boat Lychee Ras Rs 20
11111,1301,306,Hazelnut Latte
11113,1303,1302,Born Reborn Oats & Jowar Garlic Zen Rs 30
11115,1307,320,Unibic Choco Hazelnut Cookies Rs 10
11119,1317,395,Too Yum- Multigrain Chips
11122,1324,61,Paper Boat Lychee Ras Rs 20
11124,1325,61,Paper Boat Lychee Ras Rs 20
11125,1325,61,Paper Boat Lychee Ras Rs 20
11126,1326,130,Choco Chips Cookies
11129,1328,1328,Mumbai masala aloo sandwich
11145,1380,430,Haldiram's Moong Dal Rs 10 
11149,140,140,Cadbury Dairy Milk Rs 20
11150,0,0,Unknown/Unmapped
11160,1436,401,Bingo - Potato Chips Masala
11162,1441,401,Bingo - Potato Chips Masala
11163,1447,320,Unibic Choco Hazelnut Cookies Rs 10
11164,1448,1448,RiteBite - Choco Delite Rs.35
11165,1449,633,Max Protein-Spanish Tomato Rs 20
11168,1452,401,Bingo - Potato Chips Masala
11173,1456,320,Unibic Choco Hazelnut Cookies Rs 10
11174,1456,320,Unibic Choco Hazelnut Cookies Rs 10
11175,1457,320,Unibic Choco Hazelnut Cookies Rs 10
11178,146,109,Real Mixed Fruit Juice Rs 20
11182,1467,1467, Snickers Fruit & Nut Rs 50
11188,1474,320,Unibic Choco Hazelnut Cookies Rs 10
11189,1475,430,Haldiram's Moong Dal Rs 10 
11190,1476,320,Unibic Choco Hazelnut Cookies Rs 10
11194,1479,395,Too Yum- Multigrain Chips
11197,1485,395,Too Yum- Multigrain Chips
11213,1530,282,Too Yumm Veggie Stix Cheese & Herbs Rs 20
11218,1545,320,Unibic Choco Hazelnut Cookies Rs 10
11224,1557,139,Nestle Classic Chocolate 
11234,1580,1069, Sunfeast Dark Fantasy Choco Fill Cookies Rs 10
11235,1581,678,Britannia Bourbon-Rs 10
11236,1581,678,Britannia Bourbon-Rs 10
11247,1591,282,Too Yumm Veggie Stix Cheese & Herbs Rs 20
11249,1593,282,Too Yumm Veggie Stix Cheese & Herbs Rs 20
11252,1605,282,Too Yumm Veggie Stix Cheese & Herbs Rs 20
11253,1606,1606,BRB Popped Potato Chips Pasta Cheese 
11254,1607,1606,BRB Popped Potato Chips Pasta Cheese 
11255,1608,1608,Makino Nacho Chips Jalapeno 
11256,1609,1608,Makino Nacho Chips Jalapeno 
11257,1610,629,Baked Bhakri
11258,1612,401,Bingo - Potato Chips Masala
11261,1626,1504,Yoga Bar Chocolate Chunk Nut Rs 40
11262,1627,1627,Yoga Bar Breakfast Protein Blueberry Pie
11268,1638,1059,Cavin's Spiced Butter Milk Rs 15
11269,1639,430,Haldiram's Moong Dal Rs 10 
11272,1655,1383,Nestle Kitkat Rs 10
11284,169,169,Minute Maid Guava Rs 20
11294,1702,401,Bingo - Potato Chips Masala
11296,1706,1623,Cadbury Dairy Milk Chocolate Rs 50
11298,1717,196,Cadbury Dairy Milk Rs 40
11299,172,172,Cadbury Fruit and Nut 
11306,1749,1749,Cravova Classic Mojito Rs 50
11308,1752,313,Paperboat Chikki
11310,1760,1749,Cravova Classic Mojito Rs 50
11312,1762,1762,Tedhe Medhe 50gm
11313,1767,1767,Little hearts 75gm
11315,1769,1767,Little hearts 75gm
11323,1777,1776,Open Secret Spicy Peanut Butter Rs 40
11337,18,18,Red Bull Rs 115
11342,1807,1807,Nescafe Chilled Latte Rs 40
11344,1812,1494,Britannia Treat Croissant Vanilla Rs15
11345,1813,678,Britannia Bourbon-Rs 10
11346,1822,678,Britannia Bourbon-Rs 10
11349,1825,1825,Open Secret White Choco Cashew Nutty Cookies Rs 35
11382,1858,1069, Sunfeast Dark Fantasy Choco Fill Cookies Rs 10
11409,1884,1606,BRB Popped Potato Chips Pasta Cheese 
11410,1885,1606,BRB Popped Potato Chips Pasta Cheese 
11412,189,185,Thums UP CHARGED Rs 20
11418,1929,331,Britannia Veg Cake Fruity Fun Rs 20
11420,1930,691,Britannia Chocolate Shake Rs 30 
11421,1931,663,Britannia Veg Cake Chocolate Rs 20
11427,1938,493,Test Product
11430,1946,1825,Open Secret White Choco Cashew Nutty Cookies Rs 35
11432,1956,663,Britannia Veg Cake Chocolate Rs 20
11433,0,0,Unknown/Unmapped
11434,196,196,Cadbury Dairy Milk Rs 40
11439,1964,693,Snickers
11440,1964,693,Snickers
11442,1966,693,Snickers
11459,1982,1467, Snickers Fruit & Nut Rs 50
11464,1999,1301,Maggi Cuppa Noodles Masala 
11480,203,203,Sprite Pop Can Rs 25
11481,203,203,Sprite Pop Can Rs 25
11492,2121,493,Test Product
11498,2205,1054,Cavins Strawberry Milk Shake Rs 35
11501,2210,1302,Born Reborn Oats & Jowar Garlic Zen Rs 30
11504,2225,2216,Frussh Mango Orange Juice Rs 40
11514,2277,59,Tropicana Juice
11515,2278,59,Tropicana Juice
11517,2288,586,Coke Regular Pop Can Rs 25
11521,230,61,Paper Boat Lychee Ras Rs 20
11522,230,61,Paper Boat Lychee Ras Rs 20
11523,2304,279,Snickers - Small
11524,2308,693,Snickers
11528,232,61,Paper Boat Lychee Ras Rs 20
11529,232,61,Paper Boat Lychee Ras Rs 20
11536,252,252,Thumps Up Can
11547,278,278,Unibic Chocolate Cookies
11549,282,282,Too Yumm Veggie Stix Cheese & Herbs Rs 20
11556,290,290,Kurkure Masala Munch 
11557,0,0,Unknown/Unmapped
11558,291,291,Lay's American style Cream & Onion Rs 10
11563,296,291,Lay's American style Cream & Onion Rs 10
11580,313,313,Paperboat Chikki
11598,331,331,Britannia Veg Cake Fruity Fun Rs 20
11641,396,282,Too Yumm Veggie Stix Cheese & Herbs Rs 20
11642,396,282,Too Yumm Veggie Stix Cheese & Herbs Rs 20
11646,401,401,Bingo - Potato Chips Masala
11647,402,401,Bingo - Potato Chips Masala
11707,478,478,Kit Kat Rs 25
11721,493,493,Test Product
11722,493,493,Test Product
11736,512,61,Paper Boat Lychee Ras Rs 20
11768,574,282,Too Yumm Veggie Stix Cheese & Herbs Rs 20
11769,575,575,Frooti Rs 10
11782,589,395,Too Yum- Multigrain Chips
11783,589,395,Too Yum- Multigrain Chips
11785,590,395,Too Yum- Multigrain Chips
11793,599,291,Lay's American style Cream & Onion Rs 10
11799,604,282,Too Yumm Veggie Stix Cheese & Herbs Rs 20
11804,61,61,Paper Boat Lychee Ras Rs 20
11805,61,61,Paper Boat Lychee Ras Rs 20
11820,633,633,Max Protein-Spanish Tomato Rs 20
11830,646,172,Cadbury Fruit and Nut 
11832,0,0,Unknown/Unmapped
11833,651,395,Too Yum- Multigrain Chips
11850,0,0,Unknown/Unmapped
11851,678,678,Britannia Bourbon-Rs 10
11858,688,196,Cadbury Dairy Milk Rs 40
11859,689,95,Parle Appy Rs 10
11861,690,690,Amul Lassi Rs 15
11863,694,694,Frooti 
11872,707,291,Lay's American style Cream & Onion Rs 10
11877,714,291,Lay's American style Cream & Onion Rs 10
11932,766,766,Amul Rose Lassi Rs 20 
11938,773,401,Bingo - Potato Chips Masala
11939,773,401,Bingo - Potato Chips Masala
11946,782,633,Max Protein-Spanish Tomato Rs 20
11955,792,401,Bingo - Potato Chips Masala
11956,792,401,Bingo - Potato Chips Masala
11958,794,678,Britannia Bourbon-Rs 10
11964,803,789,Knorr - Sweet Corn Soup Veg Rs.10
11965,804,769,Cadbury Dairy Milk Rs.10
11968,814,814,Ritebite Sport Bar Almond Mocha
11969,815,691,Britannia Chocolate Shake Rs 30 
11973,822,331,Britannia Veg Cake Fruity Fun Rs 20
11974,823,799,Mr Makhana Cream & Onion
11976,825,825,Amul Masti Buttermilk Rs 12
11978,827,395,Too Yum- Multigrain Chips
11979,828,401,Bingo - Potato Chips Masala
11980,828,401,Bingo - Potato Chips Masala
11982,830,331,Britannia Veg Cake Fruity Fun Rs 20
11984,831,282,Too Yumm Veggie Stix Cheese & Herbs Rs 20
11990,837,290,Kurkure Masala Munch 
11995,844,401,Bingo - Potato Chips Masala
11996,845,401,Bingo - Potato Chips Masala
11997,845,401,Bingo - Potato Chips Masala
12000,848,318,Coke Zero
12001,848,318,Coke Zero
12013,863,18,Red Bull Rs 115
12021,879,59,Tropicana Juice
12039,902,693,Snickers
12065,94,94,Maaza Tetrapack Rs 10
12072,0,0,Unknown/Unmapped
12074,948,948,Bingo Tedhe Medhe Masala Tadka Rs 5
12075,949,430,Haldiram's Moong Dal Rs 10 
12077,95,95,Parle Appy Rs 10
12084,96,96,B Natural Mixed Fruit & Dry Fruit
12110,985,430,Haldiram's Moong Dal Rs 10 
12116,991,401,Bingo - Potato Chips Masala
12117,991,401,Bingo - Potato Chips Masala
12118,992,401,Bingo - Potato Chips Masala
12119,992,401,Bingo - Potato Chips Masala
12120,993,769,Cadbury Dairy Milk Rs.10
12121,0,0,Unknown/Unmapped
12124,997,46,Paper Boat Coconut Water
12125,997,46,Paper Boat Coconut Water
12129,2177,290,Kurkure Masala Munch 
12130,2334,493,Test Product
12133,2363,691,Britannia Chocolate Shake Rs 30 
12137,2366,799,Mr Makhana Cream & Onion
12138,2370,2003,Amul Chocolate Cookies Rs 18
12139,2367,2003,Amul Chocolate Cookies Rs 18
12140,2371,2371,Maggi Masala Single Pack Rs 14
12143,2374,663,Britannia Veg Cake Chocolate Rs 20
12144,2375,663,Britannia Veg Cake Chocolate Rs 20
12151,1884,1606,BRB Popped Potato Chips Pasta Cheese 
12152,1624,1606,BRB Popped Potato Chips Pasta Cheese 
12155,2384,2384,TWT ENERGY BAR Almond Choco Fudge
12156,1809,306,Hazelnut Latte
12157,2385,1606,BRB Popped Potato Chips Pasta Cheese 
12160,2389,59,Tropicana Juice
12161,2388,59,Tropicana Juice
12162,2390,2390,Davat Jira Digestive Drink Rs 10
12164,2392,1494,Britannia Treat Croissant Vanilla Rs15
12166,2394,61,Paper Boat Lychee Ras Rs 20
12170,2398,2398,Cup Noodles Mazedaar Delicious Masala
12171,2399,691,Britannia Chocolate Shake Rs 30 
12172,2400,2400,Punjabi Jeera Masala Soda 200ml 
12173,2401,668,Maaza Pet Bottle Rs 20
12174,2403,291,Lay's American style Cream & Onion Rs 10
12175,2402,430,Haldiram's Moong Dal Rs 10 
12183,2412,2412,Nescafe Chilled Latte Rs 45
12184,2413,1759,Frooti 
12190,2419,1636,Kurkure Solid Masti Rs 20
12196,2426,1048,Balaji Wafers Pizzy Masala Rs 10
12197,2427,1048,Balaji Wafers Pizzy Masala Rs 10
12208,2438,130,Choco Chips Cookies
12209,2439,130,Choco Chips Cookies
12218,2449,2097,Bikaji Kuch Kuch Rs 20
12219,2450,2097,Bikaji Kuch Kuch Rs 20
12220,2451,2097,Bikaji Kuch Kuch Rs 20
12221,2453,130,Choco Chips Cookies
12222,2452,130,Choco Chips Cookies
12223,2454,986,Haldiram's Chips Pudina Treat Rs 15 
12224,1,1,Soya Masala Snacker
12225,1,1,Soya Masala Snacker
12226,10,10,Mother Dairy Chach Rs 10
12227,10,10,Mother Dairy Chach Rs 10
12228,1000,143,Minute Maid Mixed Fruit Rs 10
12229,1003,430,Haldiram's Moong Dal Rs 10 
12236,101,101,Aloo Matar Sandwich
12243,1017,252,Thumps Up Can
12248,1020,1020,Cremica Choco Chip Cookies Rs 20
12260,1032,1032,Snickers Rs 40
12275,105,72,Dried Banana Chips
12276,105,72,Dried Banana Chips
12283,1055,1054,Cavins Strawberry Milk Shake Rs 35
12285,1058,80,Cavin's Spiced ButterMilk
12286,1059,1059,Cavin's Spiced Butter Milk Rs 15
12288,1060,17,McVities Digestive Rs 10
12304,0,0,Unknown/Unmapped
12305,1073,109,Real Mixed Fruit Juice Rs 20
12309,1076,95,Parle Appy Rs 10
12317,1089,95,Parle Appy Rs 10
12318,109,109,Real Mixed Fruit Juice Rs 20
12319,109,109,Real Mixed Fruit Juice Rs 20
12320,109,109,Real Mixed Fruit Juice Rs 20
12326,1096,1096,Kinley Water Rs 8
12327,11,11,Mother Dairy Sweet Lassi
12335,1105,430,Haldiram's Moong Dal Rs 10 
12336,1105,430,Haldiram's Moong Dal Rs 10 
12337,1106,430,Haldiram's Moong Dal Rs 10 
12346,1113,529,Doublemint
12349,1116,1116,TEST PRODUCT
12351,1118,17,McVities Digestive Rs 10
12355,1120,1120,Fanta Can 
12356,1120,1120,Fanta Can 
12357,1121,252,Thumps Up Can
12358,1121,252,Thumps Up Can
12364,1127,799,Mr Makhana Cream & Onion
12365,1128,799,Mr Makhana Cream & Onion
12371,1133,430,Haldiram's Moong Dal Rs 10 
12372,1134,430,Haldiram's Moong Dal Rs 10 
12376,1141,318,Coke Zero
12378,1143,139,Nestle Classic Chocolate 
12379,1144,1144,DM Tomato Ketchup Rs-1
12383,1148,395,Too Yum- Multigrain Chips
12386,115,114,Coke Regular Can Rs 35
12412,0,0,Unknown/Unmapped
12413,1172,430,Haldiram's Moong Dal Rs 10 
12414,1172,430,Haldiram's Moong Dal Rs 10 
12415,0,0,Unknown/Unmapped
12417,1175,984,Appy 200ml Rs 15
12418,1176,1176,Grilled Veggie Sandwich Rs 45
12420,1178,430,Haldiram's Moong Dal Rs 10 
12425,1183,401,Bingo - Potato Chips Masala
12428,1187,1187,Tender Coconut Drink 200ml Rs 40
12433,1191,24,Rajma-Chawal Combo
12441,120,109,Real Mixed Fruit Juice Rs 20
12443,1202,1202,Vada Pav
12444,1202,1202,Vada Pav
12445,1202,1202,Vada Pav
12451,121,121,Homestyle Veg Mayo Sandwich
12452,1210,1209,Priniti Foods Spicy Masti Potato Chips Rs 10
12455,1213,1209,Priniti Foods Spicy Masti Potato Chips Rs 10
12456,1214,1209,Priniti Foods Spicy Masti Potato Chips Rs 10
12461,122,82,Paper Boat Alphonso Aam Rs 25
12464,1222,95,Parle Appy Rs 10
12472,123,82,Paper Boat Alphonso Aam Rs 25
12473,1230,929,Sprite750ml
12476,1233,1233,Doritos Sweet Chilli Rs 20
12483,124,124,Sprite Rs 20
12485,1241,935,Lays - American Style Cream and Onion 
12486,1242,935,Lays - American Style Cream and Onion 
12522,1276,24,Rajma-Chawal Combo
12524,700,700,Aloo Parantha
12539,1293,401,Bingo - Potato Chips Masala
12540,1298,430,Haldiram's Moong Dal Rs 10 
12542,1299,1299,Happy Bar Energy Snack Rs 40
12544,1300,61,Paper Boat Lychee Ras Rs 20
12545,1300,61,Paper Boat Lychee Ras Rs 20
12546,1301,306,Hazelnut Latte
12547,1302,1302,Born Reborn Oats & Jowar Garlic Zen Rs 30
12552,1308,130,Choco Chips Cookies
12555,1310,109,Real Mixed Fruit Juice Rs 20
12556,1311,941,MTR - Vegetable Upma
12557,1312,941,MTR - Vegetable Upma
12562,1318,1318,Havit Rasbhari Gujia
12564,132,132,Maggi Masala 
12567,1325,61,Paper Boat Lychee Ras Rs 20
12568,1325,61,Paper Boat Lychee Ras Rs 20
12570,1326,130,Choco Chips Cookies
12586,1338,1338, Karikari Salt Pepper Rs 50
12587,1339,1338, Karikari Salt Pepper Rs 50
12604,136,109,Real Mixed Fruit Juice Rs 20
12605,136,136,Real Guava Juice
12612,137,109,Real Mixed Fruit Juice Rs 20
12620,1381,95,Parle Appy Rs 10
12627,0,0,Unknown/Unmapped
12631,1399,1399,Aloo Masala Sandwich
12632,140,140,Cadbury Dairy Milk Rs 20
12633,140,140,Cadbury Dairy Milk Rs 20
12636,141,141,Crispy Veggie Cutlet 
12642,1427,986,Haldiram's Chips Pudina Treat Rs 15 
12664,1455,320,Unibic Choco Hazelnut Cookies Rs 10
12670,146,109,Real Mixed Fruit Juice Rs 20
12675,1467,1467, Snickers Fruit & Nut Rs 50
12676,1467,1467, Snickers Fruit & Nut Rs 50
12677,1469,586,Coke Regular Pop Can Rs 25
12700,1485,395,Too Yum- Multigrain Chips
12703,1494,1494,Britannia Treat Croissant Vanilla Rs15
12709,15,15,Vermicelli Upma
12717,151,24,Rajma-Chawal Combo
12734,1530,282,Too Yumm Veggie Stix Cheese & Herbs Rs 20
12754,1557,139,Nestle Classic Chocolate 
12772,1583,1583,Lavian Choco Vanilla Brownie Cake Rs 10
12782,1591,282,Too Yumm Veggie Stix Cheese & Herbs Rs 20
12783,1592,282,Too Yumm Veggie Stix Cheese & Herbs Rs 20
12784,0,0,Unknown/Unmapped
12785,1598,1598,Oriental Mix Tai Sun
12791,1605,282,Too Yumm Veggie Stix Cheese & Herbs Rs 20
12792,1606,1606,BRB Popped Potato Chips Pasta Cheese 
12793,1607,1606,BRB Popped Potato Chips Pasta Cheese 
12794,1608,1608,Makino Nacho Chips Jalapeno 
12795,1609,1608,Makino Nacho Chips Jalapeno 
12797,1612,401,Bingo - Potato Chips Masala
12799,1623,1623,Cadbury Dairy Milk Chocolate Rs 50
12801,1627,1627,Yoga Bar Breakfast Protein Blueberry Pie
12812,1638,1059,Cavin's Spiced Butter Milk Rs 15
12823,1648,24,Rajma-Chawal Combo
12824,1649,24,Rajma-Chawal Combo
12827,1652,141,Crispy Veggie Cutlet 
12831,1656,678,Britannia Bourbon-Rs 10
12853,17,17,McVities Digestive Rs 10
12854,170,170,Limca Can Rs 25
12859,1706,1623,Cadbury Dairy Milk Chocolate Rs 50
12866,172,172,Cadbury Fruit and Nut 
12881,1742,663,Britannia Veg Cake Chocolate Rs 20
12892,1758,626,Opera - Potato Crisps
12893,1759,1759,Frooti 
12895,1761,1761,Haldiram Chips classic salted 43 gm
12898,1768,1767,Little hearts 75gm
12906,1776,1776,Open Secret Spicy Peanut Butter Rs 40
12913,1783,1762,Tedhe Medhe 50gm
12930,1807,1807,Nescafe Chilled Latte Rs 40
12952,1834,139,Nestle Classic Chocolate 
13003,1880,95,Parle Appy Rs 10
13006,1883,1883,Parle Cakes Vanilla (Contains Egg) Rs 30
13007,1884,1606,BRB Popped Potato Chips Pasta Cheese 
13008,1885,1606,BRB Popped Potato Chips Pasta Cheese 
13009,1887,1069, Sunfeast Dark Fantasy Choco Fill Cookies Rs 10
13012,1889,1889,Brew House Apple Cinnamon Iced Tea Rs 40
13013,189,185,Thums UP CHARGED Rs 20
13019,1896,1896,Amrit Foods JUST Chocolate Protein Shake Rs 150
13020,1897,1896,Amrit Foods JUST Chocolate Protein Shake Rs 150
13047,1925,600,Garden Mini Bhakarwadi Rs 10
13048,1926,1926,Amrit Foods JUST Cold Coffee Rs 120
13060,1938,493,Test Product
13075,1959,1959,Snickers Rs 20
13076,1959,1959,Snickers Rs 20
13080,1963,1467, Snickers Fruit & Nut Rs 50
13081,1964,693,Snickers
13082,1964,693,Snickers
13083,1965,1944,Cravova Peri Peri Roasted Peanuts Rs 25
13099,1980,935,Lays - American Style Cream and Onion 
13113,1995,1995,Unibic Cashew Badam Cookies Rs 15
13114,1996,1995,Unibic Cashew Badam Cookies Rs 15
13116,1999,1301,Maggi Cuppa Noodles Masala 
13122,2008,2008,Parle Cakes Vanilla Contains Eggs Rs 40
13123,2009,2006,Saliah Dates with Lemon & Orange Peel Rs 30
13125,2010,2006,Saliah Dates with Lemon & Orange Peel Rs 30
13130,2026,629,Baked Bhakri
13134,203,203,Sprite Pop Can Rs 25
13135,203,203,Sprite Pop Can Rs 25
13136,2030,2030,Winkies Fruit Cake with Raisin & Tutti Frutti Rs 35
13137,2031,2031,Sprite Can Rs 35
13139,2033,2033,Anmol Romanzo Choco Filled Cookies Rs 10
13144,2048,2047,Nourish Organics Lime Chia Bar Rs 60
13147,2060,2052,Elevate Granola Almonds and Seeds Rs 50
13151,2068,2068,Veggie Mint Sauce Sandwich
13152,2069,2068,Veggie Mint Sauce Sandwich
13155,2071,2071,Corn Mint Sauce Sandwich
13156,2072,2071,Corn Mint Sauce Sandwich
13158,2079,430,Haldiram's Moong Dal Rs 10 
13161,2088,1825,Open Secret White Choco Cashew Nutty Cookies Rs 35
13164,2090,2090,Bingo Tedhe Medhe Masala Tadka Rs 15
13165,2091,1301,Maggi Cuppa Noodles Masala 
13172,2100,2097,Bikaji Kuch Kuch Rs 20
13175,2108,2097,Bikaji Kuch Kuch Rs 20
13181,2113,2097,Bikaji Kuch Kuch Rs 20
13182,2114,430,Haldiram's Moong Dal Rs 10 
13183,2116,986,Haldiram's Chips Pudina Treat Rs 15 
13185,2118,2097,Bikaji Kuch Kuch Rs 20
13188,2120,2097,Bikaji Kuch Kuch Rs 20
13189,2121,2121,Test Slot 00
13190,2125,11,Mother Dairy Sweet Lassi
13191,2126,291,Lay's American style Cream & Onion Rs 10
13193,2128,2115,Millet Bowl Protein Shake Chocolate Rs 70
13194,2129,2115,Millet Bowl Protein Shake Chocolate Rs 70
13198,2131,331,Britannia Veg Cake Fruity Fun Rs 20
13201,2134,11,Mother Dairy Sweet Lassi
13205,2138,430,Haldiram's Moong Dal Rs 10 
13206,2139,430,Haldiram's Moong Dal Rs 10 
13209,2141,331,Britannia Veg Cake Fruity Fun Rs 20
13210,2142,126,Coke Regular Pet 250ml Rs 20
13221,2152,678,Britannia Bourbon-Rs 10
13227,2159,430,Haldiram's Moong Dal Rs 10 
13228,2164,2164,Cremica Honey Oatmeal Cookies Rs 25
13231,2169,395,Too Yum- Multigrain Chips
13232,2170,896,Yoga Pulp Aloevera KiwiJuice Rs 30
13235,2173,318,Coke Zero
13236,2175,185,Thums UP CHARGED Rs 20
13238,2177,290,Kurkure Masala Munch 
13245,2181,185,Thums UP CHARGED Rs 20
13247,2183,478,Kit Kat Rs 25
13250,2186,1120,Fanta Can 
13252,2188,1606,BRB Popped Potato Chips Pasta Cheese 
13257,2193,430,Haldiram's Moong Dal Rs 10 
13258,2194,430,Haldiram's Moong Dal Rs 10 
13261,2197,430,Haldiram's Moong Dal Rs 10 
13262,2198,430,Haldiram's Moong Dal Rs 10 
13263,2199,430,Haldiram's Moong Dal Rs 10 
13265,2202,430,Haldiram's Moong Dal Rs 10 
13268,2205,1054,Cavins Strawberry Milk Shake Rs 35
13269,2206,1054,Cavins Strawberry Milk Shake Rs 35
13272,2210,1302,Born Reborn Oats & Jowar Garlic Zen Rs 30
13273,2210,1302,Born Reborn Oats & Jowar Garlic Zen Rs 30
13274,2211,1302,Born Reborn Oats & Jowar Garlic Zen Rs 30
13275,2211,1302,Born Reborn Oats & Jowar Garlic Zen Rs 30
13283,2225,2216,Frussh Mango Orange Juice Rs 40
13284,2226,2216,Frussh Mango Orange Juice Rs 40
13285,2227,825,Amul Masti Buttermilk Rs 12
13289,2231,493,Test Product
13298,2241,1301,Maggi Cuppa Noodles Masala 
13306,2249,2249,Haldirams Chips Classic Salted Rs 15
13307,2250,2250,Ananda Flavoured Milk Coffee Rs 30
13313,2256,2249,Haldirams Chips Classic Salted Rs 15
13317,2260,600,Garden Mini Bhakarwadi Rs 10
13323,2272,2272,Jus Coconut Water Rs 45
13324,2277,59,Tropicana Juice
13325,2278,59,Tropicana Juice
13330,2288,586,Coke Regular Pop Can Rs 25
13331,2289,600,Garden Mini Bhakarwadi Rs 10
13334,23,11,Mother Dairy Sweet Lassi
13337,2304,279,Snickers - Small
13338,2308,693,Snickers
13344,2323,2295,EGO Sweet Potato Mexican Twist Rs 40
13345,2326,59,Tropicana Juice
13349,2358,2358,B Natural Mixed Fruit Juice Rs 20
13359,2385,1606,BRB Popped Potato Chips Pasta Cheese 
13360,2386,2097,Bikaji Kuch Kuch Rs 20
13361,2387,2097,Bikaji Kuch Kuch Rs 20
13363,2391,1059,Cavin's Spiced Butter Milk Rs 15
13366,24,24,Rajma-Chawal Combo
13371,2409,2106,Winkies Fruit Cake with Raisin and Tutti Frutti 
13373,2414,2414,Cup Noodles Veggie Manchow Rs 50 
13375,2416,2097,Bikaji Kuch Kuch Rs 20
13376,2418,2418,Garden Onion Pakoda Rs 20
13379,2431,2431,Sirimiri Almonds And Raisin Snack Bar 50
13380,2432,2384,TWT ENERGY BAR Almond Choco Fudge
13381,2438,130,Choco Chips Cookies
13382,2439,130,Choco Chips Cookies
13388,253,253,Nescafe Chilled Latte 
13395,260,253,Nescafe Chilled Latte 
13396,261,261,McVitie's Digestive Biscuits
13399,264,11,Mother Dairy Sweet Lassi
13433,300,300,Himalayan Salt & Pepper Makhana
13448,313,313,Paperboat Chikki
13468,33,33,Kadi Pakora with Steamed Rice
13471,331,331,Britannia Veg Cake Fruity Fun Rs 20
13478,338,278,Unibic Chocolate Cookies
13479,338,278,Unibic Chocolate Cookies
13527,38,38,Amul Masti Buttermilk Rs 10
13542,392,392,Test
13545,396,282,Too Yumm Veggie Stix Cheese & Herbs Rs 20
13546,396,282,Too Yumm Veggie Stix Cheese & Herbs Rs 20
13584,430,430,Haldiram's Moong Dal Rs 10 
13585,431,430,Haldiram's Moong Dal Rs 10 
13586,433,169,Minute Maid Guava Rs 20
13587,434,434,Uncle Chips - Spicy Treat
13622,47,47,Mother Dairy Chocolate shake 
13629,478,478,Kit Kat Rs 25
13639,484,484,Aloo Masala Sandwich
13650,493,493,Test Product
13668,512,61,Paper Boat Lychee Ras Rs 20
13669,512,61,Paper Boat Lychee Ras Rs 20
13692,535,535,Kinley Water Bottle 
13727,572,572,Sweet Corn Mayo Sandwich
13728,572,572,Sweet Corn Mayo Sandwich
13731,575,575,Frooti Rs 10
13743,584,584,Fanta Can 180 ml Rs 25
13744,585,185,Thums UP CHARGED Rs 20
13745,586,586,Coke Regular Pop Can Rs 25
13748,589,395,Too Yum- Multigrain Chips
13749,59,59,Tropicana Juice
13750,590,395,Too Yum- Multigrain Chips
13751,590,395,Too Yum- Multigrain Chips
13760,599,291,Lay's American style Cream & Onion Rs 10
13764,600,600,Garden Mini Bhakarwadi Rs 10
13774,61,61,Paper Boat Lychee Ras Rs 20
13775,61,61,Paper Boat Lychee Ras Rs 20
13786,621,430,Haldiram's Moong Dal Rs 10 
13787,622,430,Haldiram's Moong Dal Rs 10 
13792,629,629,Baked Bhakri
13803,641,641,Sattviko - Zesty Tasty
13807,646,172,Cadbury Fruit and Nut 
13813,654,430,Haldiram's Moong Dal Rs 10 
13815,663,331,Britannia Veg Cake Fruity Fun Rs 20
13822,670,430,Haldiram's Moong Dal Rs 10 
13830,678,678,Britannia Bourbon-Rs 10
13831,678,678,Britannia Bourbon-Rs 10
13833,680,680,Cornitos Roasted Cashews Lightly Salted 
13834,680,680,Cornitos Roasted Cashews Lightly Salted 
13836,682,680,Cornitos Roasted Cashews Lightly Salted 
13837,682,680,Cornitos Roasted Cashews Lightly Salted 
13838,683,683,Cornitos Roasted Salted-Pumpkin Seeds
13848,694,694,Frooti 
13860,706,430,Haldiram's Moong Dal Rs 10 
13897,74,74,Sabudana Vada - Vrat Special
13924,764,764,Amul Milk Chocolate Rs 25
13926,766,766,Amul Rose Lassi Rs 20 
13936,773,401,Bingo - Potato Chips Masala
13946,783,690,Amul Lassi Rs 15
13953,789,789,Knorr - Sweet Corn Soup Veg Rs.10
13954,789,789,Knorr - Sweet Corn Soup Veg Rs.10
13956,790,789,Knorr - Sweet Corn Soup Veg Rs.10
13960,792,401,Bingo - Potato Chips Masala
13962,794,678,Britannia Bourbon-Rs 10
13965,796,796,Mother Dairy Chach Rs 12
13969,803,789,Knorr - Sweet Corn Soup Veg Rs.10
13970,803,789,Knorr - Sweet Corn Soup Veg Rs.10
13975,809,809,Chinese Style Stir Fry IDLIi
13979,814,814,Ritebite Sport Bar Almond Mocha
13987,823,799,Mr Makhana Cream & Onion
13988,824,824,Mr Makhana Piri Piri Rs 35
13989,825,825,Amul Masti Buttermilk Rs 12
13991,827,395,Too Yum- Multigrain Chips
13992,827,395,Too Yum- Multigrain Chips
13998,831,282,Too Yumm Veggie Stix Cheese & Herbs Rs 20
14000,833,600,Garden Mini Bhakarwadi Rs 10
14007,840,840,Hershey's Chocolate Milk Shake Rs 35
14011,844,401,Bingo - Potato Chips Masala
14015,846,846,Kelloggs Chocos
14017,848,318,Coke Zero
14018,848,318,Coke Zero
14022,851,430,Haldiram's Moong Dal Rs 10 
14033,863,18,Red Bull Rs 115
14040,876,876,Coleslaw Sandwich
14042,879,59,Tropicana Juice
14056,89,89,Stuffed Bread Roll
14057,890,600,Garden Mini Bhakarwadi Rs 10
14061,893,430,Haldiram's Moong Dal Rs 10 
14064,896,896,Yoga Pulp Aloevera KiwiJuice Rs 30
14065,897,896,Yoga Pulp Aloevera KiwiJuice Rs 30
14097,925,430,Haldiram's Moong Dal Rs 10 
14114,94,94,Maaza Tetrapack Rs 10
14117,941,941,MTR - Vegetable Upma
14121,943,1,Soya Masala Snacker
14133,949,430,Haldiram's Moong Dal Rs 10 
14135,95,95,Parle Appy Rs 10
14136,950,430,Haldiram's Moong Dal Rs 10 
14137,951,430,Haldiram's Moong Dal Rs 10 
14138,952,430,Haldiram's Moong Dal Rs 10 
14142,957,493,Test Product
14145,960,493,Test Product
14146,960,493,Test Product
14160,974,974,Hyderbadi Veg Biryani from Jubilant
14167,980,430,Haldiram's Moong Dal Rs 10 
14168,981,430,Haldiram's Moong Dal Rs 10 
14172,984,984,Appy 200ml Rs 15
14174,986,986,Haldiram's Chips Pudina Treat Rs 15 
14175,987,986,Haldiram's Chips Pudina Treat Rs 15 
14176,988,430,Haldiram's Moong Dal Rs 10 
14189,997,46,Paper Boat Coconut Water
14190,997,46,Paper Boat Coconut Water
14194,2455,2455, Cranberry Protein Bar Rs100
14195,2457,986,Haldiram's Chips Pudina Treat Rs 15 
14197,2459,2459,Woot Classic Butter Popcorn 
14198,2460,2459,Woot Classic Butter Popcorn 
14200,2462,2462,Mr Makhana Black Salt Rs45
14201,2463,2462,Mr Makhana Black Salt Rs45
14203,0,0,Unknown/Unmapped
14208,2467,80,Cavin's Spiced ButterMilk
14211,2468,80,Cavin's Spiced ButterMilk
14213,2470,493,Test Product
14215,2472,493,Test Product
14219,2475,1883,Parle Cakes Vanilla (Contains Egg) Rs 30
14222,2478,766,Amul Rose Lassi Rs 20 
14223,2479,1048,Balaji Wafers Pizzy Masala Rs 10
14242,2501,2501,ThumsUp Can Rs 60
14243,2502,2502,Sting Energy Drink 35
14246,2505,2097,Bikaji Kuch Kuch Rs 20
14247,2424,1636,Kurkure Solid Masti Rs 20
14249,2406,478,Kit Kat Rs 25
14250,2510,430,Haldiram's Moong Dal Rs 10 
14251,2513,59,Tropicana Juice
14254,2511,430,Haldiram's Moong Dal Rs 10 
14255,2512,430,Haldiram's Moong Dal Rs 10 
14258,2518,430,Haldiram's Moong Dal Rs 10 
14259,2519,290,Kurkure Masala Munch 
14260,2520,290,Kurkure Masala Munch 
14261,2521,291,Lay's American style Cream & Onion Rs 10
14262,2522,291,Lay's American style Cream & Onion Rs 10
14263,2523,401,Bingo - Potato Chips Masala
14264,2524,401,Bingo - Potato Chips Masala
14265,2525,769,Cadbury Dairy Milk Rs.10
14266,2526,196,Cadbury Dairy Milk Rs 40
14267,2527,306,Hazelnut Latte
14268,2528,766,Amul Rose Lassi Rs 20 
14269,2529,2400,Punjabi Jeera Masala Soda 200ml 
14270,2530,2509,Snack Factory Makhana Cheesy Garlic Twist
14271,2509,2509,Snack Factory Makhana Cheesy Garlic Twist
14279,2548,1054,Cavins Strawberry Milk Shake Rs 35
14280,2550,2550,Max Protein Desi Masala Rs45
14281,2551,2550,Max Protein Desi Masala Rs45
14282,2552,143,Minute Maid Mixed Fruit Rs 10
14283,2553,2553,Bauli Moonfills Vanilla Rs20
14284,2554,668,Maaza Pet Bottle Rs 20
14287,2560,2509,Snack Factory Makhana Cheesy Garlic Twist
14288,2559,2509,Snack Factory Makhana Cheesy Garlic Twist
14289,2563,2562,Earthspired Amaranth Sweet & Salty Crunch Rs 40
14290,2562,2562,Earthspired Amaranth Sweet & Salty Crunch Rs 40
14295,2571,2571,Proto Coconut Water Rs 50
14296,2572,1807,Nescafe Chilled Latte Rs 40
14298,2574,252,Thumps Up Can
14309,2584,2584,Paper Boat Chocolate Milkshake Rs35
14310,2586,2584,Paper Boat Chocolate Milkshake Rs35
14312,2588,663,Britannia Veg Cake Chocolate Rs 20
14315,2591,678,Britannia Bourbon-Rs 10
14316,2592,678,Britannia Bourbon-Rs 10
14317,2593,678,Britannia Bourbon-Rs 10
14319,2595,678,Britannia Bourbon-Rs 10
14322,2598,2598,Amul Premium Buttermilk Rs 16
14323,2600,2600,Elevate Granola Apple & Cinnamon Rs 60
14324,2599,2052,Elevate Granola Almonds and Seeds Rs 50
14327,2603,2603,MOM Masala Upma Rs 25
14328,2604,2604,Nidz Dark Roasted Cashew Chocolate Rs 70
14333,2607,663,Britannia Veg Cake Chocolate Rs 20
14335,2608,1376,Real Bites Farali Wafers Rs 10
14336,2609,1376,Real Bites Farali Wafers Rs 10
14338,2610,1636,Kurkure Solid Masti Rs 20
14339,2611,2584,Paper Boat Chocolate Milkshake Rs35
14347,2493,1054,Cavins Strawberry Milk Shake Rs 35
14350,2595,678,Britannia Bourbon-Rs 10
14352,2619,2418,Garden Onion Pakoda Rs 20
14353,2620,2418,Garden Onion Pakoda Rs 20
14355,2571,2571,Proto Coconut Water Rs 50
14356,2621,2047,Nourish Organics Lime Chia Bar Rs 60
14361,2222,2222,Frussh Alphonso Mango Juice Rs 40 
14370,0,0,Unknown/Unmapped
14372,2646,140,Cadbury Dairy Milk Rs 20
14389,2655,1023,Britannia Chocolate Shake Rs 35
14398,2665,493,Test Product
14402,2666,1708,Mirinda Orange Rs20
14403,2668,1708,Mirinda Orange Rs20
14404,2669,2669,Slice Mango Drink Rs 10
14405,172,172,Cadbury Fruit and Nut 
14406,2192,430,Haldiram's Moong Dal Rs 10 
14407,2670,430,Haldiram's Moong Dal Rs 10 
14409,2671,430,Haldiram's Moong Dal Rs 10 
14410,2672,678,Britannia Bourbon-Rs 10
14417,2681,493,Test Product
14419,2682,2164,Cremica Honey Oatmeal Cookies Rs 25
14420,2683,115,Coke Diet Can Rs 35
14421,2693,2693,Mothers Poha Rs 60
14422,1629,1629,MTR Vegetable Upma Rs65
14423,2692,1301,Maggi Cuppa Noodles Masala 
14424,2691,61,Paper Boat Lychee Ras Rs 20
14425,0,0,Unknown/Unmapped
14430,0,0,Unknown/Unmapped
14431,0,0,Unknown/Unmapped
14432,2686,1054,Cavins Strawberry Milk Shake Rs 35
14433,2685,846,Kelloggs Chocos
14439,2699,663,Britannia Veg Cake Chocolate Rs 20
14441,2705,678,Britannia Bourbon-Rs 10
14442,2704,678,Britannia Bourbon-Rs 10
14445,2707,678,Britannia Bourbon-Rs 10
14446,2709,401,Bingo - Potato Chips Masala
14447,2708,2696,Masala Peanut 
14448,2706,2696,Masala Peanut 
14449,2698,2698,Madras Mixture
14450,2697,2696,Masala Peanut 
14451,2696,2696,Masala Peanut 
14454,2713,678,Britannia Bourbon-Rs 10
14455,2712,678,Britannia Bourbon-Rs 10
14456,2714,139,Nestle Classic Chocolate 
14460,2717,678,Britannia Bourbon-Rs 10
14474,2730,1054,Cavins Strawberry Milk Shake Rs 35
14475,2729,600,Garden Mini Bhakarwadi Rs 10
14476,2728,600,Garden Mini Bhakarwadi Rs 10
14484,2736,430,Haldiram's Moong Dal Rs 10 
14486,2740,2696,Masala Peanut 
14488,2742,2400,Punjabi Jeera Masala Soda 200ml 
14489,1344,1344,NIDZ Dark Milk Roasted Cashew Chocolate Rs 60
14490,2604,2604,Nidz Dark Roasted Cashew Chocolate Rs 70
14491,2742,2400,Punjabi Jeera Masala Soda 200ml 
14494,2744,2087,Maggi Masala Single Pack Rs14
14495,2745,430,Haldiram's Moong Dal Rs 10 
14496,2746,430,Haldiram's Moong Dal Rs 10 
14499,1174,430,Haldiram's Moong Dal Rs 10 
14500,1293,401,Bingo - Potato Chips Masala
14501,2755,766,Amul Rose Lassi Rs 20 
14505,2759,139,Nestle Classic Chocolate 
14506,2760,2760,Puzzles Khatta Meetha Rs10
14507,2761,2760,Puzzles Khatta Meetha Rs10
14529,2777,2106,Winkies Fruit Cake with Raisin and Tutti Frutti 
14530,232,61,Paper Boat Lychee Ras Rs 20
14531,231,61,Paper Boat Lychee Ras Rs 20
14532,2805,430,Haldiram's Moong Dal Rs 10 
14533,2807,663,Britannia Veg Cake Chocolate Rs 20
14534,2806,663,Britannia Veg Cake Chocolate Rs 20
14536,2810,678,Britannia Bourbon-Rs 10
14537,2809,61,Paper Boat Lychee Ras Rs 20
14540,2814,2097,Bikaji Kuch Kuch Rs 20
14541,2813,2097,Bikaji Kuch Kuch Rs 20
14542,2815,2097,Bikaji Kuch Kuch Rs 20
14543,2816,1636,Kurkure Solid Masti Rs 20
14544,2817,935,Lays - American Style Cream and Onion 
14545,2818,2818,Cadbury 5 Star Oreo Rs 35
14551,2819,1143,Nestle Kit Kat
14552,2822,2330,Bikano Bikaneri Bhujia 
14553,2823,2106,Winkies Fruit Cake with Raisin and Tutti Frutti 
14554,2824,2106,Winkies Fruit Cake with Raisin and Tutti Frutti 
14555,2825,663,Britannia Veg Cake Chocolate Rs 20
14556,2744,2087,Maggi Masala Single Pack Rs14
14558,2827,2047,Nourish Organics Lime Chia Bar Rs 60
14562,2829,1048,Balaji Wafers Pizzy Masala Rs 10
14564,2837,2230,Sunfeast Dark Fantasy Bourbon Rs20
14565,2856,395,Too Yum- Multigrain Chips
14566,2860,395,Too Yum- Multigrain Chips
14567,2859,395,Too Yum- Multigrain Chips
14568,2858,395,Too Yum- Multigrain Chips
14569,2857,395,Too Yum- Multigrain Chips
14571,2861,291,Lay's American style Cream & Onion Rs 10
14572,2862,291,Lay's American style Cream & Onion Rs 10
14574,2864,290,Kurkure Masala Munch 
14575,2866,430,Haldiram's Moong Dal Rs 10 
14576,2867,1985,Amul Kool Kesar 
14577,2868,2868,Amul Masti Buttermilk Rs 14
14586,2877,130,Choco Chips Cookies
14587,2878,2418,Garden Onion Pakoda Rs 20
14589,2881,2881,Max Protein Choco Coconut Rs50
14590,2882,2881,Max Protein Choco Coconut Rs50
14595,2412,2412,Nescafe Chilled Latte Rs 45
14600,2884,115,Coke Diet Can Rs 35
14614,2894,1708,Mirinda Orange Rs20
14615,2895,2895,Sleepy Owl Cold Coffee Rs 125
14618,2896,95,Parle Appy Rs 10
14619,2897,95,Parle Appy Rs 10
14620,2898,95,Parle Appy Rs 10
14621,2899,95,Parle Appy Rs 10
14622,2900,95,Parle Appy Rs 10
14623,2903,1143,Nestle Kit Kat
14628,2504,130,Choco Chips Cookies
14630,2907,2895,Sleepy Owl Cold Coffee Rs 125
14631,2910,2910,Cavins Badam Milkshake Rs 60
14632,2911,2430,Sting Energy 
14634,2913,18,Red Bull Rs 115
14635,2914,318,Coke Zero
14636,2915,1120,Fanta Can 
14637,2916,2696,Masala Peanut 
14638,2917,80,Cavin's Spiced ButterMilk
14641,2903,1143,Nestle Kit Kat
14642,646,172,Cadbury Fruit and Nut 
14648,2925,678,Britannia Bourbon-Rs 10
14649,2926,2926,Nenimemi Popcorn Classic Butter Rs 20
14670,2939,1143,Nestle Kit Kat
14671,2938,320,Unibic Choco Hazelnut Cookies Rs 10
14673,2825,663,Britannia Veg Cake Chocolate Rs 20
14675,1797,1301,Maggi Cuppa Noodles Masala 
14677,2941,2760,Puzzles Khatta Meetha Rs10
14681,2946,82,Paper Boat Alphonso Aam Rs 25
14684,2942,1048,Balaji Wafers Pizzy Masala Rs 10
14692,2761,2760,Puzzles Khatta Meetha Rs10
14693,2941,2760,Puzzles Khatta Meetha Rs10
14694,2412,2412,Nescafe Chilled Latte Rs 45
14696,2956,1301,Maggi Cuppa Noodles Masala 
14698,2957,82,Paper Boat Alphonso Aam Rs 25
14699,2958,586,Coke Regular Pop Can Rs 25
14704,2966,331,Britannia Veg Cake Fruity Fun Rs 20
14711,2972,185,Thums UP CHARGED Rs 20
14712,2971,140,Cadbury Dairy Milk Rs 20
14721,2982,929,Sprite750ml
14722,2981,331,Britannia Veg Cake Fruity Fun Rs 20
14724,2984,130,Choco Chips Cookies
14725,1612,401,Bingo - Potato Chips Masala
14732,2877,130,Choco Chips Cookies
14733,2987,2987,Wingreen Naan chips Tez tandoori Rs 20
14742,2994,38,Amul Masti Buttermilk Rs 10
14759,3000,2430,Sting Energy 
14760,2999,2430,Sting Energy 
14761,2998,2430,Sting Energy 
14763,3002,3002,Snickers Kesar Pista Rs 30
14768,3008,3007,MTR Poha
14769,3007,3007,MTR Poha
14770,3009,3007,MTR Poha
14771,3010,3007,MTR Poha
14772,3011,172,Cadbury Fruit and Nut 
14775,3013,3012,Cadbury Oreo Choco Creme Rs 30
14776,3012,3012,Cadbury Oreo Choco Creme Rs 30
14782,1243,1243,RedBull Rs 125
14783,822,663,Britannia Veg Cake Chocolate Rs 20
14786,1243,1243,RedBull Rs 125
14787,3020,2926,Nenimemi Popcorn Classic Butter Rs 20
14791,3023,678,Britannia Bourbon-Rs 10
14792,3024,678,Britannia Bourbon-Rs 10
14798,3001,130,Choco Chips Cookies
14799,3030,2295,EGO Sweet Potato Mexican Twist Rs 40
14800,3031,291,Lay's American style Cream & Onion Rs 10
14801,3032,291,Lay's American style Cream & Onion Rs 10
14802,0,0,Unknown/Unmapped
14803,3033,252,Thumps Up Can
14805,3037,395,Too Yum- Multigrain Chips
14806,703,15,Vermicelli Upma
14807,3038,2398,Cup Noodles Mazedaar Delicious Masala
14816,3047,691,Britannia Chocolate Shake Rs 30 
14817,3049,2295,EGO Sweet Potato Mexican Twist Rs 40
14818,3050,3050,Happy Bar Coco Rs 50
14819,3048,61,Paper Boat Lychee Ras Rs 20
14820,3051,1243,RedBull Rs 125
14821,3052,3052,Swashray Methi Wheat Sticks Rs 12
14822,3053,3053,Swashray Rava Besan Gathiya Rs 15
14823,3054,3052,Swashray Methi Wheat Sticks Rs 12
14824,3055,678,Britannia Bourbon-Rs 10
14827,3057,95,Parle Appy Rs 10
14830,3060,1048,Balaji Wafers Pizzy Masala Rs 10
14831,3061,1243,RedBull Rs 125
14832,2942,1048,Balaji Wafers Pizzy Masala Rs 10
14833,3065,3065,Sirimiri Crushed Peanut Chikki Rs 15
14834,3064,663,Britannia Veg Cake Chocolate Rs 20
14835,3063,663,Britannia Veg Cake Chocolate Rs 20
14836,998,766,Amul Rose Lassi Rs 20 
14837,3061,1243,RedBull Rs 125
14839,3068,769,Cadbury Dairy Milk Rs.10
14849,3078,224,Amul Kool Cafe Rs 30
14850,3079,929,Sprite750ml
14852,2877,130,Choco Chips Cookies
14854,2412,2412,Nescafe Chilled Latte Rs 45
14856,3082,3081,Cornitos Nachos Tikka Masala 
14857,3081,3081,Cornitos Nachos Tikka Masala 
14858,3083,3083,Amul Kool Koko Chocolate Rs 35
14859,3084,140,Cadbury Dairy Milk Rs 20
14860,3092,3092,Alo Frut Kiwi Rs 30
14862,0,0,Unknown/Unmapped
14871,3102,2222,Frussh Alphonso Mango Juice Rs 40 
14873,3104,2047,Nourish Organics Lime Chia Bar Rs 60
14875,3106,1883,Parle Cakes Vanilla (Contains Egg) Rs 30
14876,3108,1972,Storia Coconut Water Rs 35
14880,3112,3092,Alo Frut Kiwi Rs 30
14882,3114,3092,Alo Frut Kiwi Rs 30
14884,3117,130,Choco Chips Cookies
14894,3126,2550,Max Protein Desi Masala Rs45
14895,3127,1302,Born Reborn Oats & Jowar Garlic Zen Rs 30
14901,3136,3136,Paneer Sandwich Rs 60
14905,3142,3142,Saarganic Nutrition Bar Rs 75
14910,3145,3145,Gobi Paratha with Curd 
14912,3146,3146,GOBI PARATHA WITH CURD
14913,3147,3147,Gobi Paratha with Curd
14914,3148,3148,Gobi Paratha with Curd 
14915,3149,3145,Gobi Paratha with Curd 
14916,3152,3148,Gobi Paratha with Curd 
14917,3150,3146,GOBI PARATHA WITH CURD
14919,3155,3145,Gobi Paratha with Curd 
14920,3154,3146,GOBI PARATHA WITH CURD
14922,3157,3148,Gobi Paratha with Curd 
14923,3160,3147,Gobi Paratha with Curd
14924,3158,3146,GOBI PARATHA WITH CURD
14925,3161,3148,Gobi Paratha with Curd 
14926,3159,3145,Gobi Paratha with Curd 
14938,2932,2932,Aloo paratha with Curd
14940,3165,3148,Gobi Paratha with Curd 
14941,3165,3148,Gobi Paratha with Curd 
14955,3169,3145,Gobi Paratha with Curd 
14956,3169,3145,Gobi Paratha with Curd 
14957,3169,3145,Gobi Paratha with Curd 
14958,3169,3145,Gobi Paratha with Curd 
14959,3170,3145,Gobi Paratha with Curd 
14960,3170,3145,Gobi Paratha with Curd 
14961,3170,3145,Gobi Paratha with Curd 
14962,3170,3145,Gobi Paratha with Curd 
14963,3173,3146,GOBI PARATHA WITH CURD
14964,3173,3146,GOBI PARATHA WITH CURD
14965,3173,3146,GOBI PARATHA WITH CURD
14966,3173,3146,GOBI PARATHA WITH CURD
14967,3172,3146,GOBI PARATHA WITH CURD
14968,3172,3146,GOBI PARATHA WITH CURD
14969,3172,3146,GOBI PARATHA WITH CURD
14970,3172,3146,GOBI PARATHA WITH CURD
14988,3175,3145,Gobi Paratha with Curd 
14989,3175,3145,Gobi Paratha with Curd 
14990,3175,3145,Gobi Paratha with Curd 
14991,3175,3145,Gobi Paratha with Curd 
14996,3178,3147,Gobi Paratha with Curd
15000,3182,3147,Gobi Paratha with Curd
15001,3183,3147,Gobi Paratha with Curd
15002,3184,3147,Gobi Paratha with Curd
15004,3185,3148,Gobi Paratha with Curd 
15005,3185,3148,Gobi Paratha with Curd 
15006,3185,3148,Gobi Paratha with Curd 
15007,3185,3148,Gobi Paratha with Curd 
15010,3186,3145,Gobi Paratha with Curd 
15012,3187,3146,GOBI PARATHA WITH CURD
15013,3187,3146,GOBI PARATHA WITH CURD
15014,3187,3146,GOBI PARATHA WITH CURD
15015,3187,3146,GOBI PARATHA WITH CURD
15019,0,0,Unknown/Unmapped
15020,3189,3146,GOBI PARATHA WITH CURD
15021,3189,3146,GOBI PARATHA WITH CURD
15023,3189,3146,GOBI PARATHA WITH CURD
15024,3189,3146,GOBI PARATHA WITH CURD
15026,3190,3148,Gobi Paratha with Curd 
15028,3190,3148,Gobi Paratha with Curd 
15030,3191,3145,Gobi Paratha with Curd 
15031,3191,3145,Gobi Paratha with Curd 
15032,3191,3145,Gobi Paratha with Curd 
15037,3197,59,Tropicana Juice
15038,3198,59,Tropicana Juice
15040,3213,95,Parle Appy Rs 10
15041,3214,95,Parle Appy Rs 10
15043,3215,1143,Nestle Kit Kat
15045,3217,430,Haldiram's Moong Dal Rs 10 
15046,3218,430,Haldiram's Moong Dal Rs 10 
15047,3219,430,Haldiram's Moong Dal Rs 10 
15048,3220,1708,Mirinda Orange Rs20
15049,856,856,Amul Masti Buttermilk Rs 14
15054,3131,3131,Sunfeast Dark Fantasy Choco Cream Rs 30
15056,3225,430,Haldiram's Moong Dal Rs 10 
15057,3226,430,Haldiram's Moong Dal Rs 10 
15058,2283,2087,Maggi Masala Single Pack Rs14
15064,3232,130,Choco Chips Cookies
15065,3233,1270,Haldiram's Khatta Meetha Rs 30
15066,3234,3065,Sirimiri Crushed Peanut Chikki Rs 15
15067,3236,3236,Proto Coconut Water Rs 50
15071,3240,2249,Haldirams Chips Classic Salted Rs 15
15075,3244,3244,Snickers Kesar Pista Rs 60
15076,3245,3244,Snickers Kesar Pista Rs 60
15078,2761,2760,Puzzles Khatta Meetha Rs10
15081,3250,3065,Sirimiri Crushed Peanut Chikki Rs 15
15082,3251,691,Britannia Chocolate Shake Rs 30 
15083,3252,2818,Cadbury 5 Star Oreo Rs 35
15084,3253,401,Bingo - Potato Chips Masala
15085,3254,59,Tropicana Juice
15086,3258,3007,MTR Poha
15087,3257,3007,MTR Poha
15088,3256,3007,MTR Poha
15089,2824,2106,Winkies Fruit Cake with Raisin and Tutti Frutti 
15090,3275,2584,Paper Boat Chocolate Milkshake Rs35
15095,1069,1069, Sunfeast Dark Fantasy Choco Fill Cookies Rs 10
15098,3281,291,Lay's American style Cream & Onion Rs 10
15099,3093,3050,Happy Bar Coco Rs 50
15100,120,109,Real Mixed Fruit Juice Rs 20
15102,0,0,Unknown/Unmapped
15103,0,0,Unknown/Unmapped
15104,0,0,Unknown/Unmapped
15110,3286,3286,Limca Rs 40
15112,3290,840,Hershey's Chocolate Milk Shake Rs 35
15113,3289,3288,Hershey Kisses Almond Rs 50
15114,3288,3288,Hershey Kisses Almond Rs 50
15117,3294,13,Cornitos Nachos - Cheese and Herbs
15122,3299,318,Coke Zero
15132,3314,1243,RedBull Rs 125
15133,3315,73,Cavin's Lassi
15136,3315,73,Cavin's Lassi
15137,3316,130,Choco Chips Cookies
15139,3318,59,Tropicana Juice
15140,3319,1708,Mirinda Orange Rs20
15141,3320,1243,RedBull Rs 125
15142,3321,3321,Jeera Masala Rs 12
15146,3324,2033,Anmol Romanzo Choco Filled Cookies Rs 10
15148,3327,318,Coke Zero
15149,3328,401,Bingo - Potato Chips Masala
15150,3329,663,Britannia Veg Cake Chocolate Rs 20
15156,3335,2216,Frussh Mango Orange Juice Rs 40
15159,3338,2033,Anmol Romanzo Choco Filled Cookies Rs 10
15161,3341,130,Choco Chips Cookies
15162,3340,764,Amul Milk Chocolate Rs 25
15165,3344,95,Parle Appy Rs 10
15168,3347,185,Thums UP CHARGED Rs 20
15171,3350,3096,Alo Frut Coconut Water Rs 50
15172,3351,80,Cavin's Spiced ButterMilk
15174,3353,318,Coke Zero
15183,0,0,Unknown/Unmapped
15186,0,0,Unknown/Unmapped
15194,3387,2412,Nescafe Chilled Latte Rs 45
15199,3392,124,Sprite Rs 20
15205,3400,3288,Hershey Kisses Almond Rs 50
15209,3407,1326,Unibic Choco Chip Cookies 
15210,3408,2033,Anmol Romanzo Choco Filled Cookies Rs 10
15211,3409,2033,Anmol Romanzo Choco Filled Cookies Rs 10
15212,3410,2033,Anmol Romanzo Choco Filled Cookies Rs 10
15213,3411,2033,Anmol Romanzo Choco Filled Cookies Rs 10
15216,3414,2033,Anmol Romanzo Choco Filled Cookies Rs 10
15217,3415,2033,Anmol Romanzo Choco Filled Cookies Rs 10
15218,3416,2033,Anmol Romanzo Choco Filled Cookies Rs 10
15219,3418,600,Garden Mini Bhakarwadi Rs 10
15223,3421,600,Garden Mini Bhakarwadi Rs 10
15226,3425,89,Stuffed Bread Roll
15227,3424,89,Stuffed Bread Roll
15228,3426,318,Coke Zero
15229,3427,3427,Amul Lassi Rs 17
15231,2502,2502,Sting Energy Drink 35
15232,3452,3452,Smarty Bar Rs 40
15234,3456,59,Tropicana Juice
15235,3457,3457,Jus Coconut Water Rs 50
15239,915,915,Cremica Bourbon Biscuits Rs 15
15240,2270,2097,Bikaji Kuch Kuch Rs 20
15241,3462,224,Amul Kool Cafe Rs 30
15242,3427,3427,Amul Lassi Rs 17
15243,856,856,Amul Masti Buttermilk Rs 14
15244,3463,2097,Bikaji Kuch Kuch Rs 20
15245,3464,73,Cavin's Lassi
15246,3465,164,ThumbsUp Charged - No Sugar
15247,3316,130,Choco Chips Cookies
15248,3466,282,Too Yumm Veggie Stix Cheese & Herbs Rs 20
15249,3467,282,Too Yumm Veggie Stix Cheese & Herbs Rs 20
15250,3468,282,Too Yumm Veggie Stix Cheese & Herbs Rs 20
15253,3472,3472,Amul Lassi Rs 23
15259,3478,139,Nestle Classic Chocolate 
15260,2867,1985,Amul Kool Kesar 
15262,3479,600,Garden Mini Bhakarwadi Rs 10
15263,3480,600,Garden Mini Bhakarwadi Rs 10
15264,3481,600,Garden Mini Bhakarwadi Rs 10
15265,3482,600,Garden Mini Bhakarwadi Rs 10
15270,0,0,Unknown/Unmapped
15272,3488,3488,Bicano Moong Dal Rs 58
15279,3495,401,Bingo - Potato Chips Masala
15286,3502,663,Britannia Veg Cake Chocolate Rs 20
15290,3508,3508,Poha SPL
15292,3511,3508,Poha SPL
15294,3506,3506,Coleslaw Sandwich SPL
15295,3512,80,Cavin's Spiced ButterMilk
15296,3513,73,Cavin's Lassi
15297,3514,80,Cavin's Spiced ButterMilk
15298,3515,80,Cavin's Spiced ButterMilk
15299,3516,80,Cavin's Spiced ButterMilk
15300,3517,80,Cavin's Spiced ButterMilk
15303,3522,3522,Aloo Parantha SPL
15304,3520,3520,Sweet Corn Sandwich SPL
15305,3521,3521,Paneer Mayo Sandwich SPL 
15306,3523,2910,Cavins Badam Milkshake Rs 60
15307,3524,3522,Aloo Parantha SPL
15308,75,75,Aloo Peanut Falahar - Vrat Special
15310,3526,3065,Sirimiri Crushed Peanut Chikki Rs 15
15314,3529,3521,Paneer Mayo Sandwich SPL 
15316,3531,3531,Sabudana Khichdi SPL
15317,3532,3508,Poha SPL
15318,3533,3531,Sabudana Khichdi SPL
15319,3535,318,Coke Zero
15320,3536,3508,Poha SPL
15323,3534,3534,Aloo Samosa SPL 
15327,3542,3542,Taali Masala Mania Protien Puffs Rs 20
15328,3543,3542,Taali Masala Mania Protien Puffs Rs 20
15329,3544,3544,Malaki Spiced Ginger Ale Rs 35
15332,3547,915,Cremica Bourbon Biscuits Rs 15
15333,1608,1608,Makino Nacho Chips Jalapeno 
15334,1609,1608,Makino Nacho Chips Jalapeno 
15335,121,121,Homestyle Veg Mayo Sandwich
15339,3552,1243,RedBull Rs 125
15344,3557,3557,Winkies Chocolate Finger Cake Rs 15
15358,3566,1608,Makino Nacho Chips Jalapeno 
15359,3568,2584,Paper Boat Chocolate Milkshake Rs35
15361,3570,2760,Puzzles Khatta Meetha Rs10
15362,3571,3571,Raw Coconut Water Rs 60
15364,3573,2330,Bikano Bikaneri Bhujia 
15366,2052,2052,Elevate Granola Almonds and Seeds Rs 50
15372,0,0,Unknown/Unmapped
15373,3576,2330,Bikano Bikaneri Bhujia 
15374,3577,3577,Bauli Moonfills Caramel Creme Rs 25 
15380,3585,2106,Winkies Fruit Cake with Raisin and Tutti Frutti 
15389,3589,1608,Makino Nacho Chips Jalapeno 
15390,3588,1608,Makino Nacho Chips Jalapeno 
15391,3591,2760,Puzzles Khatta Meetha Rs10
15392,3590,2760,Puzzles Khatta Meetha Rs10
15393,3592,3148,Gobi Paratha with Curd 
15394,3592,3148,Gobi Paratha with Curd 
15395,3592,3148,Gobi Paratha with Curd 
15396,3592,3148,Gobi Paratha with Curd 
15397,3593,2027,Sunfeast Dark Fantasy Chocolate Shake Rs35
15398,3596,3083,Amul Kool Koko Chocolate Rs 35
15400,2707,678,Britannia Bourbon-Rs 10
15406,3604,478,Kit Kat Rs 25
15424,3619,73,Cavin's Lassi
15425,3620,172,Cadbury Fruit and Nut 
15430,3626,140,Cadbury Dairy Milk Rs 20
15434,3633,282,Too Yumm Veggie Stix Cheese & Herbs Rs 20
15437,3636,3636,Vada Pav SPL 
15440,3639,2430,Sting Energy 
15443,3645,1302,Born Reborn Oats & Jowar Garlic Zen Rs 30
15444,3644,1302,Born Reborn Oats & Jowar Garlic Zen Rs 30
15447,2665,2665,Test product
15459,3659,3659,Wingreens Naan Chips Rs 40
15464,3665,3665,Max Protein Daily Choco Almond Bar Rs 70
15467,3668,3668,Yoga Bar 20g Protein Almond Fudge Rs 125
15468,3669,891,RiteBite Peanut Butter
15470,2938,320,Unibic Choco Hazelnut Cookies Rs 10
15473,3673,320,Unibic Choco Hazelnut Cookies Rs 10
15475,3676,3542,Taali Masala Mania Protien Puffs Rs 20
15476,3675,3542,Taali Masala Mania Protien Puffs Rs 20
15477,3677,2106,Winkies Fruit Cake with Raisin and Tutti Frutti 
15486,1985,1985,Amul Kool Kesar 
15487,3502,663,Britannia Veg Cake Chocolate Rs 20
15489,3681,282,Too Yumm Veggie Stix Cheese & Herbs Rs 20
15490,3679,282,Too Yumm Veggie Stix Cheese & Herbs Rs 20
15491,3680,282,Too Yumm Veggie Stix Cheese & Herbs Rs 20
15495,3521,3521,Paneer Mayo Sandwich SPL 
15496,3684,3684,Mystiq Russian Sandwich Rs 55
15499,3688,984,Appy 200ml Rs 15
15500,3687,694,Frooti 
15503,3690,430,Haldiram's Moong Dal Rs 10 
15504,3692,1301,Maggi Cuppa Noodles Masala 
15505,701,701,Veg Poha
15506,3693,2412,Nescafe Chilled Latte Rs 45
15508,1400,1400,Veg Upma
15509,700,700,Aloo Parantha
15510,809,809,Chinese Style Stir Fry IDLIi
15511,121,121,Homestyle Veg Mayo Sandwich
15513,3381,2456,Unibic Choco Chip Cookies Rs 40
15514,3380,2456,Unibic Choco Chip Cookies Rs 40
15516,3696,2027,Sunfeast Dark Fantasy Chocolate Shake Rs35
15541,3724,3542,Taali Masala Mania Protien Puffs Rs 20
15542,3726,3542,Taali Masala Mania Protien Puffs Rs 20
15543,2225,2216,Frussh Mango Orange Juice Rs 40
15568,2730,80,Cavin's Spiced ButterMilk
15569,3619,73,Cavin's Lassi
15571,3749,3684,Mystiq Russian Sandwich Rs 55
15574,3756,2330,Bikano Bikaneri Bhujia 
15577,3753,2330,Bikano Bikaneri Bhujia 
15578,3752,2330,Bikano Bikaneri Bhujia 
15579,2135,94,Maaza Tetrapack Rs 10
15580,3757,140,Cadbury Dairy Milk Rs 20
15584,3762,95,Parle Appy Rs 10
15585,3763,95,Parle Appy Rs 10
15588,3766,769,Cadbury Dairy Milk Rs.10
15590,1926,1926,Amrit Foods JUST Cold Coffee Rs 120
15591,1767,1767,Little hearts 75gm
15592,1271,331,Britannia Veg Cake Fruity Fun Rs 20
15593,815,691,Britannia Chocolate Shake Rs 30 
15595,3767,80,Cavin's Spiced ButterMilk
15597,3769,430,Haldiram's Moong Dal Rs 10 
15598,3770,430,Haldiram's Moong Dal Rs 10 
15599,3771,430,Haldiram's Moong Dal Rs 10 
15603,3726,3542,Taali Masala Mania Protien Puffs Rs 20
15604,3079,929,Sprite750ml
15605,3033,252,Thumps Up Can
15606,2914,318,Coke Zero
15607,3327,318,Coke Zero
15608,2915,1120,Fanta Can 
15610,2336,586,Coke Regular Pop Can Rs 25
15611,2335,185,Thums UP CHARGED Rs 20
15612,2499,203,Sprite Pop Can Rs 25
15615,3778,1170,Haldirams NGP Salted Peanut 
15616,3777,1170,Haldirams NGP Salted Peanut 
15617,3776,1170,Haldirams NGP Salted Peanut 
15618,3775,1170,Haldirams NGP Salted Peanut 
15619,3780,331,Britannia Veg Cake Fruity Fun Rs 20
15620,3781,331,Britannia Veg Cake Fruity Fun Rs 20
15621,3782,1023,Britannia Chocolate Shake Rs 35
15623,3786,2910,Cavins Badam Milkshake Rs 60
15624,3785,2910,Cavins Badam Milkshake Rs 60
15625,3784,2910,Cavins Badam Milkshake Rs 60
15626,3787,172,Cadbury Fruit and Nut 
15627,3520,3520,Sweet Corn Sandwich SPL
15629,3783,73,Cavin's Lassi
15630,3788,1302,Born Reborn Oats & Jowar Garlic Zen Rs 30
15631,3063,663,Britannia Veg Cake Chocolate Rs 20
15632,2710,678,Britannia Bourbon-Rs 10
15633,2155,678,Britannia Bourbon-Rs 10
15635,3790,95,Parle Appy Rs 10
15636,3791,1054,Cavins Strawberry Milk Shake Rs 35
15637,3792,80,Cavin's Spiced ButterMilk
15638,3793,80,Cavin's Spiced ButterMilk
15641,3788,1302,Born Reborn Oats & Jowar Garlic Zen Rs 30
15642,3701,3701,Mother Dairy Chhach Rs 13
15645,3799,82,Paper Boat Alphonso Aam Rs 25
15646,3800,82,Paper Boat Alphonso Aam Rs 25
15647,3724,3542,Taali Masala Mania Protien Puffs Rs 20
15648,3740,13,Cornitos Nachos - Cheese and Herbs
15654,3807,2418,Garden Onion Pakoda Rs 20
15655,3808,2418,Garden Onion Pakoda Rs 20
15657,3810,3810,Lays Wavay Cream Onion Flavour Rs 15
15658,3811,140,Cadbury Dairy Milk Rs 20
15663,2201,430,Haldiram's Moong Dal Rs 10 
15664,3816,430,Haldiram's Moong Dal Rs 10 
15667,3468,282,Too Yumm Veggie Stix Cheese & Herbs Rs 20
15668,3680,282,Too Yumm Veggie Stix Cheese & Herbs Rs 20
15669,3818,282,Too Yumm Veggie Stix Cheese & Herbs Rs 20
15670,1358,1358,Coleslaw Sandwich
15671,3819,678,Britannia Bourbon-Rs 10
15672,3820,306,Hazelnut Latte
15675,3823,478,Kit Kat Rs 25
15680,571,571,Paneer Tikka Sandwich
15682,2069,2069,Veggie Mustard Sauce Sandwich
15686,3830,678,Britannia Bourbon-Rs 10
15692,3837,691,Britannia Chocolate Shake Rs 30 
15693,3841,2384,TWT ENERGY BAR Almond Choco Fudge
15694,3842,401,Bingo - Potato Chips Masala
15699,3846,282,Too Yumm Veggie Stix Cheese & Herbs Rs 20
15700,3847,3083,Amul Kool Koko Chocolate Rs 35
15701,3848,3083,Amul Kool Koko Chocolate Rs 35
15702,3849,3083,Amul Kool Koko Chocolate Rs 35
15705,3850,1985,Amul Kool Kesar 
15706,3851,38,Amul Masti Buttermilk Rs 10
15707,3852,38,Amul Masti Buttermilk Rs 10
15708,3853,38,Amul Masti Buttermilk Rs 10
15710,3855,282,Too Yumm Veggie Stix Cheese & Herbs Rs 20
15711,0,0,Unknown/Unmapped
15712,3857,401,Bingo - Potato Chips Masala
15713,3858,3701,Mother Dairy Chhach Rs 13
15714,3859,2550,Max Protein Desi Masala Rs45
15716,3861,401,Bingo - Potato Chips Masala
15718,3862,282,Too Yumm Veggie Stix Cheese & Herbs Rs 20
15719,2394,61,Paper Boat Lychee Ras Rs 20
15721,3865,80,Cavin's Spiced ButterMilk
15723,3867,2910,Cavins Badam Milkshake Rs 60
15724,3868,3868,RiteBite Max Protein Choco Classic Bar Rs 65
15725,3482,600,Garden Mini Bhakarwadi Rs 10
15726,3517,80,Cavin's Spiced ButterMilk
15727,3515,80,Cavin's Spiced ButterMilk
15735,3877,331,Britannia Veg Cake Fruity Fun Rs 20
15736,3874,691,Britannia Chocolate Shake Rs 30 
15739,120,109,Real Mixed Fruit Juice Rs 20
15749,3884,3884,Corn Capsicum Tandoori Sandwich SPL
15751,3886,3886,Italian Sandwich SPL
15752,3887,3887,Mexican Sandwich SPL
15759,0,0,Unknown/Unmapped
15785,3920,478,Kit Kat Rs 25
15786,3921,290,Kurkure Masala Munch 
15788,3924,290,Kurkure Masala Munch 
15790,3926,430,Haldiram's Moong Dal Rs 10 
15795,3936,430,Haldiram's Moong Dal Rs 10 
15807,3949,140,Cadbury Dairy Milk Rs 20
15816,3964,678,Britannia Bourbon-Rs 10
15825,3972,2249,Haldirams Chips Classic Salted Rs 15
15827,3971,331,Britannia Veg Cake Fruity Fun Rs 20
15833,3978,663,Britannia Veg Cake Chocolate Rs 20
15834,3976,3007,MTR Poha
15835,3977,663,Britannia Veg Cake Chocolate Rs 20
15839,3982,3007,MTR Poha
15840,3983,663,Britannia Veg Cake Chocolate Rs 20
15842,3984,691,Britannia Chocolate Shake Rs 30 
15846,3989,1023,Britannia Chocolate Shake Rs 35
15847,3986,430,Haldiram's Moong Dal Rs 10 
15849,3992,430,Haldiram's Moong Dal Rs 10 
15850,3993,430,Haldiram's Moong Dal Rs 10 
15851,3994,80,Cavin's Spiced ButterMilk
15852,3995,3995,Alpha 8 Mango Rs30
15853,3988,663,Britannia Veg Cake Chocolate Rs 20
15854,3996,3995,Alpha 8 Mango Rs30
15856,3999,2553,Bauli Moonfills Vanilla Rs20
15857,4001,2553,Bauli Moonfills Vanilla Rs20
15858,4002,430,Haldiram's Moong Dal Rs 10 
15859,4003,430,Haldiram's Moong Dal Rs 10 
15870,4014,2027,Sunfeast Dark Fantasy Chocolate Shake Rs35
15871,4015,2027,Sunfeast Dark Fantasy Chocolate Shake Rs35
15875,3791,1054,Cavins Strawberry Milk Shake Rs 35
15876,4020,291,Lay's American style Cream & Onion Rs 10
15877,4021,61,Paper Boat Lychee Ras Rs 20
15880,4023,61,Paper Boat Lychee Ras Rs 20
15881,4024,61,Paper Boat Lychee Ras Rs 20
15883,4026,80,Cavin's Spiced ButterMilk
15887,4033,143,Minute Maid Mixed Fruit Rs 10
15888,4034,109,Real Mixed Fruit Juice Rs 20
15890,2526,196,Cadbury Dairy Milk Rs 40
15893,4039,430,Haldiram's Moong Dal Rs 10 
15896,4012,320,Unibic Choco Hazelnut Cookies Rs 10
15897,4043,320,Unibic Choco Hazelnut Cookies Rs 10
15898,4044,130,Choco Chips Cookies
15899,4046,130,Choco Chips Cookies
15900,4047,130,Choco Chips Cookies
15904,3644,1302,Born Reborn Oats & Jowar Garlic Zen Rs 30
15921,3953,126,Coke Regular Pet 250ml Rs 20
15929,4071,139,Nestle Classic Chocolate 
15930,4070,678,Britannia Bourbon-Rs 10
15935,4079,318,Coke Zero
15936,4078,318,Coke Zero
15937,4077,318,Coke Zero
15939,4083,3092,Alo Frut Kiwi Rs 30
15942,4084,80,Cavin's Spiced ButterMilk
15943,4085,678,Britannia Bourbon-Rs 10
15944,4092,82,Paper Boat Alphonso Aam Rs 25
15954,3560,1243,RedBull Rs 125
15955,4118,291,Lay's American style Cream & Onion Rs 10
15956,4117,935,Lays - American Style Cream and Onion 
15960,4125,1059,Cavin's Spiced Butter Milk Rs 15
15965,0,0,Unknown/Unmapped
15984,777,777,Big Box 500ml PP Container 
15985,4133,4133,Round Box 300ml PP container with Lid
15986,907,777,Big Box 500ml PP Container 
16004,3937,430,Haldiram's Moong Dal Rs 10 
16005,4158,430,Haldiram's Moong Dal Rs 10 
16006,4159,1023,Britannia Chocolate Shake Rs 35
16017,1279,1279,Paneer parantha
16022,4166,61,Paper Boat Lychee Ras Rs 20
16034,4175,80,Cavin's Spiced ButterMilk
16037,4189,796,Mother Dairy Chach Rs 12
16038,3486,1636,Kurkure Solid Masti Rs 20
16053,4214,130,Choco Chips Cookies
16055,4212,4036,Snickers Kesar Pista Stick Rs 30
16058,4209,1048,Balaji Wafers Pizzy Masala Rs 10
16062,4205,678,Britannia Bourbon-Rs 10
16074,4223,600,Garden Mini Bhakarwadi Rs 10
16104,4234,693,Snickers
16121,4239,4238,Fit And Flex Cheesy Cheese Flavour 
16122,4238,4238,Fit And Flex Cheesy Cheese Flavour 
16133,4252,2330,Bikano Bikaneri Bhujia 
16140,3388,2412,Nescafe Chilled Latte Rs 45
16142,3402,2412,Nescafe Chilled Latte Rs 45
16144,4258,61,Paper Boat Lychee Ras Rs 20
16146,3823,478,Kit Kat Rs 25
16157,4259,1708,Mirinda Orange Rs20
16168,4271,691,Britannia Chocolate Shake Rs 30 
16170,4273,1985,Amul Kool Kesar 
16171,4093,82,Paper Boat Alphonso Aam Rs 25
16178,4286,1023,Britannia Chocolate Shake Rs 35
16180,4284,663,Britannia Veg Cake Chocolate Rs 20
16181,4189,11,Mother Dairy Sweet Lassi
16182,4290,282,Too Yumm Veggie Stix Cheese & Herbs Rs 20
16183,4288,282,Too Yumm Veggie Stix Cheese & Herbs Rs 20
16184,0,0,Unknown/Unmapped
16190,4291,4291,Bounty Coconut Chocolate
16200,4302,4302,Phab Strawberries And Cream
16206,4333,73,Cavin's Lassi
16209,4330,4330,Sting
16213,3811,140,Cadbury Dairy Milk Rs 20
16214,3034,139,Nestle Classic Chocolate 
16215,3823,478,Kit Kat Rs 25
16217,4327,139,Nestle Classic Chocolate 
16218,4326,1494,Britannia Treat Croissant Vanilla Rs15
16229,4317,678,Britannia Bourbon-Rs 10
16230,4316,1494,Britannia Treat Croissant Vanilla Rs15
16235,4310,1242, Lays Cream & Onion Rs 20
16236,4309,291,Lay's American style Cream & Onion Rs 10
16237,4306,80,Cavin's Spiced ButterMilk
16238,4305,80,Cavin's Spiced ButterMilk
16241,4339,678,Britannia Bourbon-Rs 10
16243,4335,4335,Townbus Madras Mixture
16244,4336,4335,Townbus Madras Mixture
16247,4343,282,Too Yumm Veggie Stix Cheese & Herbs Rs 20
16248,4342,282,Too Yumm Veggie Stix Cheese & Herbs Rs 20
16249,4341,282,Too Yumm Veggie Stix Cheese & Herbs Rs 20
16250,4344,2330,Bikano Bikaneri Bhujia 
16251,4345,2330,Bikano Bikaneri Bhujia 
16252,4346,2330,Bikano Bikaneri Bhujia 
16253,4347,2330,Bikano Bikaneri Bhujia 
16255,0,0,Unknown/Unmapped
16257,3691,1985,Amul Kool Kesar 
16269,4357,430,Haldiram's Moong Dal Rs 10 
16278,2941,2760,Puzzles Khatta Meetha Rs10
16279,3741,2760,Puzzles Khatta Meetha Rs10
16281,4391,430,Haldiram's Moong Dal Rs 10 
16282,4389,430,Haldiram's Moong Dal Rs 10 
16283,4388,139,Nestle Classic Chocolate 
16300,0,0,Unknown/Unmapped
16302,4373,3810,Lays Wavay Cream Onion Flavour Rs 15
16303,4372,3810,Lays Wavay Cream Onion Flavour Rs 15
16314,4395,3810,Lays Wavay Cream Onion Flavour Rs 15
16316,0,0,Unknown/Unmapped
16332,3564,2330,Bikano Bikaneri Bhujia 
16335,4410,4410,Just Original Cold Coffee
16337,4404,1972,Storia Coconut Water Rs 35
16340,4411,986,Haldiram's Chips Pudina Treat Rs 15 
16341,4236,2295,EGO Sweet Potato Mexican Twist Rs 40
16344,2721,678,Britannia Bourbon-Rs 10
16347,4412,80,Cavin's Spiced ButterMilk
16352,4417,3548,Samrat Namkeen Tam Tam Rs 10
16353,4418,3548,Samrat Namkeen Tam Tam Rs 10
16354,4419,3548,Samrat Namkeen Tam Tam Rs 10
16355,4422,3548,Samrat Namkeen Tam Tam Rs 10
16356,4421,3548,Samrat Namkeen Tam Tam Rs 10
16357,4420,3548,Samrat Namkeen Tam Tam Rs 10
16359,4425,4425,TATA Copper Water Rs 10
16363,4429,986,Haldiram's Chips Pudina Treat Rs 15 
16364,4430,4430,Americana Coconut Cookies Rs 20
16365,4432,3070,Americana  Cheese Cracker Biscuits  Rs 10
16366,4433,3070,Americana  Cheese Cracker Biscuits  Rs 10
16375,4449,4330,Sting
16382,4442,430,Haldiram's Moong Dal Rs 10 
16383,4453,493,Test Product
16389,4460,80,Cavin's Spiced ButterMilk
16391,4452,4452,Bingo Chilli Sprinkled
16399,4469,935,Lays - American Style Cream and Onion 
16405,4475,331,Britannia Veg Cake Fruity Fun Rs 20
16406,4477,4477,Chings Soup
16409,0,0,Unknown/Unmapped
16414,4480,2553,Bauli Moonfills Vanilla Rs20
16415,4481,2553,Bauli Moonfills Vanilla Rs20
16416,4482,4004,Haldirams Lite cornflakes Rs10
16417,4483,80,Cavin's Spiced ButterMilk
16419,4504,2412,Nescafe Chilled Latte Rs 45
16421,4501,935,Lays - American Style Cream and Onion 
16427,0,0,Unknown/Unmapped
16431,4493,2384,TWT ENERGY BAR Almond Choco Fudge
16432,4502,130,Choco Chips Cookies
16433,4494,95,Parle Appy Rs 10
16434,4495,3535,Coca cola Original Taste 
16436,4496,140,Cadbury Dairy Milk Rs 20
16451,4507,4507, Dole Juice Pineapple Orange Banana Rs 60
16454,3770,430,Haldiram's Moong Dal Rs 10 
16456,0,0,Unknown/Unmapped
16459,0,0,Unknown/Unmapped
16460,0,0,Unknown/Unmapped
16470,3426,115,Coke Diet Can Rs 35
16471,3352,318,Coke Zero
16472,3535,318,Coke Zero
16473,2915,1120,Fanta Can 
16474,4512,318,Coke Zero
16482,4518,3665,Max Protein Daily Choco Almond Bar Rs 70
16483,4517,814,Ritebite Sport Bar Almond Mocha
16484,3001,130,Choco Chips Cookies
16485,891,891,RiteBite Peanut Butter
16486,4380,1883,Parle Cakes Vanilla (Contains Egg) Rs 30
16495,4538,4538,Rewynd Peanuts Chikki
16498,4463,4238,Fit And Flex Cheesy Cheese Flavour 
16499,4373,3810,Lays Wavay Cream Onion Flavour Rs 15
16517,2810,663,Britannia Veg Cake Chocolate Rs 20
16519,1482,984,Appy 200ml Rs 15
16525,4545,4545,Snickers chocolate bar Rs 50
16534,4551,395,Too Yum- Multigrain Chips
16535,4486,395,Too Yum- Multigrain Chips
16536,4552,3092,Alo Frut Kiwi Rs 30
16548,3732,1606,BRB Popped Potato Chips Pasta Cheese 
16549,3716,1606,BRB Popped Potato Chips Pasta Cheese 
16553,0,0,Unknown/Unmapped
16555,0,0,Unknown/Unmapped
16556,3626,2818,Cadbury 5 Star Oreo Rs 35
16582,4558,4558,Beyond Snacks Kerala Banana Original Style Chips Rs 60
16587,4305,80,Cavin's Spiced ButterMilk
16592,0,0,Unknown/Unmapped
16594,0,0,Unknown/Unmapped
16625,3523,2910,Cavins Badam Milkshake Rs 60
16632,4574,935,Lays - American Style Cream and Onion 
16634,2915,1120,Fanta Can 
16638,4576,663,Britannia Veg Cake Chocolate Rs 20
16639,3792,80,Cavin's Spiced ButterMilk
16642,0,0,Unknown/Unmapped
16649,4579,3542,Taali Masala Mania Protien Puffs Rs 20
16650,2284,2087,Maggi Masala Single Pack Rs14
16655,4166,61,Paper Boat Lychee Ras Rs 20
16660,2911,2430,Sting Energy 
16661,4581,935,Lays - American Style Cream and Onion 
16670,2914,318,Coke Zero
16681,4597,3810,Lays Wavay Cream Onion Flavour Rs 15
16686,3856,282,Too Yumm Veggie Stix Cheese & Herbs Rs 20
16687,4601,4507, Dole Juice Pineapple Orange Banana Rs 60
16690,4602,95,Parle Appy Rs 10
16691,4603,224,Amul Kool Cafe Rs 30
16692,2191,764,Amul Milk Chocolate Rs 25
16698,2513,59,Tropicana Juice
16700,2769,2769,Amul Kool Badam Milk Shake Rs 40
16702,4005,3083,Amul Kool Koko Chocolate Rs 35
16703,1072,139,Nestle Classic Chocolate 
16704,3992,430,Haldiram's Moong Dal Rs 10 
16705,4604,986,Haldiram's Chips Pudina Treat Rs 15 
16710,4446,4048,Epigamia Strawberry Milkshake 40
16727,4613,4238,Fit And Flex Cheesy Cheese Flavour 
16728,2825,663,Britannia Veg Cake Chocolate Rs 20
16732,2600,2600,Elevate Granola Apple & Cinnamon Rs 60
16733,4379,130,Choco Chips Cookies
16736,4242,4242,Max Protein Daily Bar Choco Almond
16738,3914,3914,Ritebite Max Protein Almond Apricot Bar
16739,4620,2027,Sunfeast Dark Fantasy Chocolate Shake Rs35
16748,4629,764,Amul Milk Chocolate Rs 25
16750,3016,766,Amul Rose Lassi Rs 20 
16752,4501,291,Lay's American style Cream & Onion Rs 10
16755,4166,61,Paper Boat Lychee Ras Rs 20
16758,4383,935,Lays - American Style Cream and Onion 
16760,4384,935,Lays - American Style Cream and Onion 
16761,4633,80,Cavin's Spiced ButterMilk
16762,4634,80,Cavin's Spiced ButterMilk
16763,1243,1243,RedBull Rs 125
16765,1119,80,Cavin's Spiced ButterMilk
16769,4638,4638,Paper Boat Dry Fruit Chikki Rs 30
16770,4639,331,Britannia Veg Cake Fruity Fun Rs 20
16771,4601,4507, Dole Juice Pineapple Orange Banana Rs 60
16775,4560,395,Too Yum- Multigrain Chips
16776,1325,61,Paper Boat Lychee Ras Rs 20
16777,231,61,Paper Boat Lychee Ras Rs 20
16778,4021,61,Paper Boat Lychee Ras Rs 20
16779,2225,2216,Frussh Mango Orange Juice Rs 40
16781,4642,4642,Malaki Ginger Ale Rs 99 
16807,0,0,Unknown/Unmapped
16814,1071,430,Haldiram's Moong Dal Rs 10 
16815,2138,430,Haldiram's Moong Dal Rs 10 
16820,4590,430,Haldiram's Moong Dal Rs 10 
16821,4655,430,Haldiram's Moong Dal Rs 10 
16822,4322,4322,Nimbus 7up
16823,2870,1708,Mirinda Orange Rs20
16824,3319,1708,Mirinda Orange Rs20
16825,4658,1708,Mirinda Orange Rs20
16826,4659,331,Britannia Veg Cake Fruity Fun Rs 20
16827,4648,935,Lays - American Style Cream and Onion 
16828,2829,1048,Balaji Wafers Pizzy Masala Rs 10
16837,4669,2604,Nidz Dark Roasted Cashew Chocolate Rs 70
16838,4670,4670,Himalaya Sparkling Water Rs 60
16840,4671,4507, Dole Juice Pineapple Orange Banana Rs 60
16844,688,172,Cadbury Fruit and Nut 
16852,4676,4676,Test Unibic Fruit and Nut 
16853,4677,4677,Fizz Appy Juice Rs 20
16855,4678,313,Paperboat Chikki
16858,4680,4680,Mcvities Bourbon Delight Rs 30
16859,4681,17,McVities Digestive Rs 10
16860,4489,261,McVitie's Digestive Biscuits
16861,4682,2250,Ananda Flavoured Milk Coffee Rs 30
16862,2739,95,Parle Appy Rs 10
16863,4258,61,Paper Boat Lychee Ras Rs 20
16864,2957,82,Paper Boat Alphonso Aam Rs 25
16865,1626,1504,Yoga Bar Chocolate Chunk Nut Rs 40
16866,3668,3668,Yoga Bar 20g Protein Almond Fudge Rs 125
16867,1627,1627,Yoga Bar Breakfast Protein Blueberry Pie
16876,0,0,Unknown/Unmapped
16881,4206,59,Tropicana Juice
16892,4669,2604,Nidz Dark Roasted Cashew Chocolate Rs 70
16893,4668,1344,NIDZ Dark Milk Roasted Cashew Chocolate Rs 60
16895,4688,4688,Amul Premium Buttermilk Rs 24 
16902,3842,401,Bingo - Potato Chips Masala
16909,4668,1344,NIDZ Dark Milk Roasted Cashew Chocolate Rs 60
16910,4669,2604,Nidz Dark Roasted Cashew Chocolate Rs 70
16921,2997,2997,7up lemon Rs 35
16926,4704,1504,Yoga Bar Chocolate Chunk Nut Rs 40
16932,4133,4133,Round Box 300ml PP container with Lid
16933,4134,4133,Round Box 300ml PP container with Lid
16935,4709,282,Too Yumm Veggie Stix Cheese & Herbs Rs 20
16938,1627,1627,Yoga Bar Breakfast Protein Blueberry Pie
16944,3387,2412,Nescafe Chilled Latte Rs 45
16953,4639,331,Britannia Veg Cake Fruity Fun Rs 20
16955,0,0,Unknown/Unmapped
16957,4721,663,Britannia Veg Cake Chocolate Rs 20
16958,3989,1023,Britannia Chocolate Shake Rs 35
16959,4159,1023,Britannia Chocolate Shake Rs 35
16960,4722,1023,Britannia Chocolate Shake Rs 35
16963,4713,1627,Yoga Bar Breakfast Protein Blueberry Pie
16964,2826,434,Uncle Chips - Spicy Treat
16969,4723,282,Too Yumm Veggie Stix Cheese & Herbs Rs 20
16976,4727,282,Too Yumm Veggie Stix Cheese & Herbs Rs 20
16981,4391,430,Haldiram's Moong Dal Rs 10 
16990,4667,95,Parle Appy Rs 10
16991,4694,3953,Thums Up 
16992,3935,430,Haldiram's Moong Dal Rs 10 
17000,4739,2818,Cadbury 5 Star Oreo Rs 35
17005,3665,3665,Max Protein Daily Choco Almond Bar Rs 70
17017,4753,59,Tropicana Juice
17025,4761,891,RiteBite Peanut Butter
17026,3859,2550,Max Protein Desi Masala Rs45
17028,891,891,RiteBite Peanut Butter
17041,3470,395,Too Yum- Multigrain Chips
17043,902,693,Snickers
17055,4785,4785,Lion Qyno Dates Rs 95
17056,4784,4784,Lion Desert King Dates Rs 124
17058,4781,4781,Complan Milk Protein Rs 120
17066,3802,2584,Paper Boat Chocolate Milkshake Rs35
17075,3718,130,Choco Chips Cookies
17077,815,691,Britannia Chocolate Shake Rs 30 
17098,4799,4799,Wonderland Raw cashew Rs 160
17099,4800,678,Britannia Bourbon-Rs 10
17101,4802,4802,Wonderland Almonds Rs 115
17108,3461,3457,Jus Coconut Water Rs 50
17109,4805,3145,Gobi Paratha with Curd 
17110,4806,3148,Gobi Paratha with Curd 
17111,4807,3147,Gobi Paratha with Curd
17112,4808,3146,GOBI PARATHA WITH CURD
17114,4810,691,Britannia Chocolate Shake Rs 30 
17118,2201,430,Haldiram's Moong Dal Rs 10 
17120,4814,59,Tropicana Juice
17129,4819,4819,Luvit Loca Rs 10
17133,4822,4822,Desi Popz Tangy Imli Rs 50
17140,4827,4827,Boost 200g RS 99
17147,4836,4836,Too yumm veggie stick chili RS 25
17149,4838,4836,Too yumm veggie stick chili RS 25
17150,4839,4836,Too yumm veggie stick chili RS 25
17151,2812,430,Haldiram's Moong Dal Rs 10 
17152,4840,4822,Desi Popz Tangy Imli Rs 50
17154,3428,1069, Sunfeast Dark Fantasy Choco Fill Cookies Rs 10
17155,1449,633,Max Protein-Spanish Tomato Rs 20
17156,4841,766,Amul Rose Lassi Rs 20 
17157,4842,2598,Amul Premium Buttermilk Rs 16
17161,3940,95,Parle Appy Rs 10
17162,3286,3286,Limca Rs 40
17165,4846,4846,Ritebite Spanish Tomato Rs 20
17171,4851,4851,Kerala Banana Chips Desi Masala Rs 20
17172,4840,4822,Desi Popz Tangy Imli Rs 50
17174,3872,1606,BRB Popped Potato Chips Pasta Cheese 
17181,4587,196,Cadbury Dairy Milk Rs 40
17182,4840,4822,Desi Popz Tangy Imli Rs 50
17183,3871,1606,BRB Popped Potato Chips Pasta Cheese 
17184,4856,1023,Britannia Chocolate Shake Rs 35
17200,4864,3244,Snickers Kesar Pista Rs 60
17201,4865,4865,Desi Popz Tangy Imly Rs 50
17203,4867,61,Paper Boat Lychee Ras Rs 20
17206,4869,4869,Shunya Go Zesty Orange 
17207,4870,4866,Coolberg Cranberry Non Alcoholic Beer 
17208,4501,935,Lays - American Style Cream and Onion 
17209,4871,4871,Coolberg Rider Energy Drink Rs 50
17210,4822,4822,Desi Popz Tangy Imli Rs 50
17212,2610,290,Kurkure Masala Munch 
17213,993,769,Cadbury Dairy Milk Rs.10
17214,4873,4873,Dailee Jeera masala soda Rs 12
17223,4870,4866,Coolberg Cranberry Non Alcoholic Beer 
17224,4878,130,Choco Chips Cookies
17225,1380,430,Haldiram's Moong Dal Rs 10 
17227,4866,4866,Coolberg Cranberry Non Alcoholic Beer 
17229,4880,4880,Happy Jars Afters Ginger Bells Rs 50
17233,3050,3050,Happy Bar Coco Rs 50
17237,4886,1725,Happy Bar Sport Protein Rs60
17238,4887,4507, Dole Juice Pineapple Orange Banana Rs 60
17242,4899,586,Coke Regular Pop Can Rs 25
17244,4900,4900,Britannia Treat Creme Wafers Strawberry Rs 50
17248,4308,80,Cavin's Spiced ButterMilk
17250,4904,4904,Coco Cola Rs 70
17251,4905,4904,Coco Cola Rs 70
17256,4909,4851,Kerala Banana Chips Desi Masala Rs 20
17264,4913,1482,Parle Agro Appy Fizz 
17270,3924,290,Kurkure Masala Munch 
17272,4909,4851,Kerala Banana Chips Desi Masala Rs 20
17285,3356,130,Choco Chips Cookies
17286,4856,1023,Britannia Chocolate Shake Rs 35
17287,4810,691,Britannia Chocolate Shake Rs 30 
17288,2093,663,Britannia Veg Cake Chocolate Rs 20
17289,4339,663,Britannia Veg Cake Chocolate Rs 20
17290,4085,678,Britannia Bourbon-Rs 10
17291,4388,1143,Nestle Kit Kat
17302,4927,4927,Mirinda Rs 60
17307,2362,1023,Britannia Chocolate Shake Rs 35
17308,1946,1825,Open Secret White Choco Cashew Nutty Cookies Rs 35
17309,4930,4930,Open Secert Choco Almond  Brownie Rs 55
17310,4931,4931,Tandoori Masala Mix Rs 50
17311,4932,4932,Puff Snacks Rs 20
17312,4933,4933,Unjucked Chocolate Biscuits Rs 45
17313,4934,4934,Chana Jor Lime And Chilli Rs 10
17314,4935,4934,Chana Jor Lime And Chilli Rs 10
17315,4936,4934,Chana Jor Lime And Chilli Rs 10
17317,4938,4934,Chana Jor Lime And Chilli Rs 10
17323,2915,1120,Fanta Can 
17325,4283,4283,Redbull Energy Drink 
17328,3676,3542,Taali Masala Mania Protien Puffs Rs 20
17332,2658,1708,Mirinda Orange Rs20
17334,4941,3392,Sprite 250ml Rs 20
17335,3821,1023,Britannia Chocolate Shake Rs 35
17337,4621,1023,Britannia Chocolate Shake Rs 35
17348,4945,4945,Choco Almond Sports Bar Rs 75
17351,3731,3007,MTR Poha
17358,4722,1023,Britannia Chocolate Shake Rs 35
17360,4639,331,Britannia Veg Cake Fruity Fun Rs 20
17363,2646,140,Cadbury Dairy Milk Rs 20
17364,3744,769,Cadbury Dairy Milk Rs.10
17365,4954,678,Britannia Bourbon-Rs 10
17367,4955,4880,Happy Jars Afters Ginger Bells Rs 50
17368,4866,4866,Coolberg Cranberry Non Alcoholic Beer 
17369,4431,3070,Americana  Cheese Cracker Biscuits  Rs 10
17373,4957,4957,Alo Frut Kiwi Aloevera Frut Pulp Juice Rs 40
17375,4959,4957,Alo Frut Kiwi Aloevera Frut Pulp Juice Rs 40
17376,4960,3096,Alo Frut Coconut Water Rs 50
17385,4962,4851,Kerala Banana Chips Desi Masala Rs 20
17389,4964,4963,Mayora Malkist Cheese Rs 10
17398,80,80,Cavin's Spiced ButterMilk
17400,2911,2430,Sting Energy 
17401,2997,2997,7up lemon Rs 35
17405,4968,4968,Cracker Bee Fruit And Nut Rs 30
17406,4969,4968,Cracker Bee Fruit And Nut Rs 30
17407,4970,4968,Cracker Bee Fruit And Nut Rs 30
17408,4893,4893,EATOPIA Superfood jowar puffs Rs 25
17414,4974,4974,Sweet Corn Mayo Sandwich
17415,4975,4975,Paneer Mayo Sandwich
17416,4976,4975,Paneer Mayo Sandwich
17417,4977,4977,Veggie Mint Sauce Sandwich
17421,4981,4981,Happilo Whole Cashews Rs 335
17424,2328,130,Choco Chips Cookies
17425,3044,130,Choco Chips Cookies
17432,4988,4869,Shunya Go Zesty Orange 
17440,3733,169,Minute Maid Guava Rs 20
17442,4995,4851,Kerala Banana Chips Desi Masala Rs 20
17447,4999,1048,Balaji Wafers Pizzy Masala Rs 10
17460,5002,5002,Cothas Mocha Cold Coffee Rs 80
17461,5003,5002,Cothas Mocha Cold Coffee Rs 80
17462,2078,126,Coke Regular Pet 250ml Rs 20
17463,542,542,Limca 250ml Pet Rs 20
17464,4081,126,Coke Regular Pet 250ml Rs 20
17466,3639,2430,Sting Energy 
17467,4847,2430,Sting Energy 
17468,2998,2430,Sting Energy 
17469,2911,2430,Sting Energy 
17479,5008,1315, Britannia Treat Jim Jam Rs 10
17482,5009,5009,Snickers Butterscotch 
17485,4867,61,Paper Boat Lychee Ras Rs 20
17500,2911,2430,Sting Energy 
17501,2997,2997,7up lemon Rs 35
17512,4545,4545,Snickers chocolate bar Rs 50
17514,4847,2430,Sting Energy 
17515,2998,2430,Sting Energy 
17519,4189,796,Mother Dairy Chach Rs 12
17521,5034,196,Cadbury Dairy Milk Rs 40
17522,5035,678,Britannia Bourbon-Rs 10
17524,5037,3953,Thums Up 
17525,5038,3953,Thums Up 
17526,3353,318,Coke Zero
17527,4027,126,Coke Regular Pet 250ml Rs 20
17530,5002,5002,Cothas Mocha Cold Coffee Rs 80
17534,3989,1315, Britannia Treat Jim Jam Rs 10
17536,5040,4904,Coco Cola Rs 70
17537,4905,4904,Coco Cola Rs 70
17538,4967,2997,7up lemon Rs 35
17539,5041,5041,Horlicks Classic Rs 109
17541,3538,663,Britannia Veg Cake Chocolate Rs 20
17544,5042,4968,Cracker Bee Fruit And Nut Rs 30
17547,5044,3953,Thums Up 
17553,4614,691,Britannia Chocolate Shake Rs 30 
17554,2588,663,Britannia Veg Cake Chocolate Rs 20
17556,4285,663,Britannia Veg Cake Chocolate Rs 20
17557,5050,11,Mother Dairy Sweet Lassi
17579,5069,5069,Lahori Jeera Rs 10
17590,297,297,Sabudana Khichdi
17591,75,75,Aloo Peanut Falahar - Vrat Special
17595,4621,1315, Britannia Treat Jim Jam Rs 10
17596,5077,4934,Chana Jor Lime And Chilli Rs 10
17598,5078,1023,Britannia Chocolate Shake Rs 35
17601,4324,316,Minute Maid Pulpy Orange
17604,5081,5081,Happilo Makhana Perky Pudina 
17605,5082,5081,Happilo Makhana Perky Pudina 
17606,5085,5081,Happilo Makhana Perky Pudina 
17608,5086,5081,Happilo Makhana Perky Pudina 
17611,5088,4538,Rewynd Peanuts Chikki
17612,5089,4538,Rewynd Peanuts Chikki
17613,5090,5090,Rewynd Khakhra Methi Thepla 40g Rs 20
17614,5088,4538,Rewynd Peanuts Chikki
17615,5088,4538,Rewynd Peanuts Chikki
17616,5091,4538,Rewynd Peanuts Chikki
17621,3524,3522,Aloo Parantha SPL
17624,3532,3508,Poha SPL
17625,3533,3531,Sabudana Khichdi SPL
17626,3536,3508,Poha SPL
17628,3636,3636,Vada Pav SPL 
17632,3521,3521,Paneer Mayo Sandwich SPL 
17638,4856,1023,Britannia Chocolate Shake Rs 35
17654,0,0,Unknown/Unmapped
17658,5094,5094,Sleepy Owl Hazelnut Cold Coffee 
17674,5097,5097,Kari Kari Chilli Garlic Rs 20
17675,5099,5097,Kari Kari Chilli Garlic Rs 20
17679,5101,891,RiteBite Peanut Butter
17687,5103,5103,Hersheys Milk Shake Vanilla Ice Cream Flavored Rs 40
17689,5105,5103,Hersheys Milk Shake Vanilla Ice Cream Flavored Rs 40
17696,5107,4934,Chana Jor Lime And Chilli Rs 10
17697,2299,185,Thums UP CHARGED Rs 20
17698,5108,4904,Coco Cola Rs 70
17703,5110,5110,Stuffed Bread Roll SPL
17706,11,11,Mother Dairy Sweet Lassi
17709,5101,891,RiteBite Peanut Butter
17710,3128,2550,Max Protein Desi Masala Rs45
17711,4247,3868,RiteBite Max Protein Choco Classic Bar Rs 65
17713,5007,5007,Kurkure Lehar Mast Masala Rs 15
17729,4851,4851,Kerala Banana Chips Desi Masala Rs 20
17730,5116,1069, Sunfeast Dark Fantasy Choco Fill Cookies Rs 10
17733,3639,2430,Sting Energy 
17734,2911,2430,Sting Energy 
17735,3619,73,Cavin's Lassi
17738,820,764,Amul Milk Chocolate Rs 25
17740,2591,678,Britannia Bourbon-Rs 10
17741,3856,282,Too Yumm Veggie Stix Cheese & Herbs Rs 20
17742,4674,4674,Winkies Chocolate Cake
17743,3677,2106,Winkies Fruit Cake with Raisin and Tutti Frutti 
17744,2106,2106,Winkies Fruit Cake with Raisin and Tutti Frutti 
17745,5121,3557,Winkies Chocolate Finger Cake Rs 15
17746,4675,4674,Winkies Chocolate Cake
17748,5122,4674,Winkies Chocolate Cake
17750,4560,282,Too Yumm Veggie Stix Cheese & Herbs Rs 20
17752,3517,80,Cavin's Spiced ButterMilk
17754,4597,3810,Lays Wavay Cream Onion Flavour Rs 15
17755,3948,140,Cadbury Dairy Milk Rs 20
17756,688,172,Cadbury Fruit and Nut 
17757,5123,4068,Alo Frut Orange Rs 30
17758,5124,4068,Alo Frut Orange Rs 30
17759,5125,4068,Alo Frut Orange Rs 30
17762,0,0,Unknown/Unmapped
17766,3078,224,Amul Kool Cafe Rs 30
17767,3220,1708,Mirinda Orange Rs20
17769,2252,1668,7up Rs20
17782,5127,5094,Sleepy Owl Hazelnut Cold Coffee 
17783,11,11,Mother Dairy Sweet Lassi
17784,5128,1048,Balaji Wafers Pizzy Masala Rs 10
17819,5035,4900,Britannia Treat Creme Wafers Strawberry Rs 50
17820,5147,4900,Britannia Treat Creme Wafers Strawberry Rs 50
17856,4326,691,Britannia Chocolate Shake Rs 30 
17864,0,0,Unknown/Unmapped
17866,0,0,Unknown/Unmapped
17870,4320,4320,Coke Cocacola
17873,5160,5160,All In One Rs 5
17878,5165,5165,Masala Diet Chidwa spicy Special Rs 20
17884,5175,5165,Masala Diet Chidwa spicy Special Rs 20
17886,5173,5165,Masala Diet Chidwa spicy Special Rs 20
17887,5172,5165,Masala Diet Chidwa spicy Special Rs 20
17888,5171,1482,Parle Agro Appy Fizz 
17889,434,434,Uncle Chips - Spicy Treat
17907,2493,80,Cavin's Spiced ButterMilk
17914,5008,1315, Britannia Treat Jim Jam Rs 10
17915,5186,395,Too Yum- Multigrain Chips
17923,5194,5165,Masala Diet Chidwa spicy Special Rs 20
17925,4408,4408,Dark Fantasy
17936,5198,3002,Snickers Kesar Pista Rs 30
17937,4232,3001,Unibic Choco Nut Cookies Rs 20
17941,4308,80,Cavin's Spiced ButterMilk
17944,4857,401,Bingo - Potato Chips Masala
17949,5105,5103,Hersheys Milk Shake Vanilla Ice Cream Flavored Rs 40
17951,109,109,Real Mixed Fruit Juice Rs 20
17952,3704,109,Real Mixed Fruit Juice Rs 20
17953,3705,59,Tropicana Juice
17957,5205,954,Parle G Biscuits Rs 5
17959,4903,95,Parle Appy Rs 10
17963,4444,1104,Haldirams NGP Lite Chiwda Rs 10
17968,5212,172,Cadbury Fruit and Nut 
17972,4605,1636,Kurkure Solid Masti Rs 20
17975,5090,5090,Rewynd Khakhra Methi Thepla 40g Rs 20
17976,4538,4538,Rewynd Peanuts Chikki
17977,5088,4538,Rewynd Peanuts Chikki
17978,5218,4538,Rewynd Peanuts Chikki
17979,5219,4538,Rewynd Peanuts Chikki
17986,2185,46,Paper Boat Coconut Water
17992,0,0,Unknown/Unmapped
17993,3800,82,Paper Boat Alphonso Aam Rs 25
18001,4565,1959,Snickers Rs 20
18006,3802,2584,Paper Boat Chocolate Milkshake Rs35
18007,3568,2584,Paper Boat Chocolate Milkshake Rs35
18009,5230,1023,Britannia Chocolate Shake Rs 35
18010,5231,4900,Britannia Treat Creme Wafers Strawberry Rs 50
18033,3767,80,Cavin's Spiced ButterMilk
18035,5248,4904,Coco Cola Rs 70
18058,3767,80,Cavin's Spiced ButterMilk
18061,5104,5103,Hersheys Milk Shake Vanilla Ice Cream Flavored Rs 40
18065,3767,80,Cavin's Spiced ButterMilk
18066,5106,5103,Hersheys Milk Shake Vanilla Ice Cream Flavored Rs 40
18079,5267,1315, Britannia Treat Jim Jam Rs 10
18080,5268,1023,Britannia Chocolate Shake Rs 35
18081,5269,1315, Britannia Treat Jim Jam Rs 10
18082,3507,3507,Veggie Mustard Sauce Sandwich SPL
18083,3506,3506,Coleslaw Sandwich SPL
18084,3884,3884,Corn Capsicum Tandoori Sandwich SPL
18085,5270,1069, Sunfeast Dark Fantasy Choco Fill Cookies Rs 10
18087,5272,5272,Nutrezy Almond Cranberry Crunchy Bar
18088,5272,5272,Nutrezy Almond Cranberry Crunchy Bar
18089,5273,5272,Nutrezy Almond Cranberry Crunchy Bar
18090,5274,5272,Nutrezy Almond Cranberry Crunchy Bar
18091,5275,5275,Pokka Vanilla Coffee Rs 105
18092,5276,5275,Pokka Vanilla Coffee Rs 105
18094,4887,4507, Dole Juice Pineapple Orange Banana Rs 60
18096,4601,4507, Dole Juice Pineapple Orange Banana Rs 60
18105,4597,3810,Lays Wavay Cream Onion Flavour Rs 15
18106,5279,3810,Lays Wavay Cream Onion Flavour Rs 15
18107,5280,395,Too Yum- Multigrain Chips
18109,2761,2760,Puzzles Khatta Meetha Rs10
18111,5281,1170,Haldirams NGP Salted Peanut 
18115,4715,1494,Britannia Treat Croissant Vanilla Rs15
18116,5267,1315, Britannia Treat Jim Jam Rs 10
18117,5269,1315, Britannia Treat Jim Jam Rs 10
18121,0,0,Unknown/Unmapped
18146,1128,799,Mr Makhana Cream & Onion
18149,799,799,Mr Makhana Cream & Onion
18151,4380,95,Parle Appy Rs 10
18152,4602,95,Parle Appy Rs 10
18163,5305,1934,CocaCola Rim Zim Masala Jeera Rs 10
18165,5307,430,Haldiram's Moong Dal Rs 10 
18167,1016,769,Cadbury Dairy Milk Rs.10
18168,5309,5309,Beng Beng Chocolate Rs 10
18170,0,0,Unknown/Unmapped
18173,3845,693,Snickers
18175,4023,61,Paper Boat Lychee Ras Rs 20
18179,4290,282,Too Yumm Veggie Stix Cheese & Herbs Rs 20
18181,3467,282,Too Yumm Veggie Stix Cheese & Herbs Rs 20
18184,4676,493,Test Product
18186,4856,1023,Britannia Chocolate Shake Rs 35
18188,4072,130,Choco Chips Cookies
18189,3718,130,Choco Chips Cookies
18190,3001,130,Choco Chips Cookies
18191,2439,130,Choco Chips Cookies
18192,4214,130,Choco Chips Cookies
18193,5188,130,Choco Chips Cookies
18203,5317,3665,Max Protein Daily Choco Almond Bar Rs 70
18215,5288,764,Amul Milk Chocolate Rs 25
18218,193,193,Monster Energy
18221,2721,678,Britannia Bourbon-Rs 10
18232,820,766,Amul Rose Lassi Rs 20 
18234,5088,4538,Rewynd Peanuts Chikki
18243,4945,4945,Choco Almond Sports Bar Rs 75
18245,4732,139,Nestle Classic Chocolate 
18246,5338,5338,Yu Coconut Water Rs 60
18247,5339,766,Amul Rose Lassi Rs 20 
18248,783,690,Amul Lassi Rs 15
18257,5343,5343,Horlicks Chocolate Delight Flavour Rs 25
18258,5085,5081,Happilo Makhana Perky Pudina 
18259,4737,4737,Paper Boat Chikki Rs 7
18276,5348,891,RiteBite Peanut Butter
18277,4290,282,Too Yumm Veggie Stix Cheese & Herbs Rs 20
18278,1605,282,Too Yumm Veggie Stix Cheese & Herbs Rs 20
18279,3580,282,Too Yumm Veggie Stix Cheese & Herbs Rs 20
18280,4452,2090,Bingo Tedhe Medhe Masala Tadka Rs 15
18282,4034,109,Real Mixed Fruit Juice Rs 20
18284,3523,2910,Cavins Badam Milkshake Rs 60
18285,4574,935,Lays - American Style Cream and Onion 
18286,4202,935,Lays - American Style Cream and Onion 
18287,2420,935,Lays - American Style Cream and Onion 
18292,2316,47,Mother Dairy Chocolate shake 
18294,1985,764,Amul Milk Chocolate Rs 25
18302,2998,2430,Sting Energy 
18304,2116,986,Haldiram's Chips Pudina Treat Rs 15 
18306,3926,430,Haldiram's Moong Dal Rs 10 
18308,4953,935,Lays - American Style Cream and Onion 
18314,5354,5354,Lahori Jeera Rs 20
18316,3542,3542,Taali Masala Mania Protien Puffs Rs 20
18317,3676,3542,Taali Masala Mania Protien Puffs Rs 20
18319,4931,4931,Tandoori Masala Mix Rs 50
18324,5358,1104,Haldirams NGP Lite Chiwda Rs 10
18326,4357,1104,Haldirams NGP Lite Chiwda Rs 10
18327,3017,1104,Haldirams NGP Lite Chiwda Rs 10
18330,954,954,Parle G Biscuits Rs 5
18331,5361,954,Parle G Biscuits Rs 5
18332,5362,5362,Budhani Potato Mixture Rs 10
18333,2347,430,Haldiram's Moong Dal Rs 10 
18334,2670,430,Haldiram's Moong Dal Rs 10 
18335,4210,4210,Britannia Marie Gold
18338,5365,395,Too Yum- Multigrain Chips
18339,5366,4866,Coolberg Cranberry Non Alcoholic Beer 
18340,5115,4904,Coco Cola Rs 70
18341,5177,3508,Poha SPL
18342,5248,4904,Coco Cola Rs 70
18345,5367,5367,Almond Brittle Coffee Rs 40
18356,2106,2106,Winkies Fruit Cake with Raisin and Tutti Frutti 
18357,2809,61,Paper Boat Lychee Ras Rs 20
18360,5369,4674,Winkies Chocolate Cake
18361,5122,4674,Winkies Chocolate Cake
18362,4674,4674,Winkies Chocolate Cake
18364,5371,4846,Ritebite Spanish Tomato Rs 20
18365,3639,2430,Sting Energy 
18367,4460,80,Cavin's Spiced ButterMilk
18368,4174,73,Cavin's Lassi
18369,4412,80,Cavin's Spiced ButterMilk
18370,4174,73,Cavin's Lassi
18385,4079,318,Coke Zero
18391,5287,678,Britannia Bourbon-Rs 10
18401,0,0,Unknown/Unmapped
18402,2866,430,Haldiram's Moong Dal Rs 10 
18404,2736,430,Haldiram's Moong Dal Rs 10 
18405,2347,430,Haldiram's Moong Dal Rs 10 
18406,2870,1708,Mirinda Orange Rs20
18407,4658,1708,Mirinda Orange Rs20
18408,3001,130,Choco Chips Cookies
18416,5272,5272,Nutrezy Almond Cranberry Crunchy Bar
18422,3713,1608,Makino Nacho Chips Jalapeno 
18423,3588,1608,Makino Nacho Chips Jalapeno 
18436,5117,678,Britannia Bourbon-Rs 10
18447,4121,61,Paper Boat Lychee Ras Rs 20
18452,4739,2818,Cadbury 5 Star Oreo Rs 35
18453,3937,430,Haldiram's Moong Dal Rs 10 
18454,4605,290,Kurkure Masala Munch 
18455,4118,291,Lay's American style Cream & Onion Rs 10
18456,4574,291,Lay's American style Cream & Onion Rs 10
18464,2997,2997,7up lemon Rs 35
18470,5233,1805,Woot Woot Popcorn Classic Butter Rs10
18471,4029,126,Coke Regular Pet 250ml Rs 20
18473,0,0,Unknown/Unmapped
18474,0,0,Unknown/Unmapped
18478,5423,2459,Woot Classic Butter Popcorn 
18479,5424,4900,Britannia Treat Creme Wafers Strawberry Rs 50
18504,2528,764,Amul Milk Chocolate Rs 25
18505,5455,59,Tropicana Juice
18506,3388,2412,Nescafe Chilled Latte Rs 45
18507,5456,5081,Happilo Makhana Perky Pudina 
18532,5472,5471,Foodrik Choco Nutri Bar Rs 40
18546,5484,5484,Yes Coco Orange Juice Rs 70
18547,4433,3070,Americana  Cheese Cracker Biscuits  Rs 10
18548,4432,3070,Americana  Cheese Cracker Biscuits  Rs 10
18549,3393,3070,Americana  Cheese Cracker Biscuits  Rs 10
18550,5487,5485,Bonn Choco Chip Cookies Rs 10
18551,5486,5486,Bonn classic Bourbonn Biscuits Rs 15
18552,5485,5485,Bonn Choco Chip Cookies Rs 10
18554,1324,61,Paper Boat Lychee Ras Rs 20
18555,3353,318,Coke Zero
18556,4708,136,Real Guava Juice
18560,4995,4851,Kerala Banana Chips Desi Masala Rs 20
18570,5279,3810,Lays Wavay Cream Onion Flavour Rs 15
18571,4597,3810,Lays Wavay Cream Onion Flavour Rs 15
18574,5279,3810,Lays Wavay Cream Onion Flavour Rs 15
18575,4597,3810,Lays Wavay Cream Onion Flavour Rs 15
18576,5279,3810,Lays Wavay Cream Onion Flavour Rs 15
18577,4597,3810,Lays Wavay Cream Onion Flavour Rs 15
18578,5493,5493,Dates Bites Sachet Rs 35
18579,5493,5493,Dates Bites Sachet Rs 35
18580,5495,5494,Farmley Roasted Makhana Cream And Onion Rs 30
18581,5494,5494,Farmley Roasted Makhana Cream And Onion Rs 30
18583,649,282,Too Yumm Veggie Stix Cheese & Herbs Rs 20
18588,4027,126,Coke Regular Pet 250ml Rs 20
18589,4029,126,Coke Regular Pet 250ml Rs 20
18590,4081,126,Coke Regular Pet 250ml Rs 20
18594,4995,4851,Kerala Banana Chips Desi Masala Rs 20
18596,5499,282,Too Yumm Veggie Stix Cheese & Herbs Rs 20
18597,5500,4846,Ritebite Spanish Tomato Rs 20
18598,5348,891,RiteBite Peanut Butter
18600,2997,2997,7up lemon Rs 35
18602,5212,172,Cadbury Fruit and Nut 
18604,2998,2430,Sting Energy 
18607,5000,1048,Balaji Wafers Pizzy Masala Rs 10
18608,4460,80,Cavin's Spiced ButterMilk
18609,4571,4571,Maggi Cup Noodles Delicious masala flavour
18610,5424,4900,Britannia Treat Creme Wafers Strawberry Rs 50
18611,5269,1315, Britannia Treat Jim Jam Rs 10
18621,5503,313,Paperboat Chikki
18634,4388,1143,Nestle Kit Kat
18635,4391,430,Haldiram's Moong Dal Rs 10 
18636,5508,430,Haldiram's Moong Dal Rs 10 
18639,584,584,Fanta Can 180 ml Rs 25
18640,4360,130,Choco Chips Cookies
18642,1469,586,Coke Regular Pop Can Rs 25
18646,0,0,Unknown/Unmapped
18649,3567,1608,Makino Nacho Chips Jalapeno 
18650,5388,1608,Makino Nacho Chips Jalapeno 
18652,1605,282,Too Yumm Veggie Stix Cheese & Herbs Rs 20
18658,3681,282,Too Yumm Veggie Stix Cheese & Herbs Rs 20
18662,3603,2087,Maggi Masala Single Pack Rs14
18664,2452,130,Choco Chips Cookies
18673,4545,4545,Snickers chocolate bar Rs 50
18674,4633,80,Cavin's Spiced ButterMilk
18683,5509,745,Paper Boat Coconut Water pack of 16 Rs.640
18684,5510,745,Paper Boat Coconut Water pack of 16 Rs.640
18687,4660,691,Britannia Chocolate Shake Rs 30 
18690,5513,691,Britannia Chocolate Shake Rs 30 
18694,5514,691,Britannia Chocolate Shake Rs 30 
18695,3669,891,RiteBite Peanut Butter
18696,3128,2550,Max Protein Desi Masala Rs45
18701,4499,4499,Coca Cola Monster Energy
18714,4631,678,Britannia Bourbon-Rs 10
18716,2104,430,Haldiram's Moong Dal Rs 10 
18717,5523,2249,Haldirams Chips Classic Salted Rs 15
18718,646,172,Cadbury Fruit and Nut 
18729,5533,5533,Nutki Raisins Anardana 35 g Rs 69
18736,5536,764,Amul Milk Chocolate Rs 25
18737,1556,690,Amul Lassi Rs 15
18738,5339,764,Amul Milk Chocolate Rs 25
18739,3953,126,Coke Regular Pet 250ml Rs 20
18740,2142,126,Coke Regular Pet 250ml Rs 20
18753,783,690,Amul Lassi Rs 15
18755,1073,109,Real Mixed Fruit Juice Rs 20
18758,5543,663,Britannia Veg Cake Chocolate Rs 20
18759,5542,663,Britannia Veg Cake Chocolate Rs 20
18761,5540,5540,Lion Arabian Dates Rs 57
18770,5291,401,Bingo - Potato Chips Masala
18775,5366,4866,Coolberg Cranberry Non Alcoholic Beer 
18785,5549,5549,Clear Water Bottle Rs 10
18787,0,0,Unknown/Unmapped
18788,4386,172,Cadbury Fruit and Nut 
18791,3964,678,Britannia Bourbon-Rs 10
18792,4210,678,Britannia Bourbon-Rs 10
18795,5557,5556,Max Protein Chocoberry bar Rs 75
18796,5556,5556,Max Protein Chocoberry bar Rs 75
18815,4324,316,Minute Maid Pulpy Orange
18817,5574,5574,Lion Qyno Dates 
18830,5581,5581,Nescafe Intense Cappuccino Rs 70
18831,5583,109,Real Mixed Fruit Juice Rs 20
18832,5500,4846,Ritebite Spanish Tomato Rs 20
18833,4287,282,Too Yumm Veggie Stix Cheese & Herbs Rs 20
18837,5586,5586,Farm Fresh Veggie Wrap SPL
18847,5601,493,Test Product
18848,5600,493,Test Product
18849,5599,493,Test Product
18850,5598,493,Test Product
18856,4555,4555,test1
18860,3872,1606,BRB Popped Potato Chips Pasta Cheese 
18861,3871,1606,BRB Popped Potato Chips Pasta Cheese 
18871,5605,764,Amul Milk Chocolate Rs 25
18873,5606,766,Amul Rose Lassi Rs 20 
18874,5608,5608,Sachetmaker Honey 
18875,5609,5609,Sachetmaker Mixed Fruit Jam
18876,5612,5612,Cheese Slice
18877,5611,38,Amul Masti Buttermilk Rs 10
18878,5610,5610,Bread 
18880,4357,430,Haldiram's Moong Dal Rs 10 
18882,4041,430,Haldiram's Moong Dal Rs 10 
18883,5613,430,Haldiram's Moong Dal Rs 10 
18884,5614,2698,Madras Mixture
18885,5268,1023,Britannia Chocolate Shake Rs 35
18886,5615,2698,Madras Mixture
18894,5622,4507, Dole Juice Pineapple Orange Banana Rs 60
18909,185,185,Thums UP CHARGED Rs 20
18911,5630,5630,Lahori Nimboo Rs 20
18916,5632,668,Maaza Pet Bottle Rs 20
18917,5633,109,Real Mixed Fruit Juice Rs 20
18920,5634,3810,Lays Wavay Cream Onion Flavour Rs 15
18924,5339,764,Amul Milk Chocolate Rs 25
18926,5339,764,Amul Milk Chocolate Rs 25
18934,4174,73,Cavin's Lassi
18935,4412,80,Cavin's Spiced ButterMilk
18936,3767,80,Cavin's Spiced ButterMilk
18939,5557,5556,Max Protein Chocoberry bar Rs 75
18949,5642,5642,Godrej Jersey Badam Milk Rs 40
18950,1343,1343,NIDZ Dark Excellence Chocolate Rs 80
18951,1344,1344,NIDZ Dark Milk Roasted Cashew Chocolate Rs 60
18952,4669,2604,Nidz Dark Roasted Cashew Chocolate Rs 70
18953,2394,61,Paper Boat Lychee Ras Rs 20
18954,4386,172,Cadbury Fruit and Nut 
18958,4968,4968,Cracker Bee Fruit And Nut Rs 30
18959,5646,4968,Cracker Bee Fruit And Nut Rs 30
18960,5645,4968,Cracker Bee Fruit And Nut Rs 30
18961,5644,4968,Cracker Bee Fruit And Nut Rs 30
18965,5367,5367,Almond Brittle Coffee Rs 40
18967,5649,5649,Roohafza Lassi 180 ml Rs 25
18968,5648,5648,Roohafza Milkshake 180 ML Rs 35 
18973,5653,529,Doublemint
18974,3636,3636,Vada Pav SPL 
18977,5272,5272,Nutrezy Almond Cranberry Crunchy Bar
18978,4407,46,Paper Boat Coconut Water
18980,3724,3542,Taali Masala Mania Protien Puffs Rs 20
18991,5655,278,Unibic Chocolate Cookies
18997,5660,331,Britannia Veg Cake Fruity Fun Rs 20
18998,3258,3007,MTR Poha
19005,5453,139,Nestle Classic Chocolate 
19006,5290,401,Bingo - Potato Chips Masala
19010,3948,140,Cadbury Dairy Milk Rs 20
19012,5666,430,Haldiram's Moong Dal Rs 10 
19015,2493,80,Cavin's Spiced ButterMilk
19017,4234,693,Snickers
19018,3948,140,Cadbury Dairy Milk Rs 20
19019,1143,139,Nestle Classic Chocolate 
19023,5669,401,Bingo - Potato Chips Masala
19028,4182,678,Britannia Bourbon-Rs 10
19049,5687,5687,Hamdard Nariyal Paani Rs 50
19050,5687,5687,Hamdard Nariyal Paani Rs 50
19051,5688,5688,Ripe Jackfruit With Chilli Mango Rs 59
19052,5689,5688,Ripe Jackfruit With Chilli Mango Rs 59
19053,5688,5688,Ripe Jackfruit With Chilli Mango Rs 59
19054,5690,5367,Almond Brittle Coffee Rs 40
19055,5690,5367,Almond Brittle Coffee Rs 40
19056,5690,5367,Almond Brittle Coffee Rs 40
19057,5606,766,Amul Rose Lassi Rs 20 
19059,3539,678,Britannia Bourbon-Rs 10
19060,4210,678,Britannia Bourbon-Rs 10
19068,2430,2430,Sting Energy 
19069,4412,80,Cavin's Spiced ButterMilk
19071,5231,4900,Britannia Treat Creme Wafers Strawberry Rs 50
19072,5147,4900,Britannia Treat Creme Wafers Strawberry Rs 50
19087,2138,430,Haldiram's Moong Dal Rs 10 
19088,2512,430,Haldiram's Moong Dal Rs 10 
19090,706,430,Haldiram's Moong Dal Rs 10 
19091,5699,430,Haldiram's Moong Dal Rs 10 
19092,5700,430,Haldiram's Moong Dal Rs 10 
19095,3715,493,Test Product
19097,5721,678,Britannia Bourbon-Rs 10
19098,3964,678,Britannia Bourbon-Rs 10
19099,0,0,Unknown/Unmapped
19100,5723,5723,Sleepy Owl Classic Cold Coffee Rs 100
19102,5724,5724,Horlicks Rs 5
19103,5727,5727,Boost Rs 5
19105,5731,986,Haldiram's Chips Pudina Treat Rs 15 
19126,0,0,Unknown/Unmapped
19127,0,0,Unknown/Unmapped
19135,5279,3810,Lays Wavay Cream Onion Flavour Rs 15
19139,4721,663,Britannia Veg Cake Chocolate Rs 20
19141,4190,59,Tropicana Juice
19142,3220,1708,Mirinda Orange Rs20
19143,193,193,Monster Energy
19144,4037,4037,Snickers Almond Stick 
19175,4255,986,Haldiram's Chips Pudina Treat Rs 15 
19189,5802,766,Amul Rose Lassi Rs 20 
19206,0,0,Unknown/Unmapped
19229,4545,4545,Snickers chocolate bar Rs 50
19238,3911,3911,Nestle KitKat
19239,4404,4404,Storia Chocolate Shake
19240,5813,5813,Storia Coconut Water Rs 50
19281,5841,2698,Madras Mixture
19283,5843,5484,Yes Coco Orange Juice Rs 70
19284,5844,5484,Yes Coco Orange Juice Rs 70
19290,3340,764,Amul Milk Chocolate Rs 25
19291,3851,38,Amul Masti Buttermilk Rs 10
19292,5847,766,Amul Rose Lassi Rs 20 
19311,4659,331,Britannia Veg Cake Fruity Fun Rs 20
19312,5934,678,Britannia Bourbon-Rs 10
19313,3694,3694,Appy Fizz Pet Bottle
19315,5936,2016,Haldirams NGP Punjabi Tadka Rs 35
19316,5937,2016,Haldirams NGP Punjabi Tadka Rs 35
19317,5260,2016,Haldirams NGP Punjabi Tadka Rs 35
19321,3316,130,Choco Chips Cookies
19322,2439,130,Choco Chips Cookies
19323,3407,130,Choco Chips Cookies
19324,3001,130,Choco Chips Cookies
19400,5942,430,Haldiram's Moong Dal Rs 10 
19401,5941,1170,Haldirams NGP Salted Peanut 
19402,5940,1170,Haldirams NGP Salted Peanut 
19404,1482,1482,Parle Agro Appy Fizz 
19415,4044,320,Unibic Choco Hazelnut Cookies Rs 10
19419,5952,5952,Samrat Mung Dal
19423,4407,46,Paper Boat Coconut Water
19424,3976,3007,MTR Poha
19425,3076,663,Britannia Veg Cake Chocolate Rs 20
19426,5955,331,Britannia Veg Cake Fruity Fun Rs 20
19427,5954,815,Britannia Good Day Chocochip Cookies 
19428,5957,1170,Haldirams NGP Salted Peanut 
19429,5956,1170,Haldirams NGP Salted Peanut 
19432,2721,678,Britannia Bourbon-Rs 10
19434,3879,663,Britannia Veg Cake Chocolate Rs 20
19435,5959,663,Britannia Veg Cake Chocolate Rs 20
19461,5968,5968,Milky Mist Chocolate Milkshake 
19465,5972,401,Bingo - Potato Chips Masala
19472,5978,2760,Puzzles Khatta Meetha Rs10
19483,3767,80,Cavin's Spiced ButterMilk
19487,1639,430,Haldiram's Moong Dal Rs 10 
19490,4324,316,Minute Maid Pulpy Orange
19491,5988,796,Mother Dairy Chach Rs 12
19492,5688,5688,Ripe Jackfruit With Chilli Mango Rs 59
19494,0,0,Unknown/Unmapped
19495,5992,5990,Ocean Crispy Apple Rs 40
19496,0,0,Unknown/Unmapped
19498,5989,5367,Almond Brittle Coffee Rs 40
19500,2439,130,Choco Chips Cookies
19501,4214,130,Choco Chips Cookies
19502,3718,130,Choco Chips Cookies
19504,5996,130,Choco Chips Cookies
19505,5996,130,Choco Chips Cookies
19506,3718,130,Choco Chips Cookies
19507,2439,130,Choco Chips Cookies
19515,3687,694,Frooti 
19516,4115,935,Lays - American Style Cream and Onion 
19518,0,0,Unknown/Unmapped
19526,4374,769,Cadbury Dairy Milk Rs.10
19544,4214,130,Choco Chips Cookies
19545,3706,1170,Haldirams NGP Salted Peanut 
19546,6022,1170,Haldirams NGP Salted Peanut 
19547,6023,1170,Haldirams NGP Salted Peanut 
19551,1605,282,Too Yumm Veggie Stix Cheese & Herbs Rs 20
19552,0,0,Unknown/Unmapped
19553,5279,3810,Lays Wavay Cream Onion Flavour Rs 15
19554,4597,3810,Lays Wavay Cream Onion Flavour Rs 15
19558,474,474,Snickers Almond Rs 25
19560,4116,291,Lay's American style Cream & Onion Rs 10
19568,0,0,Unknown/Unmapped
19569,5388,1608,Makino Nacho Chips Jalapeno 
19570,3567,1608,Makino Nacho Chips Jalapeno 
19573,3872,1606,BRB Popped Potato Chips Pasta Cheese 
19574,0,0,Unknown/Unmapped
19576,5414,5351,Puzzles Aloo Bhujia Rs 10
19578,0,0,Unknown/Unmapped
19586,4727,282,Too Yumm Veggie Stix Cheese & Herbs Rs 20
19592,4290,282,Too Yumm Veggie Stix Cheese & Herbs Rs 20
19594,1605,282,Too Yumm Veggie Stix Cheese & Herbs Rs 20
19595,0,0,Unknown/Unmapped
19602,6033,6033,Snickers Butterscotch 
19614,2669,2669,Slice Mango Drink Rs 10
19615,6039,430,Haldiram's Moong Dal Rs 10 
19616,4020,291,Lay's American style Cream & Onion Rs 10
19621,2706,2696,Masala Peanut 
19624,2708,2696,Masala Peanut 
19626,6044,2696,Masala Peanut 
19630,5972,401,Bingo - Potato Chips Masala
19635,3588,1608,Makino Nacho Chips Jalapeno 
19636,3589,1608,Makino Nacho Chips Jalapeno 
19637,4791,935,Lays - American Style Cream and Onion 
19644,5809,764,Amul Milk Chocolate Rs 25
19646,45,45,Crispy Veg Cutlets
19651,700,700,Aloo Parantha
19698,6095,6095,Polka Pop Cranberry Rs 60
19699,6096,6096,Ananda Kesar Badam 
19700,6097,6096,Ananda Kesar Badam 
19705,4968,4968,Cracker Bee Fruit And Nut Rs 30
19706,4969,4968,Cracker Bee Fruit And Nut Rs 30
19708,5042,4968,Cracker Bee Fruit And Nut Rs 30
19709,3567,1608,Makino Nacho Chips Jalapeno 
19710,5388,1608,Makino Nacho Chips Jalapeno 
19711,5414,5351,Puzzles Aloo Bhujia Rs 10
19712,6030,5351,Puzzles Aloo Bhujia Rs 10
19714,5494,5494,Farmley Roasted Makhana Cream And Onion Rs 30
19716,6099,5485,Bonn Choco Chip Cookies Rs 10
19717,6100,6100,Bio Ninja Outs Jawahar
19718,6103,6103,D Nature Eatery Roasted Cashew
19719,6104,6103,D Nature Eatery Roasted Cashew
19720,6103,6103,D Nature Eatery Roasted Cashew
19722,820,764,Amul Milk Chocolate Rs 25
19726,4732,139,Nestle Classic Chocolate 
19728,1266,766,Amul Rose Lassi Rs 20 
19729,3866,764,Amul Milk Chocolate Rs 25
19744,6109,4335,Townbus Madras Mixture
19745,0,0,Unknown/Unmapped
19751,3719,3719,Galaxy Milk Chocolate Rs 20 
19757,5339,766,Amul Rose Lassi Rs 20 
19758,5605,764,Amul Milk Chocolate Rs 25
19759,5536,764,Amul Milk Chocolate Rs 25
19793,6142,2818,Cadbury 5 Star Oreo Rs 35
19796,3298,2584,Paper Boat Chocolate Milkshake Rs35
19803,4036,4036,Snickers Kesar Pista Stick Rs 30
19804,5198,3002,Snickers Kesar Pista Rs 30
19805,2922,395,Too Yum- Multigrain Chips
19806,4343,395,Too Yum- Multigrain Chips
19808,3872,1606,BRB Popped Potato Chips Pasta Cheese 
19810,4912,172,Cadbury Fruit and Nut 
19811,5212,172,Cadbury Fruit and Nut 
19819,4463,4238,Fit And Flex Cheesy Cheese Flavour 
19820,4239,4238,Fit And Flex Cheesy Cheese Flavour 
19825,6160,690,Amul Lassi Rs 15
19830,6155,4238,Fit And Flex Cheesy Cheese Flavour 
19831,6154,4238,Fit And Flex Cheesy Cheese Flavour 
19832,3715,493,Test Product
19890,6191,6191,Think and Grow Rich
19902,4732,139,Nestle Classic Chocolate 
19956,5512,1494,Britannia Treat Croissant Vanilla Rs15
19957,6238,678,Britannia Bourbon-Rs 10
19958,2983,73,Cavin's Lassi
19959,6239,80,Cavin's Spiced ButterMilk
19963,2439,130,Choco Chips Cookies
19964,5996,130,Choco Chips Cookies
19965,4373,3810,Lays Wavay Cream Onion Flavour Rs 15
19967,4925,4924,Cream Bell Coffee Milkshake Rs 30
19968,4924,4924,Cream Bell Coffee Milkshake Rs 30
19979,4709,282,Too Yumm Veggie Stix Cheese & Herbs Rs 20
20027,4463,4238,Fit And Flex Cheesy Cheese Flavour 
20028,4239,4238,Fit And Flex Cheesy Cheese Flavour 
20029,6155,4238,Fit And Flex Cheesy Cheese Flavour 
20030,6154,4238,Fit And Flex Cheesy Cheese Flavour 
20031,3936,430,Haldiram's Moong Dal Rs 10 
20039,6142,2818,Cadbury 5 Star Oreo Rs 35
20043,6164,6164,Chanakya in daily life Radhakrishnan Pillai
20045,6178,6178,Think & Grow Rich Napoleon Hill
20050,6282,3145,Gobi Paratha with Curd 
20051,6282,3145,Gobi Paratha with Curd 
20053,6282,3145,Gobi Paratha with Curd 
20055,6283,3145,Gobi Paratha with Curd 
20059,6283,3145,Gobi Paratha with Curd 
20061,6283,3145,Gobi Paratha with Curd 
20092,6314,6314,Schezwan Cuppa Rice
20101,5475,5475,Orion Choco Pie Orange Rs 10
20108,4322,4322,Nimbus 7up
20109,3101,1668,7up Rs20
20110,6322,6322,Cream bell kesar badam
20111,3197,59,Tropicana Juice
20112,4814,59,Tropicana Juice
20113,5269,1315, Britannia Treat Jim Jam Rs 10
20128,6314,6314,Schezwan Cuppa Rice
20135,6176,6176,Great Stories for Children Ruskin Bond
20161,5188,130,Choco Chips Cookies
20165,3402,2412,Nescafe Chilled Latte Rs 45
20181,0,0,Unknown/Unmapped
20186,0,0,Unknown/Unmapped
20187,1119,80,Cavin's Spiced ButterMilk
20225,6367,282,Too Yumm Veggie Stix Cheese & Herbs Rs 20
20226,5989,5367,Almond Brittle Coffee Rs 40
20227,6368,5367,Almond Brittle Coffee Rs 40
20228,5690,5367,Almond Brittle Coffee Rs 40
20229,6369,1985,Amul Kool Kesar 
20260,6103,6103,D Nature Eatery Roasted Cashew
20261,6104,6103,D Nature Eatery Roasted Cashew
20267,3590,2760,Puzzles Khatta Meetha Rs10
20268,5494,5494,Farmley Roasted Makhana Cream And Onion Rs 30
20269,5495,5494,Farmley Roasted Makhana Cream And Onion Rs 30
20270,5495,5494,Farmley Roasted Makhana Cream And Onion Rs 30
20271,5494,5494,Farmley Roasted Makhana Cream And Onion Rs 30
20272,6378,2760,Puzzles Khatta Meetha Rs10
20273,6378,2760,Puzzles Khatta Meetha Rs10
20274,3590,2760,Puzzles Khatta Meetha Rs10
20275,4182,678,Britannia Bourbon-Rs 10
20279,3557,3557,Winkies Chocolate Finger Cake Rs 15
20280,5512,1494,Britannia Treat Croissant Vanilla Rs15
20284,1751,986,Haldiram's Chips Pudina Treat Rs 15 
20285,5823,986,Haldiram's Chips Pudina Treat Rs 15 
20286,1811,986,Haldiram's Chips Pudina Treat Rs 15 
20287,2249,986,Haldiram's Chips Pudina Treat Rs 15 
20288,4444,1170,Haldirams NGP Salted Peanut 
20290,6285,5351,Puzzles Aloo Bhujia Rs 10
20291,5414,5351,Puzzles Aloo Bhujia Rs 10
20292,6172,6172,The Champak Story Box
20325,6033,4036,Snickers Kesar Pista Stick Rs 30
20326,4036,4036,Snickers Kesar Pista Stick Rs 30
20327,6400,4036,Snickers Kesar Pista Stick Rs 30
20328,4963,4963,Mayora Malkist Cheese Rs 10
20329,6401,1383,Nestle Kitkat Rs 10
20330,5733,331,Britannia Veg Cake Fruity Fun Rs 20
20331,6402,331,Britannia Veg Cake Fruity Fun Rs 20
20342,6406,430,Haldiram's Moong Dal Rs 10 
20343,6405,5968,Milky Mist Chocolate Milkshake 
20356,5503,313,Paperboat Chikki
20391,6446,47,Mother Dairy Chocolate shake 
20409,6465,395,Too Yum- Multigrain Chips
20417,4186,95,Parle Appy Rs 10
20423,3718,130,Choco Chips Cookies
20426,6478,1170,Haldirams NGP Salted Peanut 
20427,6477,1170,Haldirams NGP Salted Peanut 
20431,5936,2016,Haldirams NGP Punjabi Tadka Rs 35
20434,3226,430,Haldiram's Moong Dal Rs 10 
20436,3679,282,Too Yumm Veggie Stix Cheese & Herbs Rs 20
20439,6480,6480,Tong Garden Onion & Garlic Coated peanut 20 gm Rs 10
20440,6481,6480,Tong Garden Onion & Garlic Coated peanut 20 gm Rs 10
20441,6482,6480,Tong Garden Onion & Garlic Coated peanut 20 gm Rs 10
20442,6483,6480,Tong Garden Onion & Garlic Coated peanut 20 gm Rs 10
20444,6481,6480,Tong Garden Onion & Garlic Coated peanut 20 gm Rs 10
20447,6488,6488,The Whole Truth Badam Chocolate 
20448,6488,6488,The Whole Truth Badam Chocolate 
20453,6486,6486,Fun Flips Hot & Saucy 28 gm
20462,5847,766,Amul Rose Lassi Rs 20 
20465,5212,172,Cadbury Fruit and Nut 
20466,6497,282,Too Yumm Veggie Stix Cheese & Herbs Rs 20
20467,6498,430,Haldiram's Moong Dal Rs 10 
20469,4496,140,Cadbury Dairy Milk Rs 20
20470,4409,196,Cadbury Dairy Milk Rs 40
20475,1302,1302,Born Reborn Oats & Jowar Garlic Zen Rs 30
20485,6051,678,Britannia Bourbon-Rs 10
20496,6517,38,Amul Masti Buttermilk Rs 10
20514,6520,478,Kit Kat Rs 25
20518,5348,891,RiteBite Peanut Butter
20519,3126,2550,Max Protein Desi Masala Rs45
20523,6523,891,RiteBite Peanut Butter
20524,4910,4851,Kerala Banana Chips Desi Masala Rs 20
20525,4910,4851,Kerala Banana Chips Desi Masala Rs 20
20526,3717,2760,Puzzles Khatta Meetha Rs10
20530,5937,2016,Haldirams NGP Punjabi Tadka Rs 35
20531,3226,430,Haldiram's Moong Dal Rs 10 
20544,6527,1376,Real Bites Farali Wafers Rs 10
20550,3459,1383,Nestle Kitkat Rs 10
20551,3779,1170,Haldirams NGP Salted Peanut 
20552,6530,6530,Anmol Chocolate Cake Rs 30
20555,6533,5580,Diamond Cream And Onion Chips Rs 20
20557,6535,6535,Anmol Butter Bake Rs 20
20558,1767,1767,Little hearts 75gm
20559,6539,6530,Anmol Chocolate Cake Rs 30
20564,2587,2033,Anmol Romanzo Choco Filled Cookies Rs 10
20565,4027,126,Coke Regular Pet 250ml Rs 20
20566,4081,126,Coke Regular Pet 250ml Rs 20
20570,4378,1623,Cadbury Dairy Milk Chocolate Rs 50
20572,6544,986,Haldiram's Chips Pudina Treat Rs 15 
20578,6547,6547,Moutain Dew Rs 15
20580,4323,4323,Minute Maid Pulpy Orange
20582,6023,1170,Haldirams NGP Salted Peanut 
20583,3648,1170,Haldirams NGP Salted Peanut 
20587,2581,2430,Sting Energy 
20608,4378,1623,Cadbury Dairy Milk Chocolate Rs 50
20622,5495,5494,Farmley Roasted Makhana Cream And Onion Rs 30
20625,5419,261,McVitie's Digestive Biscuits
20626,6561,17,McVities Digestive Rs 10
20651,3751,17,McVities Digestive Rs 10
20652,5420,261,McVitie's Digestive Biscuits
20657,6590,1606,BRB Popped Potato Chips Pasta Cheese 
20663,6591,5165,Masala Diet Chidwa spicy Special Rs 20
20664,6593,5165,Masala Diet Chidwa spicy Special Rs 20
20666,4431,3070,Americana  Cheese Cracker Biscuits  Rs 10
20667,4433,3070,Americana  Cheese Cracker Biscuits  Rs 10
20668,3393,3070,Americana  Cheese Cracker Biscuits  Rs 10
20669,5487,5485,Bonn Choco Chip Cookies Rs 10
20670,5485,5485,Bonn Choco Chip Cookies Rs 10
20671,6245,5485,Bonn Choco Chip Cookies Rs 10
20678,6600,6600,Millets Ragi Namkeen Rs 15
20679,6601,6601,Saffola Munchiez Ragi Chips Masala Twist 
20680,6096,6096,Ananda Kesar Badam 
20681,6606,6606,Parle Nutricrunch Digestive Biscuits 
20682,6605,6605,Good Diet Millet Murukku 
20683,6604,6604,Heka Bites Roasted Jowar Puffs 
20685,6607,196,Cadbury Dairy Milk Rs 40
20722,6632,6632,Alo Fruit Anar Alovera Pulp Juice Rs 35
20733,6637,5580,Diamond Cream And Onion Chips Rs 20
20746,5345,1023,Britannia Chocolate Shake Rs 35
20748,6641,291,Lay's American style Cream & Onion Rs 10
20749,1450,542,Limca 250ml Pet Rs 20
20750,5186,395,Too Yum- Multigrain Chips
20751,4551,395,Too Yum- Multigrain Chips
20752,5280,395,Too Yum- Multigrain Chips
20753,4210,331,Britannia Veg Cake Fruity Fun Rs 20
20754,4326,1315, Britannia Treat Jim Jam Rs 10
20760,3973,663,Britannia Veg Cake Chocolate Rs 20
20761,4255,1170,Haldirams NGP Salted Peanut 
20762,4255,1170,Haldirams NGP Salted Peanut 
20769,4430,4430,Americana Coconut Cookies Rs 20
20770,2871,2330,Bikano Bikaneri Bhujia 
20771,3754,2330,Bikano Bikaneri Bhujia 
20773,6649,4048,Epigamia Strawberry Milkshake 40
20775,4851,4851,Kerala Banana Chips Desi Masala Rs 20
20778,4230,4230,Coca Cola Rs 25
20784,3979,331,Britannia Veg Cake Fruity Fun Rs 20
20785,4776,331,Britannia Veg Cake Fruity Fun Rs 20
20787,6142,2818,Cadbury 5 Star Oreo Rs 35
20789,2658,1708,Mirinda Orange Rs20
20792,4322,4322,Nimbus 7up
20793,3101,1668,7up Rs20
20808,4021,61,Paper Boat Lychee Ras Rs 20
20811,4024,61,Paper Boat Lychee Ras Rs 20
20815,2691,61,Paper Boat Lychee Ras Rs 20
20817,4258,61,Paper Boat Lychee Ras Rs 20
20823,6652,313,Paperboat Chikki
20824,6652,313,Paperboat Chikki
20825,46,46,Paper Boat Coconut Water
20829,4867,61,Paper Boat Lychee Ras Rs 20
20830,4258,61,Paper Boat Lychee Ras Rs 20
20831,4678,61,Paper Boat Lychee Ras Rs 20
20833,232,61,Paper Boat Lychee Ras Rs 20
20834,2809,61,Paper Boat Lychee Ras Rs 20
20835,4166,61,Paper Boat Lychee Ras Rs 20
20836,4024,61,Paper Boat Lychee Ras Rs 20
20837,1324,61,Paper Boat Lychee Ras Rs 20
20838,231,61,Paper Boat Lychee Ras Rs 20
20839,4021,61,Paper Boat Lychee Ras Rs 20
20842,4910,4851,Kerala Banana Chips Desi Masala Rs 20
20844,5472,5471,Foodrik Choco Nutri Bar Rs 40
20845,3948,140,Cadbury Dairy Milk Rs 20
20846,172,172,Cadbury Fruit and Nut 
20848,2971,140,Cadbury Dairy Milk Rs 20
20849,4378,1623,Cadbury Dairy Milk Chocolate Rs 50
20850,4732,139,Nestle Classic Chocolate 
20851,4388,1143,Nestle Kit Kat
20852,6520,478,Kit Kat Rs 25
20853,3603,2087,Maggi Masala Single Pack Rs14
20854,3402,2412,Nescafe Chilled Latte Rs 45
20855,1301,1301,Maggi Cuppa Noodles Masala 
20856,4910,4851,Kerala Banana Chips Desi Masala Rs 20
20857,4910,4851,Kerala Banana Chips Desi Masala Rs 20
20859,4910,4851,Kerala Banana Chips Desi Masala Rs 20
20863,5273,5272,Nutrezy Almond Cranberry Crunchy Bar
20864,4910,4851,Kerala Banana Chips Desi Masala Rs 20
20865,5494,5494,Farmley Roasted Makhana Cream And Onion Rs 30
20866,5495,5494,Farmley Roasted Makhana Cream And Onion Rs 30
20867,4668,1344,NIDZ Dark Milk Roasted Cashew Chocolate Rs 60
20868,5472,5471,Foodrik Choco Nutri Bar Rs 40
20869,5272,5272,Nutrezy Almond Cranberry Crunchy Bar
20877,5345,1023,Britannia Chocolate Shake Rs 35
20878,4856,1023,Britannia Chocolate Shake Rs 35
20886,0,0,Unknown/Unmapped
20887,4252,2330,Bikano Bikaneri Bhujia 
20894,4865,4865,Desi Popz Tangy Imly Rs 50
20897,6661,6654,Saffola Ragi Chips Takatak Tomato Rs 25
20899,0,0,Unknown/Unmapped
20926,6668,1170,Haldirams NGP Salted Peanut 
20936,4714,663,Britannia Veg Cake Chocolate Rs 20
20937,6671,11,Mother Dairy Sweet Lassi
20948,5486,5486,Bonn classic Bourbonn Biscuits Rs 15
21004,4469,291,Lay's American style Cream & Onion Rs 10
21010,4182,678,Britannia Bourbon-Rs 10
21011,0,0,Unknown/Unmapped
21034,0,0,Unknown/Unmapped
21039,0,0,Unknown/Unmapped
21040,0,0,Unknown/Unmapped
21048,3692,1301,Maggi Cuppa Noodles Masala 
21074,6668,1170,Haldirams NGP Salted Peanut 
21075,3706,1170,Haldirams NGP Salted Peanut 
21077,4486,395,Too Yum- Multigrain Chips
21081,4409,1623,Cadbury Dairy Milk Chocolate Rs 50
21105,6708,2987,Wingreen Naan chips Tez tandoori Rs 20
21106,5546,1241, Lays Indian Magic Masala Rs 20
21139,1073,109,Real Mixed Fruit Juice Rs 20
21140,4283,4283,Redbull Energy Drink 
21145,0,0,Unknown/Unmapped
21155,1937,1937,Amul Dark Chocolate Rs 25
21157,6725,766,Amul Rose Lassi Rs 20 
21158,5669,401,Bingo - Potato Chips Masala
21168,2755,764,Amul Milk Chocolate Rs 25
21178,0,0,Unknown/Unmapped
21187,3692,1301,Maggi Cuppa Noodles Masala 
21188,3823,478,Kit Kat Rs 25
21192,3676,3542,Taali Masala Mania Protien Puffs Rs 20
21193,3542,3542,Taali Masala Mania Protien Puffs Rs 20
21215,4591,430,Haldiram's Moong Dal Rs 10 
21216,3872,1606,BRB Popped Potato Chips Pasta Cheese 
21231,0,0,Unknown/Unmapped
21232,6742,6632,Alo Fruit Anar Alovera Pulp Juice Rs 35
21238,4867,61,Paper Boat Lychee Ras Rs 20
21240,5453,139,Nestle Classic Chocolate 
21256,0,0,Unknown/Unmapped
21257,0,0,Unknown/Unmapped
21259,6754,683,Cornitos Roasted Salted-Pumpkin Seeds
21261,6351,282,Too Yumm Veggie Stix Cheese & Herbs Rs 20
21292,5988,796,Mother Dairy Chach Rs 12
21302,654,430,Haldiram's Moong Dal Rs 10 
21304,4732,139,Nestle Classic Chocolate 
21308,4430,4430,Americana Coconut Cookies Rs 20
21310,6772,4680,Mcvities Bourbon Delight Rs 30
21312,2874,2330,Bikano Bikaneri Bhujia 
21313,4252,2330,Bikano Bikaneri Bhujia 
21314,2138,430,Haldiram's Moong Dal Rs 10 
21315,6773,430,Haldiram's Moong Dal Rs 10 
21318,6776,2249,Haldirams Chips Classic Salted Rs 15
21322,6778,4957,Alo Frut Kiwi Aloevera Frut Pulp Juice Rs 40
21336,6785,1104,Haldirams NGP Lite Chiwda Rs 10
21337,6707,430,Haldiram's Moong Dal Rs 10 
21341,4444,430,Haldiram's Moong Dal Rs 10 
21342,6776,986,Haldiram's Chips Pudina Treat Rs 15 
21343,3709,986,Haldiram's Chips Pudina Treat Rs 15 
21345,6786,986,Haldiram's Chips Pudina Treat Rs 15 
21347,6707,430,Haldiram's Moong Dal Rs 10 
21356,4388,1143,Nestle Kit Kat
21357,3603,2087,Maggi Masala Single Pack Rs14
21358,3402,2412,Nescafe Chilled Latte Rs 45
21359,3692,1301,Maggi Cuppa Noodles Masala 
21360,6787,139,Nestle Classic Chocolate 
21372,6791,291,Lay's American style Cream & Onion Rs 10
21375,6792,6792,A2B South Indian Seedai Rs 40
21377,0,0,Unknown/Unmapped
21379,6368,5367,Almond Brittle Coffee Rs 40
21389,4229,1959,Snickers Rs 20
21390,264,47,Mother Dairy Chocolate shake 
21396,3740,13,Cornitos Nachos - Cheese and Herbs
21406,6791,291,Lay's American style Cream & Onion Rs 10
21410,2421,935,Lays - American Style Cream and Onion 
21412,4074,678,Britannia Bourbon-Rs 10
21413,193,193,Monster Energy
21419,6351,282,Too Yumm Veggie Stix Cheese & Herbs Rs 20
21434,6811,1170,Haldirams NGP Salted Peanut 
21441,0,0,Unknown/Unmapped
21450,3646,1170,Haldirams NGP Salted Peanut 
21455,6818,1376,Real Bites Farali Wafers Rs 10
21463,2872,2330,Bikano Bikaneri Bhujia 
21465,6829,5485,Bonn Choco Chip Cookies Rs 10
21466,6828,5485,Bonn Choco Chip Cookies Rs 10
21467,6827,5485,Bonn Choco Chip Cookies Rs 10
21468,6826,5485,Bonn Choco Chip Cookies Rs 10
21469,2684,2087,Maggi Masala Single Pack Rs14
21476,4077,318,Coke Zero
21477,4078,318,Coke Zero
21483,6838,4680,Mcvities Bourbon Delight Rs 30
21484,6837,4680,Mcvities Bourbon Delight Rs 30
21485,6836,4680,Mcvities Bourbon Delight Rs 30
21486,4378,1623,Cadbury Dairy Milk Chocolate Rs 50
21488,3719,3719,Galaxy Milk Chocolate Rs 20 
21490,6351,282,Too Yumm Veggie Stix Cheese & Herbs Rs 20
21520,5499,282,Too Yumm Veggie Stix Cheese & Herbs Rs 20
21521,3990,430,Haldiram's Moong Dal Rs 10 
21522,0,0,Unknown/Unmapped
21543,6853,190,Pepsi Black
21546,0,0,Unknown/Unmapped
21551,0,0,Unknown/Unmapped
21559,4825,139,Nestle Classic Chocolate 
21571,6855,5493,Dates Bites Sachet Rs 35
21572,193,193,Monster Energy
21614,6879,430,Haldiram's Moong Dal Rs 10 
21615,6878,430,Haldiram's Moong Dal Rs 10 
21616,6882,46,Paper Boat Coconut Water
21617,6881,46,Paper Boat Coconut Water
21618,6880,46,Paper Boat Coconut Water
21624,5993,5990,Ocean Crispy Apple Rs 40
21626,5992,5990,Ocean Crispy Apple Rs 40
21652,6904,493,Test Product
21655,6837,4680,Mcvities Bourbon Delight Rs 30
21656,146,109,Real Mixed Fruit Juice Rs 20
21666,5669,401,Bingo - Potato Chips Masala
21668,6915,683,Cornitos Roasted Salted-Pumpkin Seeds
21673,5669,401,Bingo - Potato Chips Masala
21687,4627,2358,B Natural Mixed Fruit Juice Rs 20
21688,4628,2358,B Natural Mixed Fruit Juice Rs 20
21690,5669,401,Bingo - Potato Chips Masala
21694,4627,2358,B Natural Mixed Fruit Juice Rs 20
21695,4628,2358,B Natural Mixed Fruit Juice Rs 20
21696,5669,401,Bingo - Potato Chips Masala
21698,3962,1069, Sunfeast Dark Fantasy Choco Fill Cookies Rs 10
21700,4627,2358,B Natural Mixed Fruit Juice Rs 20
21702,4628,2358,B Natural Mixed Fruit Juice Rs 20
21703,4627,2358,B Natural Mixed Fruit Juice Rs 20
21707,3962,1069, Sunfeast Dark Fantasy Choco Fill Cookies Rs 10
21708,6924,1069, Sunfeast Dark Fantasy Choco Fill Cookies Rs 10
21709,0,0,Unknown/Unmapped
21710,5669,401,Bingo - Potato Chips Masala
21711,5669,401,Bingo - Potato Chips Masala
21715,6918,401,Bingo - Potato Chips Masala
21718,5669,401,Bingo - Potato Chips Masala
21719,5669,401,Bingo - Potato Chips Masala
21720,6922,401,Bingo - Potato Chips Masala
21721,3495,401,Bingo - Potato Chips Masala
21726,0,0,Unknown/Unmapped
21736,5389,5389,Winkies Center Filled Vanilla Cream Rs 10
21737,5604,5389,Winkies Center Filled Vanilla Cream Rs 10
21738,6929,5389,Winkies Center Filled Vanilla Cream Rs 10
21746,4909,4851,Kerala Banana Chips Desi Masala Rs 20
21747,4962,4851,Kerala Banana Chips Desi Masala Rs 20
21748,6933,4851,Kerala Banana Chips Desi Masala Rs 20
21768,6948,401,Bingo - Potato Chips Masala
21770,6950,401,Bingo - Potato Chips Masala
21772,6950,401,Bingo - Potato Chips Masala
21773,6949,401,Bingo - Potato Chips Masala
21774,6948,401,Bingo - Potato Chips Masala
21775,6947,401,Bingo - Potato Chips Masala
21776,6935,2358,B Natural Mixed Fruit Juice Rs 20
21777,6947,401,Bingo - Potato Chips Masala
21784,6942,6942,B Natural Guava Rs 10
21785,6943,2090,Bingo Tedhe Medhe Masala Tadka Rs 15
21786,6944,2090,Bingo Tedhe Medhe Masala Tadka Rs 15
21787,0,0,Unknown/Unmapped
21791,6935,2358,B Natural Mixed Fruit Juice Rs 20
21793,6945,6942,B Natural Guava Rs 10
21795,5291,401,Bingo - Potato Chips Masala
21797,6951,401,Bingo - Potato Chips Masala
21799,6951,401,Bingo - Potato Chips Masala
21800,6954,401,Bingo - Potato Chips Masala
21801,6953,401,Bingo - Potato Chips Masala
21802,6955,401,Bingo - Potato Chips Masala
21803,6957,401,Bingo - Potato Chips Masala
21804,6956,401,Bingo - Potato Chips Masala
21805,5099,5097,Kari Kari Chilli Garlic Rs 20
21806,5099,5097,Kari Kari Chilli Garlic Rs 20
21807,5099,5097,Kari Kari Chilli Garlic Rs 20
21808,5099,5097,Kari Kari Chilli Garlic Rs 20
21809,6958,5097,Kari Kari Chilli Garlic Rs 20
21810,6958,5097,Kari Kari Chilli Garlic Rs 20
21811,6958,5097,Kari Kari Chilli Garlic Rs 20
21812,6958,5097,Kari Kari Chilli Garlic Rs 20
21813,5098,5097,Kari Kari Chilli Garlic Rs 20
21814,6958,5097,Kari Kari Chilli Garlic Rs 20
21815,6958,5097,Kari Kari Chilli Garlic Rs 20
21816,5098,5097,Kari Kari Chilli Garlic Rs 20
21817,6958,5097,Kari Kari Chilli Garlic Rs 20
21818,6958,5097,Kari Kari Chilli Garlic Rs 20
21820,2321,47,Mother Dairy Chocolate shake 
21824,6662,2502,Sting Energy Drink 35
21825,6962,1708,Mirinda Orange Rs20
21833,6971,4851,Kerala Banana Chips Desi Masala Rs 20
21834,893,430,Haldiram's Moong Dal Rs 10 
21837,4732,139,Nestle Classic Chocolate 
21846,6978,2249,Haldirams Chips Classic Salted Rs 15
21848,4639,331,Britannia Veg Cake Fruity Fun Rs 20
21851,706,430,Haldiram's Moong Dal Rs 10 
21852,6773,430,Haldiram's Moong Dal Rs 10 
21856,5620,395,Too Yum- Multigrain Chips
21866,6991,1383,Nestle Kitkat Rs 10
21881,6934,2358,B Natural Mixed Fruit Juice Rs 20
21894,7007,2249,Haldirams Chips Classic Salted Rs 15
21917,6704,678,Britannia Bourbon-Rs 10
21954,7020,663,Britannia Veg Cake Chocolate Rs 20
21957,2324,663,Britannia Veg Cake Chocolate Rs 20
21970,7031,320,Unibic Choco Hazelnut Cookies Rs 10
21974,7032,1959,Snickers Rs 20
21975,4037,4037,Snickers Almond Stick 
21977,7033,4036,Snickers Kesar Pista Stick Rs 30
21985,6030,5351,Puzzles Aloo Bhujia Rs 10
21988,7037,320,Unibic Choco Hazelnut Cookies Rs 10
22000,6971,4851,Kerala Banana Chips Desi Masala Rs 20
22003,7048,1482,Parle Agro Appy Fizz 
22007,4545,4545,Snickers chocolate bar Rs 50
22026,4329,4329,Maaza
22047,7075,6480,Tong Garden Onion & Garlic Coated peanut 20 gm Rs 10
22048,6751,1170,Haldirams NGP Salted Peanut 
22049,3025,663,Britannia Veg Cake Chocolate Rs 20
22051,7078,7078,A2B Moong Dal Rs 70
22058,6881,46,Paper Boat Coconut Water
22059,6882,46,Paper Boat Coconut Water
22060,6854,5493,Dates Bites Sachet Rs 35
22061,6855,5493,Dates Bites Sachet Rs 35
22063,23,11,Mother Dairy Sweet Lassi
22064,5988,796,Mother Dairy Chach Rs 12
22077,2371,2371,Maggi Masala Single Pack Rs 14
22079,7087,690,Amul Lassi Rs 15
22080,7088,7088,Dates Bites Sachet Rs 40
22081,7088,7088,Dates Bites Sachet Rs 40
22083,7091,5502,Amul Kool Cafe 
22084,7090,766,Amul Rose Lassi Rs 20 
22085,7089,766,Amul Rose Lassi Rs 20 
22093,6538,1020,Cremica Choco Chip Cookies Rs 20
22114,3560,1243,RedBull Rs 125
22118,6477,1170,Haldirams NGP Salted Peanut 
22119,7107,1170,Haldirams NGP Salted Peanut 
22120,6476,1170,Haldirams NGP Salted Peanut 
22124,2536,261,McVitie's Digestive Biscuits
22126,7115,5283,4700BC 100 Corn Chips Salt And Truffle Rs 20
22127,7114,5283,4700BC 100 Corn Chips Salt And Truffle Rs 20
22129,7112,5283,4700BC 100 Corn Chips Salt And Truffle Rs 20
22130,0,0,Unknown/Unmapped
22131,4024,61,Paper Boat Lychee Ras Rs 20
22132,2809,61,Paper Boat Lychee Ras Rs 20
22133,1300,61,Paper Boat Lychee Ras Rs 20
22134,7111,38,Amul Masti Buttermilk Rs 10
22145,6811,1170,Haldirams NGP Salted Peanut 
22164,7107,1170,Haldirams NGP Salted Peanut 
22165,6811,1170,Haldirams NGP Salted Peanut 
22169,7138,1985,Amul Kool Kesar 
22211,7151,4638,Paper Boat Dry Fruit Chikki Rs 30
22222,2439,130,Choco Chips Cookies
22224,2438,130,Choco Chips Cookies
22226,2439,130,Choco Chips Cookies
22227,4502,130,Choco Chips Cookies
22228,2438,130,Choco Chips Cookies
22229,5996,130,Choco Chips Cookies
22230,2439,130,Choco Chips Cookies
22231,4502,130,Choco Chips Cookies
22232,2438,130,Choco Chips Cookies
22233,5996,130,Choco Chips Cookies
22234,2439,130,Choco Chips Cookies
22235,4502,130,Choco Chips Cookies
22236,2438,130,Choco Chips Cookies
22237,5996,130,Choco Chips Cookies
22238,0,0,Unknown/Unmapped
22239,2438,130,Choco Chips Cookies
22241,5996,130,Choco Chips Cookies
22242,4502,130,Choco Chips Cookies
22243,5996,130,Choco Chips Cookies
22244,2438,130,Choco Chips Cookies
22245,2439,130,Choco Chips Cookies
22246,5471,5471,Foodrik Choco Nutri Bar Rs 40
22275,2672,678,Britannia Bourbon-Rs 10
22276,3495,401,Bingo - Potato Chips Masala
22277,7056,395,Too Yum- Multigrain Chips
22278,4290,395,Too Yum- Multigrain Chips
22279,4342,395,Too Yum- Multigrain Chips
22280,7179,395,Too Yum- Multigrain Chips
22284,5280,395,Too Yum- Multigrain Chips
22289,7183,1170,Haldirams NGP Salted Peanut 
22324,5699,430,Haldiram's Moong Dal Rs 10 
22341,2386,2097,Bikaji Kuch Kuch Rs 20
22343,7201,2987,Wingreen Naan chips Tez tandoori Rs 20
22348,6682,663,Britannia Veg Cake Chocolate Rs 20
22359,6554,6554,Rim Jim Soda Jeera Flavour Rs 20
22361,7012,282,Too Yumm Veggie Stix Cheese & Herbs Rs 20
22363,6652,313,Paperboat Chikki
22364,6688,395,Too Yum- Multigrain Chips
22365,6879,430,Haldiram's Moong Dal Rs 10 
22373,2439,130,Choco Chips Cookies
22374,4502,130,Choco Chips Cookies
22375,3718,130,Choco Chips Cookies
22379,7063,196,Cadbury Dairy Milk Rs 40
22384,7209,7209,Galaxy Smooth Milk Rs 80
22387,4048,4048,Epigamia Strawberry Milkshake 40
22390,6662,2502,Sting Energy Drink 35
22393,7214,7214,The Theatre Project Popcorn Cheddar Cheese Rs 20
22394,7215,7214,The Theatre Project Popcorn Cheddar Cheese Rs 20
22400,7214,7214,The Theatre Project Popcorn Cheddar Cheese Rs 20
22401,7214,7214,The Theatre Project Popcorn Cheddar Cheese Rs 20
22402,7219,7214,The Theatre Project Popcorn Cheddar Cheese Rs 20
22403,7219,7214,The Theatre Project Popcorn Cheddar Cheese Rs 20
22404,7219,7214,The Theatre Project Popcorn Cheddar Cheese Rs 20
22411,3704,109,Real Mixed Fruit Juice Rs 20
22420,3055,678,Britannia Bourbon-Rs 10
22444,6539,6530,Anmol Chocolate Cake Rs 30
22468,7160,61,Paper Boat Lychee Ras Rs 20
22469,7151,4638,Paper Boat Dry Fruit Chikki Rs 30
22471,6029,1606,BRB Popped Potato Chips Pasta Cheese 
22472,6590,1606,BRB Popped Potato Chips Pasta Cheese 
22473,4941,3392,Sprite 250ml Rs 20
22479,7269,430,Haldiram's Moong Dal Rs 10 
22480,7268,430,Haldiram's Moong Dal Rs 10 
22481,7270,430,Haldiram's Moong Dal Rs 10 
22482,3770,430,Haldiram's Moong Dal Rs 10 
22483,4352,430,Haldiram's Moong Dal Rs 10 
22485,7271,61,Paper Boat Lychee Ras Rs 20
22486,1324,61,Paper Boat Lychee Ras Rs 20
22488,6278,6278,Winkies Fruit Cake Sliced Rs 20
22497,7274,2330,Bikano Bikaneri Bhujia 
22508,6556,6556,Milky Mist Spiced Butter Milk Rs 20
22521,4545,4545,Snickers chocolate bar Rs 50
22525,3328,401,Bingo - Potato Chips Masala
22530,2444,395,Too Yum- Multigrain Chips
22531,3035,395,Too Yum- Multigrain Chips
22532,4649,430,Haldiram's Moong Dal Rs 10 
22537,7291,3665,Max Protein Daily Choco Almond Bar Rs 70
22538,7151,4638,Paper Boat Dry Fruit Chikki Rs 30
22540,7293,7293,Feedsco Millet Coconut Cookies Rs 85
22556,7296,323,Piri Piri Paradise Makhana
22558,7122,5556,Max Protein Chocoberry bar Rs 75
22559,7298,5556,Max Protein Chocoberry bar Rs 75
22560,7297,5556,Max Protein Chocoberry bar Rs 75
22573,2684,2087,Maggi Masala Single Pack Rs14
22596,6652,313,Paperboat Chikki
22683,6854,5493,Dates Bites Sachet Rs 35
22684,6854,5493,Dates Bites Sachet Rs 35
22685,6855,5493,Dates Bites Sachet Rs 35
22686,6854,5493,Dates Bites Sachet Rs 35
22687,6855,5493,Dates Bites Sachet Rs 35
22690,6854,5493,Dates Bites Sachet Rs 35
22691,6855,5493,Dates Bites Sachet Rs 35
22692,6897,4335,Townbus Madras Mixture
22693,6109,4335,Townbus Madras Mixture
22694,4335,4335,Townbus Madras Mixture
22695,7362,4335,Townbus Madras Mixture
22701,4721,663,Britannia Veg Cake Chocolate Rs 20
22702,6682,691,Britannia Chocolate Shake Rs 30 
22705,4908,4408,Dark Fantasy
22707,6920,401,Bingo - Potato Chips Masala
22708,3253,401,Bingo - Potato Chips Masala
22709,7347,922,Maaza 
22735,7385,7385,Tropicana Mixed Fruit Rs 15
22736,7384,4063,BiskFarm Masala Chatpata Bhel  Rs 10
22737,5584,4063,BiskFarm Masala Chatpata Bhel  Rs 10
22741,7166,95,Parle Appy Rs 10
22770,6743,691,Britannia Chocolate Shake Rs 30 
22771,2915,1120,Fanta Can 
22776,2201,1170,Haldirams NGP Salted Peanut 
22777,6478,1170,Haldirams NGP Salted Peanut 
22778,6477,1170,Haldirams NGP Salted Peanut 
22783,7398,1636,Kurkure Solid Masti Rs 20
22784,6711,1636,Kurkure Solid Masti Rs 20
22786,7408,2698,Madras Mixture
22787,7407,2698,Madras Mixture
22788,7406,2698,Madras Mixture
22789,7405,2698,Madras Mixture
22790,7404,7400,A2B Andhra Murukku Rs 80
22791,7403,7078,A2B Moong Dal Rs 70
22793,7401,7401,A2B Dal Mixture Rs 90
22794,7400,7400,A2B Andhra Murukku Rs 80
22849,5613,430,Haldiram's Moong Dal Rs 10 
22852,1947,678,Britannia Bourbon-Rs 10
22853,7424,1170,Haldirams NGP Salted Peanut 
22854,7179,395,Too Yum- Multigrain Chips
22863,6971,4851,Kerala Banana Chips Desi Masala Rs 20
22864,7429,4851,Kerala Banana Chips Desi Masala Rs 20
22868,3388,2412,Nescafe Chilled Latte Rs 45
22871,7433,7433,Orange 400 Gram
22872,7434,7433,Orange 400 Gram
22874,7446,7435,Finger Stalls 2 Dip Orange 
22875,7445,7435,Finger Stalls 2 Dip Orange 
22878,7442,7435,Finger Stalls 2 Dip Orange 
22879,7441,7435,Finger Stalls 2 Dip Orange 
22881,7439,7435,Finger Stalls 2 Dip Orange 
22883,7437,7435,Finger Stalls 2 Dip Orange 
22884,7436,7435,Finger Stalls 2 Dip Orange 
22885,7435,7435,Finger Stalls 2 Dip Orange 
22886,7425,7425,Kevlar Hand Gloves 
22888,7463,7463,Kinnu Orange 370gm
22889,7462,7462,Banana 300 gm
22892,7459,7433,Orange 400 Gram
22894,7457,7433,Orange 400 Gram
22905,7466,7465,Blueberry Fruit Yogurt Rs 35
22906,7465,7465,Blueberry Fruit Yogurt Rs 35
22910,7470,11,Mother Dairy Sweet Lassi
22912,7468,7465,Blueberry Fruit Yogurt Rs 35
22916,7477,3007,MTR Poha
22917,7476,3007,MTR Poha
22919,7474,3007,MTR Poha
22920,0,0,Unknown/Unmapped
22921,7275,2330,Bikano Bikaneri Bhujia 
22922,5588,2330,Bikano Bikaneri Bhujia 
22926,5420,261,McVitie's Digestive Biscuits
22928,5420,261,McVitie's Digestive Biscuits
22929,5419,261,McVitie's Digestive Biscuits
22931,0,0,Unknown/Unmapped
22934,5420,261,McVitie's Digestive Biscuits
22935,7482,7482,Farmley Masala Munchies 
22936,7483,7482,Farmley Masala Munchies 
22937,7482,7482,Farmley Masala Munchies 
22938,7483,7482,Farmley Masala Munchies 
22939,7482,7482,Farmley Masala Munchies 
22940,7483,7482,Farmley Masala Munchies 
22941,7482,7482,Farmley Masala Munchies 
22943,7482,7482,Farmley Masala Munchies 
22944,4083,3092,Alo Frut Kiwi Rs 30
22945,7484,3092,Alo Frut Kiwi Rs 30
22946,7489,7489,Schweppes Original Soda Water Rs 60
22948,7487,4499,Coca Cola Monster Energy
22952,7485,7485,Coolberg Peach Beer Rs 99
22980,7513,7513,Maruti Potato Wafers Rs 10
22981,7520,7520,A2B Special Mixture 
22983,7518,7518,Schmitten Luxury Creamy Milk Chocolate Rs 70
22984,7517,7514,Mani Mark Indian Sweets Kamarkat Rs 40
22985,7516,7515,Mani Mark Coconut Mittai Rs 60
22986,7515,7515,Mani Mark Coconut Mittai Rs 60
22987,7514,7514,Mani Mark Indian Sweets Kamarkat Rs 40
22989,7522,1048,Balaji Wafers Pizzy Masala Rs 10
22990,7524,323,Piri Piri Paradise Makhana
22991,7523,323,Piri Piri Paradise Makhana
22993,5582,5581,Nescafe Intense Cappuccino Rs 70
22996,7151,4638,Paper Boat Dry Fruit Chikki Rs 30
22998,5240,290,Kurkure Masala Munch 
23019,6556,6556,Milky Mist Spiced Butter Milk Rs 20
23022,7538,6480,Tong Garden Onion & Garlic Coated peanut 20 gm Rs 10
23023,7537,4968,Cracker Bee Fruit And Nut Rs 30
23024,7536,7514,Mani Mark Indian Sweets Kamarkat Rs 40
23025,7535,1023,Britannia Chocolate Shake Rs 35
23027,4486,395,Too Yum- Multigrain Chips
23028,5186,395,Too Yum- Multigrain Chips
23030,3353,318,Coke Zero
23031,6107,4335,Townbus Madras Mixture
23041,7203,290,Kurkure Masala Munch 
23042,7012,282,Too Yumm Veggie Stix Cheese & Herbs Rs 20
23047,7008,7008,Doritos Sweet Chilli Chips Rs 30
23049,7550,5486,Bonn classic Bourbonn Biscuits Rs 15
23051,7548,316,Minute Maid Pulpy Orange
23062,7564,7564,Coolberg Rider Energy Drink Rs 60
23075,7576,1170,Haldirams NGP Salted Peanut 
23083,7580,3286,Limca Rs 40
23090,7590,7072,Priyagold Cashew Cookies Rs 10
23091,7589,7072,Priyagold Cashew Cookies Rs 10
23092,7588,7072,Priyagold Cashew Cookies Rs 10
23095,7593,4927,Mirinda Rs 60
23097,7594,3146,GOBI PARATHA WITH CURD
23098,7595,3145,Gobi Paratha with Curd 
23099,7597,3148,Gobi Paratha with Curd 
23133,7612,3146,GOBI PARATHA WITH CURD
23134,7613,3145,Gobi Paratha with Curd 
23135,7614,3148,Gobi Paratha with Curd 
23136,7615,3147,Gobi Paratha with Curd
23137,7616,3146,GOBI PARATHA WITH CURD
23138,7617,3145,Gobi Paratha with Curd 
23139,7618,3147,Gobi Paratha with Curd
23147,7624,7624,Maaza Alphonso Mangoes Rs 100
23148,7623,7489,Schweppes Original Soda Water Rs 60
23149,7625,7625,Pulpy Orange Rs 100
23151,7627,935,Lays - American Style Cream and Onion 
23155,7634,7631,Tata Soulfull Ragi Bites Vanilla Fills Rs 20
23156,7633,7631,Tata Soulfull Ragi Bites Vanilla Fills Rs 20
23158,7631,7631,Tata Soulfull Ragi Bites Vanilla Fills Rs 20
23159,6934,2358,B Natural Mixed Fruit Juice Rs 20
23178,7653,789,Knorr - Sweet Corn Soup Veg Rs.10
23179,7652,789,Knorr - Sweet Corn Soup Veg Rs.10
23181,7654,11,Mother Dairy Sweet Lassi
23196,3346,224,Amul Kool Cafe Rs 30
23200,7661,7661,Veg Puff
23202,7662,7662,Peas Potato Puff
23204,7664,7664,Paneer Puff
23214,7674,3995,Alpha 8 Mango Rs30
23215,7673,3995,Alpha 8 Mango Rs30
23223,7678,282,Too Yumm Veggie Stix Cheese & Herbs Rs 20
23228,7681,7681,Farmley Dates Bites Sachet
23229,7682,7682,Roasty Tasty Multigrain Sweet And Tangy
23230,7683,7683,Bauli Moonfils Choco
23231,6837,6837,Mcvities Dark Cookies Cream Chocolate
23232,7686,7686,Paper Boat Buttermilk 
23233,7687,6482,Tong Garden Onion & Garlic Small Green Peas 
23234,6482,6482,Tong Garden Onion & Garlic Small Green Peas 
23235,6103,6103,D Nature Eatery Roasted Cashew
23238,7690,7690,Britannia Choco Chill Veg Cake 
23239,7689,6837,Mcvities Dark Cookies Cream Chocolate
23241,193,193,Monster Energy
23243,2730,2730,Cavins Cold Coffee Chilled Latte 
23244,7702,7686,Paper Boat Buttermilk 
23245,7701,7686,Paper Boat Buttermilk 
23246,7700,7699,Bingo Mad Angles Achaari Masti 
23247,7699,7699,Bingo Mad Angles Achaari Masti 
23250,7696,7696,Sprite Can 
23251,7695,2448,Too Yumm American Style Cream & Onion Chips
23253,7693,2730,Cavins Cold Coffee Chilled Latte 
23254,2448,2448,Too Yumm American Style Cream & Onion Chips
23255,7704,7704,ThumsUp Can
23256,7703,7686,Paper Boat Buttermilk 
23260,7708,5494,Farmley Roasted Makhana Cream And Onion Rs 30
23261,7709,5494,Farmley Roasted Makhana Cream And Onion Rs 30
23262,7708,5494,Farmley Roasted Makhana Cream And Onion Rs 30
23263,7709,5494,Farmley Roasted Makhana Cream And Onion Rs 30
23264,7708,5494,Farmley Roasted Makhana Cream And Onion Rs 30
23265,7709,5494,Farmley Roasted Makhana Cream And Onion Rs 30
23266,7708,5494,Farmley Roasted Makhana Cream And Onion Rs 30
23267,7708,5494,Farmley Roasted Makhana Cream And Onion Rs 30
23273,4174,73,Cavin's Lassi
23274,4175,80,Cavin's Spiced ButterMilk
23275,5324,663,Britannia Veg Cake Chocolate Rs 20
23279,6103,6103,D Nature Eatery Roasted Cashew
23281,7716,7716,Epigamia Strawberry Rs 35
23282,7715,7715,Milky Mist Strawberry Yogurt Rs 25
23283,5230,1023,Britannia Chocolate Shake Rs 35
23284,7300,1315, Britannia Treat Jim Jam Rs 10
23287,4175,80,Cavin's Spiced ButterMilk
23288,5324,663,Britannia Veg Cake Chocolate Rs 20
23305,7704,3359,Thums up Rs 60 
23306,7691,4904,Coco Cola Rs 70
23307,6881,6881,Paperboat Himalayan Pink Salt Rs 70
23309,7719,7719,Nestle Caramel Chocolate Coated Wafer Rs 70
23310,7424,1170,Haldirams NGP Salted Peanut 
23311,5847,766,Amul Rose Lassi Rs 20 
23312,6373,6373,Amul Belgian Chocolate Rs 45
23315,4508,193,Monster Energy
23316,5419,261,McVitie's Digestive Biscuits
23317,7722,1623,Cadbury Dairy Milk Chocolate Rs 50
23318,7723,1623,Cadbury Dairy Milk Chocolate Rs 50
23319,7724,5367,Almond Brittle Coffee Rs 40
23326,7728,1985,Amul Kool Kesar 
23327,7731,1048,Balaji Wafers Pizzy Masala Rs 10
23328,7730,224,Amul Kool Cafe Rs 30
23329,7729,7729,Amul Kesar Elachi Basundi 
23331,6654,6654,Saffola Ragi Chips Takatak Tomato Rs 25
23332,7735,4425,TATA Copper Water Rs 10
23333,7734,4425,TATA Copper Water Rs 10
23334,7733,4425,TATA Copper Water Rs 10
23335,7736,7072,Priyagold Cashew Cookies Rs 10
23339,1582,95,Parle Appy Rs 10
23366,4561,769,Cadbury Dairy Milk Rs.10
23367,2362,1023,Britannia Chocolate Shake Rs 35
23368,4375,2818,Cadbury 5 Star Oreo Rs 35
23371,1947,678,Britannia Bourbon-Rs 10
23372,7755,678,Britannia Bourbon-Rs 10
23373,7756,430,Haldiram's Moong Dal Rs 10 
23374,6881,46,Paper Boat Coconut Water
23375,6880,46,Paper Boat Coconut Water
23377,6704,678,Britannia Bourbon-Rs 10
23378,6882,46,Paper Boat Coconut Water
23381,3971,331,Britannia Veg Cake Fruity Fun Rs 20
23384,2362,1023,Britannia Chocolate Shake Rs 35
23386,7757,1315, Britannia Treat Jim Jam Rs 10
23387,7758,1023,Britannia Chocolate Shake Rs 35
23388,7757,1315, Britannia Treat Jim Jam Rs 10
23389,5345,1023,Britannia Chocolate Shake Rs 35
23390,2362,1023,Britannia Chocolate Shake Rs 35
23392,7758,1023,Britannia Chocolate Shake Rs 35
23393,7757,1315, Britannia Treat Jim Jam Rs 10
23394,5345,1023,Britannia Chocolate Shake Rs 35
23395,2362,1023,Britannia Chocolate Shake Rs 35
23396,5268,1023,Britannia Chocolate Shake Rs 35
23398,7757,1315, Britannia Treat Jim Jam Rs 10
23399,5345,1023,Britannia Chocolate Shake Rs 35
23400,2362,1023,Britannia Chocolate Shake Rs 35
23401,5268,1023,Britannia Chocolate Shake Rs 35
23402,7758,1023,Britannia Chocolate Shake Rs 35
23403,7757,1315, Britannia Treat Jim Jam Rs 10
23404,5345,1023,Britannia Chocolate Shake Rs 35
23405,2362,1023,Britannia Chocolate Shake Rs 35
23406,5268,1023,Britannia Chocolate Shake Rs 35
23407,7758,3782,Britannia Winkin Cow Rs 35
23408,7757,3782,Britannia Winkin Cow Rs 35
23409,5345,1023,Britannia Chocolate Shake Rs 35
23410,2362,1023,Britannia Chocolate Shake Rs 35
23411,5268,1023,Britannia Chocolate Shake Rs 35
23413,7757,1315, Britannia Treat Jim Jam Rs 10
23414,5345,1023,Britannia Chocolate Shake Rs 35
23415,2362,1023,Britannia Chocolate Shake Rs 35
23416,5268,1023,Britannia Chocolate Shake Rs 35
23417,7758,1023,Britannia Chocolate Shake Rs 35
23422,7758,1023,Britannia Chocolate Shake Rs 35
23424,5345,1023,Britannia Chocolate Shake Rs 35
23425,2362,1023,Britannia Chocolate Shake Rs 35
23426,5268,1023,Britannia Chocolate Shake Rs 35
23435,0,0,Unknown/Unmapped
23437,7537,4968,Cracker Bee Fruit And Nut Rs 30
23438,4732,139,Nestle Classic Chocolate 
23440,7142,430,Haldiram's Moong Dal Rs 10 
23441,7392,430,Haldiram's Moong Dal Rs 10 
23449,7769,66,Kathi Roll
23458,1301,1301,Maggi Cuppa Noodles Masala 
23460,4502,130,Choco Chips Cookies
23461,6815,130,Choco Chips Cookies
23462,4166,61,Paper Boat Lychee Ras Rs 20
23463,3588,1608,Makino Nacho Chips Jalapeno 
23464,7702,61,Paper Boat Lychee Ras Rs 20
23467,7575,7088,Dates Bites Sachet Rs 40
23468,7574,7088,Dates Bites Sachet Rs 40
23469,6933,4851,Kerala Banana Chips Desi Masala Rs 20
23470,4962,4851,Kerala Banana Chips Desi Masala Rs 20
23471,1606,1606,BRB Popped Potato Chips Pasta Cheese 
23502,7786,7786,Taali Sriracha Spice Rs 40
23503,7786,7786,Taali Sriracha Spice Rs 40
23505,7788,7786,Taali Sriracha Spice Rs 40
23506,7788,7786,Taali Sriracha Spice Rs 40
23507,7787,7786,Taali Sriracha Spice Rs 40
23508,7787,7786,Taali Sriracha Spice Rs 40
23509,7789,7786,Taali Sriracha Spice Rs 40
23510,7789,7786,Taali Sriracha Spice Rs 40
23511,7791,7790,3 Sisters Indie Sodas Jeera Masala Rs 80
23512,7790,7790,3 Sisters Indie Sodas Jeera Masala Rs 80
23513,7791,7790,3 Sisters Indie Sodas Jeera Masala Rs 80
23514,7790,7790,3 Sisters Indie Sodas Jeera Masala Rs 80
23515,7792,7792,Solh Cold Coffee Mocha Rs 50
23516,7793,7792,Solh Cold Coffee Mocha Rs 50
23517,7794,7792,Solh Cold Coffee Mocha Rs 50
23518,7792,7792,Solh Cold Coffee Mocha Rs 50
23519,7793,7792,Solh Cold Coffee Mocha Rs 50
23520,7794,7792,Solh Cold Coffee Mocha Rs 50
23521,7792,7792,Solh Cold Coffee Mocha Rs 50
23522,7793,7792,Solh Cold Coffee Mocha Rs 50
23523,6583,4900,Britannia Treat Creme Wafers Strawberry Rs 50
23524,6582,4900,Britannia Treat Creme Wafers Strawberry Rs 50
23525,6583,4900,Britannia Treat Creme Wafers Strawberry Rs 50
23538,7120,1315, Britannia Treat Jim Jam Rs 10
23539,7117,1315, Britannia Treat Jim Jam Rs 10
23541,7797,7795,Britannia Be You Choco Almond Rs 65
23542,7470,11,Mother Dairy Sweet Lassi
23544,7798,796,Mother Dairy Chach Rs 12
23545,7468,7465,Blueberry Fruit Yogurt Rs 35
23546,7465,7465,Blueberry Fruit Yogurt Rs 35
23547,7466,7465,Blueberry Fruit Yogurt Rs 35
23548,6446,47,Mother Dairy Chocolate shake 
23552,7799,47,Mother Dairy Chocolate shake 
23554,7805,7804,Milky Mist Lassi Mango Rs 30
23555,7804,7804,Milky Mist Lassi Mango Rs 30
23556,6405,5968,Milky Mist Chocolate Milkshake 
23568,7031,320,Unibic Choco Hazelnut Cookies Rs 10
23569,4009,320,Unibic Choco Hazelnut Cookies Rs 10
23570,4073,320,Unibic Choco Hazelnut Cookies Rs 10
23571,3967,320,Unibic Choco Hazelnut Cookies Rs 10
23573,7811,7810,Cracker Bee Snap Crunch Oats Rs 40
23574,7810,7810,Cracker Bee Snap Crunch Oats Rs 40
23575,7809,320,Unibic Choco Hazelnut Cookies Rs 10
23577,3700,401,Bingo - Potato Chips Masala
23589,7805,7804,Milky Mist Lassi Mango Rs 30
23590,7804,7804,Milky Mist Lassi Mango Rs 30
23591,7385,7385,Tropicana Mixed Fruit Rs 15
23598,7817,2669,Slice Mango Drink Rs 10
23599,6448,6448,B Natural Select Tender Coconut Water 
23603,7819,7819,Chitale Dahi Rs 12
23604,4329,4329,Maaza
23605,5733,331,Britannia Veg Cake Fruity Fun Rs 20
23606,4326,691,Britannia Chocolate Shake Rs 30 
23607,2656,678,Britannia Bourbon-Rs 10
23611,7822,224,Amul Kool Cafe Rs 30
23614,7823,140,Cadbury Dairy Milk Rs 20
23617,7121,1315, Britannia Treat Jim Jam Rs 10
23624,4202,935,Lays - American Style Cream and Onion 
23634,7834,5946,Kelloggs Corn Flakes
23635,4345,2330,Bikano Bikaneri Bhujia 
23637,7274,2330,Bikano Bikaneri Bhujia 
23638,4346,2330,Bikano Bikaneri Bhujia 
23639,4369,2330,Bikano Bikaneri Bhujia 
23640,4498,2330,Bikano Bikaneri Bhujia 
23642,4252,2330,Bikano Bikaneri Bhujia 
23643,2874,2330,Bikano Bikaneri Bhujia 
23644,4345,2330,Bikano Bikaneri Bhujia 
23645,4369,2330,Bikano Bikaneri Bhujia 
23646,2874,2330,Bikano Bikaneri Bhujia 
23647,7275,2330,Bikano Bikaneri Bhujia 
23648,7065,5946,Kelloggs Corn Flakes
23649,7215,7214,The Theatre Project Popcorn Cheddar Cheese Rs 20
23669,3920,478,Kit Kat Rs 25
23674,7849,430,Haldiram's Moong Dal Rs 10 
23675,6787,139,Nestle Classic Chocolate 
23680,4201,291,Lay's American style Cream & Onion Rs 10
23681,7852,430,Haldiram's Moong Dal Rs 10 
23697,3726,3542,Taali Masala Mania Protien Puffs Rs 20
23698,3543,3542,Taali Masala Mania Protien Puffs Rs 20
23711,7864,4545,Snickers chocolate bar Rs 50
23712,7865,3719,Galaxy Milk Chocolate Rs 20 
23724,3318,59,Tropicana Juice
23725,7604,6547,Moutain Dew Rs 15
23727,5279,3810,Lays Wavay Cream Onion Flavour Rs 15
23729,2433,663,Britannia Veg Cake Chocolate Rs 20
23745,3775,1170,Haldirams NGP Salted Peanut 
23749,3228,3228,Paneer Tikka Sandwich Rs70
23764,7144,282,Too Yumm Veggie Stix Cheese & Herbs Rs 20
23765,7638,282,Too Yumm Veggie Stix Cheese & Herbs Rs 20
23769,822,331,Britannia Veg Cake Fruity Fun Rs 20
23776,0,0,Unknown/Unmapped
23781,1626,1504,Yoga Bar Chocolate Chunk Nut Rs 40
23785,3033,252,Thumps Up Can
23790,1551,1170,Haldirams NGP Salted Peanut 
23791,4639,331,Britannia Veg Cake Fruity Fun Rs 20
23792,3979,331,Britannia Veg Cake Fruity Fun Rs 20
23793,3980,331,Britannia Veg Cake Fruity Fun Rs 20
23794,7890,4063,BiskFarm Masala Chatpata Bhel  Rs 10
23795,6711,290,Kurkure Masala Munch 
23796,6669,290,Kurkure Masala Munch 
23797,1551,1170,Haldirams NGP Salted Peanut 
23798,3216,430,Haldiram's Moong Dal Rs 10 
23800,7893,7893,Too Yumm Potato Stix Rs 60
23807,0,0,Unknown/Unmapped
23809,7709,5494,Farmley Roasted Makhana Cream And Onion Rs 30
23812,4625,2358,B Natural Mixed Fruit Juice Rs 20
23813,4628,2358,B Natural Mixed Fruit Juice Rs 20
23815,5364,5364,Puzzles Nut Crackers Rs 20 
23816,6285,5351,Puzzles Aloo Bhujia Rs 10
23817,4721,663,Britannia Veg Cake Chocolate Rs 20
23818,7708,5494,Farmley Roasted Makhana Cream And Onion Rs 30
23821,0,0,Unknown/Unmapped
23822,7896,7896,Yippee quick meals veg delight Rs 50
23823,713,713,Raw Coconut Water Rs 60
23824,4538,4538,Rewynd Peanuts Chikki
23829,7175,5968,Milky Mist Chocolate Milkshake 
23865,7935,7932,Vada Pav SPL
23866,7934,7934,Stuffed Bread Pakora SPL
23867,7933,7924,Masala Idli SPL
23868,7932,7932,Vada Pav SPL
23869,7931,7931,Aloo Samosa SPL
23870,7930,7924,Masala Idli SPL
23871,7929,7924,Masala Idli SPL
23872,7928,7928,Paneer Paratha 
23873,7927,7925,Vermicelli Upma SPL
23874,7926,7924,Masala Idli SPL
23875,7925,7925,Vermicelli Upma SPL
23876,7924,7924,Masala Idli SPL
23887,7944,140,Cadbury Dairy Milk Rs 20
23888,2121,493,Test Product
23893,7687,6482,Tong Garden Onion & Garlic Small Green Peas 
23895,7476,3007,MTR Poha
23896,7945,3007,MTR Poha
23904,2221,693,Snickers
23906,4388,1143,Nestle Kit Kat
23912,0,0,Unknown/Unmapped
23926,7960,766,Amul Rose Lassi Rs 20 
23928,7795,7795,Britannia Be You Choco Almond Rs 65
23955,0,0,Unknown/Unmapped
23956,5419,261,McVitie's Digestive Biscuits
23959,2349,430,Haldiram's Moong Dal Rs 10 
23964,4077,318,Coke Zero
23965,3352,318,Coke Zero
23967,1606,1606,BRB Popped Potato Chips Pasta Cheese 
23968,2588,663,Britannia Veg Cake Chocolate Rs 20
23969,6482,6480,Tong Garden Onion & Garlic Coated peanut 20 gm Rs 10
23970,5420,261,McVitie's Digestive Biscuits
23971,7722,1623,Cadbury Dairy Milk Chocolate Rs 50
23972,7723,1623,Cadbury Dairy Milk Chocolate Rs 50
23973,5345,1023,Britannia Chocolate Shake Rs 35
23974,2362,1023,Britannia Chocolate Shake Rs 35
23976,61,61,Paper Boat Lychee Ras Rs 20
23978,122,82,Paper Boat Alphonso Aam Rs 25
23979,123,82,Paper Boat Alphonso Aam Rs 25
23980,193,193,Monster Energy
23981,230,61,Paper Boat Lychee Ras Rs 20
23986,478,478,Kit Kat Rs 25
23987,891,891,RiteBite Peanut Butter
23989,5090,5090,Rewynd Khakhra Methi Thepla 40g Rs 20
23990,4680,4680,Mcvities Bourbon Delight Rs 30
23991,4597,3810,Lays Wavay Cream Onion Flavour Rs 15
23992,4489,261,McVitie's Digestive Biscuits
23993,7678,282,Too Yumm Veggie Stix Cheese & Herbs Rs 20
23994,3863,282,Too Yumm Veggie Stix Cheese & Herbs Rs 20
23995,902,693,Snickers
23996,1609,1608,Makino Nacho Chips Jalapeno 
23997,3316,130,Choco Chips Cookies
23998,4721,663,Britannia Veg Cake Chocolate Rs 20
23999,1608,1608,Makino Nacho Chips Jalapeno 
24000,997,46,Paper Boat Coconut Water
24002,2448,282,Too Yumm Veggie Stix Cheese & Herbs Rs 20
24003,1624,1606,BRB Popped Potato Chips Pasta Cheese 
24004,1230,929,Sprite750ml
24005,1467,1467, Snickers Fruit & Nut Rs 50
24006,3619,73,Cavin's Lassi
24008,6520,478,Kit Kat Rs 25
24010,831,282,Too Yumm Veggie Stix Cheese & Herbs Rs 20
24011,396,282,Too Yumm Veggie Stix Cheese & Herbs Rs 20
24013,512,61,Paper Boat Lychee Ras Rs 20
24014,541,282,Too Yumm Veggie Stix Cheese & Herbs Rs 20
24015,604,282,Too Yumm Veggie Stix Cheese & Herbs Rs 20
24017,2394,61,Paper Boat Lychee Ras Rs 20
24018,2830,1048,Balaji Wafers Pizzy Masala Rs 10
24019,7985,1048,Balaji Wafers Pizzy Masala Rs 10
24020,1572,1048,Balaji Wafers Pizzy Masala Rs 10
24023,2090,2090,Bingo Tedhe Medhe Masala Tadka Rs 15
24025,7945,3007,MTR Poha
24027,1307,320,Unibic Choco Hazelnut Cookies Rs 10
24028,4079,318,Coke Zero
24029,1175,984,Appy 200ml Rs 15
24036,4860,2430,Sting Energy 
24038,2579,2430,Sting Energy 
24039,2430,2430,Sting Energy 
24040,2828,2430,Sting Energy 
24041,6625,6625,Mom Poha With Bhujia Rs 55
24045,1581,678,Britannia Bourbon-Rs 10
24046,4284,663,Britannia Veg Cake Chocolate Rs 20
24047,5324,663,Britannia Veg Cake Chocolate Rs 20
24048,7721,663,Britannia Veg Cake Chocolate Rs 20
24049,2806,663,Britannia Veg Cake Chocolate Rs 20
24051,2607,663,Britannia Veg Cake Chocolate Rs 20
24052,4339,663,Britannia Veg Cake Chocolate Rs 20
24053,3877,331,Britannia Veg Cake Fruity Fun Rs 20
24054,4659,331,Britannia Veg Cake Fruity Fun Rs 20
24055,2067,663,Britannia Veg Cake Chocolate Rs 20
24056,2595,678,Britannia Bourbon-Rs 10
24057,2705,678,Britannia Bourbon-Rs 10
24062,7994,678,Britannia Bourbon-Rs 10
24063,7993,691,Britannia Chocolate Shake Rs 30 
24064,7215,7214,The Theatre Project Popcorn Cheddar Cheese Rs 20
24067,3936,430,Haldiram's Moong Dal Rs 10 
24081,5557,5556,Max Protein Chocoberry bar Rs 75
24099,6806,291,Lay's American style Cream & Onion Rs 10
24112,6815,320,Unibic Choco Hazelnut Cookies Rs 10
24114,8012,8012,Cadbury Bournville Cranberry Rs 110
24115,7574,7088,Dates Bites Sachet Rs 40
24117,2736,430,Haldiram's Moong Dal Rs 10 
24118,1185,430,Haldiram's Moong Dal Rs 10 
24122,0,0,Unknown/Unmapped
24123,0,0,Unknown/Unmapped
24126,3552,1243,RedBull Rs 125
24127,2259,291,Lay's American style Cream & Onion Rs 10
24129,2521,291,Lay's American style Cream & Onion Rs 10
24141,8018,1988,Nutritius Crunchy Peanut Chikki Rs10
24146,5521,1494,Britannia Treat Croissant Vanilla Rs15
24150,7702,2584,Paper Boat Chocolate Milkshake Rs35
24159,7013,11,Mother Dairy Sweet Lassi
24160,5988,796,Mother Dairy Chach Rs 12
24161,2321,47,Mother Dairy Chocolate shake 
24165,7523,323,Piri Piri Paradise Makhana
24166,8032,323,Piri Piri Paradise Makhana
24169,7524,323,Piri Piri Paradise Makhana
24170,323,323,Piri Piri Paradise Makhana
24172,6155,4238,Fit And Flex Cheesy Cheese Flavour 
24173,6154,4238,Fit And Flex Cheesy Cheese Flavour 
24174,6155,4238,Fit And Flex Cheesy Cheese Flavour 
24175,6154,4238,Fit And Flex Cheesy Cheese Flavour 
24176,6155,4238,Fit And Flex Cheesy Cheese Flavour 
24177,6154,4238,Fit And Flex Cheesy Cheese Flavour 
24178,6155,4238,Fit And Flex Cheesy Cheese Flavour 
24179,6154,4238,Fit And Flex Cheesy Cheese Flavour 
24180,6155,4238,Fit And Flex Cheesy Cheese Flavour 
24181,6154,4238,Fit And Flex Cheesy Cheese Flavour 
24182,6155,4238,Fit And Flex Cheesy Cheese Flavour 
24183,6154,4238,Fit And Flex Cheesy Cheese Flavour 
24184,6155,4238,Fit And Flex Cheesy Cheese Flavour 
24185,6154,4238,Fit And Flex Cheesy Cheese Flavour 
24189,713,713,Raw Coconut Water Rs 60
24190,713,713,Raw Coconut Water Rs 60
24192,713,713,Raw Coconut Water Rs 60
24193,6708,2987,Wingreen Naan chips Tez tandoori Rs 20
24194,7201,2987,Wingreen Naan chips Tez tandoori Rs 20
24195,2987,2987,Wingreen Naan chips Tez tandoori Rs 20
24196,6708,2987,Wingreen Naan chips Tez tandoori Rs 20
24197,7201,2987,Wingreen Naan chips Tez tandoori Rs 20
24198,2987,2987,Wingreen Naan chips Tez tandoori Rs 20
24200,7201,2987,Wingreen Naan chips Tez tandoori Rs 20
24201,8033,1467, Snickers Fruit & Nut Rs 50
24202,4229,1959,Snickers Rs 20
24204,8034,693,Snickers
24205,8034,693,Snickers
24206,7864,4545,Snickers chocolate bar Rs 50
24207,8035,693,Snickers
24208,7864,4545,Snickers chocolate bar Rs 50
24209,8034,693,Snickers
24210,7864,4545,Snickers chocolate bar Rs 50
24211,8034,693,Snickers
24212,7864,6033,Snickers Butterscotch 
24213,8034,693,Snickers
24214,7864,4545,Snickers chocolate bar Rs 50
24215,8034,693,Snickers
24216,7864,6033,Snickers Butterscotch 
24217,8034,693,Snickers
24218,474,474,Snickers Almond Rs 25
24219,6033,4036,Snickers Kesar Pista Stick Rs 30
24220,4773,4773,Twix Chocolate Rs 30
24223,4773,4773,Twix Chocolate Rs 30
24224,474,474,Snickers Almond Rs 25
24225,4212,4036,Snickers Kesar Pista Stick Rs 30
24226,3114,3092,Alo Frut Kiwi Rs 30
24227,4069,3092,Alo Frut Kiwi Rs 30
24238,8042,395,Too Yum- Multigrain Chips
24239,6848,395,Too Yum- Multigrain Chips
24247,8043,1627,Yoga Bar Breakfast Protein Blueberry Pie
24271,8060,6547,Moutain Dew Rs 15
24272,8061,6547,Moutain Dew Rs 15
24284,5414,5351,Puzzles Aloo Bhujia Rs 10
24285,6285,5351,Puzzles Aloo Bhujia Rs 10
24286,4430,4430,Americana Coconut Cookies Rs 20
24287,4723,282,Too Yumm Veggie Stix Cheese & Herbs Rs 20
24290,1298,430,Haldiram's Moong Dal Rs 10 
24291,7212,6322,Cream bell kesar badam
24292,992,401,Bingo - Potato Chips Masala
24303,8086,7435,Finger Stalls 2 Dip Orange 
24304,8085,7435,Finger Stalls 2 Dip Orange 
24322,2241,1301,Maggi Cuppa Noodles Masala 
24323,1378,1376,Real Bites Farali Wafers Rs 10
24324,1379,1376,Real Bites Farali Wafers Rs 10
24328,6818,1376,Real Bites Farali Wafers Rs 10
24330,1377,1376,Real Bites Farali Wafers Rs 10
24331,8100,1507,Real Bites Moong Dal Rs 10
24337,2335,185,Thums UP CHARGED Rs 20
24340,2760,2760,Puzzles Khatta Meetha Rs10
24341,2761,2760,Puzzles Khatta Meetha Rs10
24342,4519,4335,Townbus Madras Mixture
24343,4335,4335,Townbus Madras Mixture
24344,4336,4335,Townbus Madras Mixture
24345,6940,2090,Bingo Tedhe Medhe Masala Tadka Rs 15
24346,6943,2090,Bingo Tedhe Medhe Masala Tadka Rs 15
24348,7022,140,Cadbury Dairy Milk Rs 20
24349,6142,2818,Cadbury 5 Star Oreo Rs 35
24350,6108,4335,Townbus Madras Mixture
24351,5879,4335,Townbus Madras Mixture
24352,4519,4335,Townbus Madras Mixture
24354,4430,4430,Americana Coconut Cookies Rs 20
24368,8112,7435,Finger Stalls 2 Dip Orange 
24369,8078,7435,Finger Stalls 2 Dip Orange 
24370,8111,7435,Finger Stalls 2 Dip Orange 
24372,8076,7435,Finger Stalls 2 Dip Orange 
24374,8113,7435,Finger Stalls 2 Dip Orange 
24376,8114,3228,Paneer Tikka Sandwich Rs70
24379,7215,7214,The Theatre Project Popcorn Cheddar Cheese Rs 20
24389,3775,1170,Haldirams NGP Salted Peanut 
24390,6477,1170,Haldirams NGP Salted Peanut 
24391,3778,1170,Haldirams NGP Salted Peanut 
24392,6478,1170,Haldirams NGP Salted Peanut 
24393,7192,95,Parle Appy Rs 10
24394,3939,95,Parle Appy Rs 10
24395,1615,95,Parle Appy Rs 10
24396,8124,95,Parle Appy Rs 10
24397,7393,95,Parle Appy Rs 10
24398,8123,95,Parle Appy Rs 10
24399,8122,95,Parle Appy Rs 10
24400,8121,95,Parle Appy Rs 10
24408,8131,1170,Haldirams NGP Salted Peanut 
24409,8130,2016,Haldirams NGP Punjabi Tadka Rs 35
24410,8129,2016,Haldirams NGP Punjabi Tadka Rs 35
24411,8128,2016,Haldirams NGP Punjabi Tadka Rs 35
24412,8127,2016,Haldirams NGP Punjabi Tadka Rs 35
24416,4085,678,Britannia Bourbon-Rs 10
24430,7485,7485,Coolberg Peach Beer Rs 99
24432,8020,430,Haldiram's Moong Dal Rs 10 
24433,8145,678,Britannia Bourbon-Rs 10
24458,6590,1606,BRB Popped Potato Chips Pasta Cheese 
24459,8155,1270,Haldiram's Khatta Meetha Rs 30
24469,1120,1120,Fanta Can 
24492,0,0,Unknown/Unmapped
24553,0,0,Unknown/Unmapped
24554,4721,691,Britannia Chocolate Shake Rs 30 
24555,4678,61,Paper Boat Lychee Ras Rs 20
24556,5126,2330,Bikano Bikaneri Bhujia 
24558,7023,331,Britannia Veg Cake Fruity Fun Rs 20
24562,5733,331,Britannia Veg Cake Fruity Fun Rs 20
24564,3105,323,Piri Piri Paradise Makhana
24576,2532,430,Haldiram's Moong Dal Rs 10 
24577,8033,1467, Snickers Fruit & Nut Rs 50
24578,8034,693,Snickers
24581,8176,61,Paper Boat Lychee Ras Rs 20
24588,8169,6033,Snickers Butterscotch 
24613,8191,2330,Bikano Bikaneri Bhujia 
24614,4032,2330,Bikano Bikaneri Bhujia 
24615,2886,2330,Bikano Bikaneri Bhujia 
24618,8194,691,Britannia Chocolate Shake Rs 30 
24619,2987,2987,Wingreen Naan chips Tez tandoori Rs 20
24624,8134,224,Amul Kool Cafe Rs 30
24625,8196,678,Britannia Bourbon-Rs 10
24626,815,691,Britannia Chocolate Shake Rs 30 
24627,4187,1934,CocaCola Rim Zim Masala Jeera Rs 10
24628,2242,126,Coke Regular Pet 250ml Rs 20
24630,8199,1883,Parle Cakes Vanilla (Contains Egg) Rs 30
24631,2475,1883,Parle Cakes Vanilla (Contains Egg) Rs 30
24632,5641,1883,Parle Cakes Vanilla (Contains Egg) Rs 30
24633,4674,4674,Winkies Chocolate Cake
24634,4675,4674,Winkies Chocolate Cake
24635,8198,4674,Winkies Chocolate Cake
24636,8197,4674,Winkies Chocolate Cake
24637,2823,2106,Winkies Fruit Cake with Raisin and Tutti Frutti 
24638,5122,4674,Winkies Chocolate Cake
24642,8202,8202,Rebound Mango Rs 100
24643,8203,8202,Rebound Mango Rs 100
24649,4721,691,Britannia Chocolate Shake Rs 30 
24650,3538,663,Britannia Veg Cake Chocolate Rs 20
24651,815,691,Britannia Chocolate Shake Rs 30 
24652,4715,1494,Britannia Treat Croissant Vanilla Rs15
24653,4070,678,Britannia Bourbon-Rs 10
24664,4906,4408,Dark Fantasy
24665,6323,4408,Dark Fantasy
24666,7268,430,Haldiram's Moong Dal Rs 10 
24667,4715,663,Britannia Veg Cake Chocolate Rs 20
24670,3700,401,Bingo - Potato Chips Masala
24672,5881,401,Bingo - Potato Chips Masala
24673,6953,401,Bingo - Potato Chips Masala
24676,2524,401,Bingo - Potato Chips Masala
24680,2610,290,Kurkure Masala Munch 
24681,2628,1708,Mirinda Orange Rs20
24683,6989,914,Cremica Butter Cookies
24687,0,0,Unknown/Unmapped
24691,7708,5494,Farmley Roasted Makhana Cream And Onion Rs 30
24702,8218,282,Too Yumm Veggie Stix Cheese & Herbs Rs 20
24703,8220,2698,Madras Mixture
24704,8219,8219,Horlicks Millet Biscuits Rs 10
24706,8221,8221,Test S 00138483
24710,1207,1170,Haldirams NGP Salted Peanut 
24728,914,914,Cremica Butter Cookies
24739,8244,935,Lays - American Style Cream and Onion 
24740,8243,935,Lays - American Style Cream and Onion 
24741,8248,8246,MTR Bisibele Bhath Just Heat & Eat
24742,8247,8246,MTR Bisibele Bhath Just Heat & Eat
24743,8246,8246,MTR Bisibele Bhath Just Heat & Eat
24744,8245,8245,MTR Veg Pulao Just Heat & Eat
24745,2125,11,Mother Dairy Sweet Lassi
24746,8249,8249,Real Coconut Water Rs 35
24747,5069,5069,Lahori Jeera Rs 10
24748,3058,1972,Storia Coconut Water Rs 35
24776,172,172,Cadbury Fruit and Nut 
24777,2176,203,Sprite Pop Can Rs 25
24778,584,584,Fanta Can 180 ml Rs 25
24779,2238,586,Coke Regular Pop Can Rs 25
24781,8267,2249,Haldirams Chips Classic Salted Rs 15
24789,1624,1606,BRB Popped Potato Chips Pasta Cheese 
24790,1608,1608,Makino Nacho Chips Jalapeno 
24791,4545,4545,Snickers chocolate bar Rs 50
24792,1070,1069, Sunfeast Dark Fantasy Choco Fill Cookies Rs 10
24793,3001,3001,Unibic Choco Nut Cookies Rs 20
24794,1170,430,Haldiram's Moong Dal Rs 10 
24795,773,401,Bingo - Potato Chips Masala
24796,1300,61,Paper Boat Lychee Ras Rs 20
24797,3535,318,Coke Zero
24798,1964,693,Snickers
24799,4668,1344,NIDZ Dark Milk Roasted Cashew Chocolate Rs 60
24800,3999,2553,Bauli Moonfills Vanilla Rs20
24801,1145,401,Bingo - Potato Chips Masala
24802,1298,430,Haldiram's Moong Dal Rs 10 
24803,2987,2987,Wingreen Naan chips Tez tandoori Rs 20
24804,4601,4507, Dole Juice Pineapple Orange Banana Rs 60
24805,694,694,Frooti 
24806,1175,984,Appy 200ml Rs 15
24807,5291,401,Bingo - Potato Chips Masala
24808,1293,401,Bingo - Potato Chips Masala
24809,0,0,Unknown/Unmapped
24810,1172,430,Haldiram's Moong Dal Rs 10 
24811,1171,430,Haldiram's Moong Dal Rs 10 
24812,5345,1023,Britannia Chocolate Shake Rs 35
24813,2362,1023,Britannia Chocolate Shake Rs 35
24814,3792,80,Cavin's Spiced ButterMilk
24815,4887,4507, Dole Juice Pineapple Orange Banana Rs 60
24816,897,896,Yoga Pulp Aloevera KiwiJuice Rs 30
24817,7151,4638,Paper Boat Dry Fruit Chikki Rs 30
24819,8270,1608,Makino Nacho Chips Jalapeno 
24820,8271,1608,Makino Nacho Chips Jalapeno 
24821,8272,4068,Alo Frut Orange Rs 30
24822,8273,4068,Alo Frut Orange Rs 30
24825,8276,3092,Alo Frut Kiwi Rs 30
24826,8274,3092,Alo Frut Kiwi Rs 30
24827,8274,3092,Alo Frut Kiwi Rs 30
24828,8275,3092,Alo Frut Kiwi Rs 30
24829,8276,3092,Alo Frut Kiwi Rs 30
24830,8274,3092,Alo Frut Kiwi Rs 30
24831,8275,3092,Alo Frut Kiwi Rs 30
24832,8274,3092,Alo Frut Kiwi Rs 30
24833,8274,3092,Alo Frut Kiwi Rs 30
24834,8275,3092,Alo Frut Kiwi Rs 30
24835,8274,3092,Alo Frut Kiwi Rs 30
24836,8275,3092,Alo Frut Kiwi Rs 30
24837,8276,3092,Alo Frut Kiwi Rs 30
24838,8274,3092,Alo Frut Kiwi Rs 30
24839,8278,4068,Alo Frut Orange Rs 30
24840,8277,4068,Alo Frut Orange Rs 30
24841,8279,8279,Lotus Thandai Badam Milk 
24842,8279,8279,Lotus Thandai Badam Milk 
24843,8280,8279,Lotus Thandai Badam Milk 
24844,8280,8279,Lotus Thandai Badam Milk 
24845,8280,8279,Lotus Thandai Badam Milk 
24846,8279,8279,Lotus Thandai Badam Milk 
24847,8281,8279,Lotus Thandai Badam Milk 
24848,8280,8279,Lotus Thandai Badam Milk 
24849,8280,8279,Lotus Thandai Badam Milk 
24850,8279,8279,Lotus Thandai Badam Milk 
24851,8280,8279,Lotus Thandai Badam Milk 
24852,8279,8279,Lotus Thandai Badam Milk 
24853,8280,8279,Lotus Thandai Badam Milk 
24854,8281,8279,Lotus Thandai Badam Milk 
24855,8280,8279,Lotus Thandai Badam Milk 
24856,8279,8279,Lotus Thandai Badam Milk 
24857,8284,8282,Adishtu Strawberry Energy Bar Rs 75
24858,8283,8282,Adishtu Strawberry Energy Bar Rs 75
24859,8282,8282,Adishtu Strawberry Energy Bar Rs 75
24860,8286,8282,Adishtu Strawberry Energy Bar Rs 75
24862,8284,8282,Adishtu Strawberry Energy Bar Rs 75
24863,8283,8282,Adishtu Strawberry Energy Bar Rs 75
24864,8282,8282,Adishtu Strawberry Energy Bar Rs 75
24865,8287,8287,Wonderland Foods Almond Roasted & Salted
24866,8288,8287,Wonderland Foods Almond Roasted & Salted
24867,8289,8287,Wonderland Foods Almond Roasted & Salted
24868,8290,8287,Wonderland Foods Almond Roasted & Salted
24869,8291,8287,Wonderland Foods Almond Roasted & Salted
24870,8292,8287,Wonderland Foods Almond Roasted & Salted
24871,8287,8287,Wonderland Foods Almond Roasted & Salted
24872,8293,8293,Wonderland Foods Almonds 
24873,8294,8293,Wonderland Foods Almonds 
24874,8295,8295,Wonderland Foods Roasted & Salted Pistachios 
24875,8287,8287,Wonderland Foods Almond Roasted & Salted
24876,8288,8287,Wonderland Foods Almond Roasted & Salted
24877,8289,8287,Wonderland Foods Almond Roasted & Salted
24878,8290,8287,Wonderland Foods Almond Roasted & Salted
24879,8291,8287,Wonderland Foods Almond Roasted & Salted
24880,8296,8287,Wonderland Foods Almond Roasted & Salted
24881,8296,8287,Wonderland Foods Almond Roasted & Salted
24894,8316,8310,Vyndo Chorafali Khakhra
24895,8315,8310,Vyndo Chorafali Khakhra
24896,8314,8310,Vyndo Chorafali Khakhra
24897,8313,8310,Vyndo Chorafali Khakhra
24898,8312,8310,Vyndo Chorafali Khakhra
24899,8311,8310,Vyndo Chorafali Khakhra
24900,4658,1708,Mirinda Orange Rs20
24902,8035,693,Snickers
24903,8310,8310,Vyndo Chorafali Khakhra
24904,8309,8309,Vyndo Methi Bajara Khakhra
24910,3738,2106,Winkies Fruit Cake with Raisin and Tutti Frutti 
24918,7139,1170,Haldirams NGP Salted Peanut 
24941,0,0,Unknown/Unmapped
24951,8334,8334,MTR Dal Makhani Rs 125
24952,8333,8246,MTR Bisibele Bhath Just Heat & Eat
24953,8337,2249,Haldirams Chips Classic Salted Rs 15
24954,8338,2249,Haldirams Chips Classic Salted Rs 15
24957,8336,430,Haldiram's Moong Dal Rs 10 
24958,8335,430,Haldiram's Moong Dal Rs 10 
24960,6794,130,Choco Chips Cookies
24965,8342,493,Test Product
24967,8344,313,Paperboat Chikki
24968,3728,313,Paperboat Chikki
24969,8328,313,Paperboat Chikki
24970,8327,313,Paperboat Chikki
24971,4495,3535,Coca cola Original Taste 
24972,8347,8207,Mulberry Zingals Chocolate Slice Cake 
24978,8300,130,Choco Chips Cookies
24979,7897,320,Unibic Choco Hazelnut Cookies Rs 10
24980,5631,224,Amul Kool Cafe Rs 30
24981,8356,690,Amul Lassi Rs 15
24982,7052,2033,Anmol Romanzo Choco Filled Cookies Rs 10
24996,7486,115,Coke Diet Can Rs 35
24999,3253,401,Bingo - Potato Chips Masala
25000,1184,401,Bingo - Potato Chips Masala
25001,8350,401,Bingo - Potato Chips Masala
25003,1458,1376,Real Bites Farali Wafers Rs 10
25004,1379,1376,Real Bites Farali Wafers Rs 10
25005,2608,1376,Real Bites Farali Wafers Rs 10
25006,1524,1376,Real Bites Farali Wafers Rs 10
25007,1377,1376,Real Bites Farali Wafers Rs 10
25025,8365,691,Britannia Chocolate Shake Rs 30 
25027,8366,493,Test Product
25028,0,0,Unknown/Unmapped
25032,8367,8202,Rebound Mango Rs 100
25034,8368,8368,Test Tarun 1234
25038,3714,3714,Test Product Rs 1
25039,2677,2677,Chennai Test Product Rs 1
25040,493,493,Test Product
25046,959,959,Test product-2
25047,957,494,Test Product
25048,494,494,Test Product
25049,8369,8369,Lahori Shikanji Rs 10
25051,6946,6942,B Natural Guava Rs 10
25052,6945,6942,B Natural Guava Rs 10
25054,2518,430,Haldiram's Moong Dal Rs 10 
25055,4649,430,Haldiram's Moong Dal Rs 10 
25056,8335,430,Haldiram's Moong Dal Rs 10 
25058,8020,430,Haldiram's Moong Dal Rs 10 
25059,8370,430,Haldiram's Moong Dal Rs 10 
25062,4309,291,Lay's American style Cream & Onion Rs 10
25078,8383,8383,Cavins Cold Coffee chilled Latte 
25079,8384,6278,Winkies Fruit Cake Sliced Rs 20
25080,7604,6547,Moutain Dew Rs 15
25081,8385,8385,Dabur Real Activ Coconut Water Rs 40
25087,0,0,Unknown/Unmapped
25090,8389,1507,Real Bites Moong Dal Rs 10
25093,3318,59,Tropicana Juice
25094,4190,59,Tropicana Juice
25095,2513,59,Tropicana Juice
25096,5324,663,Britannia Veg Cake Chocolate Rs 20
25097,6216,59,Tropicana Juice
25098,4814,59,Tropicana Juice
25099,2212,331,Britannia Veg Cake Fruity Fun Rs 20
25100,5345,1023,Britannia Chocolate Shake Rs 35
25101,4856,1023,Britannia Chocolate Shake Rs 35
25104,8336,430,Haldiram's Moong Dal Rs 10 
25105,8392,430,Haldiram's Moong Dal Rs 10 
25106,8391,430,Haldiram's Moong Dal Rs 10 
25114,8394,935,Lays - American Style Cream and Onion 
25115,8244,935,Lays - American Style Cream and Onion 
25116,8271,1608,Makino Nacho Chips Jalapeno 
25117,8271,1608,Makino Nacho Chips Jalapeno 
25127,3979,331,Britannia Veg Cake Fruity Fun Rs 20
25128,4776,331,Britannia Veg Cake Fruity Fun Rs 20
25129,8397,323,Piri Piri Paradise Makhana
25130,8234,986,Haldiram's Chips Pudina Treat Rs 15 
25131,8396,130,Choco Chips Cookies
25133,8406,316,Minute Maid Pulpy Orange
25136,2705,678,Britannia Bourbon-Rs 10
25139,1581,678,Britannia Bourbon-Rs 10
25140,4284,678,Britannia Bourbon-Rs 10
25141,4715,1315, Britannia Treat Jim Jam Rs 10
25142,3780,331,Britannia Veg Cake Fruity Fun Rs 20
25143,4204,678,Britannia Bourbon-Rs 10
25147,6704,678,Britannia Bourbon-Rs 10
25152,4205,691,Britannia Chocolate Shake Rs 30 
25167,0,0,Unknown/Unmapped
25177,8234,986,Haldiram's Chips Pudina Treat Rs 15 
25182,8413,6322,Cream bell kesar badam
25183,7774,6547,Moutain Dew Rs 15
25206,0,0,Unknown/Unmapped
25210,6980,430,Haldiram's Moong Dal Rs 10 
25211,922,922,Maaza 
25213,4819,4819,Luvit Loca Rs 10
25214,8432,3953,Thums Up 
25238,5336,224,Amul Kool Cafe Rs 30
25239,7822,224,Amul Kool Cafe Rs 30
25240,8356,690,Amul Lassi Rs 15
25250,8455,8455,Jhumar Potato Wafer Rs 50
25251,8454,8454,Chennai Star Banana Chips Navratri Special 
25253,8468,8464,Aadishwar Cholai Laddu Navratri Special Rs 24
25254,8467,8467,Aadishwar Yellow Banana Chips Navratri Special Rs 39
25255,8464,8464,Aadishwar Cholai Laddu Navratri Special Rs 24
25265,0,0,Unknown/Unmapped
25266,1608,1608,Makino Nacho Chips Jalapeno 
25267,1241,935,Lays - American Style Cream and Onion 
25268,5268,1023,Britannia Chocolate Shake Rs 35
25269,8280,8279,Lotus Thandai Badam Milk 
25270,4627,2358,B Natural Mixed Fruit Juice Rs 20
25271,2588,663,Britannia Veg Cake Chocolate Rs 20
25272,6033,6033,Snickers Butterscotch 
25273,4669,2604,Nidz Dark Roasted Cashew Chocolate Rs 70
25274,4773,4773,Twix Chocolate Rs 30
25275,4681,17,McVities Digestive Rs 10
25276,7215,7214,The Theatre Project Popcorn Cheddar Cheese Rs 20
25277,8035,693,Snickers
25278,8276,3092,Alo Frut Kiwi Rs 30
25279,6583,4900,Britannia Treat Creme Wafers Strawberry Rs 50
25280,1562,896,Yoga Pulp Aloevera KiwiJuice Rs 30
25281,6482,6480,Tong Garden Onion & Garlic Coated peanut 20 gm Rs 10
25282,6708,2987,Wingreen Naan chips Tez tandoori Rs 20
25287,8473,224,Amul Kool Cafe Rs 30
25288,8474,2016,Haldirams NGP Punjabi Tadka Rs 35
25289,5307,430,Haldiram's Moong Dal Rs 10 
25299,4715,1494,Britannia Treat Croissant Vanilla Rs15
25300,0,0,Unknown/Unmapped
25303,0,0,Unknown/Unmapped
25307,7723,1623,Cadbury Dairy Milk Chocolate Rs 50
25317,5374,5374,Mogu Mogu Lychee Juice
25322,0,0,Unknown/Unmapped
25324,7205,2430,Sting Energy 
25345,8504,430,Haldiram's Moong Dal Rs 10 
25346,982,430,Haldiram's Moong Dal Rs 10 
25348,822,331,Britannia Veg Cake Fruity Fun Rs 20
25357,6446,47,Mother Dairy Chocolate shake 
25362,4212,4036,Snickers Kesar Pista Stick Rs 30
25363,3724,3542,Taali Masala Mania Protien Puffs Rs 20
25364,3989,1023,Britannia Chocolate Shake Rs 35
25365,8271,1608,Makino Nacho Chips Jalapeno 
25366,8509,1743,Act 2 Popcorn Butter
25367,3128,2550,Max Protein Desi Masala Rs45
25368,891,814,Ritebite Sport Bar Almond Mocha
25373,8060,6547,Moutain Dew Rs 15
25374,7120,1315, Britannia Treat Jim Jam Rs 10
25375,3726,3542,Taali Masala Mania Protien Puffs Rs 20
25376,1207,1170,Haldirams NGP Salted Peanut 
25378,1622,1622,BRB Bhel Zingy and Tangy Rs 20
25379,814,814,Ritebite Sport Bar Almond Mocha
25380,1324,61,Paper Boat Lychee Ras Rs 20
25393,8279,8279,Lotus Thandai Badam Milk 
25394,7704,252,Thumps Up Can
25395,3859,2550,Max Protein Desi Masala Rs45
25401,4538,4538,Rewynd Peanuts Chikki
25402,8244,935,Lays - American Style Cream and Onion 
25403,7789,7786,Taali Sriracha Spice Rs 40
25404,3837,691,Britannia Chocolate Shake Rs 30 
25405,8281,8279,Lotus Thandai Badam Milk 
25407,2584,2584,Paper Boat Chocolate Milkshake Rs35
25408,7787,7786,Taali Sriracha Spice Rs 40
25409,7075,6480,Tong Garden Onion & Garlic Coated peanut 20 gm Rs 10
25410,4501,935,Lays - American Style Cream and Onion 
25412,7732,3083,Amul Kool Koko Chocolate Rs 35
25423,8518,8518,Aloo Matar Sandwich 
25424,5098,5097,Kari Kari Chilli Garlic Rs 20
25426,5099,5097,Kari Kari Chilli Garlic Rs 20
25427,5098,5097,Kari Kari Chilli Garlic Rs 20
25428,5099,5097,Kari Kari Chilli Garlic Rs 20
25429,5099,5097,Kari Kari Chilli Garlic Rs 20
25430,5098,5097,Kari Kari Chilli Garlic Rs 20
25431,5099,5097,Kari Kari Chilli Garlic Rs 20
25432,5098,5097,Kari Kari Chilli Garlic Rs 20
25433,5098,5097,Kari Kari Chilli Garlic Rs 20
25435,5324,663,Britannia Veg Cake Chocolate Rs 20
25438,3552,1243,RedBull Rs 125
25439,3552,1243,RedBull Rs 125
25440,3552,1243,RedBull Rs 125
25441,8520,8520,Absolut Raspberry & Lemon Mixer Rs 100
25442,8521,8521,Jameson Ginger Ale Rs 100
25443,8522,8522,Crizpo Banana Chips Creamy Cheddar Rs 60
25444,3552,1243,RedBull Rs 125
25445,7422,7421,Hustle Energy Drink Rs 60
25446,3552,1243,RedBull Rs 125
25447,8521,8521,Jameson Ginger Ale Rs 100
25448,8521,8521,Jameson Ginger Ale Rs 100
25449,8523,8520,Absolut Raspberry & Lemon Mixer Rs 100
25450,8524,8522,Crizpo Banana Chips Creamy Cheddar Rs 60
25451,3552,1243,RedBull Rs 125
25452,7422,7421,Hustle Energy Drink Rs 60
25455,8521,8521,Jameson Ginger Ale Rs 100
25457,1979,935,Lays - American Style Cream and Onion 
25466,6687,395,Too Yum- Multigrain Chips
25467,6848,395,Too Yum- Multigrain Chips
25468,8507,1023,Britannia Chocolate Shake Rs 35
25472,8529,1482,Parle Agro Appy Fizz 
25476,7394,7394,7up Nimbooz Rs 15
25480,8539,8539,Paneer Paratha 
25481,8538,8536,Aloo Paratha 
25482,8537,8535,Veg Upma
25483,8536,8536,Aloo Paratha 
25484,8535,8535,Veg Upma
25485,8534,8534,Veg Poha
25487,8551,8551,Ladies Pad 
25491,7212,6322,Cream bell kesar badam
25507,541,282,Too Yumm Veggie Stix Cheese & Herbs Rs 20
25508,4709,282,Too Yumm Veggie Stix Cheese & Herbs Rs 20
25509,6496,935,Lays - American Style Cream and Onion 
25510,3648,1170,Haldirams NGP Salted Peanut 
25511,6812,1170,Haldirams NGP Salted Peanut 
25512,6811,1170,Haldirams NGP Salted Peanut 
25513,8556,1170,Haldirams NGP Salted Peanut 
25514,6751,1170,Haldirams NGP Salted Peanut 
25515,7573,935,Lays - American Style Cream and Onion 
25517,8270,1608,Makino Nacho Chips Jalapeno 
25518,8271,1608,Makino Nacho Chips Jalapeno 
25519,8271,1608,Makino Nacho Chips Jalapeno 
25520,8270,1608,Makino Nacho Chips Jalapeno 
25521,8271,1608,Makino Nacho Chips Jalapeno 
25522,8270,1608,Makino Nacho Chips Jalapeno 
25554,5631,224,Amul Kool Cafe Rs 30
25571,7430,1170,Haldirams NGP Salted Peanut 
25572,5669,401,Bingo - Potato Chips Masala
25573,2241,1301,Maggi Cuppa Noodles Masala 
25582,2675,896,Yoga Pulp Aloevera KiwiJuice Rs 30
25585,8585,4933,Unjucked Chocolate Biscuits Rs 45
25592,8234,986,Haldiram's Chips Pudina Treat Rs 15 
25593,8218,395,Too Yum- Multigrain Chips
25594,3543,3542,Taali Masala Mania Protien Puffs Rs 20
25595,7139,1170,Haldirams NGP Salted Peanut 
25596,5941,1170,Haldirams NGP Salted Peanut 
25598,1055,1054,Cavins Strawberry Milk Shake Rs 35
25599,3865,80,Cavin's Spiced ButterMilk
25600,8533,3053,Swashray Rava Besan Gathiya Rs 15
25602,4430,4430,Americana Coconut Cookies Rs 20
25603,8587,4430,Americana Coconut Cookies Rs 20
25604,8588,8588,Bonn Jeera Biscuits Rs 20
25605,8589,8588,Bonn Jeera Biscuits Rs 20
25606,990,430,Haldiram's Moong Dal Rs 10 
25607,7819,7819,Chitale Dahi Rs 12
25608,7893,7893,Too Yumm Potato Stix Rs 60
25609,8270,1608,Makino Nacho Chips Jalapeno 
25610,8271,1608,Makino Nacho Chips Jalapeno 
25611,2173,318,Coke Zero
25620,1982,1467, Snickers Fruit & Nut Rs 50
25621,0,0,Unknown/Unmapped
25622,0,0,Unknown/Unmapped
25624,5339,764,Amul Milk Chocolate Rs 25
25629,8591,7896,Yippee quick meals veg delight Rs 50
25630,5880,4335,Townbus Madras Mixture
25644,331,331,Britannia Veg Cake Fruity Fun Rs 20
25648,8271,1608,Makino Nacho Chips Jalapeno 
25649,8270,1608,Makino Nacho Chips Jalapeno 
25651,0,0,Unknown/Unmapped
25652,8272,4068,Alo Frut Orange Rs 30
25653,8273,4068,Alo Frut Orange Rs 30
25654,8278,4068,Alo Frut Orange Rs 30
25655,8277,4068,Alo Frut Orange Rs 30
25656,8281,8279,Lotus Thandai Badam Milk 
25657,8280,8279,Lotus Thandai Badam Milk 
25658,8279,8279,Lotus Thandai Badam Milk 
25659,8596,3096,Alo Frut Coconut Water Rs 50
25660,6142,2818,Cadbury 5 Star Oreo Rs 35
25661,804,769,Cadbury Dairy Milk Rs.10
25662,4374,2818,Cadbury 5 Star Oreo Rs 35
25663,804,769,Cadbury Dairy Milk Rs.10
25664,4317,663,Britannia Veg Cake Chocolate Rs 20
25665,4317,663,Britannia Veg Cake Chocolate Rs 20
25666,2905,2905,MTR Poha Cup Rs 65
25667,8598,2905,MTR Poha Cup Rs 65
25677,8606,5453,Nestle KitKat 
25685,8603,2696,Masala Peanut 
25687,8474,2016,Haldirams NGP Punjabi Tadka Rs 35
25689,8504,430,Haldiram's Moong Dal Rs 10 
25690,7852,430,Haldiram's Moong Dal Rs 10 
25691,1102,430,Haldiram's Moong Dal Rs 10 
25704,4388,1143,Nestle Kit Kat
25721,8394,935,Lays - American Style Cream and Onion 
25722,8244,935,Lays - American Style Cream and Onion 
25723,8519,935,Lays - American Style Cream and Onion 
25777,0,0,Unknown/Unmapped
25800,0,0,Unknown/Unmapped
25802,0,0,Unknown/Unmapped
25840,7853,678,Britannia Bourbon-Rs 10
25887,0,0,Unknown/Unmapped
25896,0,0,Unknown/Unmapped
25898,7023,331,Britannia Veg Cake Fruity Fun Rs 20
25919,0,0,Unknown/Unmapped
25931,0,0,Unknown/Unmapped
25934,8606,5453,Nestle KitKat 
25945,2214,95,Parle Appy Rs 10
25946,8656,2016,Haldirams NGP Punjabi Tadka Rs 35
25947,8234,986,Haldiram's Chips Pudina Treat Rs 15 
25948,1071,430,Haldiram's Moong Dal Rs 10 
25949,8655,430,Haldiram's Moong Dal Rs 10 
25956,8663,3709,Haldirams Chips Pudina Treat
25967,8671,5097,Kari Kari Chilli Garlic Rs 20
25968,8656,2016,Haldirams NGP Punjabi Tadka Rs 35
25969,2531,430,Haldiram's Moong Dal Rs 10 
25970,6743,1315, Britannia Treat Jim Jam Rs 10
25971,2435,430,Haldiram's Moong Dal Rs 10 
25972,8039,430,Haldiram's Moong Dal Rs 10 
25973,8672,430,Haldiram's Moong Dal Rs 10 
25974,1105,430,Haldiram's Moong Dal Rs 10 
25976,2755,764,Amul Milk Chocolate Rs 25
25979,8673,5097,Kari Kari Chilli Garlic Rs 20
25981,8606,5453,Nestle KitKat 
25984,3703,59,Tropicana Juice
25985,6216,59,Tropicana Juice
25987,0,0,Unknown/Unmapped
25993,5494,5494,Farmley Roasted Makhana Cream And Onion Rs 30
25995,3542,3542,Taali Masala Mania Protien Puffs Rs 20
25996,8035,693,Snickers
25997,4433,3070,Americana  Cheese Cracker Biscuits  Rs 10
26000,4229,1959,Snickers Rs 20
26001,5989,5367,Almond Brittle Coffee Rs 40
26004,0,0,Unknown/Unmapped
26010,7708,5494,Farmley Roasted Makhana Cream And Onion Rs 30
26011,4068,3092,Alo Frut Kiwi Rs 30
26012,3096,3096,Alo Frut Coconut Water Rs 50
26013,5603,3092,Alo Frut Kiwi Rs 30
26015,8606,5453,Nestle KitKat 
26018,4732,139,Nestle Classic Chocolate 
26020,8606,5453,Nestle KitKat 
26026,7214,7214,The Theatre Project Popcorn Cheddar Cheese Rs 20
26027,7215,7214,The Theatre Project Popcorn Cheddar Cheese Rs 20
26032,8677,4230,Coca Cola Rs 25
26041,4449,4330,Sting
26042,1121,185,Thums UP CHARGED Rs 20
26043,170,170,Limca Can Rs 25
26044,2176,203,Sprite Pop Can Rs 25
26045,2238,586,Coke Regular Pop Can Rs 25
26049,990,430,Haldiram's Moong Dal Rs 10 
26050,4738,4738,Tender Coconut Water Pure Rs 50
26060,2412,2412,Nescafe Chilled Latte Rs 45
26061,4504,2412,Nescafe Chilled Latte Rs 45
26062,8606,5453,Nestle KitKat 
26063,7118,1315, Britannia Treat Jim Jam Rs 10
26075,5628,5628,ORSL Electrolyte Drink Apple Rs 42
26076,6865,6865,Orsl Plus Orange Drink Rs 45
26077,6115,2997,7up lemon Rs 35
26080,2912,2330,Bikano Bikaneri Bhujia 
26081,5126,2330,Bikano Bikaneri Bhujia 
26106,8705,8705,Govind Dhai Rs 10
26120,7758,1023,Britannia Chocolate Shake Rs 35
26123,6054,6054,Tropicana Apple Delight Rs 10
26124,8023,6054,Tropicana Apple Delight Rs 10
26125,3238,3237,Lays Wavy Cream and onion Rs 25 
26126,3237,3237,Lays Wavy Cream and onion Rs 25 
26127,8709,8709,Zalta Masala Jeera Rs 20
26128,4658,1708,Mirinda Orange Rs20
26136,0,0,Unknown/Unmapped
26164,0,0,Unknown/Unmapped
26165,2615,1708,Mirinda Orange Rs20
26177,3516,80,Cavin's Spiced ButterMilk
26186,4552,4068,Alo Frut Orange Rs 30
26187,8278,4068,Alo Frut Orange Rs 30
26188,8277,4068,Alo Frut Orange Rs 30
26192,0,0,Unknown/Unmapped
26195,8740,8740,Veg cheese sandwich 
26197,5324,663,Britannia Veg Cake Chocolate Rs 20
26214,7699,7699,Bingo Mad Angles Achaari Masti 
26215,8593,2090,Bingo Tedhe Medhe Masala Tadka Rs 15
26216,2828,2430,Sting Energy 
26217,8176,82,Paper Boat Alphonso Aam Rs 25
26219,8523,8520,Absolut Raspberry & Lemon Mixer Rs 100
26220,8520,8520,Absolut Raspberry & Lemon Mixer Rs 100
26224,8749,4335,Townbus Madras Mixture
26225,8748,4335,Townbus Madras Mixture
26226,5415,4335,Townbus Madras Mixture
26227,3746,3746,Whisper Choice XL 
26233,7394,7394,7up Nimbooz Rs 15
26240,0,0,Unknown/Unmapped
26258,8757,4068,Alo Frut Orange Rs 30
26259,8756,4068,Alo Frut Orange Rs 30
26260,2994,38,Amul Masti Buttermilk Rs 10
26261,3851,38,Amul Masti Buttermilk Rs 10
26263,8758,8758,Sanitary Pads Rs 8
26277,4707,224,Amul Kool Cafe Rs 30
26278,7973,7972,Epigamia Refresh Lassi With Strawberry Rs 30
26279,7972,7972,Epigamia Refresh Lassi With Strawberry Rs 30
26280,8525,7972,Epigamia Refresh Lassi With Strawberry Rs 30
26299,8771,814,Ritebite Sport Bar Almond Mocha
26314,8773,7896,Yippee quick meals veg delight Rs 50
26315,8591,7896,Yippee quick meals veg delight Rs 50
26316,8773,7896,Yippee quick meals veg delight Rs 50
26317,8591,7896,Yippee quick meals veg delight Rs 50
26335,8782,8781,Vishnu Delight Makhana Peri Peri Rs 20
26336,8781,8781,Vishnu Delight Makhana Peri Peri Rs 20
26337,8780,2033,Anmol Romanzo Choco Filled Cookies Rs 10
26338,8779,2033,Anmol Romanzo Choco Filled Cookies Rs 10
26339,8778,840,Hershey's Chocolate Milk Shake Rs 35
26340,3458,840,Hershey's Chocolate Milk Shake Rs 35
26341,5030,840,Hershey's Chocolate Milk Shake Rs 35
26342,840,840,Hershey's Chocolate Milk Shake Rs 35
26354,3626,196,Cadbury Dairy Milk Rs 40
26355,6607,196,Cadbury Dairy Milk Rs 40
26358,8406,316,Minute Maid Pulpy Orange
26360,7347,922,Maaza 
26361,8789,1608,Makino Nacho Chips Jalapeno 
26362,8787,430,Haldiram's Moong Dal Rs 10 
26363,4655,430,Haldiram's Moong Dal Rs 10 
26364,4841,766,Amul Rose Lassi Rs 20 
26376,4166,61,Paper Boat Lychee Ras Rs 20
26378,0,0,Unknown/Unmapped
26395,8812,8812,Paneer Masala Kulcha
26396,8811,8811,Masala Rolls 
26397,8810,8810,Tandoori Paneer Rolls 
26399,8808,8806,Italian Sandwich 
26401,8806,8806,Italian Sandwich 
26403,8804,8804,Masala Pav
26409,8271,1608,Makino Nacho Chips Jalapeno 
26411,4187,126,Coke Regular Pet 250ml Rs 20
26425,8824,493,Test Product
26435,0,0,Unknown/Unmapped
26436,3700,2090,Bingo Tedhe Medhe Masala Tadka Rs 15
26438,0,0,Unknown/Unmapped
26459,6686,2456,Unibic Choco Chip Cookies Rs 40
26460,4214,2456,Unibic Choco Chip Cookies Rs 40
26461,4232,3001,Unibic Choco Nut Cookies Rs 20
26462,7295,130,Choco Chips Cookies
26463,5996,130,Choco Chips Cookies
26464,4072,130,Choco Chips Cookies
26465,3516,80,Cavin's Spiced ButterMilk
26474,0,0,Unknown/Unmapped
26477,0,0,Unknown/Unmapped
26539,0,0,Unknown/Unmapped
26595,0,0,Unknown/Unmapped
26628,3112,3092,Alo Frut Kiwi Rs 30
26629,8911,8910,45 Energy Drink Blue Rush Rs 80
26630,8910,8910,45 Energy Drink Blue Rush Rs 80
26631,8909,8908,Nutraj Snackrite R & S Almond Cashew Mix Rs 49
26633,8905,8905,Lotus Sun Cold Brew Classic Latte Rs 100
26634,8908,8908,Nutraj Snackrite R & S Almond Cashew Mix Rs 49
26636,8907,8522,Crizpo Banana Chips Creamy Cheddar Rs 60
26644,8756,4068,Alo Frut Orange Rs 30
26645,8277,4068,Alo Frut Orange Rs 30
26646,8406,316,Minute Maid Pulpy Orange
26647,8915,169,Minute Maid Guava Rs 20
26648,5123,4068,Alo Frut Orange Rs 30
26669,8276,3092,Alo Frut Kiwi Rs 30
26670,8923,8923,Nidz Dark Excellence Rs 95
26671,8922,8922,Nidz Dark Roasted Cashew Rs 85
26672,8921,8921,Nidz Dark Milk Roasted Cashew Rs 75
26673,8923,8923,Nidz Dark Excellence Rs 95
26674,8922,8922,Nidz Dark Roasted Cashew Rs 85
26675,8921,8921,Nidz Dark Milk Roasted Cashew Rs 75
26686,8922,8922,Nidz Dark Roasted Cashew Rs 85
26687,8921,8921,Nidz Dark Milk Roasted Cashew Rs 75
26695,8930,8929,Britannia Be You Choco Berries Rs 70
26696,8929,8929,Britannia Be You Choco Berries Rs 70
26697,3405,2696,Masala Peanut 
26698,8928,2696,Masala Peanut 
26711,0,0,Unknown/Unmapped
26716,8899,3548,Samrat Namkeen Tam Tam Rs 10
26717,5951,3548,Samrat Namkeen Tam Tam Rs 10
26719,4419,3548,Samrat Namkeen Tam Tam Rs 10
26720,8898,3548,Samrat Namkeen Tam Tam Rs 10
26721,3548,3548,Samrat Namkeen Tam Tam Rs 10
26725,0,0,Unknown/Unmapped
26735,7513,7513,Maruti Potato Wafers Rs 10
26738,7088,7088,Dates Bites Sachet Rs 40
26759,170,170,Limca Can Rs 25
26761,7486,115,Coke Diet Can Rs 35
26762,80,80,Cavin's Spiced ButterMilk
26766,4496,2818,Cadbury 5 Star Oreo Rs 35
26768,8728,172,Cadbury Fruit and Nut 
26770,3709,3709,Haldirams Chips Pudina Treat
26777,8958,8953,Low GI Salted Loaf Rs 50
26778,8957,8953,Low GI Salted Loaf Rs 50
26779,8956,8953,Low GI Salted Loaf Rs 50
26781,8954,8953,Low GI Salted Loaf Rs 50
26782,8953,8953,Low GI Salted Loaf Rs 50
26783,8958,8953,Low GI Salted Loaf Rs 50
26784,8957,8953,Low GI Salted Loaf Rs 50
26785,8956,8953,Low GI Salted Loaf Rs 50
26786,8955,8953,Low GI Salted Loaf Rs 50
26787,8954,8953,Low GI Salted Loaf Rs 50
26788,8953,8953,Low GI Salted Loaf Rs 50
26825,8990,3131,Sunfeast Dark Fantasy Choco Cream Rs 30
26827,2065,2064,Sunfeast All Rounder Rs25
26828,6938,2230,Sunfeast Dark Fantasy Bourbon Rs20
26830,5373,2230,Sunfeast Dark Fantasy Bourbon Rs20
26831,1862,1069, Sunfeast Dark Fantasy Choco Fill Cookies Rs 10
26833,8959,1069, Sunfeast Dark Fantasy Choco Fill Cookies Rs 10
26834,1070,1069, Sunfeast Dark Fantasy Choco Fill Cookies Rs 10
26835,3944,1069, Sunfeast Dark Fantasy Choco Fill Cookies Rs 10
26840,3842,401,Bingo - Potato Chips Masala
26841,844,401,Bingo - Potato Chips Masala
26842,4448,401,Bingo - Potato Chips Masala
26844,8593,2090,Bingo Tedhe Medhe Masala Tadka Rs 15
26851,2654,2358,B Natural Mixed Fruit Juice Rs 20
26852,7950,5090,Rewynd Khakhra Methi Thepla 40g Rs 20
26853,3647,1170,Haldirams NGP Salted Peanut 
26857,2713,678,Britannia Bourbon-Rs 10
26858,8365,691,Britannia Chocolate Shake Rs 30 
26859,7757,1315, Britannia Treat Jim Jam Rs 10
26860,5336,2769,Amul Kool Badam Milk Shake Rs 40
26861,3347,185,Thums UP CHARGED Rs 20
26863,0,0,Unknown/Unmapped
26872,480,169,Minute Maid Guava Rs 20
26873,5605,764,Amul Milk Chocolate Rs 25
26874,5536,764,Amul Milk Chocolate Rs 25
26916,9016,7972,Epigamia Refresh Lassi With Strawberry Rs 30
26919,9014,9012,Archi Pops Cheese Rs 30
26920,9013,9012,Archi Pops Cheese Rs 30
26921,9012,9012,Archi Pops Cheese Rs 30
26922,9011,9011,Archi Pops Popcorn Rs 20
26926,7269,430,Haldiram's Moong Dal Rs 10 
26928,2670,430,Haldiram's Moong Dal Rs 10 
26929,3935,430,Haldiram's Moong Dal Rs 10 
26932,6517,38,Amul Masti Buttermilk Rs 10
26933,2994,38,Amul Masti Buttermilk Rs 10
26934,3852,38,Amul Masti Buttermilk Rs 10
26935,2822,2330,Bikano Bikaneri Bhujia 
26936,2888,2330,Bikano Bikaneri Bhujia 
26937,8270,1608,Makino Nacho Chips Jalapeno 
26939,6815,130,Choco Chips Cookies
26945,0,0,Unknown/Unmapped
26951,7306,430,Haldiram's Moong Dal Rs 10 
26957,9029,9029,Matar Kulcha Sandwich 
26958,9028,9024,Kadi Pakora With Steamed Rice 
26959,9027,9024,Kadi Pakora With Steamed Rice 
26960,9026,9024,Kadi Pakora With Steamed Rice 
26961,9025,9024,Kadi Pakora With Steamed Rice 
26962,9024,9024,Kadi Pakora With Steamed Rice 
26980,1622,1606,BRB Popped Potato Chips Pasta Cheese 
26981,1624,1606,BRB Popped Potato Chips Pasta Cheese 
26982,8271,1608,Makino Nacho Chips Jalapeno 
26983,8270,1608,Makino Nacho Chips Jalapeno 
26984,1700,1608,Makino Nacho Chips Jalapeno 
26985,5388,1608,Makino Nacho Chips Jalapeno 
26986,7215,7214,The Theatre Project Popcorn Cheddar Cheese Rs 20
26987,7219,7214,The Theatre Project Popcorn Cheddar Cheese Rs 20
26988,4538,4538,Rewynd Peanuts Chikki
26990,5091,4538,Rewynd Peanuts Chikki
26991,7950,5090,Rewynd Khakhra Methi Thepla 40g Rs 20
26992,7688,5090,Rewynd Khakhra Methi Thepla 40g Rs 20
26993,8288,8287,Wonderland Foods Almond Roasted & Salted
26994,8287,8287,Wonderland Foods Almond Roasted & Salted
26995,8033,1467, Snickers Fruit & Nut Rs 50
26996,8035,693,Snickers
26997,8034,693,Snickers
26998,474,474,Snickers Almond Rs 25
27005,8277,4068,Alo Frut Orange Rs 30
27006,8278,4068,Alo Frut Orange Rs 30
27007,8756,4068,Alo Frut Orange Rs 30
27008,8757,4068,Alo Frut Orange Rs 30
27009,4239,4238,Fit And Flex Cheesy Cheese Flavour 
27010,4463,4238,Fit And Flex Cheesy Cheese Flavour 
27011,6155,4238,Fit And Flex Cheesy Cheese Flavour 
27012,6154,4238,Fit And Flex Cheesy Cheese Flavour 
27013,9031,7214,The Theatre Project Popcorn Cheddar Cheese Rs 20
27014,9030,7214,The Theatre Project Popcorn Cheddar Cheese Rs 20
27020,8524,8522,Crizpo Banana Chips Creamy Cheddar Rs 60
27021,7215,7214,The Theatre Project Popcorn Cheddar Cheese Rs 20
27022,8911,8910,45 Energy Drink Blue Rush Rs 80
27023,2326,59,Tropicana Juice
27024,7834,5946,Kelloggs Corn Flakes
27025,5946,5946,Kelloggs Corn Flakes
27026,8288,8287,Wonderland Foods Almond Roasted & Salted
27033,2865,1708,Mirinda Orange Rs20
27037,9041,3548,Samrat Namkeen Tam Tam Rs 10
27038,9040,3548,Samrat Namkeen Tam Tam Rs 10
27041,9039,914,Cremica Butter Cookies
27042,4048,4048,Epigamia Strawberry Milkshake 40
27044,4447,4048,Epigamia Strawberry Milkshake 40
27046,7168,95,Parle Appy Rs 10
27053,4554,691,Britannia Chocolate Shake Rs 30 
27055,0,0,Unknown/Unmapped
27056,0,0,Unknown/Unmapped
27058,9048,95,Parle Appy Rs 10
27059,4440,95,Parle Appy Rs 10
27060,1089,95,Parle Appy Rs 10
27061,1614,95,Parle Appy Rs 10
27062,8276,3092,Alo Frut Kiwi Rs 30
27063,9049,3548,Samrat Namkeen Tam Tam Rs 10
27064,4078,318,Coke Zero
27067,5172,5165,Masala Diet Chidwa spicy Special Rs 20
27068,6593,5165,Masala Diet Chidwa spicy Special Rs 20
27069,5173,5165,Masala Diet Chidwa spicy Special Rs 20
27070,5194,5165,Masala Diet Chidwa spicy Special Rs 20
27074,0,0,Unknown/Unmapped
27089,6707,430,Haldiram's Moong Dal Rs 10 
27090,2512,430,Haldiram's Moong Dal Rs 10 
27091,3770,430,Haldiram's Moong Dal Rs 10 
27092,3993,430,Haldiram's Moong Dal Rs 10 
27093,2670,430,Haldiram's Moong Dal Rs 10 
27094,4357,430,Haldiram's Moong Dal Rs 10 
27095,1071,430,Haldiram's Moong Dal Rs 10 
27096,1207,430,Haldiram's Moong Dal Rs 10 
27097,2133,140,Cadbury Dairy Milk Rs 20
27098,1557,139,Nestle Classic Chocolate 
27099,2595,678,Britannia Bourbon-Rs 10
27100,4210,678,Britannia Bourbon-Rs 10
27101,822,678,Britannia Bourbon-Rs 10
27102,4576,678,Britannia Bourbon-Rs 10
27103,678,678,Britannia Bourbon-Rs 10
27104,4202,291,Lay's American style Cream & Onion Rs 10
27105,4309,291,Lay's American style Cream & Onion Rs 10
27106,2178,291,Lay's American style Cream & Onion Rs 10
27107,2521,291,Lay's American style Cream & Onion Rs 10
27108,2403,291,Lay's American style Cream & Onion Rs 10
27109,4501,291,Lay's American style Cream & Onion Rs 10
27110,4605,290,Kurkure Masala Munch 
27111,3042,290,Kurkure Masala Munch 
27112,2520,290,Kurkure Masala Munch 
27113,2125,11,Mother Dairy Sweet Lassi
27114,8161,796,Mother Dairy Chach Rs 12
27115,5037,3953,Thums Up 
27116,4694,3953,Thums Up 
27117,4941,3392,Sprite 250ml Rs 20
27118,5038,3953,Thums Up 
27119,3552,1243,RedBull Rs 125
27120,3034,139,Nestle Classic Chocolate 
27121,2231,493,Test Product
27122,9059,2360,Real Koolerz Mango Rs 10
27123,9060,2360,Real Koolerz Mango Rs 10
27124,9061,915,Cremica Bourbon Biscuits Rs 15
27125,1015,915,Cremica Bourbon Biscuits Rs 15
27148,6044,6044,A2B Masala Peanut
27154,0,0,Unknown/Unmapped
27155,2958,586,Coke Regular Pop Can Rs 25
27166,0,0,Unknown/Unmapped
27175,9083,9083,Meow Crispy Himalayan Pink Salt Rs 30
27176,9084,9083,Meow Crispy Himalayan Pink Salt Rs 30
27177,9085,9083,Meow Crispy Himalayan Pink Salt Rs 30
27178,9086,9083,Meow Crispy Himalayan Pink Salt Rs 30
27179,9087,9083,Meow Crispy Himalayan Pink Salt Rs 30
27180,9088,9083,Meow Crispy Himalayan Pink Salt Rs 30
27181,9085,9083,Meow Crispy Himalayan Pink Salt Rs 30
27183,9083,9083,Meow Crispy Himalayan Pink Salt Rs 30
27184,9084,9083,Meow Crispy Himalayan Pink Salt Rs 30
27187,9087,9083,Meow Crispy Himalayan Pink Salt Rs 30
27188,9088,9083,Meow Crispy Himalayan Pink Salt Rs 30
27191,9083,9083,Meow Crispy Himalayan Pink Salt Rs 30
27192,9084,9083,Meow Crispy Himalayan Pink Salt Rs 30
27193,9085,9083,Meow Crispy Himalayan Pink Salt Rs 30
27195,9087,9083,Meow Crispy Himalayan Pink Salt Rs 30
27196,9088,9083,Meow Crispy Himalayan Pink Salt Rs 30
27197,9086,9083,Meow Crispy Himalayan Pink Salt Rs 30
27199,9083,9083,Meow Crispy Himalayan Pink Salt Rs 30
27200,9084,9083,Meow Crispy Himalayan Pink Salt Rs 30
27201,9085,9083,Meow Crispy Himalayan Pink Salt Rs 30
27202,9086,9083,Meow Crispy Himalayan Pink Salt Rs 30
27203,9087,9083,Meow Crispy Himalayan Pink Salt Rs 30
27204,9088,9083,Meow Crispy Himalayan Pink Salt Rs 30
27205,9085,9083,Meow Crispy Himalayan Pink Salt Rs 30
27206,9086,9083,Meow Crispy Himalayan Pink Salt Rs 30
27207,9089,9089,Mountain Tribe Gingerade Kombucha 
27208,9090,9089,Mountain Tribe Gingerade Kombucha 
27209,9089,9089,Mountain Tribe Gingerade Kombucha 
27210,9090,9089,Mountain Tribe Gingerade Kombucha 
27212,7422,7421,Hustle Energy Drink Rs 60
27213,7422,7421,Hustle Energy Drink Rs 60
27215,7422,7421,Hustle Energy Drink Rs 60
27217,8523,8520,Absolut Raspberry & Lemon Mixer Rs 100
27225,8521,8521,Jameson Ginger Ale Rs 100
27227,8521,8521,Jameson Ginger Ale Rs 100
27233,8521,8521,Jameson Ginger Ale Rs 100
27281,1336,941,MTR - Vegetable Upma
27282,1141,318,Coke Zero
27283,1551,1170,Haldirams NGP Salted Peanut 
27284,4732,139,Nestle Classic Chocolate 
27285,3778,1170,Haldirams NGP Salted Peanut 
27286,7758,1023,Britannia Chocolate Shake Rs 35
27287,713,713,Raw Coconut Water Rs 60
27288,4158,430,Haldiram's Moong Dal Rs 10 
27294,0,0,Unknown/Unmapped
27309,0,0,Unknown/Unmapped
27310,0,0,Unknown/Unmapped
27316,9127,9127,A2B Seedai Rs 45
27328,9117,95,Parle Appy Rs 10
27329,9118,95,Parle Appy Rs 10
27330,2890,2330,Bikano Bikaneri Bhujia 
27332,9119,9119,Sanitary Pads 
27340,3837,691,Britannia Chocolate Shake Rs 30 
27349,9136,1048,Balaji Wafers Pizzy Masala Rs 10
27354,6368,5367,Almond Brittle Coffee Rs 40
27356,9148,4477,Chings Soup
27357,6794,130,Choco Chips Cookies
27360,1071,430,Haldiram's Moong Dal Rs 10 
27361,1783,1767,Little hearts 75gm
27362,1120,1120,Fanta Can 
27364,9151,9151,Cookieman Choe Chip Cookies CRED Coins
27367,9152,9152,Jawai Potato Crispies CRED Coins
27368,9151,9151,Cookieman Choe Chip Cookies CRED Coins
27379,9157,9155,Priyagold Hunk Chocolate Rs 5
27380,9156,9155,Priyagold Hunk Chocolate Rs 5
27381,9155,9155,Priyagold Hunk Chocolate Rs 5
27382,1301,1301,Maggi Cuppa Noodles Masala 
27383,5098,5097,Kari Kari Chilli Garlic Rs 20
27384,7033,4036,Snickers Kesar Pista Stick Rs 30
27392,9164,8249,Real Coconut Water Rs 35
27393,2371,2371,Maggi Masala Single Pack Rs 14
27394,9174,663,Britannia Veg Cake Chocolate Rs 20
27395,9173,663,Britannia Veg Cake Chocolate Rs 20
27396,5373,1069, Sunfeast Dark Fantasy Choco Fill Cookies Rs 10
27397,9172,7072,Priyagold Cashew Cookies Rs 10
27398,9171,7072,Priyagold Cashew Cookies Rs 10
27399,9170,4993,Priyagold Butter Bite Biscuits Rs 20
27400,9169,4993,Priyagold Butter Bite Biscuits Rs 20
27401,9165,3083,Amul Kool Koko Chocolate Rs 35
27410,0,0,Unknown/Unmapped
27429,3589,1608,Makino Nacho Chips Jalapeno 
27430,1606,1606,BRB Popped Potato Chips Pasta Cheese 
27431,2691,61,Paper Boat Lychee Ras Rs 20
27432,3823,478,Kit Kat Rs 25
27434,7295,1326,Unibic Choco Chip Cookies 
27435,3589,1608,Makino Nacho Chips Jalapeno 
27436,3872,1606,BRB Popped Potato Chips Pasta Cheese 
27437,4021,61,Paper Boat Lychee Ras Rs 20
27438,3215,1143,Nestle Kit Kat
27442,9197,5494,Farmley Roasted Makhana Cream And Onion Rs 30
27468,7758,1023,Britannia Chocolate Shake Rs 35
27476,9200,95,Parle Appy Rs 10
27483,9197,5494,Farmley Roasted Makhana Cream And Onion Rs 30
27488,8394,935,Lays - American Style Cream and Onion 
27489,2151,401,Bingo - Potato Chips Masala
27490,6953,401,Bingo - Potato Chips Masala
27548,9247,7072,Priyagold Cashew Cookies Rs 10
27549,9246,4993,Priyagold Butter Bite Biscuits Rs 20
27550,9245,7072,Priyagold Cashew Cookies Rs 10
27551,4501,291,Lay's American style Cream & Onion Rs 10
27557,7219,7214,The Theatre Project Popcorn Cheddar Cheese Rs 20
27558,8270,1608,Makino Nacho Chips Jalapeno 
27559,6951,401,Bingo - Potato Chips Masala
27560,1184,401,Bingo - Potato Chips Masala
27561,0,0,Unknown/Unmapped
27570,6590,1606,BRB Popped Potato Chips Pasta Cheese 
27629,9281,7214,The Theatre Project Popcorn Cheddar Cheese Rs 20
27632,2670,430,Haldiram's Moong Dal Rs 10 
27633,982,430,Haldiram's Moong Dal Rs 10 
27634,9282,430,Haldiram's Moong Dal Rs 10 
27635,8393,430,Haldiram's Moong Dal Rs 10 
27636,2513,59,Tropicana Juice
27637,3198,59,Tropicana Juice
27638,3084,140,Cadbury Dairy Milk Rs 20
27639,4732,139,Nestle Classic Chocolate 
27641,2624,766,Amul Rose Lassi Rs 20 
27649,8406,316,Minute Maid Pulpy Orange
27650,9306,3083,Amul Kool Koko Chocolate Rs 35
27651,9305,3083,Amul Kool Koko Chocolate Rs 35
27652,9304,224,Amul Kool Cafe Rs 30
27658,1622,1606,BRB Popped Potato Chips Pasta Cheese 
27659,794,678,Britannia Bourbon-Rs 10
27660,8740,8740,Veg cheese sandwich 
27674,6743,663,Britannia Veg Cake Chocolate Rs 20
27675,4715,663,Britannia Veg Cake Chocolate Rs 20
27677,7219,7214,The Theatre Project Popcorn Cheddar Cheese Rs 20
27678,9307,9307,Samosa
27684,4174,73,Cavin's Lassi
27685,3793,80,Cavin's Spiced ButterMilk
27687,4125,80,Cavin's Spiced ButterMilk
27689,3516,80,Cavin's Spiced ButterMilk
27691,4125,80,Cavin's Spiced ButterMilk
27692,3619,73,Cavin's Lassi
27693,3793,80,Cavin's Spiced ButterMilk
27695,4125,80,Cavin's Spiced ButterMilk
27696,3619,73,Cavin's Lassi
27697,3619,73,Cavin's Lassi
27698,4125,80,Cavin's Spiced ButterMilk
27699,3517,80,Cavin's Spiced ButterMilk
27700,3516,80,Cavin's Spiced ButterMilk
27701,3619,73,Cavin's Lassi
27702,4125,80,Cavin's Spiced ButterMilk
27703,3768,80,Cavin's Spiced ButterMilk
27704,3793,80,Cavin's Spiced ButterMilk
27706,3517,80,Cavin's Spiced ButterMilk
27707,4125,80,Cavin's Spiced ButterMilk
27708,3619,73,Cavin's Lassi
27709,3783,73,Cavin's Lassi
27710,4125,80,Cavin's Spiced ButterMilk
27711,3768,80,Cavin's Spiced ButterMilk
27712,3793,80,Cavin's Spiced ButterMilk
27715,4125,80,Cavin's Spiced ButterMilk
27716,3783,73,Cavin's Lassi
27717,9308,9308,Volls Pro Plant Protein Caramel 
27718,9308,9308,Volls Pro Plant Protein Caramel 
27719,9308,9308,Volls Pro Plant Protein Caramel 
27720,9308,9308,Volls Pro Plant Protein Caramel 
27721,9308,9308,Volls Pro Plant Protein Caramel 
27722,9308,9308,Volls Pro Plant Protein Caramel 
27723,9308,9308,Volls Pro Plant Protein Caramel 
27724,3846,282,Too Yumm Veggie Stix Cheese & Herbs Rs 20
27726,1605,282,Too Yumm Veggie Stix Cheese & Herbs Rs 20
27727,1530,282,Too Yumm Veggie Stix Cheese & Herbs Rs 20
27728,396,282,Too Yumm Veggie Stix Cheese & Herbs Rs 20
27729,0,0,Unknown/Unmapped
27732,3467,282,Too Yumm Veggie Stix Cheese & Herbs Rs 20
27733,7012,282,Too Yumm Veggie Stix Cheese & Herbs Rs 20
27734,1605,282,Too Yumm Veggie Stix Cheese & Herbs Rs 20
27735,396,282,Too Yumm Veggie Stix Cheese & Herbs Rs 20
27738,7012,282,Too Yumm Veggie Stix Cheese & Herbs Rs 20
27741,396,282,Too Yumm Veggie Stix Cheese & Herbs Rs 20
27742,5982,282,Too Yumm Veggie Stix Cheese & Herbs Rs 20
27743,831,282,Too Yumm Veggie Stix Cheese & Herbs Rs 20
27751,3467,282,Too Yumm Veggie Stix Cheese & Herbs Rs 20
27752,7012,282,Too Yumm Veggie Stix Cheese & Herbs Rs 20
27753,1605,282,Too Yumm Veggie Stix Cheese & Herbs Rs 20
27754,0,0,Unknown/Unmapped
27755,5982,282,Too Yumm Veggie Stix Cheese & Herbs Rs 20
27756,5982,282,Too Yumm Veggie Stix Cheese & Herbs Rs 20
27757,396,282,Too Yumm Veggie Stix Cheese & Herbs Rs 20
27758,1605,282,Too Yumm Veggie Stix Cheese & Herbs Rs 20
27762,3846,282,Too Yumm Veggie Stix Cheese & Herbs Rs 20
27763,7012,282,Too Yumm Veggie Stix Cheese & Herbs Rs 20
27764,1605,282,Too Yumm Veggie Stix Cheese & Herbs Rs 20
27765,1530,282,Too Yumm Veggie Stix Cheese & Herbs Rs 20
27766,396,282,Too Yumm Veggie Stix Cheese & Herbs Rs 20
27767,5982,282,Too Yumm Veggie Stix Cheese & Herbs Rs 20
27768,831,282,Too Yumm Veggie Stix Cheese & Herbs Rs 20
27771,7012,282,Too Yumm Veggie Stix Cheese & Herbs Rs 20
27772,1605,282,Too Yumm Veggie Stix Cheese & Herbs Rs 20
27773,396,282,Too Yumm Veggie Stix Cheese & Herbs Rs 20
27774,5982,282,Too Yumm Veggie Stix Cheese & Herbs Rs 20
27775,831,282,Too Yumm Veggie Stix Cheese & Herbs Rs 20
27777,396,282,Too Yumm Veggie Stix Cheese & Herbs Rs 20
27778,1530,282,Too Yumm Veggie Stix Cheese & Herbs Rs 20
27779,1605,282,Too Yumm Veggie Stix Cheese & Herbs Rs 20
27801,585,185,Thums UP CHARGED Rs 20
27802,2336,586,Coke Regular Pop Can Rs 25
27806,0,0,Unknown/Unmapped
27809,8366,493,Test Product
27813,848,318,Coke Zero
27814,4936,4934,Chana Jor Lime And Chilli Rs 10
27815,4935,4934,Chana Jor Lime And Chilli Rs 10
27816,6517,38,Amul Masti Buttermilk Rs 10
27817,6961,769,Cadbury Dairy Milk Rs.10
27818,9312,2033,Anmol Romanzo Choco Filled Cookies Rs 10
27821,7383,1048,Balaji Wafers Pizzy Masala Rs 10
27822,2615,1708,Mirinda Orange Rs20
27829,4445,1069, Sunfeast Dark Fantasy Choco Fill Cookies Rs 10
27830,6673,6673,Hersheys Creamy Milk Chocolate 
27831,6922,401,Bingo - Potato Chips Masala
27835,9319,4036,Snickers Kesar Pista Stick Rs 30
27836,146,109,Real Mixed Fruit Juice Rs 20
27837,3704,109,Real Mixed Fruit Juice Rs 20
27838,9318,9318,Horlicks Classic Malt Rs 114
27843,1609,1608,Makino Nacho Chips Jalapeno 
27844,9319,4036,Snickers Kesar Pista Stick Rs 30
27846,3647,1170,Haldirams NGP Salted Peanut 
27847,3588,1608,Makino Nacho Chips Jalapeno 
27848,844,401,Bingo - Potato Chips Masala
27849,6482,6480,Tong Garden Onion & Garlic Coated peanut 20 gm Rs 10
27850,7075,6480,Tong Garden Onion & Garlic Coated peanut 20 gm Rs 10
27851,1120,1120,Fanta Can 
27852,6142,2818,Cadbury 5 Star Oreo Rs 35
27853,8771,891,RiteBite Peanut Butter
27854,230,61,Paper Boat Lychee Ras Rs 20
27855,1071,430,Haldiram's Moong Dal Rs 10 
27856,2436,929,Sprite750ml
27859,9324,1376,Real Bites Farali Wafers Rs 10
27860,1709,95,Parle Appy Rs 10
27861,8932,190,Pepsi Black
27862,918,918,Lotte Choco Pie Rs 10
27863,9320,678,Britannia Bourbon-Rs 10
27864,190,190,Pepsi Black
27874,9328,9328,Neozap Payment Tag 
27875,9329,9329,Omnicard Keychain 
27888,9336,9332,Transcorp Contactless PaymentRing Black Size5
27889,9338,9332,Transcorp Contactless PaymentRing Black Size5
27890,9335,9332,Transcorp Contactless PaymentRing Black Size5
27891,9334,9332,Transcorp Contactless PaymentRing Black Size5
27892,9333,9332,Transcorp Contactless PaymentRing Black Size5
27893,9332,9332,Transcorp Contactless PaymentRing Black Size5
27894,773,401,Bingo - Potato Chips Masala
27895,1133,430,Haldiram's Moong Dal Rs 10 
27896,1170,430,Haldiram's Moong Dal Rs 10 
27897,2350,17,McVities Digestive Rs 10
27898,6837,261,McVitie's Digestive Biscuits
27899,5420,261,McVitie's Digestive Biscuits
27900,5419,261,McVitie's Digestive Biscuits
27901,9344,17,McVities Digestive Rs 10
27906,9273,9271,Nata de coco Strawberry Drink 
27907,9272,9271,Nata de coco Strawberry Drink 
27908,9271,9271,Nata de coco Strawberry Drink 
27915,3486,1636,Kurkure Solid Masti Rs 20
27928,925,430,Haldiram's Moong Dal Rs 10 
27929,94,94,Maaza Tetrapack Rs 10
27931,1104,430,Haldiram's Moong Dal Rs 10 
27936,109,109,Real Mixed Fruit Juice Rs 20
27937,7269,430,Haldiram's Moong Dal Rs 10 
27938,3084,140,Cadbury Dairy Milk Rs 20
27939,654,430,Haldiram's Moong Dal Rs 10 
27941,1105,430,Haldiram's Moong Dal Rs 10 
27942,4176,430,Haldiram's Moong Dal Rs 10 
27944,2248,430,Haldiram's Moong Dal Rs 10 
27945,3953,126,Coke Regular Pet 250ml Rs 20
27946,4027,126,Coke Regular Pet 250ml Rs 20
27948,7347,922,Maaza 
27949,2242,126,Coke Regular Pet 250ml Rs 20
27950,2142,126,Coke Regular Pet 250ml Rs 20
27951,7268,430,Haldiram's Moong Dal Rs 10 
27952,2736,430,Haldiram's Moong Dal Rs 10 
27953,2177,290,Kurkure Masala Munch 
27954,2347,430,Haldiram's Moong Dal Rs 10 
27955,7591,766,Amul Rose Lassi Rs 20 
27956,6725,38,Amul Masti Buttermilk Rs 10
27957,783,690,Amul Lassi Rs 15
27959,2722,291,Lay's American style Cream & Onion Rs 10
27960,2126,291,Lay's American style Cream & Onion Rs 10
27961,2300,1494,Britannia Treat Croissant Vanilla Rs15
27964,6704,678,Britannia Bourbon-Rs 10
27965,1315,678,Britannia Bourbon-Rs 10
27968,4182,678,Britannia Bourbon-Rs 10
27969,1026,678,Britannia Bourbon-Rs 10
27972,2408,140,Cadbury Dairy Milk Rs 20
27978,9346,9346,Swashray Farali Chiwda Rs 20
27989,3162,434,Uncle Chips - Spicy Treat
27993,296,291,Lay's American style Cream & Onion Rs 10
27995,120,109,Real Mixed Fruit Juice Rs 20
27997,1310,109,Real Mixed Fruit Juice Rs 20
27998,4501,291,Lay's American style Cream & Onion Rs 10
28000,1172,430,Haldiram's Moong Dal Rs 10 
28006,6749,2033,Anmol Romanzo Choco Filled Cookies Rs 10
28049,2436,929,Sprite750ml
28050,7620,4335,Townbus Madras Mixture
28051,5883,4335,Townbus Madras Mixture
28052,5416,4335,Townbus Madras Mixture
28053,5884,4335,Townbus Madras Mixture
28054,9382,4993,Priyagold Butter Bite Biscuits Rs 20
28055,9381,4993,Priyagold Butter Bite Biscuits Rs 20
28057,4993,4993,Priyagold Butter Bite Biscuits Rs 20
28079,3962,1069, Sunfeast Dark Fantasy Choco Fill Cookies Rs 10
28081,4335,4335,Townbus Madras Mixture
28082,3962,1069, Sunfeast Dark Fantasy Choco Fill Cookies Rs 10
28083,2574,252,Thumps Up Can
28084,6478,1170,Haldirams NGP Salted Peanut 
28085,1292,935,Lays - American Style Cream and Onion 
28086,3778,1170,Haldirams NGP Salted Peanut 
28087,2394,61,Paper Boat Lychee Ras Rs 20
28088,897,896,Yoga Pulp Aloevera KiwiJuice Rs 30
28089,3535,318,Coke Zero
28090,4021,61,Paper Boat Lychee Ras Rs 20
28091,1241,935,Lays - American Style Cream and Onion 
28092,4166,61,Paper Boat Lychee Ras Rs 20
28093,9087,9083,Meow Crispy Himalayan Pink Salt Rs 30
28094,4448,401,Bingo - Potato Chips Masala
28095,1608,1608,Makino Nacho Chips Jalapeno 
28096,3775,1170,Haldirams NGP Salted Peanut 
28097,3984,691,Britannia Chocolate Shake Rs 30 
28103,6239,80,Cavin's Spiced ButterMilk
28107,9031,7214,The Theatre Project Popcorn Cheddar Cheese Rs 20
28108,9030,7214,The Theatre Project Popcorn Cheddar Cheese Rs 20
28114,2716,1383,Nestle Kitkat Rs 10
28115,6208,313,Paperboat Chikki
28120,7591,766,Amul Rose Lassi Rs 20 
28131,0,0,Unknown/Unmapped
28146,7075,6480,Tong Garden Onion & Garlic Coated peanut 20 gm Rs 10
28157,8800,769,Cadbury Dairy Milk Rs.10
28159,0,0,Unknown/Unmapped
28161,0,0,Unknown/Unmapped
28163,9154,1482,Parle Agro Appy Fizz 
28165,8507,1023,Britannia Chocolate Shake Rs 35
28176,6520,478,Kit Kat Rs 25
28177,0,0,Unknown/Unmapped
28182,1475,430,Haldiram's Moong Dal Rs 10 
28184,1104,430,Haldiram's Moong Dal Rs 10 
28198,1071,430,Haldiram's Moong Dal Rs 10 
28212,4504,2412,Nescafe Chilled Latte Rs 45
28215,1026,678,Britannia Bourbon-Rs 10
28220,1999,1301,Maggi Cuppa Noodles Masala 
28222,1141,318,Coke Zero
28229,7681,7088,Dates Bites Sachet Rs 40
28230,9399,5494,Farmley Roasted Makhana Cream And Onion Rs 30
28231,9398,5494,Farmley Roasted Makhana Cream And Onion Rs 30
28232,9397,5494,Farmley Roasted Makhana Cream And Onion Rs 30
28240,1815,282,Too Yumm Veggie Stix Cheese & Herbs Rs 20
28241,8244,935,Lays - American Style Cream and Onion 
28242,3837,691,Britannia Chocolate Shake Rs 30 
28243,1530,282,Too Yumm Veggie Stix Cheese & Herbs Rs 20
28244,7088,7088,Dates Bites Sachet Rs 40
28245,4212,4036,Snickers Kesar Pista Stick Rs 30
28246,8771,891,RiteBite Peanut Butter
28247,3859,2550,Max Protein Desi Masala Rs45
28248,5419,261,McVitie's Digestive Biscuits
28249,5420,261,McVitie's Digestive Biscuits
28250,2452,130,Choco Chips Cookies
28251,4214,130,Choco Chips Cookies
28252,6794,130,Choco Chips Cookies
28253,8271,1608,Makino Nacho Chips Jalapeno 
28254,7107,1170,Haldirams NGP Salted Peanut 
28255,8394,935,Lays - American Style Cream and Onion 
28256,1605,282,Too Yumm Veggie Stix Cheese & Herbs Rs 20
28257,7945,3007,MTR Poha
28258,7708,5494,Farmley Roasted Makhana Cream And Onion Rs 30
28259,541,541,Too Yumm Karare Munchy Masala Rs 20
28260,8509,1743,Act 2 Popcorn Butter
28261,3033,252,Thumps Up Can
28262,3978,663,Britannia Veg Cake Chocolate Rs 20
28263,7757,1315, Britannia Treat Jim Jam Rs 10
28264,8155,1270,Haldiram's Khatta Meetha Rs 30
28265,61,61,Paper Boat Lychee Ras Rs 20
28266,1120,1120,Fanta Can 
28267,6743,663,Britannia Veg Cake Chocolate Rs 20
28268,230,61,Paper Boat Lychee Ras Rs 20
28269,8281,8279,Lotus Thandai Badam Milk 
28270,1956,663,Britannia Veg Cake Chocolate Rs 20
28271,8598,2905,MTR Poha Cup Rs 65
28272,6478,1170,Haldirams NGP Salted Peanut 
28273,6477,1170,Haldirams NGP Salted Peanut 
28274,5090,5090,Rewynd Khakhra Methi Thepla 40g Rs 20
28275,7424,1170,Haldirams NGP Salted Peanut 
28276,1480,282,Too Yumm Veggie Stix Cheese & Herbs Rs 20
28277,1071,430,Haldiram's Moong Dal Rs 10 
28278,8244,935,Lays - American Style Cream and Onion 
28279,3837,691,Britannia Chocolate Shake Rs 30 
28280,1530,282,Too Yumm Veggie Stix Cheese & Herbs Rs 20
28281,7088,7088,Dates Bites Sachet Rs 40
28282,4212,4036,Snickers Kesar Pista Stick Rs 30
28283,8771,891,RiteBite Peanut Butter
28284,3859,2550,Max Protein Desi Masala Rs45
28285,3033,252,Thumps Up Can
28286,3978,663,Britannia Veg Cake Chocolate Rs 20
28287,7757,1315, Britannia Treat Jim Jam Rs 10
28288,8155,1270,Haldiram's Khatta Meetha Rs 30
28289,61,61,Paper Boat Lychee Ras Rs 20
28290,1120,1120,Fanta Can 
28291,6743,663,Britannia Veg Cake Chocolate Rs 20
28292,230,61,Paper Boat Lychee Ras Rs 20
28293,8281,8279,Lotus Thandai Badam Milk 
28294,1956,663,Britannia Veg Cake Chocolate Rs 20
28295,4214,130,Choco Chips Cookies
28296,5090,5090,Rewynd Khakhra Methi Thepla 40g Rs 20
28297,6477,1170,Haldirams NGP Salted Peanut 
28298,6478,1170,Haldirams NGP Salted Peanut 
28299,5420,261,McVitie's Digestive Biscuits
28300,2452,130,Choco Chips Cookies
28301,8598,2905,MTR Poha Cup Rs 65
28302,8509,1743,Act 2 Popcorn Butter
28303,4341,282,Too Yumm Veggie Stix Cheese & Herbs Rs 20
28304,7708,5494,Farmley Roasted Makhana Cream And Onion Rs 30
28305,7945,3007,MTR Poha
28306,1605,282,Too Yumm Veggie Stix Cheese & Herbs Rs 20
28307,8394,935,Lays - American Style Cream and Onion 
28308,7107,1170,Haldirams NGP Salted Peanut 
28309,8271,1608,Makino Nacho Chips Jalapeno 
28310,6794,130,Choco Chips Cookies
28311,5419,261,McVitie's Digestive Biscuits
28312,7424,1170,Haldirams NGP Salted Peanut 
28313,7183,1170,Haldirams NGP Salted Peanut 
28314,1839,769,Cadbury Dairy Milk Rs.10
28315,4166,61,Paper Boat Lychee Ras Rs 20
28316,8131,1170,Haldirams NGP Salted Peanut 
28317,512,61,Paper Boat Lychee Ras Rs 20
28318,3775,1170,Haldirams NGP Salted Peanut 
28319,1608,1608,Makino Nacho Chips Jalapeno 
28320,1609,1608,Makino Nacho Chips Jalapeno 
28321,474,474,Snickers Almond Rs 25
28322,1606,1606,BRB Popped Potato Chips Pasta Cheese 
28323,4021,61,Paper Boat Lychee Ras Rs 20
28328,1624,1606,BRB Popped Potato Chips Pasta Cheese 
28329,1622,1606,BRB Popped Potato Chips Pasta Cheese 
28330,1981,474,Snickers Almond Rs 25
28331,8127,2016,Haldirams NGP Punjabi Tadka Rs 35
28333,7430,1170,Haldirams NGP Salted Peanut 
28334,2184,769,Cadbury Dairy Milk Rs.10
28335,2436,929,Sprite750ml
28336,1799,474,Snickers Almond Rs 25
28337,123,82,Paper Boat Alphonso Aam Rs 25
28338,3633,282,Too Yumm Veggie Stix Cheese & Herbs Rs 20
28339,3718,130,Choco Chips Cookies
28340,2394,61,Paper Boat Lychee Ras Rs 20
28341,848,318,Coke Zero
28342,4962,4851,Kerala Banana Chips Desi Masala Rs 20
28343,4409,1623,Cadbury Dairy Milk Chocolate Rs 50
28344,7700,401,Bingo - Potato Chips Masala
28345,1170,430,Haldiram's Moong Dal Rs 10 
28346,5996,130,Choco Chips Cookies
28347,8129,2016,Haldirams NGP Punjabi Tadka Rs 35
28348,8128,2016,Haldirams NGP Punjabi Tadka Rs 35
28349,1298,430,Haldiram's Moong Dal Rs 10 
28350,9412,9409,Bhikharam Chandmal Moong Dal Rs 20
28351,9411,9409,Bhikharam Chandmal Moong Dal Rs 20
28352,9410,9409,Bhikharam Chandmal Moong Dal Rs 20
28353,9409,9409,Bhikharam Chandmal Moong Dal Rs 20
28354,5287,678,Britannia Bourbon-Rs 10
28385,1783,1767,Little hearts 75gm
28386,7787,7786,Taali Sriracha Spice Rs 40
28387,3724,3542,Taali Masala Mania Protien Puffs Rs 20
28388,2221,693,Snickers
28389,2517,575,Frooti Rs 10
28390,2623,94,Maaza Tetrapack Rs 10
28395,3135,2553,Bauli Moonfills Vanilla Rs20
28396,3133,2553,Bauli Moonfills Vanilla Rs20
28397,7724,5367,Almond Brittle Coffee Rs 40
28398,7151,4638,Paper Boat Dry Fruit Chikki Rs 30
28399,694,694,Frooti 
28400,2611,2584,Paper Boat Chocolate Milkshake Rs35
28401,3535,318,Coke Zero
28402,8130,2016,Haldirams NGP Punjabi Tadka Rs 35
28403,4407,46,Paper Boat Coconut Water
28404,7513,7513,Maruti Potato Wafers Rs 10
28405,7215,7214,The Theatre Project Popcorn Cheddar Cheese Rs 20
28406,193,193,Monster Energy
28407,7075,6480,Tong Garden Onion & Garlic Coated peanut 20 gm Rs 10
28408,7723,1623,Cadbury Dairy Milk Chocolate Rs 50
28409,4283,4283,Redbull Energy Drink 
28410,6482,6480,Tong Garden Onion & Garlic Coated peanut 20 gm Rs 10
28411,4773,4773,Twix Chocolate Rs 30
28412,3316,130,Choco Chips Cookies
28414,2421,935,Lays - American Style Cream and Onion 
28418,7066,130,Choco Chips Cookies
28423,1607,1606,BRB Popped Potato Chips Pasta Cheese 
28427,0,0,Unknown/Unmapped
28428,1638,1059,Cavin's Spiced Butter Milk Rs 15
28429,3619,73,Cavin's Lassi
28433,1171,430,Haldiram's Moong Dal Rs 10 
28436,1490,125,Fanta Pet 250ml Rs 20
28437,1450,542,Limca 250ml Pet Rs 20
28438,4330,4330,Sting
28439,8422,8422,Pran Litchi Fruit Drink Rs 10
28440,983,95,Parle Appy Rs 10
28441,3936,430,Haldiram's Moong Dal Rs 10 
28442,3949,140,Cadbury Dairy Milk Rs 20
28443,2155,678,Britannia Bourbon-Rs 10
28444,2302,678,Britannia Bourbon-Rs 10
28445,794,678,Britannia Bourbon-Rs 10
28446,6520,478,Kit Kat Rs 25
28450,9413,9413,Bindu Fizz Jeera Masala Rs 20
28452,9154,1482,Parle Agro Appy Fizz 
28453,6866,6866,Bindu Fizz Jeera Masala 
28454,9406,395,Too Yum- Multigrain Chips
28455,1485,395,Too Yum- Multigrain Chips
28456,7179,395,Too Yum- Multigrain Chips
28457,7012,282,Too Yumm Veggie Stix Cheese & Herbs Rs 20
28458,1530,282,Too Yumm Veggie Stix Cheese & Herbs Rs 20
28459,3633,282,Too Yumm Veggie Stix Cheese & Herbs Rs 20
28460,9415,678,Britannia Bourbon-Rs 10
28463,3818,282,Too Yumm Veggie Stix Cheese & Herbs Rs 20
28464,1593,282,Too Yumm Veggie Stix Cheese & Herbs Rs 20
28472,9419,9418,Mom Gheev Rava Upma With Bhujia Rs 65
28473,9418,9418,Mom Gheev Rava Upma With Bhujia Rs 65
28480,3064,663,Britannia Veg Cake Chocolate Rs 20
28481,2336,586,Coke Regular Pop Can Rs 25
28496,0,0,Unknown/Unmapped
28508,9429,7072,Priyagold Cashew Cookies Rs 10
28509,7227,7072,Priyagold Cashew Cookies Rs 10
28510,9428,4993,Priyagold Butter Bite Biscuits Rs 20
28513,3777,1170,Haldirams NGP Salted Peanut 
28520,0,0,Unknown/Unmapped
28522,0,0,Unknown/Unmapped
28527,9151,9151,Cookieman Choe Chip Cookies CRED Coins
28529,9152,9152,Jawai Potato Crispies CRED Coins
28530,9151,9151,Cookieman Choe Chip Cookies CRED Coins
28532,9433,9191,Nuttoz Roasted Peanuts Rs 20
28533,9432,9191,Nuttoz Roasted Peanuts Rs 20
28534,0,0,Unknown/Unmapped
28622,3535,318,Coke Zero
28623,3096,3096,Alo Frut Coconut Water Rs 50
28626,1450,542,Limca 250ml Pet Rs 20
28632,9490,9191,Nuttoz Roasted Peanuts Rs 20
28635,5316,4063,BiskFarm Masala Chatpata Bhel  Rs 10
28636,4063,4063,BiskFarm Masala Chatpata Bhel  Rs 10
28653,7736,7072,Priyagold Cashew Cookies Rs 10
28654,7589,7072,Priyagold Cashew Cookies Rs 10
28712,3940,95,Parle Appy Rs 10
28715,399,278,Unibic Chocolate Cookies
28723,2309,130,Choco Chips Cookies
28724,2310,130,Choco Chips Cookies
28725,2311,130,Choco Chips Cookies
28726,2877,130,Choco Chips Cookies
28727,4360,130,Choco Chips Cookies
28731,562,73,Cavin's Lassi
28741,1054,1054,Cavins Strawberry Milk Shake Rs 35
28744,1058,80,Cavin's Spiced ButterMilk
28745,1059,1059,Cavin's Spiced Butter Milk Rs 15
28746,1119,1054,Cavins Strawberry Milk Shake Rs 35
28748,3783,73,Cavin's Lassi
28757,2877,130,Choco Chips Cookies
28764,2987,2987,Wingreen Naan chips Tez tandoori Rs 20
28774,3106,1883,Parle Cakes Vanilla (Contains Egg) Rs 30
28775,0,0,Unknown/Unmapped
28784,3837,691,Britannia Chocolate Shake Rs 30 
28791,61,61,Paper Boat Lychee Ras Rs 20
28793,122,82,Paper Boat Alphonso Aam Rs 25
28794,123,82,Paper Boat Alphonso Aam Rs 25
28795,193,193,Monster Energy
28796,230,61,Paper Boat Lychee Ras Rs 20
28797,231,61,Paper Boat Lychee Ras Rs 20
28800,396,282,Too Yumm Veggie Stix Cheese & Herbs Rs 20
28802,478,478,Kit Kat Rs 25
28803,512,61,Paper Boat Lychee Ras Rs 20
28804,541,282,Too Yumm Veggie Stix Cheese & Herbs Rs 20
28805,604,282,Too Yumm Veggie Stix Cheese & Herbs Rs 20
28807,694,694,Frooti 
28810,814,814,Ritebite Sport Bar Almond Mocha
28811,831,282,Too Yumm Veggie Stix Cheese & Herbs Rs 20
28813,891,891,RiteBite Peanut Butter
28814,897,896,Yoga Pulp Aloevera KiwiJuice Rs 30
28815,902,693,Snickers
28816,954,954,Parle G Biscuits Rs 5
28819,997,46,Paper Boat Coconut Water
28820,1070,1069, Sunfeast Dark Fantasy Choco Fill Cookies Rs 10
28821,1071,430,Haldiram's Moong Dal Rs 10 
28829,1120,1120,Fanta Can 
28830,1141,318,Coke Zero
28831,1145,401,Bingo - Potato Chips Masala
28832,1170,430,Haldiram's Moong Dal Rs 10 
28833,1171,430,Haldiram's Moong Dal Rs 10 
28834,1172,430,Haldiram's Moong Dal Rs 10 
28835,1175,984,Appy 200ml Rs 15
28836,1207,1170,Haldirams NGP Salted Peanut 
28837,1230,929,Sprite750ml
28838,1241,935,Lays - American Style Cream and Onion 
28847,1293,401,Bingo - Potato Chips Masala
28848,1298,430,Haldiram's Moong Dal Rs 10 
28849,1300,61,Paper Boat Lychee Ras Rs 20
28851,1324,61,Paper Boat Lychee Ras Rs 20
28852,1325,61,Paper Boat Lychee Ras Rs 20
28857,1482,1482,Parle Agro Appy Fizz 
28859,1530,282,Too Yumm Veggie Stix Cheese & Herbs Rs 20
28862,1591,282,Too Yumm Veggie Stix Cheese & Herbs Rs 20
28863,1592,282,Too Yumm Veggie Stix Cheese & Herbs Rs 20
28864,1593,282,Too Yumm Veggie Stix Cheese & Herbs Rs 20
28865,1606,1606,BRB Popped Potato Chips Pasta Cheese 
28866,1608,1608,Makino Nacho Chips Jalapeno 
28867,1609,1608,Makino Nacho Chips Jalapeno 
28869,1622,1622,BRB Bhel Zingy and Tangy Rs 20
28870,1624,1606,BRB Popped Potato Chips Pasta Cheese 
28872,1783,1767,Little hearts 75gm
28876,1964,693,Snickers
28878,2173,318,Coke Zero
28880,2201,1170,Haldirams NGP Salted Peanut 
28882,2241,1301,Maggi Cuppa Noodles Masala 
28883,2347,430,Haldiram's Moong Dal Rs 10 
28886,2394,61,Paper Boat Lychee Ras Rs 20
28888,2439,130,Choco Chips Cookies
28889,2448,282,Too Yumm Veggie Stix Cheese & Herbs Rs 20
28892,2670,430,Haldiram's Moong Dal Rs 10 
28895,2812,430,Haldiram's Moong Dal Rs 10 
28897,2983,73,Cavin's Lassi
28898,2987,2987,Wingreen Naan chips Tez tandoori Rs 20
28899,3001,3001,Unibic Choco Nut Cookies Rs 20
28900,3017,1104,Haldirams NGP Lite Chiwda Rs 10
28902,3128,2550,Max Protein Desi Masala Rs45
28905,3316,130,Choco Chips Cookies
28909,3535,318,Coke Zero
28910,3564,2330,Bikano Bikaneri Bhujia 
28911,3588,1608,Makino Nacho Chips Jalapeno 
28912,3619,73,Cavin's Lassi
28913,3647,1170,Haldirams NGP Salted Peanut 
28918,3718,130,Choco Chips Cookies
28919,3724,3542,Taali Masala Mania Protien Puffs Rs 20
28920,3726,3542,Taali Masala Mania Protien Puffs Rs 20
28923,3775,1170,Haldirams NGP Salted Peanut 
28924,3778,1170,Haldirams NGP Salted Peanut 
28925,3792,80,Cavin's Spiced ButterMilk
28926,3802,2584,Paper Boat Chocolate Milkshake Rs35
28928,3837,691,Britannia Chocolate Shake Rs 30 
28930,3859,2550,Max Protein Desi Masala Rs45
28931,3863,282,Too Yumm Veggie Stix Cheese & Herbs Rs 20
28932,3865,80,Cavin's Spiced ButterMilk
28934,3977,663,Britannia Veg Cake Chocolate Rs 20
28935,3978,663,Britannia Veg Cake Chocolate Rs 20
28940,3999,2553,Bauli Moonfills Vanilla Rs20
28944,4158,430,Haldiram's Moong Dal Rs 10 
28946,4166,61,Paper Boat Lychee Ras Rs 20
28949,4210,4210,Britannia Marie Gold
28950,4212,4036,Snickers Kesar Pista Stick Rs 30
28951,4229,1959,Snickers Rs 20
28953,4283,4283,Redbull Energy Drink 
28956,4357,1104,Haldirams NGP Lite Chiwda Rs 10
28963,4378,1623,Cadbury Dairy Milk Chocolate Rs 50
28966,0,0,Unknown/Unmapped
28968,4407,46,Paper Boat Coconut Water
28969,4409,1623,Cadbury Dairy Milk Chocolate Rs 50
28975,4460,80,Cavin's Spiced ButterMilk
28977,4480,2553,Bauli Moonfills Vanilla Rs20
28978,4481,2553,Bauli Moonfills Vanilla Rs20
28979,4482,4004,Haldirams Lite cornflakes Rs10
28980,4483,80,Cavin's Spiced ButterMilk
28982,4489,261,McVitie's Digestive Biscuits
28983,4501,935,Lays - American Style Cream and Onion 
28984,4502,130,Choco Chips Cookies
28990,4597,3810,Lays Wavay Cream Onion Flavour Rs 15
28995,4655,430,Haldiram's Moong Dal Rs 10 
28996,4668,1344,NIDZ Dark Milk Roasted Cashew Chocolate Rs 60
28997,4669,2604,Nidz Dark Roasted Cashew Chocolate Rs 70
29002,4732,139,Nestle Classic Chocolate 
29003,4773,4773,Twix Chocolate Rs 30
29005,4840,4822,Desi Popz Tangy Imli Rs 50
29006,4867,61,Paper Boat Lychee Ras Rs 20
29007,4869,4869,Shunya Go Zesty Orange 
29008,4870,4866,Coolberg Cranberry Non Alcoholic Beer 
29010,4909,4851,Kerala Banana Chips Desi Masala Rs 20
29011,4953,935,Lays - American Style Cream and Onion 
29012,4962,4851,Kerala Banana Chips Desi Masala Rs 20
29016,5090,5090,Rewynd Khakhra Methi Thepla 40g Rs 20
29018,5188,130,Choco Chips Cookies
29019,5260,2016,Haldirams NGP Punjabi Tadka Rs 35
29024,5345,1023,Britannia Chocolate Shake Rs 35
29026,5358,1104,Haldirams NGP Lite Chiwda Rs 10
29029,5361,954,Parle G Biscuits Rs 5
29030,5362,5362,Budhani Potato Mixture Rs 10
29033,5419,261,McVitie's Digestive Biscuits
29034,5420,261,McVitie's Digestive Biscuits
29036,5608,5608,Sachetmaker Honey 
29037,5609,5609,Sachetmaker Mixed Fruit Jam
29038,5610,5610,Bread 
29039,5611,38,Amul Masti Buttermilk Rs 10
29040,5612,5612,Cheese Slice
29041,0,0,Unknown/Unmapped
29045,5936,2016,Haldirams NGP Punjabi Tadka Rs 35
29047,5989,5367,Almond Brittle Coffee Rs 40
29048,5996,130,Choco Chips Cookies
29051,6239,80,Cavin's Spiced ButterMilk
29055,6285,5351,Puzzles Aloo Bhujia Rs 10
29058,6477,1170,Haldirams NGP Salted Peanut 
29059,6478,1170,Haldirams NGP Salted Peanut 
29060,6482,6480,Tong Garden Onion & Garlic Coated peanut 20 gm Rs 10
29061,6520,478,Kit Kat Rs 25
29062,6561,17,McVities Digestive Rs 10
29064,6590,1606,BRB Popped Potato Chips Pasta Cheese 
29065,6652,313,Paperboat Chikki
29067,6794,130,Choco Chips Cookies
29068,6811,1170,Haldirams NGP Salted Peanut 
29069,6815,130,Choco Chips Cookies
29071,6836,4680,Mcvities Bourbon Delight Rs 30
29073,6838,4680,Mcvities Bourbon Delight Rs 30
29077,7012,282,Too Yumm Veggie Stix Cheese & Herbs Rs 20
29078,7075,6480,Tong Garden Onion & Garlic Coated peanut 20 gm Rs 10
29079,7107,1170,Haldirams NGP Salted Peanut 
29081,7151,4638,Paper Boat Dry Fruit Chikki Rs 30
29082,7183,1170,Haldirams NGP Salted Peanut 
29083,7215,7214,The Theatre Project Popcorn Cheddar Cheese Rs 20
29084,7424,1170,Haldirams NGP Salted Peanut 
29085,7430,1170,Haldirams NGP Salted Peanut 
29087,7574,7088,Dates Bites Sachet Rs 40
29088,7575,7088,Dates Bites Sachet Rs 40
29090,7678,282,Too Yumm Veggie Stix Cheese & Herbs Rs 20
29091,7702,61,Paper Boat Lychee Ras Rs 20
29092,7704,252,Thumps Up Can
29094,7787,7786,Taali Sriracha Spice Rs 40
29095,7789,7786,Taali Sriracha Spice Rs 40
29099,8035,693,Snickers
29100,8127,2016,Haldirams NGP Punjabi Tadka Rs 35
29101,8128,2016,Haldirams NGP Punjabi Tadka Rs 35
29102,8129,2016,Haldirams NGP Punjabi Tadka Rs 35
29103,8130,2016,Haldirams NGP Punjabi Tadka Rs 35
29104,8131,1170,Haldirams NGP Salted Peanut 
29105,8155,1270,Haldiram's Khatta Meetha Rs 30
29107,8244,935,Lays - American Style Cream and Onion 
29108,8271,1608,Makino Nacho Chips Jalapeno 
29109,8276,3092,Alo Frut Kiwi Rs 30
29111,8280,8279,Lotus Thandai Badam Milk 
29112,8281,8279,Lotus Thandai Badam Milk 
29113,8509,1743,Act 2 Popcorn Butter
29115,8705,8705,Govind Dhai Rs 10
29119,1170,430,Haldiram's Moong Dal Rs 10 
29120,1171,430,Haldiram's Moong Dal Rs 10 
29121,1172,430,Haldiram's Moong Dal Rs 10 
29124,1298,430,Haldiram's Moong Dal Rs 10 
29125,1551,1170,Haldirams NGP Salted Peanut 
29128,1303,1302,Born Reborn Oats & Jowar Garlic Zen Rs 30
29131,1622,1606,BRB Popped Potato Chips Pasta Cheese 
29132,1624,1606,BRB Popped Potato Chips Pasta Cheese 
29133,1885,1606,BRB Popped Potato Chips Pasta Cheese 
29135,2087,2087,Maggi Masala Single Pack Rs14
29136,3275,2584,Paper Boat Chocolate Milkshake Rs35
29137,2455,2455, Cranberry Protein Bar Rs100
29140,2552,143,Minute Maid Mixed Fruit Rs 10
29142,2619,2418,Garden Onion Pakoda Rs 20
29145,2878,2418,Garden Onion Pakoda Rs 20
29151,2881,2881,Max Protein Choco Coconut Rs50
29152,2882,2881,Max Protein Choco Coconut Rs50
29154,3859,2550,Max Protein Desi Masala Rs45
29163,3030,2295,EGO Sweet Potato Mexican Twist Rs 40
29166,2225,2216,Frussh Mango Orange Juice Rs 40
29169,3104,2047,Nourish Organics Lime Chia Bar Rs 60
29171,3236,3236,Proto Coconut Water Rs 50
29175,3299,318,Coke Zero
29178,3314,1243,RedBull Rs 125
29179,3552,1243,RedBull Rs 125
29180,1609,1609,Makino Nacho Chips Cheese 
29182,8131,1170,Haldirams NGP Salted Peanut 
29183,3619,73,Cavin's Lassi
29184,8131,1170,Haldirams NGP Salted Peanut 
29185,7183,1170,Haldirams NGP Salted Peanut 
29186,2452,130,Choco Chips Cookies
29187,604,282,Too Yumm Veggie Stix Cheese & Herbs Rs 20
29188,7678,2448,Too Yumm American Style Cream & Onion Chips
29189,1592,282,Too Yumm Veggie Stix Cheese & Herbs Rs 20
29190,1783,1767,Little hearts 75gm
29191,8155,1270,Haldiram's Khatta Meetha Rs 30
29192,5996,130,Choco Chips Cookies
29195,3674,2456,Unibic Choco Chip Cookies Rs 40
29199,1931,663,Britannia Veg Cake Chocolate Rs 20
29200,848,318,Coke Zero
29204,8275,3092,Alo Frut Kiwi Rs 30
29205,9499,9499,Anmol E time Elaichi Rs 40
29207,5149,678,Britannia Bourbon-Rs 10
29214,0,0,Unknown/Unmapped
29219,9154,1482,Parle Agro Appy Fizz 
29222,61,61,Paper Boat Lychee Ras Rs 20
29223,94,94,Maaza Tetrapack Rs 10
29228,126,126,Coke Regular Pet 250ml Rs 20
29229,132,132,Maggi Masala 
29231,0,0,Unknown/Unmapped
29236,230,61,Paper Boat Lychee Ras Rs 20
29237,231,61,Paper Boat Lychee Ras Rs 20
29238,232,61,Paper Boat Lychee Ras Rs 20
29241,296,291,Lay's American style Cream & Onion Rs 10
29248,474,474,Snickers Almond Rs 25
29249,478,478,Kit Kat Rs 25
29252,512,61,Paper Boat Lychee Ras Rs 20
29285,848,318,Coke Zero
29298,947,935,Lays - American Style Cream and Onion 
29301,992,401,Bingo - Potato Chips Masala
29302,993,769,Cadbury Dairy Milk Rs.10
29304,997,46,Paper Boat Coconut Water
29307,1026,678,Britannia Bourbon-Rs 10
29309,1071,430,Haldiram's Moong Dal Rs 10 
29313,1120,1120,Fanta Can 
29314,1121,252,Thumps Up Can
29316,1170,430,Haldiram's Moong Dal Rs 10 
29317,1172,430,Haldiram's Moong Dal Rs 10 
29318,1174,430,Haldiram's Moong Dal Rs 10 
29321,1292,935,Lays - American Style Cream and Onion 
29322,1298,430,Haldiram's Moong Dal Rs 10 
29323,1300,61,Paper Boat Lychee Ras Rs 20
29325,0,0,Unknown/Unmapped
29334,1380,430,Haldiram's Moong Dal Rs 10 
29340,1432,678,Britannia Bourbon-Rs 10
29344,1441,401,Bingo - Potato Chips Masala
29365,1473,320,Unibic Choco Hazelnut Cookies Rs 10
29367,1475,430,Haldiram's Moong Dal Rs 10 
29370,1479,395,Too Yum- Multigrain Chips
29392,1557,139,Nestle Classic Chocolate 
29402,0,0,Unknown/Unmapped
29411,1638,1059,Cavin's Spiced Butter Milk Rs 15
29412,1639,430,Haldiram's Moong Dal Rs 10 
29447,1834,139,Nestle Classic Chocolate 
29452,1839,769,Cadbury Dairy Milk Rs.10
29495,1931,663,Britannia Veg Cake Chocolate Rs 20
29503,1959,1959,Snickers Rs 20
29504,1960,678,Britannia Bourbon-Rs 10
29506,1964,693,Snickers
29521,1981,474,Snickers Almond Rs 25
29522,1982,1467, Snickers Fruit & Nut Rs 50
29523,0,0,Unknown/Unmapped
29529,1606,1606,BRB Popped Potato Chips Pasta Cheese 
29530,3679,282,Too Yumm Veggie Stix Cheese & Herbs Rs 20
29531,5090,5090,Rewynd Khakhra Methi Thepla 40g Rs 20
29532,3316,130,Choco Chips Cookies
29533,8280,8279,Lotus Thandai Badam Milk 
29534,1931,663,Britannia Veg Cake Chocolate Rs 20
29535,3327,318,Coke Zero
29536,7088,7088,Dates Bites Sachet Rs 40
29537,8279,8279,Lotus Thandai Badam Milk 
29538,4024,61,Paper Boat Lychee Ras Rs 20
29541,9490,9191,Nuttoz Roasted Peanuts Rs 20
29542,9195,9191,Nuttoz Roasted Peanuts Rs 20
29543,9433,9191,Nuttoz Roasted Peanuts Rs 20
29545,9194,9191,Nuttoz Roasted Peanuts Rs 20
29546,9502,9191,Nuttoz Roasted Peanuts Rs 20
29549,9433,9191,Nuttoz Roasted Peanuts Rs 20
29550,9503,9191,Nuttoz Roasted Peanuts Rs 20
29551,9504,9191,Nuttoz Roasted Peanuts Rs 20
29552,9433,9191,Nuttoz Roasted Peanuts Rs 20
29555,9432,9191,Nuttoz Roasted Peanuts Rs 20
29556,9505,9191,Nuttoz Roasted Peanuts Rs 20
29559,9506,9191,Nuttoz Roasted Peanuts Rs 20
29560,9364,9364,Nuttoz Coconut Chikki Rs 10
29561,9433,9191,Nuttoz Roasted Peanuts Rs 20
29562,9498,9191,Nuttoz Roasted Peanuts Rs 20
29563,8562,1994,Amul Dark Chocolate
29564,9511,9511,Predator Energy 
29565,4500,4499,Coca Cola Monster Energy
29566,7693,73,Cavin's Lassi
29576,4336,4335,Townbus Madras Mixture
29586,6109,5879,Townbus Bombay Mixture
29587,0,0,Unknown/Unmapped
29589,8509,1743,Act 2 Popcorn Butter
29590,4214,130,Choco Chips Cookies
29597,3823,478,Kit Kat Rs 25
29598,2241,1301,Maggi Cuppa Noodles Masala 
29600,2412,2412,Nescafe Chilled Latte Rs 45
29602,5959,663,Britannia Veg Cake Chocolate Rs 20
29603,894,678,Britannia Bourbon-Rs 10
29604,1315,678,Britannia Bourbon-Rs 10
29619,3133,2553,Bauli Moonfills Vanilla Rs20
29620,3135,2553,Bauli Moonfills Vanilla Rs20
29621,7215,7214,The Theatre Project Popcorn Cheddar Cheese Rs 20
29622,1624,1606,BRB Popped Potato Chips Pasta Cheese 
29623,4545,4545,Snickers chocolate bar Rs 50
29624,5345,1023,Britannia Chocolate Shake Rs 35
29637,8502,2330,Bikano Bikaneri Bhujia 
29638,2330,2330,Bikano Bikaneri Bhujia 
29639,7099,2330,Bikano Bikaneri Bhujia 
29640,5590,2330,Bikano Bikaneri Bhujia 
29641,9518,2330,Bikano Bikaneri Bhujia 
29642,5589,2330,Bikano Bikaneri Bhujia 
29643,8279,8279,Lotus Thandai Badam Milk 
29644,8280,8279,Lotus Thandai Badam Milk 
29645,3823,478,Kit Kat Rs 25
29646,1301,1301,Maggi Cuppa Noodles Masala 
29647,2744,2087,Maggi Masala Single Pack Rs14
29648,2412,2412,Nescafe Chilled Latte Rs 45
29649,0,0,Unknown/Unmapped
29650,3619,73,Cavin's Lassi
29651,4125,80,Cavin's Spiced ButterMilk
29652,3768,80,Cavin's Spiced ButterMilk
29653,3793,80,Cavin's Spiced ButterMilk
29654,794,678,Britannia Bourbon-Rs 10
29655,4715,663,Britannia Veg Cake Chocolate Rs 20
29656,5959,663,Britannia Veg Cake Chocolate Rs 20
29657,822,678,Britannia Bourbon-Rs 10
29659,1315,678,Britannia Bourbon-Rs 10
29662,7709,5494,Farmley Roasted Makhana Cream And Onion Rs 30
29663,5494,5494,Farmley Roasted Makhana Cream And Onion Rs 30
29664,5495,5494,Farmley Roasted Makhana Cream And Onion Rs 30
29665,6560,5351,Puzzles Aloo Bhujia Rs 10
29666,5414,5351,Puzzles Aloo Bhujia Rs 10
29667,6030,5351,Puzzles Aloo Bhujia Rs 10
29668,9088,9083,Meow Crispy Himalayan Pink Salt Rs 30
29669,9085,9083,Meow Crispy Himalayan Pink Salt Rs 30
29670,9084,9083,Meow Crispy Himalayan Pink Salt Rs 30
29672,5983,282,Too Yumm Veggie Stix Cheese & Herbs Rs 20
29673,3679,282,Too Yumm Veggie Stix Cheese & Herbs Rs 20
29674,1174,430,Haldiram's Moong Dal Rs 10 
29675,61,61,Paper Boat Lychee Ras Rs 20
29676,474,474,Snickers Almond Rs 25
29678,401,401,Bingo - Potato Chips Masala
29679,1183,401,Bingo - Potato Chips Masala
29680,4709,282,Too Yumm Veggie Stix Cheese & Herbs Rs 20
29681,0,0,Unknown/Unmapped
29685,9154,1482,Parle Agro Appy Fizz 
29686,2713,678,Britannia Bourbon-Rs 10
29691,0,0,Unknown/Unmapped
29693,1994,1994,Amul Dark Chocolate
29695,2448,282,Too Yumm Veggie Stix Cheese & Herbs Rs 20
29696,7723,1623,Cadbury Dairy Milk Chocolate Rs 50
29697,6477,1170,Haldirams NGP Salted Peanut 
29706,5495,5494,Farmley Roasted Makhana Cream And Onion Rs 30
29707,5494,5494,Farmley Roasted Makhana Cream And Onion Rs 30
29708,3096,3096,Alo Frut Coconut Water Rs 50
29710,5494,5494,Farmley Roasted Makhana Cream And Onion Rs 30
29711,3096,3096,Alo Frut Coconut Water Rs 50
29712,3823,478,Kit Kat Rs 25
29713,4571,4571,Maggi Cup Noodles Delicious masala flavour
29715,2412,2412,Nescafe Chilled Latte Rs 45
29717,4715,663,Britannia Veg Cake Chocolate Rs 20
29718,5959,663,Britannia Veg Cake Chocolate Rs 20
29725,4732,139,Nestle Classic Chocolate 
29727,3704,109,Real Mixed Fruit Juice Rs 20
29729,4962,4851,Kerala Banana Chips Desi Masala Rs 20
29730,1298,430,Haldiram's Moong Dal Rs 10 
29731,5268,1023,Britannia Chocolate Shake Rs 35
29732,7424,1170,Haldirams NGP Salted Peanut 
29733,8127,2016,Haldirams NGP Punjabi Tadka Rs 35
29734,5420,261,McVitie's Digestive Biscuits
29735,7012,282,Too Yumm Veggie Stix Cheese & Herbs Rs 20
29737,9501,9364,Nuttoz Coconut Chikki Rs 10
29738,9501,9364,Nuttoz Coconut Chikki Rs 10
29739,9501,9364,Nuttoz Coconut Chikki Rs 10
29746,3013,3012,Cadbury Oreo Choco Creme Rs 30
29747,9154,1482,Parle Agro Appy Fizz 
29748,8271,1608,Makino Nacho Chips Jalapeno 
29749,9539,8897,Julies Banana Sandwich Rs 20
29750,9538,8897,Julies Banana Sandwich Rs 20
29751,8897,8897,Julies Banana Sandwich Rs 20
29753,9537,766,Amul Rose Lassi Rs 20 
29754,4841,766,Amul Rose Lassi Rs 20 
29755,7090,766,Amul Rose Lassi Rs 20 
29756,5847,766,Amul Rose Lassi Rs 20 
29757,1817,690,Amul Lassi Rs 15
29758,3505,172,Cadbury Fruit and Nut 
29760,3787,769,Cadbury Dairy Milk Rs.10
29761,7347,922,Maaza 
29762,7486,115,Coke Diet Can Rs 35
29767,7727,1048,Balaji Wafers Pizzy Masala Rs 10
29770,8109,1048,Balaji Wafers Pizzy Masala Rs 10
29772,7522,1048,Balaji Wafers Pizzy Masala Rs 10
29773,1801,1048,Balaji Wafers Pizzy Masala Rs 10
29774,7731,1048,Balaji Wafers Pizzy Masala Rs 10
29782,7985,1048,Balaji Wafers Pizzy Masala Rs 10
29785,9540,1048,Balaji Wafers Pizzy Masala Rs 10
29799,0,0,Unknown/Unmapped
29802,3297,290,Kurkure Masala Munch 
29804,694,694,Frooti 
29808,0,0,Unknown/Unmapped
29820,4977,4977,Veggie Mint Sauce Sandwich
29821,7935,7935,Coleslaw Sandwich SPL
29822,2069,2068,Veggie Mint Sauce Sandwich
29823,8540,8540,Aloo Masala Sandwich 
29825,7214,7214,The Theatre Project Popcorn Cheddar Cheese Rs 20
29828,1823,678,Britannia Bourbon-Rs 10
29830,0,0,Unknown/Unmapped
29833,9542,7072,Priyagold Cashew Cookies Rs 10
29834,8608,7072,Priyagold Cashew Cookies Rs 10
29835,9543,9543,Priyagold choco gold fruit nut
29836,9544,9544,Priyagold magic fruit cake
29849,7214,7214,The Theatre Project Popcorn Cheddar Cheese Rs 20
29851,6109,4335,Townbus Madras Mixture
29852,8406,177,Minute Maid Pulpy Orange
29854,2062,1494,Britannia Treat Croissant Vanilla Rs15
29855,9545,6322,Cream bell kesar badam
29856,2063,1494,Britannia Treat Croissant Vanilla Rs15
29869,9549,1048,Balaji Wafers Pizzy Masala Rs 10
29873,7214,7214,The Theatre Project Popcorn Cheddar Cheese Rs 20
29883,7487,4499,Coca Cola Monster Energy
29884,8886,1048,Balaji Wafers Pizzy Masala Rs 10
29885,5536,764,Amul Milk Chocolate Rs 25
29886,8682,2360,Real Koolerz Mango Rs 10
29887,9551,1048,Balaji Wafers Pizzy Masala Rs 10
29890,3936,430,Haldiram's Moong Dal Rs 10 
29891,9553,430,Haldiram's Moong Dal Rs 10 
29892,9552,430,Haldiram's Moong Dal Rs 10 
29895,9557,224,Amul Kool Cafe Rs 30
29901,9565,9558,Corn Makhani Sauce Sandwich 
29902,9564,9561,Veggie Mint Sauce Sandwich 
29903,9563,9563,Coleslaw Sandwich SPL 
29904,9562,9562,Corn Capsicum Tandoori Sandwich 
29905,9561,9561,Veggie Mint Sauce Sandwich 
29906,9560,9558,Corn Makhani Sauce Sandwich 
29907,9559,9559,Sweet Corn Mayo Sandwich
29908,9558,9558,Corn Makhani Sauce Sandwich 
29911,2076,430,Haldiram's Moong Dal Rs 10 
29913,2138,430,Haldiram's Moong Dal Rs 10 
29915,2142,126,Coke Regular Pet 250ml Rs 20
29916,2175,185,Thums UP CHARGED Rs 20
29918,589,395,Too Yum- Multigrain Chips
29922,2197,430,Haldiram's Moong Dal Rs 10 
29923,2198,430,Haldiram's Moong Dal Rs 10 
29924,2199,430,Haldiram's Moong Dal Rs 10 
29925,2202,430,Haldiram's Moong Dal Rs 10 
29926,2203,668,Maaza Pet Bottle Rs 20
29927,2220,693,Snickers
29929,2259,935,Lays - American Style Cream and Onion 
29930,2745,430,Haldiram's Moong Dal Rs 10 
29932,3281,291,Lay's American style Cream & Onion Rs 10
29934,4391,430,Haldiram's Moong Dal Rs 10 
29936,5198,147,Snickers Rs 35
29939,8271,1608,Makino Nacho Chips Jalapeno 
29950,0,0,Unknown/Unmapped
29952,2448,2448,Too Yumm American Style Cream & Onion Chips
29965,1171,430,Haldiram's Moong Dal Rs 10 
29973,4407,46,Paper Boat Coconut Water
29983,8464,8464,Aadishwar Cholai Laddu Navratri Special Rs 24
29984,8467,8467,Aadishwar Yellow Banana Chips Navratri Special Rs 39
29985,8468,8464,Aadishwar Cholai Laddu Navratri Special Rs 24
30000,9584,4063,BiskFarm Masala Chatpata Bhel  Rs 10
30001,9583,4063,BiskFarm Masala Chatpata Bhel  Rs 10
30002,9582,4063,BiskFarm Masala Chatpata Bhel  Rs 10
30003,9581,4063,BiskFarm Masala Chatpata Bhel  Rs 10
30004,9580,4063,BiskFarm Masala Chatpata Bhel  Rs 10
30005,9579,4063,BiskFarm Masala Chatpata Bhel  Rs 10
30007,7004,4063,BiskFarm Masala Chatpata Bhel  Rs 10
30028,0,0,Unknown/Unmapped
30034,1592,282,Too Yumm Veggie Stix Cheese & Herbs Rs 20
30035,9598,282,Too Yumm Veggie Stix Cheese & Herbs Rs 20
30042,8300,130,Choco Chips Cookies
30048,3025,663,Britannia Veg Cake Chocolate Rs 20
30080,9083,9083,Meow Crispy Himalayan Pink Salt Rs 30
30087,7864,4545,Snickers chocolate bar Rs 50
30088,7864,4545,Snickers chocolate bar Rs 50
30093,1581,678,Britannia Bourbon-Rs 10
30094,1822,678,Britannia Bourbon-Rs 10
30095,9617,3636,Vada Pav SPL 
30096,0,0,Unknown/Unmapped
30098,8464,8464,Aadishwar Cholai Laddu Navratri Special Rs 24
30099,8467,8467,Aadishwar Yellow Banana Chips Navratri Special Rs 39
30100,8468,8468,Aadishwar Salted Potato Chips Navratri Special Rs 19
30104,0,0,Unknown/Unmapped
30127,2912,2330,Bikano Bikaneri Bhujia 
30143,9613,95,Parle Appy Rs 10
30144,9632,95,Parle Appy Rs 10
30148,9640,401,Bingo - Potato Chips Masala
30161,4502,130,Choco Chips Cookies
30164,7087,690,Amul Lassi Rs 15
30168,6482,6482,Tong Garden Onion & Garlic Small Green Peas 
30169,3350,3096,Alo Frut Coconut Water Rs 50
30171,9646,6482,Tong Garden Onion & Garlic Small Green Peas 
30173,9648,6482,Tong Garden Onion & Garlic Small Green Peas 
30174,9649,6482,Tong Garden Onion & Garlic Small Green Peas 
30175,9650,6482,Tong Garden Onion & Garlic Small Green Peas 
30178,9648,6482,Tong Garden Onion & Garlic Small Green Peas 
30180,8472,3096,Alo Frut Coconut Water Rs 50
30181,3350,3096,Alo Frut Coconut Water Rs 50
30185,9652,1606,BRB Popped Potato Chips Pasta Cheese 
30186,9651,1606,BRB Popped Potato Chips Pasta Cheese 
30187,9652,1606,BRB Popped Potato Chips Pasta Cheese 
30188,9651,1606,BRB Popped Potato Chips Pasta Cheese 
30189,9652,1606,BRB Popped Potato Chips Pasta Cheese 
30190,9651,1606,BRB Popped Potato Chips Pasta Cheese 
30191,9652,1606,BRB Popped Potato Chips Pasta Cheese 
30194,9660,9656,Kakaji Bikaneri Bhujia Rs 10
30195,9659,9655,Kakaji Cream & Onion Chips 
30196,9658,9656,Kakaji Bikaneri Bhujia Rs 10
30197,9657,9655,Kakaji Cream & Onion Chips 
30198,9656,9656,Kakaji Bikaneri Bhujia Rs 10
30199,9655,9655,Kakaji Cream & Onion Chips 
30200,7088,7088,Dates Bites Sachet Rs 40
30201,9577,891,RiteBite Peanut Butter
30212,4863,190,Pepsi Black
30214,5628,4650, Orsl Plus Rs 30
30216,4650,4650, Orsl Plus Rs 30
30217,7053,2033,Anmol Romanzo Choco Filled Cookies Rs 10
30218,9669,2033,Anmol Romanzo Choco Filled Cookies Rs 10
30221,3964,678,Britannia Bourbon-Rs 10
30224,120,109,Real Mixed Fruit Juice Rs 20
30273,0,0,Unknown/Unmapped
30280,9319,4036,Snickers Kesar Pista Stick Rs 30
30295,8837,4036,Snickers Kesar Pista Stick Rs 30
30309,5495,5494,Farmley Roasted Makhana Cream And Onion Rs 30
30317,0,0,Unknown/Unmapped
30332,5117,678,Britannia Bourbon-Rs 10
30335,1119,1054,Cavins Strawberry Milk Shake Rs 35
30336,9502,9191,Nuttoz Roasted Peanuts Rs 20
30338,5354,5069,Lahori Jeera Rs 10
30341,7072,7072,Priyagold Cashew Cookies Rs 10
30343,9083,9083,Meow Crispy Himalayan Pink Salt Rs 30
30344,4068,4068,Alo Frut Orange Rs 30
30346,3329,663,Britannia Veg Cake Chocolate Rs 20
30347,8290,8287,Wonderland Foods Almond Roasted & Salted
30358,9547,7072,Priyagold Cashew Cookies Rs 10
30369,7649,172,Cadbury Fruit and Nut 
30385,5007,1636,Kurkure Solid Masti Rs 20
30387,4967,4967,7up lemon Rs 35
30388,9729,4230,Coca Cola Rs 25
30403,0,0,Unknown/Unmapped
30420,306,306,Hazelnut Latte
30423,0,0,Unknown/Unmapped
30427,7659,401,Bingo - Potato Chips Masala
30428,5291,401,Bingo - Potato Chips Masala
30429,7658,401,Bingo - Potato Chips Masala
30437,0,0,Unknown/Unmapped
30438,0,0,Unknown/Unmapped
30442,9760,3146,GOBI PARATHA WITH CURD
30443,9760,3146,GOBI PARATHA WITH CURD
30444,9760,3146,GOBI PARATHA WITH CURD
30445,9761,3146,GOBI PARATHA WITH CURD
30446,9761,3146,GOBI PARATHA WITH CURD
30447,9761,3146,GOBI PARATHA WITH CURD
30448,5293,401,Bingo - Potato Chips Masala
30453,7237,7237,Galaxy Fusions Dark chocolate 
30471,0,0,Unknown/Unmapped
30472,0,0,Unknown/Unmapped
30475,0,0,Unknown/Unmapped
30479,0,0,Unknown/Unmapped
30482,2684,132,Maggi Masala 
30484,694,694,Frooti 
30485,984,984,Appy 200ml Rs 15
30494,0,0,Unknown/Unmapped
30498,0,0,Unknown/Unmapped
30517,9787,132,Maggi Masala 
30518,3055,678,Britannia Bourbon-Rs 10
30524,0,0,Unknown/Unmapped
30531,0,0,Unknown/Unmapped
30554,3535,3535,Coca cola Original Taste 
30562,8257,430,Haldiram's Moong Dal Rs 10 
30578,9817,430,Haldiram's Moong Dal Rs 10 
30579,831,282,Too Yumm Veggie Stix Cheese & Herbs Rs 20
30580,9598,282,Too Yumm Veggie Stix Cheese & Herbs Rs 20
30581,9818,282,Too Yumm Veggie Stix Cheese & Herbs Rs 20
30591,9572,430,Haldiram's Moong Dal Rs 10 
30592,9423,430,Haldiram's Moong Dal Rs 10 
30593,9570,430,Haldiram's Moong Dal Rs 10 
30594,6496,935,Lays - American Style Cream and Onion 
30595,9084,9083,Meow Crispy Himalayan Pink Salt Rs 30
30602,0,0,Unknown/Unmapped
30603,9825,9825,Nuttoz Roasted Cashew Rs 25
30604,9088,9083,Meow Crispy Himalayan Pink Salt Rs 30
30606,9084,9083,Meow Crispy Himalayan Pink Salt Rs 30
30607,9501,9364,Nuttoz Coconut Chikki Rs 10
30608,9825,9825,Nuttoz Roasted Cashew Rs 25
30609,9194,9191,Nuttoz Roasted Peanuts Rs 20
30610,8278,4068,Alo Frut Orange Rs 30
30611,4552,4068,Alo Frut Orange Rs 30
30612,8272,4068,Alo Frut Orange Rs 30
30614,6826,5485,Bonn Choco Chip Cookies Rs 10
30615,9827,5485,Bonn Choco Chip Cookies Rs 10
30616,6827,5485,Bonn Choco Chip Cookies Rs 10
30617,6828,5485,Bonn Choco Chip Cookies Rs 10
30618,9828,5485,Bonn Choco Chip Cookies Rs 10
30620,5414,5351,Puzzles Aloo Bhujia Rs 10
30621,6030,5351,Puzzles Aloo Bhujia Rs 10
30622,3741,2760,Puzzles Khatta Meetha Rs10
30623,9088,9083,Meow Crispy Himalayan Pink Salt Rs 30
30625,9084,9083,Meow Crispy Himalayan Pink Salt Rs 30
30626,9501,9364,Nuttoz Coconut Chikki Rs 10
30627,9825,9825,Nuttoz Roasted Cashew Rs 25
30628,9826,9191,Nuttoz Roasted Peanuts Rs 20
30629,8272,4068,Alo Frut Orange Rs 30
30631,9827,5485,Bonn Choco Chip Cookies Rs 10
30632,6826,5485,Bonn Choco Chip Cookies Rs 10
30633,6827,5485,Bonn Choco Chip Cookies Rs 10
30634,6828,5485,Bonn Choco Chip Cookies Rs 10
30635,9828,5485,Bonn Choco Chip Cookies Rs 10
30636,5414,5351,Puzzles Aloo Bhujia Rs 10
30637,6030,5351,Puzzles Aloo Bhujia Rs 10
30638,3741,2760,Puzzles Khatta Meetha Rs10
30642,3560,1243,RedBull Rs 125
30644,0,0,Unknown/Unmapped
30645,9088,9083,Meow Crispy Himalayan Pink Salt Rs 30
30647,9084,9083,Meow Crispy Himalayan Pink Salt Rs 30
30649,9501,9364,Nuttoz Coconut Chikki Rs 10
30651,9825,9825,Nuttoz Roasted Cashew Rs 25
30654,0,0,Unknown/Unmapped
30655,8277,4068,Alo Frut Orange Rs 30
30657,8278,4068,Alo Frut Orange Rs 30
30659,4552,4068,Alo Frut Orange Rs 30
30660,8272,4068,Alo Frut Orange Rs 30
30664,8271,1608,Makino Nacho Chips Jalapeno 
30665,0,0,Unknown/Unmapped
30666,8270,1608,Makino Nacho Chips Jalapeno 
30667,0,0,Unknown/Unmapped
30668,0,0,Unknown/Unmapped
30673,0,0,Unknown/Unmapped
30677,4377,769,Cadbury Dairy Milk Rs.10
30678,9748,430,Haldiram's Moong Dal Rs 10 
30679,575,575,Frooti Rs 10
30680,4431,3070,Americana  Cheese Cracker Biscuits  Rs 10
30681,3070,3070,Americana  Cheese Cracker Biscuits  Rs 10
30682,6827,5485,Bonn Choco Chip Cookies Rs 10
30683,6828,5485,Bonn Choco Chip Cookies Rs 10
30684,4430,4430,Americana Coconut Cookies Rs 20
30685,4433,3070,Americana  Cheese Cracker Biscuits  Rs 10
30686,5414,5351,Puzzles Aloo Bhujia Rs 10
30687,6030,5351,Puzzles Aloo Bhujia Rs 10
30688,6378,2760,Puzzles Khatta Meetha Rs10
30689,3741,2760,Puzzles Khatta Meetha Rs10
30691,0,0,Unknown/Unmapped
30696,0,0,Unknown/Unmapped
30703,9195,9191,Nuttoz Roasted Peanuts Rs 20
30704,9193,9191,Nuttoz Roasted Peanuts Rs 20
30705,9825,9825,Nuttoz Roasted Cashew Rs 25
30706,9490,9191,Nuttoz Roasted Peanuts Rs 20
30707,0,0,Unknown/Unmapped
30709,1811,430,Haldiram's Moong Dal Rs 10 
30710,6024,430,Haldiram's Moong Dal Rs 10 
30711,9834,430,Haldiram's Moong Dal Rs 10 
30712,9319,4036,Snickers Kesar Pista Stick Rs 30
30729,8907,8907,Crizpo Banana Chips Green chilli Delight Rs 60
30730,7790,7790,3 Sisters Indie Sodas Jeera Masala Rs 80
30731,9319,4036,Snickers Kesar Pista Stick Rs 30
30738,9825,9825,Nuttoz Roasted Cashew Rs 25
30748,9851,9851,Farmley Cream & Onion Makhana Rs 50
30763,0,0,Unknown/Unmapped
30782,9856,8907,Crizpo Banana Chips Green chilli Delight Rs 60
30810,8775,1608,Makino Nacho Chips Jalapeno 
30811,8777,1608,Makino Nacho Chips Jalapeno 
30813,5364,5364,Puzzles Nut Crackers Rs 20 
30814,6285,5351,Puzzles Aloo Bhujia Rs 10
30815,5364,5364,Puzzles Nut Crackers Rs 20 
30816,6285,5351,Puzzles Aloo Bhujia Rs 10
30817,5364,5364,Puzzles Nut Crackers Rs 20 
30818,6285,5351,Puzzles Aloo Bhujia Rs 10
30820,5007,5007,Kurkure Lehar Mast Masala Rs 15
30821,7790,7790,3 Sisters Indie Sodas Jeera Masala Rs 80
30822,7791,7790,3 Sisters Indie Sodas Jeera Masala Rs 80
30824,4858,1467, Snickers Fruit & Nut Rs 50
30827,9867,9083,Meow Crispy Himalayan Pink Salt Rs 30
30828,9868,9868,Horlicks Rs 99
30830,0,0,Unknown/Unmapped
30834,0,0,Unknown/Unmapped
30835,7307,668,Maaza Pet Bottle Rs 20
30838,9853,9853,Hydroshark Lime Drink Rs 80
30839,9853,9853,Hydroshark Lime Drink Rs 80
30851,9197,5494,Farmley Roasted Makhana Cream And Onion Rs 30
30855,5934,678,Britannia Bourbon-Rs 10
30856,3854,678,Britannia Bourbon-Rs 10
30857,9780,6278,Winkies Fruit Cake Sliced Rs 20
30858,9874,9409,Bhikharam Chandmal Moong Dal Rs 20
30859,9875,5494,Farmley Roasted Makhana Cream And Onion Rs 30
30862,8789,1608,Makino Nacho Chips Jalapeno 
30863,9879,2022,Swashray Methi Puri Rs 20
30864,9269,7214,The Theatre Project Popcorn Cheddar Cheese Rs 20
30865,9267,7214,The Theatre Project Popcorn Cheddar Cheese Rs 20
30866,9854,9853,Hydroshark Lime Drink Rs 80
30872,9853,9853,Hydroshark Lime Drink Rs 80
30873,9854,9853,Hydroshark Lime Drink Rs 80
30881,2239,2239,Cadbury Chocolate Rs 50
30882,9825,9825,Nuttoz Roasted Cashew Rs 25
30883,9876,7400,A2B Andhra Murukku Rs 80
30884,9877,7401,A2B Dal Mixture Rs 90
30885,9878,7401,A2B Dal Mixture Rs 90
30887,1960,678,Britannia Bourbon-Rs 10
30888,894,678,Britannia Bourbon-Rs 10
30889,1425,678,Britannia Bourbon-Rs 10
30890,9896,764,Amul Milk Chocolate Rs 25
30891,678,678,Britannia Bourbon-Rs 10
30892,4339,678,Britannia Bourbon-Rs 10
30902,2063,1494,Britannia Treat Croissant Vanilla Rs15
30903,3064,663,Britannia Veg Cake Chocolate Rs 20
30912,9825,9825,Nuttoz Roasted Cashew Rs 25
30913,9825,9825,Nuttoz Roasted Cashew Rs 25
30915,1071,430,Haldiram's Moong Dal Rs 10 
30916,9871,8907,Crizpo Banana Chips Green chilli Delight Rs 60
30927,9088,9083,Meow Crispy Himalayan Pink Salt Rs 30
30937,9899,9899,Nitric Whey Protein Rs 249
30940,9852,9851,Farmley Cream & Onion Makhana Rs 50
30941,9851,9851,Farmley Cream & Onion Makhana Rs 50
30943,9851,5494,Farmley Roasted Makhana Cream And Onion Rs 30
30944,4362,59,Tropicana Juice
30945,6402,678,Britannia Bourbon-Rs 10
30946,9902,8907,Crizpo Banana Chips Green chilli Delight Rs 60
30947,9904,8907,Crizpo Banana Chips Green chilli Delight Rs 60
30948,9903,8907,Crizpo Banana Chips Green chilli Delight Rs 60
30950,4588,4506,Gatorade Orange
30951,4506,4506,Gatorade Orange
30953,0,0,Unknown/Unmapped
30991,9191,9191,Nuttoz Roasted Peanuts Rs 20
30992,879,59,Tropicana Juice
30997,3070,3070,Americana  Cheese Cracker Biscuits  Rs 10
30998,9851,9851,Farmley Cream & Onion Makhana Rs 50
31021,9194,9191,Nuttoz Roasted Peanuts Rs 20
31024,0,0,Unknown/Unmapped
31048,3352,318,Coke Zero
31049,1230,929,Sprite750ml
31056,1947,678,Britannia Bourbon-Rs 10
31062,0,0,Unknown/Unmapped
31080,0,0,Unknown/Unmapped
31085,0,0,Unknown/Unmapped
31091,1557,139,Nestle Classic Chocolate 
31092,2817,935,Lays - American Style Cream and Onion 
31093,1241,935,Lays - American Style Cream and Onion 
31109,0,0,Unknown/Unmapped
31110,0,0,Unknown/Unmapped
31111,0,0,Unknown/Unmapped
31147,5733,331,Britannia Veg Cake Fruity Fun Rs 20
31153,9490,9191,Nuttoz Roasted Peanuts Rs 20
31159,9490,9191,Nuttoz Roasted Peanuts Rs 20
31164,0,0,Unknown/Unmapped
31198,9490,9191,Nuttoz Roasted Peanuts Rs 20
31205,745,745,Paper Boat Coconut Water pack of 16 Rs.640
31206,2173,318,Coke Zero
31207,4079,318,Coke Zero
31208,9960,745,Paper Boat Coconut Water pack of 16 Rs.640
31212,3113,3092,Alo Frut Kiwi Rs 30
31213,9430,1608,Makino Nacho Chips Jalapeno 
31214,5351,5351,Puzzles Aloo Bhujia Rs 10
31215,4344,2330,Bikano Bikaneri Bhujia 
31217,2746,430,Haldiram's Moong Dal Rs 10 
31220,4565,4565,Snickers chocolate 
31236,3033,252,Thumps Up Can
31247,0,0,Unknown/Unmapped
31263,7691,318,Coke Zero
31285,9925,9925,Sugar Free Diet Mocha Hazelnut Cookies 
31288,9925,9925,Sugar Free Diet Mocha Hazelnut Cookies 
31289,9925,9925,Sugar Free Diet Mocha Hazelnut Cookies 
31290,9925,9925,Sugar Free Diet Mocha Hazelnut Cookies 
31291,9925,9925,Sugar Free Diet Mocha Hazelnut Cookies 
31292,9925,9925,Sugar Free Diet Mocha Hazelnut Cookies 
31296,9992,9992,Coffee Body Wash With Berries 
31298,9995,9994,Fit & flex Masala Protein Puffs 
31300,9995,9994,Fit & flex Masala Protein Puffs 
31301,8837,4036,Snickers Kesar Pista Stick Rs 30
31302,9994,9994,Fit & flex Masala Protein Puffs 
31303,9994,9994,Fit & flex Masala Protein Puffs 
31304,9995,9994,Fit & flex Masala Protein Puffs 
31306,9994,9994,Fit & flex Masala Protein Puffs 
31309,9995,9994,Fit & flex Masala Protein Puffs 
31310,9994,9994,Fit & flex Masala Protein Puffs 
31311,9995,9994,Fit & flex Masala Protein Puffs 
31312,9994,9994,Fit & flex Masala Protein Puffs 
31313,9995,9994,Fit & flex Masala Protein Puffs 
31314,9994,9994,Fit & flex Masala Protein Puffs 
31315,9995,9994,Fit & flex Masala Protein Puffs 
31316,9994,9994,Fit & flex Masala Protein Puffs 
31317,9996,9996,Welbe Plain Murukku 
31320,9996,9996,Welbe Plain Murukku 
31321,9996,9996,Welbe Plain Murukku 
31322,9996,9996,Welbe Plain Murukku 
31323,9996,9996,Welbe Plain Murukku 
31324,9996,9996,Welbe Plain Murukku 
31325,9996,9996,Welbe Plain Murukku 
31326,9996,9996,Welbe Plain Murukku 
31331,9825,9825,Nuttoz Roasted Cashew Rs 25
31369,5499,282,Too Yumm Veggie Stix Cheese & Herbs Rs 20
31371,9084,9083,Meow Crispy Himalayan Pink Salt Rs 30
31383,7546,126,Coke Regular Pet 250ml Rs 20
31386,7048,1482,Parle Agro Appy Fizz 
31389,5956,1170,Haldirams NGP Salted Peanut 
31390,5940,1170,Haldirams NGP Salted Peanut 
31391,5957,1170,Haldirams NGP Salted Peanut 
31392,8234,986,Haldiram's Chips Pudina Treat Rs 15 
31394,10017,10017,Plum Sunscreen 
31397,7627,935,Lays - American Style Cream and Onion 
31401,9319,4036,Snickers Kesar Pista Stick Rs 30
31404,0,0,Unknown/Unmapped
31405,2131,663,Britannia Veg Cake Chocolate Rs 20
31406,1686,678,Britannia Bourbon-Rs 10
31417,2705,678,Britannia Bourbon-Rs 10
31425,2254,663,Britannia Veg Cake Chocolate Rs 20
31437,10060,10060,Mcaffeine Coffee Body Shimmer Lotion 
31438,10059,10059,Pumpkin Spice Latte Body wash
31441,10056,10055,Mcaffeine Cocoa Butter Body Shimmer 
31442,10055,10055,Mcaffeine Cocoa Butter Body Shimmer 
31443,10054,10040,Mcaffeine Coffee Face Mask
31447,10050,10043,Revolution Beauty Palette Eyeshadow 
31448,10049,10049,Revolution Infinite Fixing Spray
31449,10048,10048,Just Herbs Lipstick Micro Mini Kit Rs 575
31450,10047,10047,Nicka K Nine Colour Eyeshadow 
31451,10046,10046,Revolution Colour Duo Makeup
31452,10045,10045,Revolution Sebile Matte Lipstick 
31453,10044,10044,Revolution Splendour Highlighter 
31454,10043,10043,Revolution Beauty Palette Eyeshadow 
31455,10042,10042,Mcaffeine Green Tea Face Serum 
31456,10041,10041,Mcaffeine Coffee Face Wash Rs 349
31457,10040,10040,Mcaffeine Coffee Face Mask
31458,10039,10033,Mcaffeine Shimmer Body Butter with Cocoa Butter
31459,10038,10038,Mcaffeine Moisturizing Creamy Coffee Body Scrub
31460,10037,10037,Mcaffeine Green Tea Hydrogel
31461,10036,10033,Mcaffeine Shimmer Body Butter with Cocoa Butter
31462,10035,10035,Mcaffeine Coffee & Berries Body Butter Rs 299
31463,10034,10033,Mcaffeine Shimmer Body Butter with Cocoa Butter
31464,10033,10033,Mcaffeine Shimmer Body Butter with Cocoa Butter
31465,10068,10068,Idli Chutney
31466,10067,3508,Poha SPL
31467,10065,3522,Aloo Parantha SPL
31468,10066,3508,Poha SPL
31469,10064,3508,Poha SPL
31473,10073,3508,Poha SPL
31474,10072,3531,Sabudana Khichdi SPL
31475,10071,3636,Vada Pav SPL 
31476,10070,3534,Aloo Samosa SPL 
31477,10069,3508,Poha SPL
31478,9023,9023,Aloo Paratha 
31479,10075,9023,Aloo Paratha 
31482,0,0,Unknown/Unmapped
31520,0,0,Unknown/Unmapped
31525,4621,1023,Britannia Chocolate Shake Rs 35
31535,2474,663,Britannia Veg Cake Chocolate Rs 20
31541,0,0,Unknown/Unmapped
31546,5228,766,Amul Rose Lassi Rs 20 
31547,4856,1023,Britannia Chocolate Shake Rs 35
31548,4621,1023,Britannia Chocolate Shake Rs 35
31549,4721,691,Britannia Chocolate Shake Rs 30 
31550,9798,5453,Nestle KitKat 
31551,2714,139,Nestle Classic Chocolate 
31552,4401,1383,Nestle Kitkat Rs 10
31553,6703,678,Britannia Bourbon-Rs 10
31554,4074,678,Britannia Bourbon-Rs 10
31555,4205,678,Britannia Bourbon-Rs 10
31556,9874,9409,Bhikharam Chandmal Moong Dal Rs 20
31557,9409,9409,Bhikharam Chandmal Moong Dal Rs 20
31558,9411,9409,Bhikharam Chandmal Moong Dal Rs 20
31559,9412,9409,Bhikharam Chandmal Moong Dal Rs 20
31560,9410,9409,Bhikharam Chandmal Moong Dal Rs 20
31569,9825,9825,Nuttoz Roasted Cashew Rs 25
31570,7048,1482,Parle Agro Appy Fizz 
31573,0,0,Unknown/Unmapped
31578,0,0,Unknown/Unmapped
31607,0,0,Unknown/Unmapped
31612,6205,2769,Amul Kool Badam Milk Shake Rs 40
31616,9954,331,Britannia Veg Cake Fruity Fun Rs 20
31630,10113,10109,Fabeato Salt & Pepper Cashews
31632,10111,10109,Fabeato Salt & Pepper Cashews
31635,10113,10109,Fabeato Salt & Pepper Cashews
31636,10112,10109,Fabeato Salt & Pepper Cashews
31637,0,0,Unknown/Unmapped
31639,10109,10109,Fabeato Salt & Pepper Cashews
31644,10109,10109,Fabeato Salt & Pepper Cashews
31646,10112,10109,Fabeato Salt & Pepper Cashews
31649,10109,10109,Fabeato Salt & Pepper Cashews
31650,10113,10109,Fabeato Salt & Pepper Cashews
31653,10111,10109,Fabeato Salt & Pepper Cashews
31655,10109,10109,Fabeato Salt & Pepper Cashews
31658,10115,10114,Nutrezy Raisin Omega & Crunch Trail Mix
31659,10114,10114,Nutrezy Raisin Omega & Crunch Trail Mix
31661,9852,9851,Farmley Cream & Onion Makhana Rs 50
31667,0,0,Unknown/Unmapped
31668,0,0,Unknown/Unmapped
31676,10110,10109,Fabeato Salt & Pepper Cashews
31678,10113,10109,Fabeato Salt & Pepper Cashews
31680,10111,10109,Fabeato Salt & Pepper Cashews
31685,7722,2239,Cadbury Chocolate Rs 50
31699,1759,1759,Frooti 
31700,2510,430,Haldiram's Moong Dal Rs 10 
31703,7032,1959,Snickers Rs 20
31704,8035,693,Snickers
31705,7033,4036,Snickers Kesar Pista Stick Rs 30
31706,7032,1959,Snickers Rs 20
31707,8035,693,Snickers
31708,7033,4036,Snickers Kesar Pista Stick Rs 30
31710,8035,693,Snickers
31725,6866,6866,Bindu Fizz Jeera Masala 
31728,10128,10128,Ananda Elachi Flavoured Milk Rs 20
31729,10127,10127,Ofresh Tender Coconut Water Rs 50
31746,10131,10131,Karias Peanut Chikki Rs 20
31747,9598,282,Too Yumm Veggie Stix Cheese & Herbs Rs 20
31755,0,0,Unknown/Unmapped
31756,0,0,Unknown/Unmapped
31764,9498,9191,Nuttoz Roasted Peanuts Rs 20
31765,10132,7400,A2B Andhra Murukku Rs 80
31766,10133,10133,A2B South Indian Special Mixture Rs 125
31768,10134,9083,Meow Crispy Himalayan Pink Salt Rs 30
31775,9787,132,Maggi Masala 
31794,9195,9191,Nuttoz Roasted Peanuts Rs 20
31801,4079,318,Coke Zero
31803,9989,9989,Nandini Good Life Strawberry Milk 
31816,0,0,Unknown/Unmapped
31824,5502,5502,Amul Kool Cafe 
31826,7989,5580,Diamond Cream And Onion Chips Rs 20
31829,6400,4036,Snickers Kesar Pista Stick Rs 30
31830,4036,4036,Snickers Kesar Pista Stick Rs 30
31831,10093,4036,Snickers Kesar Pista Stick Rs 30
31832,6400,4036,Snickers Kesar Pista Stick Rs 30
31834,10093,4036,Snickers Kesar Pista Stick Rs 30
31836,10093,4036,Snickers Kesar Pista Stick Rs 30
31842,0,0,Unknown/Unmapped
31843,10085,5453,Nestle KitKat 
31852,0,0,Unknown/Unmapped
31862,9645,493,Test Product
31893,10085,5453,Nestle KitKat 
31895,0,0,Unknown/Unmapped
31905,9645,493,Test Product
31918,10101,2330,Bikano Bikaneri Bhujia 
31922,9211,493,Test Product
31923,10173,10173,Pilgrim French Red Vine Face Cream Rs 200
31938,4313,984,Appy 200ml Rs 15
31939,4312,984,Appy 200ml Rs 15
31940,3096,3096,Alo Frut Coconut Water Rs 50
31941,10192,493,Test Product
31942,10193,4555,test1
31943,10194,10194,tehs
31944,10195,10195,hehsh
31946,10196,10194,tehs
31948,10197,10195,hehsh
31949,10198,10194,tehs
31950,10199,10194,tehs
31951,10200,10194,tehs
31952,10201,10194,tehs
31958,10183,331,Britannia Veg Cake Fruity Fun Rs 20
31968,0,0,Unknown/Unmapped
31977,0,0,Unknown/Unmapped
31978,0,0,Unknown/Unmapped
32018,7723,2239,Cadbury Chocolate Rs 50
32019,8365,691,Britannia Chocolate Shake Rs 30 
32020,7757,1315, Britannia Treat Jim Jam Rs 10
32021,2705,678,Britannia Bourbon-Rs 10
32022,4639,331,Britannia Veg Cake Fruity Fun Rs 20
32023,3979,331,Britannia Veg Cake Fruity Fun Rs 20
32024,2672,678,Britannia Bourbon-Rs 10
32025,7755,678,Britannia Bourbon-Rs 10
32026,1266,766,Amul Rose Lassi Rs 20 
32034,0,0,Unknown/Unmapped
32052,10225,1608,Makino Nacho Chips Jalapeno 
32053,10227,1608,Makino Nacho Chips Jalapeno 
32054,10226,1608,Makino Nacho Chips Jalapeno 
32060,1860,1069, Sunfeast Dark Fantasy Choco Fill Cookies Rs 10
32064,4190,59,Tropicana Juice
32065,2513,59,Tropicana Juice
32066,7307,668,Maaza Pet Bottle Rs 20
32067,6533,5580,Diamond Cream And Onion Chips Rs 20
32068,9874,9409,Bhikharam Chandmal Moong Dal Rs 20
32069,9410,9409,Bhikharam Chandmal Moong Dal Rs 20
32070,9412,9409,Bhikharam Chandmal Moong Dal Rs 20
32071,9409,9409,Bhikharam Chandmal Moong Dal Rs 20
32072,9411,9409,Bhikharam Chandmal Moong Dal Rs 20
32073,2142,126,Coke Regular Pet 250ml Rs 20
32074,4027,126,Coke Regular Pet 250ml Rs 20
32083,5580,5580,Diamond Cream And Onion Chips Rs 20
32096,10244,10244,Onion Poha
32097,10245,10245,Vermicelli Uppma
32098,10246,10244,Onion Poha
32100,10248,10245,Vermicelli Uppma
32101,10249,10245,Vermicelli Uppma
32116,10266,2760,Puzzles Khatta Meetha Rs10
32117,10265,2760,Puzzles Khatta Meetha Rs10
32118,8777,1608,Makino Nacho Chips Jalapeno 
32119,10260,678,Britannia Bourbon-Rs 10
32120,10260,678,Britannia Bourbon-Rs 10
32137,5580,5580,Diamond Cream And Onion Chips Rs 20
32140,4312,984,Appy 200ml Rs 15
32141,7088,7088,Dates Bites Sachet Rs 40
32142,7088,7088,Dates Bites Sachet Rs 40
32143,7088,7088,Dates Bites Sachet Rs 40
32144,7088,7088,Dates Bites Sachet Rs 40
32151,10268,4565,Snickers chocolate 
32152,5009,4565,Snickers chocolate 
32154,10270,4565,Snickers chocolate 
32155,10269,4565,Snickers chocolate 
32161,10268,4565,Snickers chocolate 
32162,5009,4565,Snickers chocolate 
32164,10270,4565,Snickers chocolate 
32166,10268,4565,Snickers chocolate 
32167,5009,4565,Snickers chocolate 
32169,10270,4565,Snickers chocolate 
32170,10269,4565,Snickers chocolate 
32173,8329,1048,Balaji Wafers Pizzy Masala Rs 10
32174,1801,1048,Balaji Wafers Pizzy Masala Rs 10
32175,1800,1048,Balaji Wafers Pizzy Masala Rs 10
32176,7727,1048,Balaji Wafers Pizzy Masala Rs 10
32177,1065,1048,Balaji Wafers Pizzy Masala Rs 10
32178,1572,1048,Balaji Wafers Pizzy Masala Rs 10
32179,10083,9996,Welbe Plain Murukku 
32180,10083,9996,Welbe Plain Murukku 
32181,10083,9996,Welbe Plain Murukku 
32182,10083,9996,Welbe Plain Murukku 
32183,10083,9996,Welbe Plain Murukku 
32184,10083,9996,Welbe Plain Murukku 
32185,10272,1636,Kurkure Solid Masti Rs 20
32186,6811,1170,Haldirams NGP Salted Peanut 
32187,3775,1170,Haldirams NGP Salted Peanut 
32188,4856,1023,Britannia Chocolate Shake Rs 35
32189,4856,1023,Britannia Chocolate Shake Rs 35
32190,4313,984,Appy 200ml Rs 15
32191,5345,1023,Britannia Chocolate Shake Rs 35
32192,7822,224,Amul Kool Cafe Rs 30
32193,1266,766,Amul Rose Lassi Rs 20 
32195,0,0,Unknown/Unmapped
32196,9536,1608,Makino Nacho Chips Jalapeno 
32198,0,0,Unknown/Unmapped
32205,5091,4538,Rewynd Peanuts Chikki
32206,5998,1623,Cadbury Dairy Milk Chocolate Rs 50
32210,10274,10274,Paneer Puff
32211,10273,10273,Veg Puff
32219,9803,9803,Nissin Masala Cup Noodles
32229,9945,1482,Parle Agro Appy Fizz 
32230,7757,1315, Britannia Treat Jim Jam Rs 10
32233,2717,678,Britannia Bourbon-Rs 10
32234,3964,678,Britannia Bourbon-Rs 10
32235,0,0,Unknown/Unmapped
32237,10129,10129,Roasty Tasty Millet Upma Rs 80
32238,3486,1636,Kurkure Solid Masti Rs 20
32239,0,0,Unknown/Unmapped
32240,0,0,Unknown/Unmapped
32241,0,0,Unknown/Unmapped
32242,0,0,Unknown/Unmapped
32243,0,0,Unknown/Unmapped
32244,10294,10294,Vegetable Sandwich 
32245,10293,10274,Paneer Puff
32251,6106,663,Britannia Veg Cake Chocolate Rs 20
32252,0,0,Unknown/Unmapped
32256,9851,9851,Farmley Cream & Onion Makhana Rs 50
32257,0,0,Unknown/Unmapped
32258,3778,1170,Haldirams NGP Salted Peanut 
32259,0,0,Unknown/Unmapped
32260,10298,2239,Cadbury Chocolate Rs 50
32261,10298,2239,Cadbury Chocolate Rs 50
32262,8519,935,Lays - American Style Cream and Onion 
32272,10304,10304,Dalvada
32273,10303,10303,Chinese Puff
32274,10302,10302,Methi Thepla
32275,10301,10301,Paneer Paratha
32285,8713,130,Choco Chips Cookies
32286,7066,130,Choco Chips Cookies
32315,0,0,Unknown/Unmapped
32327,0,0,Unknown/Unmapped
32336,10268,4565,Snickers chocolate 
32344,10320,10319,Mini Cheese Pizza Samosa
32345,10319,10319,Mini Cheese Pizza Samosa
32346,10318,10318,Mayo Veg Sandwich 
32347,10324,10321,Superyou Strawberry Wafer Bar
32348,10323,10321,Superyou Strawberry Wafer Bar
32349,10322,10321,Superyou Strawberry Wafer Bar
32350,10321,10321,Superyou Strawberry Wafer Bar
32351,0,0,Unknown/Unmapped
32353,5287,678,Britannia Bourbon-Rs 10
32354,678,678,Britannia Bourbon-Rs 10
32355,2712,678,Britannia Bourbon-Rs 10
32357,7755,678,Britannia Bourbon-Rs 10
32358,2710,678,Britannia Bourbon-Rs 10
32361,6205,2769,Amul Kool Badam Milk Shake Rs 40
32362,1266,766,Amul Rose Lassi Rs 20 
32363,2173,318,Coke Zero
32365,5580,5580,Diamond Cream And Onion Chips Rs 20
32367,9409,9409,Bhikharam Chandmal Moong Dal Rs 20
32368,9412,9409,Bhikharam Chandmal Moong Dal Rs 20
32369,9410,9409,Bhikharam Chandmal Moong Dal Rs 20
32370,9411,9409,Bhikharam Chandmal Moong Dal Rs 20
32371,9874,9409,Bhikharam Chandmal Moong Dal Rs 20
32413,10296,9994,Fit & flex Masala Protein Puffs 
32415,10296,9994,Fit & flex Masala Protein Puffs 
32416,10296,9994,Fit & flex Masala Protein Puffs 
32458,8035,693,Snickers
32474,5939,1023,Britannia Chocolate Shake Rs 35
32475,0,0,Unknown/Unmapped
32477,0,0,Unknown/Unmapped
32484,7703,82,Paper Boat Alphonso Aam Rs 25
32485,82,82,Paper Boat Alphonso Aam Rs 25
32489,3778,1170,Haldirams NGP Salted Peanut 
32490,2175,185,Thums UP CHARGED Rs 20
32493,4818,4818,Mario Coconut Crunchy Rs 10
32494,2494,80,Cavin's Spiced ButterMilk
32495,2302,678,Britannia Bourbon-Rs 10
32496,9415,678,Britannia Bourbon-Rs 10
32497,8671,5097,Kari Kari Chilli Garlic Rs 20
32500,10292,10292,Mcaffeine Pumpkin Spice Latte Body Wash 300 ml
32502,0,0,Unknown/Unmapped
32505,935,935,Lays - American Style Cream and Onion 
32506,1241,935,Lays - American Style Cream and Onion 
32507,3775,1170,Haldirams NGP Salted Peanut 
32508,10358,1170,Haldirams NGP Salted Peanut 
32510,1769,1769,Kitkat 37gm
32513,0,0,Unknown/Unmapped
32533,10381,3387,Nescafe Intense Cafe 
32551,9836,130,Choco Chips Cookies
32552,3316,130,Choco Chips Cookies
32555,10085,5453,Nestle KitKat 
32563,5939,1023,Britannia Chocolate Shake Rs 35
32576,493,493,Test Product
32577,10224,493,Test Product
32578,10216,493,Test Product
32579,10215,493,Test Product
32580,10193,493,Test Product
32581,9645,493,Test Product
32582,9861,493,Test Product
32583,9857,493,Test Product
32584,9667,493,Test Product
32585,9331,493,Test Product
32595,8145,678,Britannia Bourbon-Rs 10
32597,3778,1170,Haldirams NGP Salted Peanut 
32598,6811,1170,Haldirams NGP Salted Peanut 
32599,4391,1170,Haldirams NGP Salted Peanut 
32620,0,0,Unknown/Unmapped
32629,3249,2760,Puzzles Khatta Meetha Rs10
32672,10412,10412,Max Protein Choco Almond Bar
32692,7183,1170,Haldirams NGP Salted Peanut 
32695,10213,1170,Haldirams NGP Salted Peanut 
32696,2518,430,Haldiram's Moong Dal Rs 10 
32697,1071,430,Haldiram's Moong Dal Rs 10 
32706,4858,693,Snickers
32735,7693,73,Cavin's Lassi
32738,4582,1636,Kurkure Solid Masti Rs 20
32741,4575,1636,Kurkure Solid Masti Rs 20
32743,6520,478,Kit Kat Rs 25
32773,4187,126,Coke Regular Pet 250ml Rs 20
32774,6704,678,Britannia Bourbon-Rs 10
32775,7693,73,Cavin's Lassi
32776,5453,139,Nestle Classic Chocolate 
32777,2643,224,Amul Kool Cafe Rs 30
32778,6591,5165,Masala Diet Chidwa spicy Special Rs 20
32789,10017,10017,Plum Sunscreen 
32790,10173,10173,Pilgrim French Red Vine Face Cream Rs 200
32795,5990,5990,Ocean Crispy Apple Rs 40
32810,6593,5165,Masala Diet Chidwa spicy Special Rs 20
32811,5183,5165,Masala Diet Chidwa spicy Special Rs 20
32834,879,59,Tropicana Juice
32839,5172,5165,Masala Diet Chidwa spicy Special Rs 20
32840,5165,5165,Masala Diet Chidwa spicy Special Rs 20
32841,9058,5165,Masala Diet Chidwa spicy Special Rs 20
32842,6591,5165,Masala Diet Chidwa spicy Special Rs 20
32843,9320,678,Britannia Bourbon-Rs 10
32844,1423,1383,Nestle Kitkat Rs 10
32845,139,139,Nestle Classic Chocolate 
32846,3315,73,Cavin's Lassi
32847,3512,80,Cavin's Spiced ButterMilk
32848,6239,80,Cavin's Spiced ButterMilk
32849,3351,80,Cavin's Spiced ButterMilk
32851,3456,59,Tropicana Juice
32854,0,0,Unknown/Unmapped
32855,0,0,Unknown/Unmapped
32861,4229,1959,Snickers Rs 20
32864,0,0,Unknown/Unmapped
32866,2259,935,Lays - American Style Cream and Onion 
32867,1241,935,Lays - American Style Cream and Onion 
32870,3486,1636,Kurkure Solid Masti Rs 20
32871,4201,935,Lays - American Style Cream and Onion 
32872,935,291,Lay's American style Cream & Onion Rs 10
32873,296,291,Lay's American style Cream & Onion Rs 10
32874,3297,290,Kurkure Masala Munch 
32875,10460,1636,Kurkure Solid Masti Rs 20
32876,693,693,Snickers
32877,10337,147,Snickers Rs 35
32878,6806,291,Lay's American style Cream & Onion Rs 10
32879,2722,291,Lay's American style Cream & Onion Rs 10
32880,2403,291,Lay's American style Cream & Onion Rs 10
32881,4166,61,Paper Boat Lychee Ras Rs 20
32888,5194,5165,Masala Diet Chidwa spicy Special Rs 20
32891,3679,282,Too Yumm Veggie Stix Cheese & Herbs Rs 20
32897,6106,691,Britannia Chocolate Shake Rs 30 
32899,10298,2239,Cadbury Chocolate Rs 50
32900,0,0,Unknown/Unmapped
32902,0,0,Unknown/Unmapped
32913,4054,4050,Prabhu ji Masala Muri Rs 10
32914,10470,4050,Prabhu ji Masala Muri Rs 10
32915,10469,4050,Prabhu ji Masala Muri Rs 10
32916,9937,4050,Prabhu ji Masala Muri Rs 10
32917,10468,4050,Prabhu ji Masala Muri Rs 10
32918,10467,4050,Prabhu ji Masala Muri Rs 10
32919,4050,4050,Prabhu ji Masala Muri Rs 10
32920,4052,4050,Prabhu ji Masala Muri Rs 10
32921,10466,4050,Prabhu ji Masala Muri Rs 10
32922,4053,4050,Prabhu ji Masala Muri Rs 10
32923,4053,4050,Prabhu ji Masala Muri Rs 10
32924,10466,4050,Prabhu ji Masala Muri Rs 10
32925,4052,4050,Prabhu ji Masala Muri Rs 10
32926,4050,4050,Prabhu ji Masala Muri Rs 10
32927,10467,4050,Prabhu ji Masala Muri Rs 10
32928,10468,4050,Prabhu ji Masala Muri Rs 10
32929,9937,4050,Prabhu ji Masala Muri Rs 10
32930,10469,4050,Prabhu ji Masala Muri Rs 10
32931,10470,4050,Prabhu ji Masala Muri Rs 10
32932,4054,4050,Prabhu ji Masala Muri Rs 10
32933,4054,4050,Prabhu ji Masala Muri Rs 10
32934,10470,4050,Prabhu ji Masala Muri Rs 10
32936,10468,4050,Prabhu ji Masala Muri Rs 10
32943,3240,2249,Haldirams Chips Classic Salted Rs 15
32946,2521,291,Lay's American style Cream & Onion Rs 10
32947,4728,291,Lay's American style Cream & Onion Rs 10
32948,707,291,Lay's American style Cream & Onion Rs 10
32964,10465,10465,Birthday Cake Protein Wafer Bar Rs 165
32967,10129,10129,Roasty Tasty Millet Upma Rs 80
32968,10130,10129,Roasty Tasty Millet Upma Rs 80
32970,10085,5453,Nestle KitKat 
32979,6806,291,Lay's American style Cream & Onion Rs 10
32980,2722,291,Lay's American style Cream & Onion Rs 10
32981,2403,291,Lay's American style Cream & Onion Rs 10
32982,3648,1170,Haldirams NGP Salted Peanut 
32990,5173,5165,Masala Diet Chidwa spicy Special Rs 20
32995,10466,5165,Masala Diet Chidwa spicy Special Rs 20
32996,10466,5165,Masala Diet Chidwa spicy Special Rs 20
32997,10461,5165,Masala Diet Chidwa spicy Special Rs 20
32998,10490,10486,Vegetable Vermicelli 
32999,10489,10489,Puri Bhaji
33000,10488,10488,Vegetable Sandwich 
33001,10487,10486,Vegetable Vermicelli 
33002,10486,10486,Vegetable Vermicelli 
33004,10484,10484,Aloo Sandwich
33012,10498,10498,Sandwich 
33014,10496,10493,Upma
33016,10494,10493,Upma
33017,10493,10493,Upma
33018,10492,10492,Kande Poha
33020,10504,10501,Veg Poha 
33021,10503,10501,Veg Poha 
33022,10502,10501,Veg Poha 
33023,10501,10501,Veg Poha 
33035,10505,5165,Masala Diet Chidwa spicy Special Rs 20
33036,10505,5165,Masala Diet Chidwa spicy Special Rs 20
33039,6520,478,Kit Kat Rs 25
33046,3953,126,Coke Regular Pet 250ml Rs 20
33047,125,125,Fanta Pet 250ml Rs 20
33048,9058,5165,Masala Diet Chidwa spicy Special Rs 20
33051,0,0,Unknown/Unmapped
33063,10523,8766,Bhikharam Chandmal Bikaneri Bhujia 
33064,10522,8766,Bhikharam Chandmal Bikaneri Bhujia 
33077,4412,80,Cavin's Spiced ButterMilk
33078,4051,4050,Prabhu ji Masala Muri Rs 10
33079,10461,5165,Masala Diet Chidwa spicy Special Rs 20
33080,10523,8766,Bhikharam Chandmal Bikaneri Bhujia 
33081,10522,8766,Bhikharam Chandmal Bikaneri Bhujia 
33082,4509,3286,Limca Rs 40
33083,1230,929,Sprite750ml
33084,252,252,Thumps Up Can
33085,7581,1120,Fanta Can 
33086,3352,318,Coke Zero
33087,1141,318,Coke Zero
33089,0,0,Unknown/Unmapped
33102,947,935,Lays - American Style Cream and Onion 
33103,1979,935,Lays - American Style Cream and Onion 
33104,3486,1636,Kurkure Solid Masti Rs 20
33146,0,0,Unknown/Unmapped
33150,0,0,Unknown/Unmapped
33160,0,0,Unknown/Unmapped
33163,0,0,Unknown/Unmapped
33169,0,0,Unknown/Unmapped
33180,5485,5485,Bonn Choco Chip Cookies Rs 10
33185,2331,2330,Bikano Bikaneri Bhujia 
33192,10532,10532,Shiok Kiwi
33193,10533,10532,Shiok Kiwi
33195,10535,10532,Shiok Kiwi
33199,0,0,Unknown/Unmapped
33200,8949,82,Paper Boat Alphonso Aam Rs 25
33204,10584,3052,Swashray Methi Wheat Sticks Rs 12
33205,10583,3053,Swashray Rava Besan Gathiya Rs 15
33207,4117,935,Lays - American Style Cream and Onion 
33208,4648,935,Lays - American Style Cream and Onion 
33225,0,0,Unknown/Unmapped
33226,0,0,Unknown/Unmapped
33228,6808,6808,Cornitos Nacho Chips Sizzlin Jalapeno 
33248,2494,80,Cavin's Spiced ButterMilk
33249,2705,678,Britannia Bourbon-Rs 10
33250,3347,185,Thums UP CHARGED Rs 20
33251,8997,663,Britannia Veg Cake Chocolate Rs 20
33253,9392,1170,Haldirams NGP Salted Peanut 
33284,5731,1170,Haldirams NGP Salted Peanut 
33288,0,0,Unknown/Unmapped
33304,10555,10555,Cadbury Dairy Milk Bubbly Silk 
33307,0,0,Unknown/Unmapped
33308,0,0,Unknown/Unmapped
33309,10591,10591,Volls Sante Millet Monk Cookies 
33310,10593,8766,Bhikharam Chandmal Bikaneri Bhujia 
33311,10592,8766,Bhikharam Chandmal Bikaneri Bhujia 
33325,0,0,Unknown/Unmapped
33326,9430,1608,Makino Nacho Chips Jalapeno 
33327,9534,1608,Makino Nacho Chips Jalapeno 
33338,3286,3286,Limca Rs 40
33339,2298,1623,Cadbury Dairy Milk Chocolate Rs 50
33342,4195,1023,Britannia Chocolate Shake Rs 35
33350,3407,130,Choco Chips Cookies
33353,10602,10602,Fit & Flex Almond Mini Bytes 
33375,9787,132,Maggi Masala 
33378,0,0,Unknown/Unmapped
33379,0,0,Unknown/Unmapped
33381,0,0,Unknown/Unmapped
33382,0,0,Unknown/Unmapped
33390,9410,8766,Bhikharam Chandmal Bikaneri Bhujia 
33391,9874,8766,Bhikharam Chandmal Bikaneri Bhujia 
33394,0,0,Unknown/Unmapped
33395,0,0,Unknown/Unmapped
33398,0,0,Unknown/Unmapped
33400,3681,282,Too Yumm Veggie Stix Cheese & Herbs Rs 20
33402,4341,282,Too Yumm Veggie Stix Cheese & Herbs Rs 20
33410,10006,10006,Galaxy Chocolate Wafer Roll
33414,0,0,Unknown/Unmapped
33424,0,0,Unknown/Unmapped
33455,10660,10660,Nandini Buttermilk
33465,0,0,Unknown/Unmapped
33489,6641,291,Lay's American style Cream & Onion Rs 10
33496,5499,282,Too Yumm Veggie Stix Cheese & Herbs Rs 20
33497,4341,282,Too Yumm Veggie Stix Cheese & Herbs Rs 20
33525,10108,9996,Welbe Plain Murukku 
33526,10084,9996,Welbe Plain Murukku 
33527,10225,1608,Makino Nacho Chips Jalapeno 
33528,8777,1608,Makino Nacho Chips Jalapeno 
33529,4444,1170,Haldirams NGP Salted Peanut 
33530,9995,9994,Fit & flex Masala Protein Puffs 
33531,10295,9994,Fit & flex Masala Protein Puffs 
33532,10296,9994,Fit & flex Masala Protein Puffs 
33533,8905,8905,Lotus Sun Cold Brew Classic Latte Rs 100
33534,2116,1270,Haldiram's Khatta Meetha Rs 30
33535,1484,1170,Haldirams NGP Salted Peanut 
33549,0,0,Unknown/Unmapped
33556,9392,1170,Haldirams NGP Salted Peanut 
33586,8271,1608,Makino Nacho Chips Jalapeno 
33587,8270,1608,Makino Nacho Chips Jalapeno 
33588,10114,10114,Nutrezy Raisin Omega & Crunch Trail Mix
33589,10115,10114,Nutrezy Raisin Omega & Crunch Trail Mix
33621,3980,331,Britannia Veg Cake Fruity Fun Rs 20
33622,4639,331,Britannia Veg Cake Fruity Fun Rs 20
33623,4042,331,Britannia Veg Cake Fruity Fun Rs 20
33624,9409,8766,Bhikharam Chandmal Bikaneri Bhujia 
33625,9412,8766,Bhikharam Chandmal Bikaneri Bhujia 
33626,10697,10697,Insta Ahaar Cuppa Classic Masala Poha 
33627,10702,10696,Insta Ahaar Classic Masala Poha 
33628,10696,10696,Insta Ahaar Classic Masala Poha 
33629,10698,10698,Insta Ahaar Cuppa Masala Oats 
33630,10699,10697,Insta Ahaar Cuppa Classic Masala Poha 
33631,10701,10701,Insta Ahaar Masala Oats 38gms
33632,10700,10696,Insta Ahaar Classic Masala Poha 
33633,10699,10697,Insta Ahaar Cuppa Classic Masala Poha 
33634,10702,10696,Insta Ahaar Classic Masala Poha 
33635,10697,10697,Insta Ahaar Cuppa Classic Masala Poha 
33637,10703,10697,Insta Ahaar Cuppa Classic Masala Poha 
33638,10698,10698,Insta Ahaar Cuppa Masala Oats 
33639,10696,10696,Insta Ahaar Classic Masala Poha 
33640,10701,10701,Insta Ahaar Masala Oats 38gms
33659,6340,764,Amul Milk Chocolate Rs 25
33660,3352,318,Coke Zero
33661,10374,59,Tropicana Juice
33662,4328,1383,Nestle Kitkat Rs 10
33663,7194,5580,Diamond Cream And Onion Chips Rs 20
33664,5287,678,Britannia Bourbon-Rs 10
33673,6978,2249,Haldirams Chips Classic Salted Rs 15
33677,9317,678,Britannia Bourbon-Rs 10
33682,0,0,Unknown/Unmapped
33684,2186,1120,Fanta Can 
33685,1141,318,Coke Zero
33686,0,0,Unknown/Unmapped
33691,10603,10603,Mens Brief Brekkie M
33692,10626,10603,Mens Brief Brekkie M
33694,10616,10603,Mens Brief Brekkie M
33697,10604,10603,Mens Brief Brekkie M
33699,10611,10603,Mens Brief Brekkie M
33700,10614,10603,Mens Brief Brekkie M
33701,10615,10603,Mens Brief Brekkie M
33705,10620,10603,Mens Brief Brekkie M
33708,0,0,Unknown/Unmapped
33709,0,0,Unknown/Unmapped
33716,1833,1383,Nestle Kitkat Rs 10
33719,6340,764,Amul Milk Chocolate Rs 25
33720,1833,1383,Nestle Kitkat Rs 10
33721,10374,59,Tropicana Juice
33722,4364,59,Tropicana Juice
33723,6593,5165,Masala Diet Chidwa spicy Special Rs 20
33724,7989,5580,Diamond Cream And Onion Chips Rs 20
33734,4237,331,Britannia Veg Cake Fruity Fun Rs 20
33737,8766,8766,Bhikharam Chandmal Bikaneri Bhujia 
33741,185,185,Thums UP CHARGED Rs 20
33747,10716,1315, Britannia Treat Jim Jam Rs 10
33748,4378,2239,Cadbury Chocolate Rs 50
33763,4065,4065,BiskFarm Tiffun Slice Rs 10
33764,4272,331,Britannia Veg Cake Fruity Fun Rs 20
33766,707,291,Lay's American style Cream & Onion Rs 10
33768,4941,929,Sprite750ml
33769,4509,3286,Limca Rs 40
33770,3353,318,Coke Zero
33771,252,252,Thumps Up Can
33772,4694,318,Coke Zero
33773,402,401,Bingo - Potato Chips Masala
33774,792,401,Bingo - Potato Chips Masala
33775,9640,401,Bingo - Potato Chips Masala
33778,2151,401,Bingo - Potato Chips Masala
33779,4051,4050,Prabhu ji Masala Muri Rs 10
33782,6593,5165,Masala Diet Chidwa spicy Special Rs 20
33785,4050,4050,Prabhu ji Masala Muri Rs 10
33786,3729,395,Too Yum- Multigrain Chips
33787,4053,4050,Prabhu ji Masala Muri Rs 10
33789,8145,678,Britannia Bourbon-Rs 10
33791,2444,395,Too Yum- Multigrain Chips
33792,3729,395,Too Yum- Multigrain Chips
33794,10467,4050,Prabhu ji Masala Muri Rs 10
33797,10467,4050,Prabhu ji Masala Muri Rs 10
33798,4053,4050,Prabhu ji Masala Muri Rs 10
33799,4050,4050,Prabhu ji Masala Muri Rs 10
33808,0,0,Unknown/Unmapped
33824,9119,9119,Sanitary Pads 
33825,5512,691,Britannia Chocolate Shake Rs 30 
33849,10085,5453,Nestle KitKat 
33850,985,430,Haldiram's Moong Dal Rs 10 
33851,8496,8481,Campa Orange Rs 10
33852,10728,8481,Campa Orange Rs 10
33853,10729,8481,Campa Orange Rs 10
33854,8481,8481,Campa Orange Rs 10
33855,10730,8481,Campa Orange Rs 10
33861,10733,10733,Lemon Breeze Low Sugar Soft Drink 
33863,10733,10733,Lemon Breeze Low Sugar Soft Drink 
33864,10734,10733,Lemon Breeze Low Sugar Soft Drink 
33892,0,0,Unknown/Unmapped
33895,10737,10737,Salted Potato Chips 
33896,10736,10736,Yellow Banana Chips 
33897,10735,10735,Cholai Laddu 
33899,7895,401,Bingo - Potato Chips Masala
33900,4319,1069, Sunfeast Dark Fantasy Choco Fill Cookies Rs 10
33902,3962,1069, Sunfeast Dark Fantasy Choco Fill Cookies Rs 10
33914,0,0,Unknown/Unmapped
33919,0,0,Unknown/Unmapped
33930,0,0,Unknown/Unmapped
33932,991,401,Bingo - Potato Chips Masala
33933,7895,401,Bingo - Potato Chips Masala
33934,6922,401,Bingo - Potato Chips Masala
33935,4685,1069, Sunfeast Dark Fantasy Choco Fill Cookies Rs 10
33938,3962,1069, Sunfeast Dark Fantasy Choco Fill Cookies Rs 10
33964,4550,395,Too Yum- Multigrain Chips
33965,395,395,Too Yum- Multigrain Chips
33966,2857,395,Too Yum- Multigrain Chips
33967,2701,395,Too Yum- Multigrain Chips
33968,4551,395,Too Yum- Multigrain Chips
33969,5092,395,Too Yum- Multigrain Chips
33970,5365,395,Too Yum- Multigrain Chips
33971,5620,395,Too Yum- Multigrain Chips
33972,7531,395,Too Yum- Multigrain Chips
33973,10770,10767,Sabudane Bade With Chutney 
33974,10769,10767,Sabudane Bade With Chutney 
33975,10768,10767,Sabudane Bade With Chutney 
33976,10767,10767,Sabudane Bade With Chutney 
33977,10766,10766,Kutty Poori With Jeera Aloo
33978,5280,395,Too Yum- Multigrain Chips
33987,0,0,Unknown/Unmapped
33989,4550,395,Too Yum- Multigrain Chips
33990,7531,395,Too Yum- Multigrain Chips
33991,5620,395,Too Yum- Multigrain Chips
33992,3736,395,Too Yum- Multigrain Chips
33993,5280,395,Too Yum- Multigrain Chips
33994,5365,395,Too Yum- Multigrain Chips
33995,4551,395,Too Yum- Multigrain Chips
33996,5092,395,Too Yum- Multigrain Chips
33997,1479,395,Too Yum- Multigrain Chips
33998,4289,395,Too Yum- Multigrain Chips
34006,10389,261,McVitie's Digestive Biscuits
34024,10464,290,Kurkure Masala Munch 
34029,0,0,Unknown/Unmapped
34032,4357,430,Haldiram's Moong Dal Rs 10 
34033,7392,430,Haldiram's Moong Dal Rs 10 
34035,10716,1315, Britannia Treat Jim Jam Rs 10
34052,0,0,Unknown/Unmapped
34083,894,678,Britannia Bourbon-Rs 10
34084,4660,678,Britannia Bourbon-Rs 10
34089,1141,318,Coke Zero
34091,3095,3092,Alo Frut Kiwi Rs 30
34092,3110,3092,Alo Frut Kiwi Rs 30
34098,10683,10683,The Derma Co Niacinamide Serum 30ml Rs 599
34100,10688,10688,Aqualogica Dewy Sunscreen Rs 449
34101,10681,10681,The Derma Co Kojic Acid Daily Facewash Rs 299
34102,10682,10682,The Derma Co Face Serum 30 ml Rs 499
34103,10684,10684,The Derma Co Sunscreen Aqua Gel 80g Rs 649 
34104,10689,10689,Aqualogica Facewash 100ml Rs 249
34105,10686,10686,The Derma Co Salicylic Acid Serum 30ml Rs 649
34106,9954,331,Britannia Veg Cake Fruity Fun Rs 20
34107,8507,1023,Britannia Chocolate Shake Rs 35
34108,879,59,Tropicana Juice
34109,3318,59,Tropicana Juice
34110,4364,59,Tropicana Juice
34111,2389,59,Tropicana Juice
34112,8507,1023,Britannia Chocolate Shake Rs 35
34113,4721,691,Britannia Chocolate Shake Rs 30 
34114,5345,1023,Britannia Chocolate Shake Rs 35
34115,4195,1023,Britannia Chocolate Shake Rs 35
34119,9409,8766,Bhikharam Chandmal Bikaneri Bhujia 
34120,9410,8766,Bhikharam Chandmal Bikaneri Bhujia 
34121,9412,8766,Bhikharam Chandmal Bikaneri Bhujia 
34122,8281,8279,Lotus Thandai Badam Milk 
34137,10735,10735,Cholai Laddu 
34138,10736,10736,Yellow Banana Chips 
34139,10737,10737,Salted Potato Chips 
34143,5549,5549,Clear Water Bottle Rs 10
34163,10820,10501,Veg Poha 
34164,10625,10603,Mens Brief Brekkie M
34165,10613,10603,Mens Brief Brekkie M
34166,10607,10603,Mens Brief Brekkie M
34167,0,0,Unknown/Unmapped
34168,10610,10603,Mens Brief Brekkie M
34169,10609,10603,Mens Brief Brekkie M
34170,10606,10603,Mens Brief Brekkie M
34171,10608,10603,Mens Brief Brekkie M
34172,10623,10603,Mens Brief Brekkie M
34173,10605,10603,Mens Brief Brekkie M
34174,10619,10603,Mens Brief Brekkie M
34175,10622,10603,Mens Brief Brekkie M
34176,10624,10603,Mens Brief Brekkie M
34177,10618,10603,Mens Brief Brekkie M
34193,10183,331,Britannia Veg Cake Fruity Fun Rs 20
34196,10638,10539,Sugar Pop SPF Sunscreen Rs 349
34197,10539,10539,Sugar Pop SPF Sunscreen Rs 349
34198,10541,10539,Sugar Pop SPF Sunscreen Rs 349
34199,10041,9992,Coffee Body Wash With Berries 
34200,10291,9992,Coffee Body Wash With Berries 
34201,10035,9992,Coffee Body Wash With Berries 
34202,10048,10048,Just Herbs Lipstick Micro Mini Kit Rs 575
34203,10612,10603,Mens Brief Brekkie M
34228,10833,61,Paper Boat Lychee Ras Rs 20
34230,6743,691,Britannia Chocolate Shake Rs 30 
34278,0,0,Unknown/Unmapped
34302,0,0,Unknown/Unmapped
34313,6245,5485,Bonn Choco Chip Cookies Rs 10
34314,6936,1069, Sunfeast Dark Fantasy Choco Fill Cookies Rs 10
34318,7020,691,Britannia Chocolate Shake Rs 30 
34323,6477,1170,Haldirams NGP Salted Peanut 
34326,0,0,Unknown/Unmapped
34327,0,0,Unknown/Unmapped
34330,0,0,Unknown/Unmapped
34331,0,0,Unknown/Unmapped
34332,10845,10845,Lotus Masala Chaach
34333,10844,10844,Lotus Lassi
34346,7809,130,Choco Chips Cookies
34347,4044,130,Choco Chips Cookies
34351,4079,318,Coke Zero
34361,5939,1315, Britannia Treat Jim Jam Rs 10
34362,10716,1315, Britannia Treat Jim Jam Rs 10
34364,5009,4565,Snickers chocolate 
34378,0,0,Unknown/Unmapped
34381,5939,1315, Britannia Treat Jim Jam Rs 10
34382,5345,1315, Britannia Treat Jim Jam Rs 10
34383,5230,1315, Britannia Treat Jim Jam Rs 10
34384,10716,1315, Britannia Treat Jim Jam Rs 10
34388,10845,10845,Lotus Masala Chaach
34390,10845,10845,Lotus Masala Chaach
34391,10844,10844,Lotus Lassi
34392,10845,10845,Lotus Masala Chaach
34393,10844,10844,Lotus Lassi
34394,10845,10845,Lotus Masala Chaach
34396,10845,10845,Lotus Masala Chaach
34397,10844,10844,Lotus Lassi
34398,10856,10856,Jimmys Classic Lime Lemonade
34399,10856,10856,Jimmys Classic Lime Lemonade
34400,10856,10856,Jimmys Classic Lime Lemonade
34402,10856,10856,Jimmys Classic Lime Lemonade
34405,10856,10856,Jimmys Classic Lime Lemonade
34407,10860,10857,Swizzle Desi Lemonade 
34408,10859,10857,Swizzle Desi Lemonade 
34409,10858,10857,Swizzle Desi Lemonade 
34411,10860,10857,Swizzle Desi Lemonade 
34413,10858,10857,Swizzle Desi Lemonade 
34415,10860,10857,Swizzle Desi Lemonade 
34416,10859,10857,Swizzle Desi Lemonade 
34417,10858,10857,Swizzle Desi Lemonade 
34421,10858,10857,Swizzle Desi Lemonade 
34423,10860,10857,Swizzle Desi Lemonade 
34424,10859,10857,Swizzle Desi Lemonade 
34425,10858,10857,Swizzle Desi Lemonade 
34426,10857,10857,Swizzle Desi Lemonade 
34427,10822,5557,Max Protein Choco Almond Bar Rs 75
34429,10822,5557,Max Protein Choco Almond Bar Rs 75
34431,10822,5557,Max Protein Choco Almond Bar Rs 75
34432,10822,5557,Max Protein Choco Almond Bar Rs 75
34433,10822,5557,Max Protein Choco Almond Bar Rs 75
34434,10822,5557,Max Protein Choco Almond Bar Rs 75
34435,10822,5557,Max Protein Choco Almond Bar Rs 75
34436,493,493,Test Product
34443,0,0,Unknown/Unmapped
34450,10845,10845,Lotus Masala Chaach
34451,10844,10844,Lotus Lassi
34452,10845,10845,Lotus Masala Chaach
34453,10844,10844,Lotus Lassi
34509,9973,2239,Cadbury Chocolate Rs 50
34510,9973,2239,Cadbury Chocolate Rs 50
34529,0,0,Unknown/Unmapped
34532,0,0,Unknown/Unmapped
34538,0,0,Unknown/Unmapped
34569,7392,430,Haldiram's Moong Dal Rs 10 
34582,4554,678,Britannia Bourbon-Rs 10
34583,4039,430,Haldiram's Moong Dal Rs 10 
34594,3823,478,Kit Kat Rs 25
34595,3034,139,Nestle Classic Chocolate 
34600,10640,10539,Sugar Pop SPF Sunscreen Rs 349
34601,10639,10539,Sugar Pop SPF Sunscreen Rs 349
34605,9973,2239,Cadbury Chocolate Rs 50
34618,8034,693,Snickers
34679,10370,4050,Prabhu ji Masala Muri Rs 10
34686,0,0,Unknown/Unmapped
34687,5345,1315, Britannia Treat Jim Jam Rs 10
34691,2527,306,Hazelnut Latte
34692,3388,2412,Nescafe Chilled Latte Rs 45
34693,3387,2412,Nescafe Chilled Latte Rs 45
34694,10884,5097,Kari Kari Chilli Garlic Rs 20
34696,10884,5097,Kari Kari Chilli Garlic Rs 20
34697,10884,5097,Kari Kari Chilli Garlic Rs 20
34698,10884,5097,Kari Kari Chilli Garlic Rs 20
34699,10884,5097,Kari Kari Chilli Garlic Rs 20
34700,10884,5097,Kari Kari Chilli Garlic Rs 20
34701,10884,5097,Kari Kari Chilli Garlic Rs 20
34702,10884,5097,Kari Kari Chilli Garlic Rs 20
34706,2049,766,Amul Rose Lassi Rs 20 
34707,8234,986,Haldiram's Chips Pudina Treat Rs 15 
34708,5339,766,Amul Rose Lassi Rs 20 
34709,3217,430,Haldiram's Moong Dal Rs 10 
34710,1380,430,Haldiram's Moong Dal Rs 10 
34752,10888,8481,Campa Orange Rs 10
34753,10887,8481,Campa Orange Rs 10
34754,10886,8481,Campa Orange Rs 10
34755,10885,8481,Campa Orange Rs 10
34757,10728,8481,Campa Orange Rs 10
34758,8497,8481,Campa Orange Rs 10
34759,8496,8481,Campa Orange Rs 10
34824,10903,10903,Soya Chaap Roll
34825,10902,10902,Veg Afghani Chaap Roll
34826,10901,10901,Idli Vada With Chutney 
34827,10900,10900,Medu wada with coconut chutney 
34829,10897,10897,Tangy And Spicy Mixed Sauce Pasta
34831,10896,10896,Paneer Butter Masala Wrap
34835,10892,10892,Crispy Veg Cutlet
34836,10891,10890,Vada Pav
34837,10890,10890,Vada Pav
34850,0,0,Unknown/Unmapped
34853,5287,678,Britannia Bourbon-Rs 10
34854,8287,8287,Wonderland Foods Almond Roasted & Salted
34855,8288,8287,Wonderland Foods Almond Roasted & Salted
34856,4732,139,Nestle Classic Chocolate 
34857,947,935,Lays - American Style Cream and Onion 
34858,3486,1636,Kurkure Solid Masti Rs 20
34873,0,0,Unknown/Unmapped
34876,9805,126,Coke Regular Pet 250ml Rs 20
34877,1490,125,Fanta Pet 250ml Rs 20
34878,7546,126,Coke Regular Pet 250ml Rs 20
34879,80,80,Cavin's Spiced ButterMilk
34880,73,73,Cavin's Lassi
34881,562,80,Cavin's Spiced ButterMilk
34882,2253,678,Britannia Bourbon-Rs 10
34887,3823,478,Kit Kat Rs 25
34888,5287,678,Britannia Bourbon-Rs 10
34889,10464,290,Kurkure Masala Munch 
34892,0,0,Unknown/Unmapped
34896,0,0,Unknown/Unmapped
34900,10647,1069, Sunfeast Dark Fantasy Choco Fill Cookies Rs 10
34906,0,0,Unknown/Unmapped
34933,10924,7759,Alo Frut Kiwi Alovera Rs 30
34934,0,0,Unknown/Unmapped
34936,6787,139,Nestle Classic Chocolate 
34939,291,291,Lay's American style Cream & Onion Rs 10
34940,599,291,Lay's American style Cream & Onion Rs 10
34941,10845,10845,Lotus Masala Chaach
34942,10844,10844,Lotus Lassi
34943,1241,935,Lays - American Style Cream and Onion 
34949,4954,678,Britannia Bourbon-Rs 10
34989,8145,678,Britannia Bourbon-Rs 10
34990,4504,2412,Nescafe Chilled Latte Rs 45
34992,2239,2239,Cadbury Chocolate Rs 50
35001,0,0,Unknown/Unmapped
35015,10940,10932,Cutlet
35016,10939,10939,Macroni
35017,10936,10936,Pasta
35020,10934,10934,Poha
35021,10933,10933,Fried Rice
35022,10932,10932,Cutlet
35029,0,0,Unknown/Unmapped
35041,0,0,Unknown/Unmapped
35047,844,401,Bingo - Potato Chips Masala
35053,10272,1636,Kurkure Solid Masti Rs 20
35059,8519,935,Lays - American Style Cream and Onion 
35064,0,0,Unknown/Unmapped
35079,130,130,Choco Chips Cookies
35080,4395,935,Lays - American Style Cream and Onion 
35087,0,0,Unknown/Unmapped
35109,10381,3387,Nescafe Intense Cafe 
35118,7054,430,Haldiram's Moong Dal Rs 10 
35129,5939,1315, Britannia Treat Jim Jam Rs 10
35130,10908,1315, Britannia Treat Jim Jam Rs 10
35131,10716,1315, Britannia Treat Jim Jam Rs 10
35133,10514,82,Paper Boat Alphonso Aam Rs 25
35134,7703,46,Paper Boat Coconut Water
35156,3718,1995,Unibic Cashew Badam Cookies Rs 15
35199,0,0,Unknown/Unmapped
35208,0,0,Unknown/Unmapped
35224,7701,82,Paper Boat Alphonso Aam Rs 25
35232,10966,10603,Mens Brief Brekkie M
35236,10977,10603,Mens Brief Brekkie M
35243,10976,10603,Mens Brief Brekkie M
35250,10964,10603,Mens Brief Brekkie M
35251,10979,10603,Mens Brief Brekkie M
35253,10978,10603,Mens Brief Brekkie M
35254,10965,10603,Mens Brief Brekkie M
35259,10967,10603,Mens Brief Brekkie M
35270,8133,3070,Americana  Cheese Cracker Biscuits  Rs 10
35271,6245,5485,Bonn Choco Chip Cookies Rs 10
35276,621,430,Haldiram's Moong Dal Rs 10 
35277,7392,430,Haldiram's Moong Dal Rs 10 
35285,1859,1069, Sunfeast Dark Fantasy Choco Fill Cookies Rs 10
35305,0,0,Unknown/Unmapped
35316,4348,2330,Bikano Bikaneri Bhujia 
35319,0,0,Unknown/Unmapped
35324,11009,11008,Reload Orange Rush Drink 
35325,7107,1170,Haldirams NGP Salted Peanut 
35326,11008,11008,Reload Orange Rush Drink 
35327,11008,11008,Reload Orange Rush Drink 
35328,8874,5351,Puzzles Aloo Bhujia Rs 10
35329,8872,5351,Puzzles Aloo Bhujia Rs 10
35330,8873,5351,Puzzles Aloo Bhujia Rs 10
35331,11008,11008,Reload Orange Rush Drink 
35332,11009,11008,Reload Orange Rush Drink 
35333,11009,11008,Reload Orange Rush Drink 
35334,11008,11008,Reload Orange Rush Drink 
35366,11011,2698,Madras Mixture
35371,2536,261,McVitie's Digestive Biscuits
35372,11022,8481,Campa Orange Rs 10
35373,11021,8481,Campa Orange Rs 10
35374,11019,8481,Campa Orange Rs 10
35375,11020,8481,Campa Orange Rs 10
35391,11023,8287,Wonderland Foods Almond Roasted & Salted
35392,10114,10114,Nutrezy Raisin Omega & Crunch Trail Mix
35393,11023,8287,Wonderland Foods Almond Roasted & Salted
35394,10114,10114,Nutrezy Raisin Omega & Crunch Trail Mix
35395,11026,8287,Wonderland Foods Almond Roasted & Salted
35396,10114,10114,Nutrezy Raisin Omega & Crunch Trail Mix
35397,11024,8287,Wonderland Foods Almond Roasted & Salted
35398,10114,10114,Nutrezy Raisin Omega & Crunch Trail Mix
35399,11025,8287,Wonderland Foods Almond Roasted & Salted
35400,10114,10114,Nutrezy Raisin Omega & Crunch Trail Mix
35401,11025,8287,Wonderland Foods Almond Roasted & Salted
35402,10114,10114,Nutrezy Raisin Omega & Crunch Trail Mix
35403,11025,8287,Wonderland Foods Almond Roasted & Salted
35404,10114,10114,Nutrezy Raisin Omega & Crunch Trail Mix
35406,11026,8287,Wonderland Foods Almond Roasted & Salted
35407,10114,10114,Nutrezy Raisin Omega & Crunch Trail Mix
35428,0,0,Unknown/Unmapped
35431,0,0,Unknown/Unmapped
35445,0,0,Unknown/Unmapped
35467,0,0,Unknown/Unmapped
35468,7115,7112,Cheese & Herbs Corn Chips Rs 20
35496,2704,678,Britannia Bourbon-Rs 10
35497,10908,1315, Britannia Treat Jim Jam Rs 10
35498,5345,1315, Britannia Treat Jim Jam Rs 10
35500,8519,935,Lays - American Style Cream and Onion 
35501,8244,935,Lays - American Style Cream and Onion 
35509,5733,331,Britannia Veg Cake Fruity Fun Rs 20
35513,10956,10603,Mens Brief Brekkie M
35514,10955,10603,Mens Brief Brekkie M
35515,10958,10603,Mens Brief Brekkie M
35516,10974,10603,Mens Brief Brekkie M
35518,10972,10603,Mens Brief Brekkie M
35520,10961,10603,Mens Brief Brekkie M
35521,10960,10603,Mens Brief Brekkie M
35523,10962,10603,Mens Brief Brekkie M
35524,10970,10603,Mens Brief Brekkie M
35525,10969,10603,Mens Brief Brekkie M
35527,10971,10603,Mens Brief Brekkie M
35531,10946,10603,Mens Brief Brekkie M
35533,10942,10603,Mens Brief Brekkie M
35534,10943,10603,Mens Brief Brekkie M
35535,0,0,Unknown/Unmapped
35539,5453,139,Nestle Classic Chocolate 
35542,3347,185,Thums UP CHARGED Rs 20
35543,11041,224,Amul Kool Cafe Rs 30
35544,11044,224,Amul Kool Cafe Rs 30
35576,0,0,Unknown/Unmapped
35577,0,0,Unknown/Unmapped
35578,0,0,Unknown/Unmapped
35583,0,0,Unknown/Unmapped
35607,10716,1315, Britannia Treat Jim Jam Rs 10
35612,0,0,Unknown/Unmapped
35636,3672,130,Choco Chips Cookies
35664,0,0,Unknown/Unmapped
35674,10115,10114,Nutrezy Raisin Omega & Crunch Trail Mix
35684,0,0,Unknown/Unmapped
35687,8949,82,Paper Boat Alphonso Aam Rs 25
35693,1242,1242, Lays Cream & Onion Rs 20
35697,3619,3464,Cabins Rose Lassi Rs 25
35698,2173,2173,Coke Diet Can Rs 40
35699,4412,80,Cavin's Spiced ButterMilk
35700,2717,331,Britannia Veg Cake Fruity Fun Rs 20
35701,2183,1301,Maggi Cuppa Noodles Masala 
35702,5099,5097,Kari Kari Chilli Garlic Rs 20
35703,5097,5097,Kari Kari Chilli Garlic Rs 20
35704,10733,10733,Lemon Breeze Low Sugar Soft Drink 
35705,7709,7088,Dates Bites Sachet Rs 40
35706,1292,1242, Lays Cream & Onion Rs 20
35707,7268,1170,Haldirams NGP Salted Peanut 
35708,1606,1606,BRB Popped Potato Chips Pasta Cheese 
35709,10111,10111,Fabeato Superfood Mix
35711,0,0,Unknown/Unmapped
35712,8271,1608,Makino Nacho Chips Jalapeno 
35713,10227,1608,Makino Nacho Chips Jalapeno 
35714,10734,10734,Watermelon Zing Low Sugar Soft Drink 
35715,5273,5273,Nutrezy Blueberry Granola Bar
35716,10822,10822,Ritebite Choco Almond Protein Bar
35720,8287,8287,Wonderland Foods Almond Roasted & Salted
35722,2026,112,Granola - Berries and Almond
35723,2721,331,Britannia Veg Cake Fruity Fun Rs 20
35724,252,252,Thumps Up Can
35725,2805,1170,Haldirams NGP Salted Peanut 
35727,8280,8280,Lotus Kulfi Badam Milk 
35728,10816,7759,Alo Frut Kiwi Alovera Rs 30
35729,8276,7759,Alo Frut Kiwi Alovera Rs 30
35731,9089,9089,Mountain Tribe Gingerade Kombucha 
35732,7993,815,Britannia Good Day Chocochip Cookies 
35733,7088,7088,Dates Bites Sachet Rs 40
35734,7865,7865,Galaxy Smooth Milk Chocolate Rs 20
35735,7864,4545,Snickers chocolate bar Rs 50
35736,2837,2230,Sunfeast Dark Fantasy Bourbon Rs20
35737,8290,8287,Wonderland Foods Almond Roasted & Salted
35754,1797,1301,Maggi Cuppa Noodles Masala 
35755,1301,1301,Maggi Cuppa Noodles Masala 
35756,9996,9996,Welbe Plain Murukku 
35757,2271,2271,Bingo Mad Angel Very Peri Peri Rs 10
35758,10844,10844,Lotus Lassi
35759,10845,10844,Lotus Lassi
35763,7140,1170,Haldirams NGP Salted Peanut 
35799,9571,430,Haldiram's Moong Dal Rs 10 
35800,9423,430,Haldiram's Moong Dal Rs 10 
35801,6999,430,Haldiram's Moong Dal Rs 10 
35802,5583,109,Real Mixed Fruit Juice Rs 20
35803,3704,109,Real Mixed Fruit Juice Rs 20
35804,1071,430,Haldiram's Moong Dal Rs 10 
35805,7193,1170,Haldirams NGP Salted Peanut 
35806,5957,1170,Haldirams NGP Salted Peanut 
35807,8787,430,Haldiram's Moong Dal Rs 10 
35844,0,0,Unknown/Unmapped
35898,0,0,Unknown/Unmapped
35901,3055,678,Britannia Bourbon-Rs 10
35904,4029,126,Coke Regular Pet 250ml Rs 20
35905,4581,291,Lay's American style Cream & Onion Rs 10
35906,2403,291,Lay's American style Cream & Onion Rs 10
35907,2522,935,Lays - American Style Cream and Onion 
35908,10874,984,Appy 200ml Rs 15
35910,7681,7088,Dates Bites Sachet Rs 40
35919,11096,3146,GOBI PARATHA WITH CURD
35920,11096,3146,GOBI PARATHA WITH CURD
35921,11096,3146,GOBI PARATHA WITH CURD
35933,11097,290,Kurkure Masala Munch 
35935,0,0,Unknown/Unmapped
35940,0,0,Unknown/Unmapped
35955,9878,9878,A2B Seedai Rs 90
35957,3315,2005,Cavins Badam Milkshake 180 ml Rs 50
35958,80,80,Cavin's Spiced ButterMilk
35959,4545,4545,Snickers chocolate bar Rs 50
35960,4360,2456,Unibic Choco Chip Cookies Rs 40
35961,3352,2173,Coke Diet Can Rs 40
35962,1605,831,Too Yumm Veggie Stix  Sour Cream & Onion 
35963,831,831,Too Yumm Veggie Stix  Sour Cream & Onion 
35964,7709,7088,Dates Bites Sachet Rs 40
35965,5614,5614,A2B Mini Murukku 
35966,3716,1606,BRB Popped Potato Chips Pasta Cheese 
35967,1608,1608,Makino Nacho Chips Jalapeno 
35968,6106,815,Britannia Good Day Chocochip Cookies 
35969,9996,9996,Welbe Plain Murukku 
35970,9994,9994,Fit & flex Masala Protein Puffs 
35971,5097,5097,Kari Kari Chilli Garlic Rs 20
35972,8673,1338, Karikari Salt Pepper Rs 50
35973,10845,10844,Lotus Lassi
35974,10844,10844,Lotus Lassi
35975,10109,10109,Fabeato Salt & Pepper Cashews
35976,7681,7088,Dates Bites Sachet Rs 40
35977,9243,291,Lay's American style Cream & Onion Rs 10
35978,10980,2456,Unibic Choco Chip Cookies Rs 40
35979,3718,2456,Unibic Choco Chip Cookies Rs 40
35980,3535,2173,Coke Diet Can Rs 40
35981,4077,2173,Coke Diet Can Rs 40
35983,5557,5557,Max Protein Choco Almond Bar Rs 75
35984,5273,5273,Nutrezy Blueberry Granola Bar
35985,7865,7865,Galaxy Smooth Milk Chocolate Rs 20
35986,9995,9994,Fit & flex Masala Protein Puffs 
35987,8290,8289,Wonderland Foods Pistachios Roasted & Salted Rs 40
35988,2713,331,Britannia Veg Cake Fruity Fun Rs 20
35989,7761,7759,Alo Frut Kiwi Alovera Rs 30
35990,8274,7759,Alo Frut Kiwi Alovera Rs 30
35991,8280,8279,Lotus Thandai Badam Milk 
35992,8279,8279,Lotus Thandai Badam Milk 
35993,9308,9308,Volls Pro Plant Protein Caramel 
35994,1143,1143,Nestle Kit Kat
35995,1797,1301,Maggi Cuppa Noodles Masala 
36035,0,0,Unknown/Unmapped
36036,11105,8287,Wonderland Foods Almond Roasted & Salted
36037,11105,8287,Wonderland Foods Almond Roasted & Salted
36038,3742,164,ThumbsUp Charged - No Sugar
36039,315,164,ThumbsUp Charged - No Sugar
36040,585,185,Thums UP CHARGED Rs 20
36041,2181,185,Thums UP CHARGED Rs 20
36042,164,164,ThumbsUp Charged - No Sugar
36043,3347,185,Thums UP CHARGED Rs 20
36044,252,252,Thumps Up Can
36045,185,185,Thums UP CHARGED Rs 20
36046,3359,3359,Thums up Rs 60 
36047,9805,586,Coke Regular Pop Can Rs 25
36053,3352,2173,Coke Diet Can Rs 40
36054,7531,395,Too Yum- Multigrain Chips
36055,7627,1241, Lays Indian Magic Masala Rs 20
36056,2183,2183,Kit Kat 
36057,1581,331,Britannia Veg Cake Fruity Fun Rs 20
36058,9154,2008,Parle Cakes Vanilla Contains Eggs Rs 40
36060,1605,831,Too Yumm Veggie Stix  Sour Cream & Onion 
36063,3681,541,Too Yumm Karare Munchy Masala Rs 20
36064,5097,5097,Kari Kari Chilli Garlic Rs 20
36065,8673,5097,Kari Kari Chilli Garlic Rs 20
36066,9430,1608,Makino Nacho Chips Jalapeno 
36067,9534,1608,Makino Nacho Chips Jalapeno 
36068,9875,7088,Dates Bites Sachet Rs 40
36069,7681,7088,Dates Bites Sachet Rs 40
36070,10845,10845,Lotus Masala Chaach
36075,0,0,Unknown/Unmapped
36083,0,0,Unknown/Unmapped
36087,8347,8207,Mulberry Zingals Chocolate Slice Cake 
36088,11109,11106,Eat Better Millet Namkeen Desi Masala 
36089,11107,11106,Eat Better Millet Namkeen Desi Masala 
36090,8347,8207,Mulberry Zingals Chocolate Slice Cake 
36091,10018,8207,Mulberry Zingals Chocolate Slice Cake 
36092,11106,11106,Eat Better Millet Namkeen Desi Masala 
36093,10018,8207,Mulberry Zingals Chocolate Slice Cake 
36094,8207,8207,Mulberry Zingals Chocolate Slice Cake 
36095,10018,8207,Mulberry Zingals Chocolate Slice Cake 
36096,8347,8207,Mulberry Zingals Chocolate Slice Cake 
36097,8207,8207,Mulberry Zingals Chocolate Slice Cake 
36098,8207,8207,Mulberry Zingals Chocolate Slice Cake 
36099,11108,11106,Eat Better Millet Namkeen Desi Masala 
36112,3042,290,Kurkure Masala Munch 
36115,5365,395,Too Yum- Multigrain Chips
36126,3700,401,Bingo - Potato Chips Masala
36140,0,0,Unknown/Unmapped
36141,0,0,Unknown/Unmapped
36148,3257,1323,MTR Breakfast Vegetable Upma Rs 25
36155,4478,4478,Act 2 Classic Salted
36156,6978,1170,Haldirams NGP Salted Peanut 
36157,8798,8798,Act 2 Classic Caramel Popcorn Rs 10
36158,6449,3092,Alo Frut Kiwi Rs 30
36159,7138,764,Amul Milk Chocolate Rs 25
36162,5731,430,Haldiram's Moong Dal Rs 10 
36173,0,0,Unknown/Unmapped
36178,0,0,Unknown/Unmapped
36179,1767,1767,Little hearts 75gm
36180,9320,678,Britannia Bourbon-Rs 10
36181,3718,130,Choco Chips Cookies
36182,9954,331,Britannia Veg Cake Fruity Fun Rs 20
36183,7755,678,Britannia Bourbon-Rs 10
36184,4348,2330,Bikano Bikaneri Bhujia 
36185,10908,1315, Britannia Treat Jim Jam Rs 10
36186,7757,1315, Britannia Treat Jim Jam Rs 10
36187,4369,2330,Bikano Bikaneri Bhujia 
36188,4814,59,Tropicana Juice
36190,2527,1301,Maggi Cuppa Noodles Masala 
36191,0,0,Unknown/Unmapped
36202,9415,678,Britannia Bourbon-Rs 10
36213,9415,678,Britannia Bourbon-Rs 10
36232,6725,766,Amul Rose Lassi Rs 20 
36233,10724,10724,Bru Cold Coffee 
36294,5495,5494,Farmley Roasted Makhana Cream And Onion Rs 30
36301,6815,130,Choco Chips Cookies
36302,1768,1767,Little hearts 75gm
36303,11146,11146,Swap Lemon Zing 
36304,11147,11146,Swap Lemon Zing 
36305,11146,11146,Swap Lemon Zing 
36306,0,0,Unknown/Unmapped
36317,3672,130,Choco Chips Cookies
36319,0,0,Unknown/Unmapped
36336,5936,1170,Haldirams NGP Salted Peanut 
36344,11152,11152,Ella Foods Ready To Eat Poha 65g
36347,11153,11153,Ella Foods Ready To Eat Upma 65g
36348,11152,11152,Ella Foods Ready To Eat Poha 65g
36352,11152,11152,Ella Foods Ready To Eat Poha 65g
36356,11154,11154,Ella Foods Salted Almonds
36357,11155,11154,Ella Foods Salted Almonds
36360,11152,11152,Ella Foods Ready To Eat Poha 65g
36365,11152,11152,Ella Foods Ready To Eat Poha 65g
36369,11152,11152,Ella Foods Ready To Eat Poha 65g
36371,11157,11154,Ella Foods Salted Almonds
36372,11158,11154,Ella Foods Salted Almonds
36373,11152,11152,Ella Foods Ready To Eat Poha 65g
36374,0,0,Unknown/Unmapped
36377,11158,11154,Ella Foods Salted Almonds
36378,11156,11154,Ella Foods Salted Almonds
36381,11145,5283,4700BC 100 Corn Chips Salt And Truffle Rs 20
36385,7112,5283,4700BC 100 Corn Chips Salt And Truffle Rs 20
36386,11159,8521,Jameson Ginger Ale Rs 100
36390,6815,2456,Unibic Choco Chip Cookies Rs 40
36391,1768,1768,Unibic fruit & nut 75gm
36393,1452,401,Bingo - Potato Chips Masala
36394,7627,1242, Lays Cream & Onion Rs 20
36396,0,0,Unknown/Unmapped
36397,4673,2330,Bikano Bikaneri Bhujia 
36399,11145,5283,4700BC 100 Corn Chips Salt And Truffle Rs 20
36400,10587,5283,4700BC 100 Corn Chips Salt And Truffle Rs 20
36401,7112,5283,4700BC 100 Corn Chips Salt And Truffle Rs 20
36403,11159,8521,Jameson Ginger Ale Rs 100
36404,11145,5283,4700BC 100 Corn Chips Salt And Truffle Rs 20
36405,10587,5283,4700BC 100 Corn Chips Salt And Truffle Rs 20
36406,7112,5283,4700BC 100 Corn Chips Salt And Truffle Rs 20
36407,11159,8521,Jameson Ginger Ale Rs 100
36408,11145,5283,4700BC 100 Corn Chips Salt And Truffle Rs 20
36410,7112,5283,4700BC 100 Corn Chips Salt And Truffle Rs 20
36411,7112,5283,4700BC 100 Corn Chips Salt And Truffle Rs 20
36412,10587,5283,4700BC 100 Corn Chips Salt And Truffle Rs 20
36413,11145,5283,4700BC 100 Corn Chips Salt And Truffle Rs 20
36414,11159,8521,Jameson Ginger Ale Rs 100
36415,11159,8521,Jameson Ginger Ale Rs 100
36416,7112,5283,4700BC 100 Corn Chips Salt And Truffle Rs 20
36417,10587,5283,4700BC 100 Corn Chips Salt And Truffle Rs 20
36418,11145,5283,4700BC 100 Corn Chips Salt And Truffle Rs 20
36419,11159,8521,Jameson Ginger Ale Rs 100
36420,11145,5283,4700BC 100 Corn Chips Salt And Truffle Rs 20
36421,10587,5283,4700BC 100 Corn Chips Salt And Truffle Rs 20
36422,7112,5283,4700BC 100 Corn Chips Salt And Truffle Rs 20
36424,11159,8521,Jameson Ginger Ale Rs 100
36425,11145,5283,4700BC 100 Corn Chips Salt And Truffle Rs 20
36428,11159,8521,Jameson Ginger Ale Rs 100
36429,7113,5283,4700BC 100 Corn Chips Salt And Truffle Rs 20
36430,7112,5283,4700BC 100 Corn Chips Salt And Truffle Rs 20
36431,0,0,Unknown/Unmapped
36432,11145,5283,4700BC 100 Corn Chips Salt And Truffle Rs 20
36437,2349,430,Haldiram's Moong Dal Rs 10 
36460,0,0,Unknown/Unmapped
36481,6850,109,Real Mixed Fruit Juice Rs 20
36483,11174,11171,Superyou Multigrain Super Masala Chips 40
36484,11173,11171,Superyou Multigrain Super Masala Chips 40
36486,11172,11171,Superyou Multigrain Super Masala Chips 40
36488,11172,11171,Superyou Multigrain Super Masala Chips 40
36489,11172,11171,Superyou Multigrain Super Masala Chips 40
36490,11171,11171,Superyou Multigrain Super Masala Chips 40
36491,11171,11171,Superyou Multigrain Super Masala Chips 40
36492,11172,11171,Superyou Multigrain Super Masala Chips 40
36493,11171,11171,Superyou Multigrain Super Masala Chips 40
36494,11173,11171,Superyou Multigrain Super Masala Chips 40
36497,11173,11171,Superyou Multigrain Super Masala Chips 40
36498,11171,11171,Superyou Multigrain Super Masala Chips 40
36499,11172,11171,Superyou Multigrain Super Masala Chips 40
36500,11172,11171,Superyou Multigrain Super Masala Chips 40
36501,11171,11171,Superyou Multigrain Super Masala Chips 40
36502,0,0,Unknown/Unmapped
36503,11176,10390,Sweet Karam Coffee Madras Mixture
36504,11177,10390,Sweet Karam Coffee Madras Mixture
36505,10390,10390,Sweet Karam Coffee Madras Mixture
36506,11178,11178,Sweet Karam Coffee Potato Chips 30g
36507,11179,10390,Sweet Karam Coffee Madras Mixture
36508,10390,10390,Sweet Karam Coffee Madras Mixture
36509,11180,11178,Sweet Karam Coffee Potato Chips 30g
36510,11176,10390,Sweet Karam Coffee Madras Mixture
36515,0,0,Unknown/Unmapped
36516,8274,7759,Alo Frut Kiwi Alovera Rs 30
36517,7759,7759,Alo Frut Kiwi Alovera Rs 30
36518,9652,9652,BRB Shortcuts Classic Wafer Bites 
36519,10822,10822,Ritebite Choco Almond Protein Bar
36520,815,815,Britannia Good Day Chocochip Cookies 
36521,8287,8287,Wonderland Foods Almond Roasted & Salted
36523,8288,8287,Wonderland Foods Almond Roasted & Salted
36524,10696,10696,Insta Ahaar Classic Masala Poha 
36525,8596,8596,Alo Frut Coconut Water 
36526,694,694,Frooti 
36527,7757,815,Britannia Good Day Chocochip Cookies 
36528,10844,10844,Lotus Lassi
36529,8280,8279,Lotus Thandai Badam Milk 
36530,8279,8279,Lotus Thandai Badam Milk 
36531,5512,691,Britannia Chocolate Shake Rs 30 
36533,3468,831,Too Yumm Veggie Stix  Sour Cream & Onion 
36534,10129,10129,Roasty Tasty Millet Upma Rs 80
36535,4941,4941,Sprite Can 
36536,2574,252,Thumps Up Can
36537,3535,2173,Coke Diet Can Rs 40
36538,10296,9994,Fit & flex Masala Protein Puffs 
36539,9994,9994,Fit & flex Masala Protein Puffs 
36540,4732,1143,Nestle Kit Kat
36562,0,0,Unknown/Unmapped
36563,10761,678,Britannia Bourbon-Rs 10
36571,4409,140,Cadbury Dairy Milk Rs 20
36596,0,0,Unknown/Unmapped
36613,5940,1170,Haldirams NGP Salted Peanut 
36618,4357,1170,Haldirams NGP Salted Peanut 
36624,0,0,Unknown/Unmapped
36628,7115,7112,Cheese & Herbs Corn Chips Rs 20
36629,2385,1606,BRB Popped Potato Chips Pasta Cheese 
36630,1606,1606,BRB Popped Potato Chips Pasta Cheese 
36631,10163,10163,Lotus Cold Coffee Classic 
36632,5419,261,McVitie's Digestive Biscuits
36634,0,0,Unknown/Unmapped
36635,512,46,Paper Boat Coconut Water
36636,7694,82,Paper Boat Alphonso Aam Rs 25
36637,10457,82,Paper Boat Alphonso Aam Rs 25
36638,10459,82,Paper Boat Alphonso Aam Rs 25
36639,10514,82,Paper Boat Alphonso Aam Rs 25
36640,8949,82,Paper Boat Alphonso Aam Rs 25
36641,11171,11171,Superyou Multigrain Super Masala Chips 40
36642,11194,10321,Superyou Strawberry Wafer Bar
36644,0,0,Unknown/Unmapped
36652,5188,130,Choco Chips Cookies
36653,7755,678,Britannia Bourbon-Rs 10
36654,4381,678,Britannia Bourbon-Rs 10
36669,0,0,Unknown/Unmapped
36683,3315,73,Cavin's Lassi
36688,3938,95,Parle Appy Rs 10
36689,8213,95,Parle Appy Rs 10
36690,1089,95,Parle Appy Rs 10
36691,4331,95,Parle Appy Rs 10
36692,4183,95,Parle Appy Rs 10
36693,7203,290,Kurkure Masala Munch 
36694,8340,8340,Heritage Aone Spiced Buttermilk Rs 20
36695,10519,224,Amul Kool Cafe Rs 30
36696,11206,224,Amul Kool Cafe Rs 30
36710,6254,6254,Hell Energy Drink 
36731,0,0,Unknown/Unmapped
36754,7393,95,Parle Appy Rs 10
36755,2769,2769,Amul Kool Badam Milk Shake Rs 40
36756,4005,3083,Amul Kool Koko Chocolate Rs 35
36757,8281,8279,Lotus Thandai Badam Milk 
36759,4252,2330,Bikano Bikaneri Bhujia 
36761,3729,282,Too Yumm Veggie Stix Cheese & Herbs Rs 20
36762,6688,395,Too Yum- Multigrain Chips
36763,2880,1091,Max Protein Desi Masala  Rs 40
36764,11176,10390,Sweet Karam Coffee Madras Mixture
36765,2308,1032,Snickers Rs 40
36766,10706,5283,4700BC 100 Corn Chips Salt And Truffle Rs 20
36774,11008,11008,Reload Orange Rush Drink 
36775,984,984,Appy 200ml Rs 15
36780,7694,82,Paper Boat Alphonso Aam Rs 25
36781,10459,82,Paper Boat Alphonso Aam Rs 25
36783,0,0,Unknown/Unmapped
36787,3588,1608,Makino Nacho Chips Jalapeno 
36788,3589,1608,Makino Nacho Chips Jalapeno 
36789,10703,10697,Insta Ahaar Cuppa Classic Masala Poha 
36790,5099,5097,Kari Kari Chilli Garlic Rs 20
36791,9651,1606,BRB Popped Potato Chips Pasta Cheese 
36792,5269,1315, Britannia Treat Jim Jam Rs 10
36793,10109,10109,Fabeato Salt & Pepper Cashews
36795,3466,282,Too Yumm Veggie Stix Cheese & Herbs Rs 20
36796,10323,10321,Superyou Strawberry Wafer Bar
36797,10321,10321,Superyou Strawberry Wafer Bar
36798,1885,1606,BRB Popped Potato Chips Pasta Cheese 
36799,2188,1606,BRB Popped Potato Chips Pasta Cheese 
36800,7681,7088,Dates Bites Sachet Rs 40
36801,2504,130,Choco Chips Cookies
36802,11008,11008,Reload Orange Rush Drink 
36803,11025,8287,Wonderland Foods Almond Roasted & Salted
36804,10085,5453,Nestle KitKat 
36805,10114,10114,Nutrezy Raisin Omega & Crunch Trail Mix
36806,5098,5097,Kari Kari Chilli Garlic Rs 20
36807,4127,1301,Maggi Cuppa Noodles Masala 
36808,2452,130,Choco Chips Cookies
36809,9090,9089,Mountain Tribe Gingerade Kombucha 
36810,10860,10857,Swizzle Desi Lemonade 
36811,10859,10857,Swizzle Desi Lemonade 
36813,8281,8279,Lotus Thandai Badam Milk 
36815,8291,8287,Wonderland Foods Almond Roasted & Salted
36818,7113,5283,4700BC 100 Corn Chips Salt And Truffle Rs 20
36819,5283,5283,4700BC 100 Corn Chips Salt And Truffle Rs 20
36820,8296,8287,Wonderland Foods Almond Roasted & Salted
36821,4856,1315, Britannia Treat Jim Jam Rs 10
36822,1956,663,Britannia Veg Cake Chocolate Rs 20
36823,3699,691,Britannia Chocolate Shake Rs 30 
36824,4504,2412,Nescafe Chilled Latte Rs 45
36825,10845,10845,Lotus Masala Chaach
36875,493,493,Test Product
36879,0,0,Unknown/Unmapped
36895,493,493,Test Product
36896,11192,493,Test Product
36897,7421,7421,Hustle Energy Drink Rs 60
36898,2352,282,Too Yumm Veggie Stix Cheese & Herbs Rs 20
36913,0,0,Unknown/Unmapped
36914,10108,10108,Wellbe Ribbon Pakoda
36915,4352,430,Haldiram's Moong Dal Rs 10 
36924,0,0,Unknown/Unmapped
36942,10817,3092,Alo Frut Kiwi Rs 30
36943,3114,3092,Alo Frut Kiwi Rs 30
36944,11025,8287,Wonderland Foods Almond Roasted & Salted
36953,3468,282,Too Yumm Veggie Stix Cheese & Herbs Rs 20
36955,9534,1608,Makino Nacho Chips Jalapeno 
36958,10457,82,Paper Boat Alphonso Aam Rs 25
36959,10514,82,Paper Boat Alphonso Aam Rs 25
36960,10590,82,Paper Boat Alphonso Aam Rs 25
36961,231,82,Paper Boat Alphonso Aam Rs 25
36962,10459,82,Paper Boat Alphonso Aam Rs 25
36966,4327,1383,Nestle Kitkat Rs 10
36967,0,0,Unknown/Unmapped
36968,11242,395,Too Yum- Multigrain Chips
36969,8299,395,Too Yum- Multigrain Chips
36970,0,0,Unknown/Unmapped
36976,6285,5351,Puzzles Aloo Bhujia Rs 10
36977,4356,2239,Cadbury Chocolate Rs 50
36990,11242,395,Too Yum- Multigrain Chips
36991,1989,395,Too Yum- Multigrain Chips
36992,11243,395,Too Yum- Multigrain Chips
37013,2456,2456,Unibic Choco Chip Cookies Rs 40
37014,3001,2456,Unibic Choco Chip Cookies Rs 40
37015,11145,11145,4700 BC Salted Classic Popcorn
37017,11008,11008,Reload Orange Rush Drink 
37022,8289,8289,Wonderland Foods Pistachios Roasted & Salted Rs 40
37023,3464,73,Cavin's Lassi
37024,1638,80,Cavin's Spiced ButterMilk
37025,2914,318,Coke Zero
37026,3033,252,Thumps Up Can
37027,1230,929,Sprite750ml
37033,10856,10856,Jimmys Classic Lime Lemonade
37035,11251,10724,Bru Cold Coffee 
37036,11252,11252,Boost Ready To Drink 180 ML
37037,0,0,Unknown/Unmapped
37038,11252,11252,Boost Ready To Drink 180 ML
37039,11251,10724,Bru Cold Coffee 
37040,11251,10724,Bru Cold Coffee 
37041,11252,11252,Boost Ready To Drink 180 ML
37042,11251,11251,Bru Cold Coffee 200 ML
37043,11252,11252,Boost Ready To Drink 180 ML
37044,11251,10724,Bru Cold Coffee 
37045,11252,11252,Boost Ready To Drink 180 ML
37046,11251,10724,Bru Cold Coffee 
37047,11252,11252,Boost Ready To Drink 180 ML
37048,11251,10724,Bru Cold Coffee 
37049,11252,11252,Boost Ready To Drink 180 ML
37050,11251,10724,Bru Cold Coffee 
37051,11252,11252,Boost Ready To Drink 180 ML
37052,11251,11251,Bru Cold Coffee 200 ML
37053,11252,11252,Boost Ready To Drink 180 ML
37054,11251,10724,Bru Cold Coffee 
37055,11252,11252,Boost Ready To Drink 180 ML
37056,3845,693,Snickers
37057,4068,3092,Alo Frut Kiwi Rs 30
37059,0,0,Unknown/Unmapped
37063,10587,7112,Cheese & Herbs Corn Chips Rs 20
37074,1823,678,Britannia Bourbon-Rs 10
37075,0,0,Unknown/Unmapped
37084,0,0,Unknown/Unmapped
37098,5186,395,Too Yum- Multigrain Chips
37124,0,0,Unknown/Unmapped
37140,7113,5283,4700BC 100 Corn Chips Salt And Truffle Rs 20
37141,10706,5283,4700BC 100 Corn Chips Salt And Truffle Rs 20
37143,0,0,Unknown/Unmapped
37148,9560,9560,Paneer Mayo Sandwich 
37149,9563,9563,Coleslaw Sandwich SPL 
37151,9558,9558,Corn Makhani Sauce Sandwich 
37152,3886,2069,Veggie Mustard Sauce Sandwich
37156,0,0,Unknown/Unmapped
37167,3466,541,Too Yumm Karare Munchy Masala Rs 20
37168,7404,7404,A2b Seedai 
37170,9197,7483,Farmley Achaari Munchies Rs 20
37172,3679,541,Too Yumm Karare Munchy Masala Rs 20
37175,2981,691,Britannia Chocolate Shake Rs 30 
37178,4552,3114,Alo Frut Guava Rs 30
37180,2304,2276,Snicker Rs 45
37182,3466,395,Too Yum- Multigrain Chips
37183,5955,691,Britannia Chocolate Shake Rs 30 
37184,11208,395,Too Yum- Multigrain Chips
37185,4333,1054,Cavins Strawberry Milk Shake Rs 35
37187,1606,1606,BRB Popped Potato Chips Pasta Cheese 
37188,2091,2091,Maggi Masala Cuppa Noodles 
37189,7702,4638,Paper Boat Dry Fruit Chikki Rs 30
37192,8671,1338, Karikari Salt Pepper Rs 50
37193,3407,130,Choco Chips Cookies
37194,816,130,Choco Chips Cookies
37195,3316,130,Choco Chips Cookies
37196,2173,115,Coke Diet Can Rs 35
37197,115,115,Coke Diet Can Rs 35
37198,8276,3114,Alo Frut Guava Rs 30
37200,5158,73,Cavin's Lassi
37201,7704,2501,ThumsUp Can Rs 60
37204,7088,7088,Dates Bites Sachet Rs 40
37206,5272,5272,Nutrezy Almond Cranberry Crunchy Bar
37207,2406,1143,Nestle Kit Kat
37216,0,0,Unknown/Unmapped
37217,0,0,Unknown/Unmapped
37267,7700,401,Bingo - Potato Chips Masala
37269,11275,11274,Millet Bank Chilli Chataka Stix
37270,11274,11274,Millet Bank Chilli Chataka Stix
37271,11275,11274,Millet Bank Chilli Chataka Stix
37272,11275,11274,Millet Bank Chilli Chataka Stix
37273,11276,11274,Millet Bank Chilli Chataka Stix
37274,11276,11274,Millet Bank Chilli Chataka Stix
37275,11274,11274,Millet Bank Chilli Chataka Stix
37276,11274,11274,Millet Bank Chilli Chataka Stix
37277,11274,11274,Millet Bank Chilli Chataka Stix
37278,3316,130,Choco Chips Cookies
37280,6045,2696,Masala Peanut 
37281,11287,2696,Masala Peanut 
37282,2706,2696,Masala Peanut 
37283,6044,2696,Masala Peanut 
37285,11288,2696,Masala Peanut 
37309,0,0,Unknown/Unmapped
37310,5996,130,Choco Chips Cookies
37311,11289,11289,Yogritu Daily Boost
37312,11289,11289,Yogritu Daily Boost
37317,3853,38,Amul Masti Buttermilk Rs 10
37318,6517,38,Amul Masti Buttermilk Rs 10
37347,9571,430,Haldiram's Moong Dal Rs 10 
37348,3469,764,Amul Milk Chocolate Rs 25
37349,1985,764,Amul Milk Chocolate Rs 25
37350,4496,769,Cadbury Dairy Milk Rs.10
37351,2531,430,Haldiram's Moong Dal Rs 10 
37352,3936,430,Haldiram's Moong Dal Rs 10 
37353,4187,126,Coke Regular Pet 250ml Rs 20
37354,2067,678,Britannia Bourbon-Rs 10
37355,146,109,Real Mixed Fruit Juice Rs 20
37356,1333,109,Real Mixed Fruit Juice Rs 20
37357,1073,109,Real Mixed Fruit Juice Rs 20
37358,7546,126,Coke Regular Pet 250ml Rs 20
37359,2705,678,Britannia Bourbon-Rs 10
37360,9423,430,Haldiram's Moong Dal Rs 10 
37361,10279,430,Haldiram's Moong Dal Rs 10 
37362,9572,430,Haldiram's Moong Dal Rs 10 
37363,4776,678,Britannia Bourbon-Rs 10
37365,10884,5097,Kari Kari Chilli Garlic Rs 20
37366,11145,5283,4700BC 100 Corn Chips Salt And Truffle Rs 20
37367,11152,11152,Ella Foods Ready To Eat Poha 65g
37368,11106,11106,Eat Better Millet Namkeen Desi Masala 
37369,80,80,Cavin's Spiced ButterMilk
37370,73,73,Cavin's Lassi
37371,11173,11171,Superyou Multigrain Super Masala Chips 40
37390,11030,11030,Jimmys Blueberry Lemonade 
37391,11159,8521,Jameson Ginger Ale Rs 100
37392,8521,8521,Jameson Ginger Ale Rs 100
37393,9308,9308,Volls Pro Plant Protein Caramel 
37395,5345,1315, Britannia Treat Jim Jam Rs 10
37396,0,0,Unknown/Unmapped
37403,3687,694,Frooti 
37414,11295,7112,Cheese & Herbs Corn Chips Rs 20
37416,10706,5283,4700BC 100 Corn Chips Salt And Truffle Rs 20
37417,4381,678,Britannia Bourbon-Rs 10
37418,7755,678,Britannia Bourbon-Rs 10
37419,11295,7112,Cheese & Herbs Corn Chips Rs 20
37420,11295,7112,Cheese & Herbs Corn Chips Rs 20
37421,11295,9912,4700 BC Sea Salt Protein Pops 
37423,0,0,Unknown/Unmapped
37490,5102,891,RiteBite Peanut Butter
37491,10586,10586,Ritebite Melting Chocolate 
37493,2706,2696,Masala Peanut 
37496,6402,678,Britannia Bourbon-Rs 10
37497,10115,10114,Nutrezy Raisin Omega & Crunch Trail Mix
37503,1966,1467, Snickers Fruit & Nut Rs 50
37521,3742,164,ThumbsUp Charged - No Sugar
37525,4084,80,Cavin's Spiced ButterMilk
37532,0,0,Unknown/Unmapped
37536,10698,10698,Insta Ahaar Cuppa Masala Oats 
37537,10696,10696,Insta Ahaar Classic Masala Poha 
37540,0,0,Unknown/Unmapped
37549,0,0,Unknown/Unmapped
37564,4515,904,Galaxy Milk Chocolate Rs.70
37569,0,0,Unknown/Unmapped
37572,6366,290,Kurkure Masala Munch 
37576,2421,935,Lays - American Style Cream and Onion 
37577,10865,2239,Cadbury Chocolate Rs 50
37578,11176,10390,Sweet Karam Coffee Madras Mixture
37579,11295,7112,Cheese & Herbs Corn Chips Rs 20
37583,3920,478,Kit Kat Rs 25
37584,3920,478,Kit Kat Rs 25
37586,3920,478,Kit Kat Rs 25
37587,4732,1383,Nestle Kitkat Rs 10
37594,9598,831,Too Yumm Veggie Stix  Sour Cream & Onion 
37599,4728,291,Lay's American style Cream & Onion Rs 10
37607,1292,291,Lay's American style Cream & Onion Rs 10
37608,0,0,Unknown/Unmapped
37618,10697,10697,Insta Ahaar Cuppa Classic Masala Poha 
37620,10706,5283,4700BC 100 Corn Chips Salt And Truffle Rs 20
37621,0,0,Unknown/Unmapped
37629,0,0,Unknown/Unmapped
37633,0,0,Unknown/Unmapped
37634,0,0,Unknown/Unmapped
37642,0,0,Unknown/Unmapped
37658,2580,1069, Sunfeast Dark Fantasy Choco Fill Cookies Rs 10
37661,8521,8521,Jameson Ginger Ale Rs 100
37662,11159,8521,Jameson Ginger Ale Rs 100
37665,8668,8668,Britannia Good Day Cashew Cookies 
37666,11152,11152,Ella Foods Ready To Eat Poha 65g
37667,11252,11252,Boost Ready To Drink 180 ML
37668,11251,11251,Bru Cold Coffee 200 ML
37669,11274,11274,Millet Bank Chilli Chataka Stix
37671,11145,7112,Cheese & Herbs Corn Chips Rs 20
37672,7112,7112,Cheese & Herbs Corn Chips Rs 20
37673,11172,11171,Superyou Multigrain Super Masala Chips 40
37674,11171,11171,Superyou Multigrain Super Masala Chips 40
37678,6813,678,Britannia Bourbon-Rs 10
37680,794,794,Britannia Little Hearts
37681,7678,395,Too Yum- Multigrain Chips
37682,1989,395,Too Yum- Multigrain Chips
37683,2923,395,Too Yum- Multigrain Chips
37685,3580,282,Too Yumm Veggie Stix Cheese & Herbs Rs 20
37686,6688,282,Too Yumm Veggie Stix Cheese & Herbs Rs 20
37687,7678,282,Too Yumm Veggie Stix Cheese & Herbs Rs 20
37688,2079,430,Haldiram's Moong Dal Rs 10 
37689,3489,430,Haldiram's Moong Dal Rs 10 
37693,2116,1170,Haldirams NGP Salted Peanut 
37695,3467,282,Too Yumm Veggie Stix Cheese & Herbs Rs 20
37696,2454,1170,Haldirams NGP Salted Peanut 
37697,10706,5283,4700BC 100 Corn Chips Salt And Truffle Rs 20
37710,0,0,Unknown/Unmapped
37721,5198,147,Snickers Rs 35
37722,3721,290,Kurkure Masala Munch 
37724,3942,769,Cadbury Dairy Milk Rs.10
37725,9572,430,Haldiram's Moong Dal Rs 10 
37726,9423,430,Haldiram's Moong Dal Rs 10 
37727,9748,430,Haldiram's Moong Dal Rs 10 
37728,1172,430,Haldiram's Moong Dal Rs 10 
37731,11357,5165,Masala Diet Chidwa spicy Special Rs 20
37732,11358,5165,Masala Diet Chidwa spicy Special Rs 20
37733,11355,1069, Sunfeast Dark Fantasy Choco Fill Cookies Rs 10
37734,11356,1069, Sunfeast Dark Fantasy Choco Fill Cookies Rs 10
37737,11355,1069, Sunfeast Dark Fantasy Choco Fill Cookies Rs 10
37738,11356,1069, Sunfeast Dark Fantasy Choco Fill Cookies Rs 10
37746,2152,678,Britannia Bourbon-Rs 10
37747,4309,291,Lay's American style Cream & Onion Rs 10
37748,714,291,Lay's American style Cream & Onion Rs 10
37750,0,0,Unknown/Unmapped
37751,7048,1482,Parle Agro Appy Fizz 
37760,11274,11274,Millet Bank Chilli Chataka Stix
37763,1859,1069, Sunfeast Dark Fantasy Choco Fill Cookies Rs 10
37764,1860,1069, Sunfeast Dark Fantasy Choco Fill Cookies Rs 10
37771,1315,1315, Britannia Treat Jim Jam Rs 10
37772,11174,11171,Superyou Multigrain Super Masala Chips 40
37773,5454,5454,Kurkure Lehar Mast Masala Rs 25
37775,3237,3237,Lays Wavy Cream and onion Rs 25 
37777,11367,703,Home Style Macroni
37778,11366,9024,Kadi Pakora With Steamed Rice 
37779,11365,9029,Matar Kulcha Sandwich 
37780,11364,9029,Matar Kulcha Sandwich 
37781,9029,9029,Matar Kulcha Sandwich 
37782,703,703,Home Style Macroni
37794,0,0,Unknown/Unmapped
37809,11276,11274,Millet Bank Chilli Chataka Stix
37811,1323,1323,MTR Breakfast Vegetable Upma Rs 25
37822,9762,493,Test Product
37826,10337,147,Snickers Rs 35
37829,10337,147,Snickers Rs 35
37830,11389,11388,Lets Try Aloo Bhujia 
37832,11388,11388,Lets Try Aloo Bhujia 
37833,11388,11388,Lets Try Aloo Bhujia 
37834,11391,11388,Lets Try Aloo Bhujia 
37835,11389,11388,Lets Try Aloo Bhujia 
37836,11392,11388,Lets Try Aloo Bhujia 
37837,11390,11388,Lets Try Aloo Bhujia 
37838,11393,11393,Lets Try Salted Popcorn 
37839,11390,11388,Lets Try Aloo Bhujia 
37853,11358,5165,Masala Diet Chidwa spicy Special Rs 20
37854,0,0,Unknown/Unmapped
37864,1120,1120,Fanta Can 
37865,7698,115,Coke Diet Can Rs 35
37878,0,0,Unknown/Unmapped
37901,0,0,Unknown/Unmapped
37922,2349,430,Haldiram's Moong Dal Rs 10 
37930,11412,11411,Heat Omatic Upma 
37935,11411,11411,Heat Omatic Upma 
37936,11412,11411,Heat Omatic Upma 
37963,0,0,Unknown/Unmapped
37975,11208,395,Too Yum- Multigrain Chips
37981,11208,395,Too Yum- Multigrain Chips
37982,5620,395,Too Yum- Multigrain Chips
37983,6981,395,Too Yum- Multigrain Chips
37986,5972,401,Bingo - Potato Chips Masala
37992,11434,11434,Paneer Paratha 
37993,11433,11433,Coleslaw Sandwich 
37994,11432,11431,Stuffed Bread Roll
37995,11431,11431,Stuffed Bread Roll
38013,0,0,Unknown/Unmapped
38014,0,0,Unknown/Unmapped
38015,0,0,Unknown/Unmapped
38046,7848,395,Too Yum- Multigrain Chips
38048,3853,38,Amul Masti Buttermilk Rs 10
38049,11389,11388,Lets Try Aloo Bhujia 
38050,1241,935,Lays - American Style Cream and Onion 
38065,1315,678,Britannia Bourbon-Rs 10
38066,1960,678,Britannia Bourbon-Rs 10
38067,10390,10390,Sweet Karam Coffee Madras Mixture
38068,8244,935,Lays - American Style Cream and Onion 
38069,831,282,Too Yumm Veggie Stix Cheese & Herbs Rs 20
38079,11295,7112,Cheese & Herbs Corn Chips Rs 20
38084,8194,663,Britannia Veg Cake Chocolate Rs 20
38085,4551,395,Too Yum- Multigrain Chips
38114,0,0,Unknown/Unmapped
38116,0,0,Unknown/Unmapped
38128,0,0,Unknown/Unmapped
38139,3096,3096,Alo Frut Coconut Water Rs 50
38140,3687,694,Frooti 
38141,10865,2239,Cadbury Chocolate Rs 50
38148,4791,291,Lay's American style Cream & Onion Rs 10
38162,11453,3053,Swashray Rava Besan Gathiya Rs 15
38175,0,0,Unknown/Unmapped
38203,10232,10232,Type C A320
38204,10230,10230,Bassheads 100 Black
38205,10231,10231,EnergyShroom PB300 Lite Carbon Black
38210,3493,1315, Britannia Treat Jim Jam Rs 10
38211,4550,282,Too Yumm Veggie Stix Cheese & Herbs Rs 20
38223,0,0,Unknown/Unmapped
38225,2174,185,Thums UP CHARGED Rs 20
38230,4582,290,Kurkure Masala Munch 
38231,4721,691,Britannia Chocolate Shake Rs 30 
38232,2879,318,Coke Zero
38234,2186,1120,Fanta Can 
38235,2081,126,Coke Regular Pet 250ml Rs 20
38244,9786,2330,Bikano Bikaneri Bhujia 
38268,0,0,Unknown/Unmapped
38279,0,0,Unknown/Unmapped
38280,0,0,Unknown/Unmapped
38281,0,0,Unknown/Unmapped
38282,0,0,Unknown/Unmapped
38283,0,0,Unknown/Unmapped
38284,0,0,Unknown/Unmapped
38285,0,0,Unknown/Unmapped
38286,0,0,Unknown/Unmapped
38287,0,0,Unknown/Unmapped
38325,3989,1315, Britannia Treat Jim Jam Rs 10
38326,10231,10231,EnergyShroom PB300 Lite Carbon Black
38327,10230,10230,Bassheads 100 Black
38336,4582,4582,Kurkure
38337,3735,252,Thumps Up Can
38338,4287,831,Too Yumm Veggie Stix  Sour Cream & Onion 
38339,4117,1242, Lays Cream & Onion Rs 20
38340,4201,1242, Lays Cream & Onion Rs 20
38343,0,0,Unknown/Unmapped
38344,11158,11158,Ella Foods Chilli Lime Cashew 
38345,10114,10114,Nutrezy Raisin Omega & Crunch Trail Mix
38346,11295,11295,Himalayan Salt Caramel Popcorn
38348,5996,2456,Unibic Choco Chip Cookies Rs 40
38349,11009,11008,Reload Orange Rush Drink 
38350,10884,5097,Kari Kari Chilli Garlic Rs 20
38351,7112,7112,Cheese & Herbs Corn Chips Rs 20
38352,8521,8521,Jameson Ginger Ale Rs 100
38353,10390,10390,Sweet Karam Coffee Madras Mixture
38354,11173,11173,SuperYou Cheese & Tomato Multigrain Chips
38355,8207,8207,Mulberry Zingals Chocolate Slice Cake 
38356,11275,11274,Millet Bank Chilli Chataka Stix
38357,6045,2698,Madras Mixture
38358,11287,2698,Madras Mixture
38359,11251,11251,Bru Cold Coffee 200 ML
38360,11252,11252,Boost Ready To Drink 180 ML
38362,11392,11392,Lets Try Kettle Peanut Party Mix 
38365,6204,5502,Amul Kool Cafe 
38366,9284,5502,Amul Kool Cafe 
38367,1120,1120,Fanta Can 
38379,0,0,Unknown/Unmapped
38380,0,0,Unknown/Unmapped
38381,0,0,Unknown/Unmapped
38384,0,0,Unknown/Unmapped
38385,0,0,Unknown/Unmapped
38388,0,0,Unknown/Unmapped
38390,10734,10733,Lemon Breeze Low Sugar Soft Drink 
38391,10733,10733,Lemon Breeze Low Sugar Soft Drink 
38429,10232,10232,Type C A320
38435,6575,6575,Dukes Waffy Vanilla Rs 50
38460,0,0,Unknown/Unmapped
38470,4552,3114,Alo Frut Guava Rs 30
38471,10816,3114,Alo Frut Guava Rs 30
38480,9624,9624,BRB Shortcuts Classic Wafer Bites Rs 50
38481,4181,1494,Britannia Treat Croissant Vanilla Rs15
38484,7696,7696,Sprite Can 
38485,4077,115,Coke Diet Can Rs 35
38486,9197,7483,Farmley Achaari Munchies Rs 20
38487,10698,10698,Insta Ahaar Cuppa Masala Oats 
38488,10884,1338, Karikari Salt Pepper Rs 50
38490,1338,1338, Karikari Salt Pepper Rs 50
38492,4401,1143,Nestle Kit Kat
38493,7088,7088,Dates Bites Sachet Rs 40
38494,4858,2276,Snicker Rs 45
38495,3880,3880,Max Protein Daily Choco Almond Bar Rs 175
38496,7758,7758,Britannia Vanilla Drinks 
38498,1547,541,Too Yumm Karare Munchy Masala Rs 20
38501,11179,11179,Sweet Karam Coffee Garlic Murukku Sticks 30g
38502,11295,11295,Himalayan Salt Caramel Popcorn
38503,10018,8207,Mulberry Zingals Chocolate Slice Cake 
38504,4715,1931,Britannia Jim Jam 
38505,1930,1930,Britannia  Good Day Chocochip Cookies Rs 30
38506,5098,1338, Karikari Salt Pepper Rs 50
38507,8671,1338, Karikari Salt Pepper Rs 50
38508,7691,115,Coke Diet Can Rs 35
38509,9945,1883,Parle Cakes Vanilla (Contains Egg) Rs 30
38518,6044,2706,Pepper Sev Rs 10
38519,7406,2706,Pepper Sev Rs 10
38520,5158,73,Cavin's Lassi
38521,3464,3464,Cabins Rose Lassi Rs 25
38523,0,0,Unknown/Unmapped
38530,7099,2330,Bikano Bikaneri Bhujia 
38531,4673,2330,Bikano Bikaneri Bhujia 
38532,6743,663,Britannia Veg Cake Chocolate Rs 20
38544,0,0,Unknown/Unmapped
38545,0,0,Unknown/Unmapped
38547,0,0,Unknown/Unmapped
38549,8218,282,Too Yumm Veggie Stix Cheese & Herbs Rs 20
38554,1074,1069, Sunfeast Dark Fantasy Choco Fill Cookies Rs 10
38555,5270,1069, Sunfeast Dark Fantasy Choco Fill Cookies Rs 10
38556,0,0,Unknown/Unmapped
38566,0,0,Unknown/Unmapped
38567,3703,59,Tropicana Juice
38569,4753,59,Tropicana Juice
38570,2253,678,Britannia Bourbon-Rs 10
38571,4501,291,Lay's American style Cream & Onion Rs 10
38572,2403,291,Lay's American style Cream & Onion Rs 10
38573,4791,291,Lay's American style Cream & Onion Rs 10
38574,2421,291,Lay's American style Cream & Onion Rs 10
38575,2186,1120,Fanta Can 
38589,252,252,Thumps Up Can
38591,10716,1315, Britannia Treat Jim Jam Rs 10
38592,11507,11507,Budweiser Magnum Beer
38607,8837,4565,Snickers chocolate 
38612,2254,331,Britannia Veg Cake Fruity Fun Rs 20
38613,5092,395,Too Yum- Multigrain Chips
38614,2213,663,Britannia Veg Cake Chocolate Rs 20
38615,11242,395,Too Yum- Multigrain Chips
38616,535,535,Kinley Water Bottle 
38617,11508,11508,Aquafina Water Bottle 
38621,10710,10710,Campa Cola 
38622,10711,10710,Campa Cola 
38623,10712,10710,Campa Cola 
38638,0,0,Unknown/Unmapped
38643,0,0,Unknown/Unmapped
38683,11388,11388,Lets Try Aloo Bhujia 
38684,5420,261,McVitie's Digestive Biscuits
38685,10412,10412,Max Protein Choco Almond Bar
38686,5557,5557,Max Protein Choco Almond Bar Rs 75
38687,7887,4545,Snickers chocolate bar Rs 50
38745,11536,11536,Paneer Roll
38746,11535,11532,Panner Pakora
38747,11534,11532,Panner Pakora
38748,11533,11533,Samosa
38749,11532,11532,Panner Pakora
38750,11531,11531,Veg Cheese Sandwich 
38751,11529,11431,Stuffed Bread Roll
38753,0,0,Unknown/Unmapped
38754,0,0,Unknown/Unmapped
38755,0,0,Unknown/Unmapped
38756,9197,5494,Farmley Roasted Makhana Cream And Onion Rs 30
38766,0,0,Unknown/Unmapped
38771,0,0,Unknown/Unmapped
38772,0,0,Unknown/Unmapped
38776,0,0,Unknown/Unmapped
38826,7115,7112,Cheese & Herbs Corn Chips Rs 20
38832,0,0,Unknown/Unmapped
38877,2252,1668,7up Rs20
38878,9570,430,Haldiram's Moong Dal Rs 10 
38879,7270,430,Haldiram's Moong Dal Rs 10 
38880,0,0,Unknown/Unmapped
38881,3964,678,Britannia Bourbon-Rs 10
38901,9640,401,Bingo - Potato Chips Masala
38913,11566,11008,Reload Orange Rush Drink 
38914,0,0,Unknown/Unmapped
38922,6700,6700,Spinner Energy Drink
38926,11243,395,Too Yum- Multigrain Chips
38927,10018,8207,Mulberry Zingals Chocolate Slice Cake 
38928,11285,80,Cavin's Spiced ButterMilk
38929,7112,5283,4700BC 100 Corn Chips Salt And Truffle Rs 20
38930,11156,11154,Ella Foods Salted Almonds
38931,4333,73,Cavin's Lassi
38932,7577,59,Tropicana Juice
38933,4364,59,Tropicana Juice
38936,5972,401,Bingo - Potato Chips Masala
38939,11243,282,Too Yumm Veggie Stix Cheese & Herbs Rs 20
38987,10115,10114,Nutrezy Raisin Omega & Crunch Trail Mix
38988,11616,11613,Fabeato Korean Kimchi Banana Chips
38989,11295,7112,Cheese & Herbs Corn Chips Rs 20
38990,11616,11613,Fabeato Korean Kimchi Banana Chips
38992,11614,11613,Fabeato Korean Kimchi Banana Chips
38993,11615,11613,Fabeato Korean Kimchi Banana Chips
38994,11617,7112,Cheese & Herbs Corn Chips Rs 20
38995,11615,11613,Fabeato Korean Kimchi Banana Chips
38996,11617,7112,Cheese & Herbs Corn Chips Rs 20
38997,11615,11613,Fabeato Korean Kimchi Banana Chips
38998,3713,1608,Makino Nacho Chips Jalapeno 
38999,11618,7112,Cheese & Herbs Corn Chips Rs 20
39000,11613,11613,Fabeato Korean Kimchi Banana Chips
39001,11618,7112,Cheese & Herbs Corn Chips Rs 20
39002,11613,11613,Fabeato Korean Kimchi Banana Chips
39004,11614,11613,Fabeato Korean Kimchi Banana Chips
39005,11155,11154,Ella Foods Salted Almonds
39006,7113,7112,Cheese & Herbs Corn Chips Rs 20
39007,11618,7112,Cheese & Herbs Corn Chips Rs 20
39008,11628,11628,Veg Mayo Sandwich 1
39009,11627,11627,Veg Sandwich 
39010,11626,11622,Paneer puff
39011,11625,11625,Onion Samosa1
39012,11624,11619,Veg Puff 
39013,11623,11619,Veg Puff 
39014,11622,11622,Paneer puff
39015,11621,11620,Veg Cheese
39016,11620,11620,Veg Cheese
39017,11619,11619,Veg Puff 
39021,2408,172,Cadbury Fruit and Nut 
39022,1104,1104,Haldirams NGP Lite Chiwda Rs 10
39059,11637,11251,Bru Cold Coffee 200 ML
39072,0,0,Unknown/Unmapped
39073,0,0,Unknown/Unmapped
39082,11618,11617,Butter Popcorn Jumbo Pack
39083,9089,9089,Mountain Tribe Gingerade Kombucha 
39084,9090,9089,Mountain Tribe Gingerade Kombucha 
39085,9089,9089,Mountain Tribe Gingerade Kombucha 
39086,9090,9089,Mountain Tribe Gingerade Kombucha 
39087,9089,9089,Mountain Tribe Gingerade Kombucha 
39107,11642,430,Haldiram's Moong Dal Rs 10 
39115,4445,1069, Sunfeast Dark Fantasy Choco Fill Cookies Rs 10
39120,0,0,Unknown/Unmapped
39122,0,0,Unknown/Unmapped
39124,0,0,Unknown/Unmapped
39125,0,0,Unknown/Unmapped
39126,0,0,Unknown/Unmapped
39127,2982,929,Sprite750ml
39128,3286,3286,Limca Rs 40
39144,5201,1636,Kurkure Solid Masti Rs 20
39155,11688,11687,Navratri Singara Atta Burfi 100 gm
39156,11687,11687,Navratri Singara Atta Burfi 100 gm
39157,11686,11686,Navratri Aloo Tikki With Vrat Saunth
39159,11684,11683,Navratri Panner Pakora Vrat Saunth
39160,11683,11683,Navratri Panner Pakora Vrat Saunth
39161,3112,3092,Alo Frut Kiwi Rs 30
39163,0,0,Unknown/Unmapped
39171,11664,11662,Tego Quarter Socks Black Red S TS0512 1
39172,11663,11662,Tego Quarter Socks Black Red S TS0512 1
39173,11662,11662,Tego Quarter Socks Black Red S TS0512 1
39174,11665,11662,Tego Quarter Socks Black Red S TS0512 1
39175,11666,11662,Tego Quarter Socks Black Red S TS0512 1
39176,11667,11662,Tego Quarter Socks Black Red S TS0512 1
39177,11668,11662,Tego Quarter Socks Black Red S TS0512 1
39178,11669,11662,Tego Quarter Socks Black Red S TS0512 1
39179,11670,11662,Tego Quarter Socks Black Red S TS0512 1
39180,11671,11671,Tego Wave Body Towel Black
39181,11672,11671,Tego Wave Body Towel Black
39182,11673,11671,Tego Wave Body Towel Black
39183,11674,11662,Tego Quarter Socks Black Red S TS0512 1
39184,11675,11662,Tego Quarter Socks Black Red S TS0512 1
39185,11676,11662,Tego Quarter Socks Black Red S TS0512 1
39186,11677,11677,Tego Rise Bottle 800 ml Black
39187,11678,11677,Tego Rise Bottle 800 ml Black
39188,11681,11677,Tego Rise Bottle 800 ml Black
39189,11682,11682,Tego Mini Loop Resistance Band Black 
39193,5294,401,Bingo - Potato Chips Masala
39194,8850,401,Bingo - Potato Chips Masala
39215,0,0,Unknown/Unmapped
39226,0,0,Unknown/Unmapped
39270,5345,1315, Britannia Treat Jim Jam Rs 10
39273,0,0,Unknown/Unmapped
39275,0,0,Unknown/Unmapped
39281,6787,139,Nestle Classic Chocolate 
39285,0,0,Unknown/Unmapped
39298,0,0,Unknown/Unmapped
39306,11716,11716,Cholai Laddu
39307,11717,11717,Yellow Chips
39308,11718,11718,Salted Potato Chips
39309,11718,11718,Salted Potato Chips
39310,11717,11717,Yellow Chips
39311,11716,11716,Cholai Laddu
39316,0,0,Unknown/Unmapped
39320,10682,10682,The Derma Co Face Serum 30 ml Rs 499
39323,10540,10540,Sugar Pop Satin Matte Lipstick 
39324,10639,10639,Sugar Pop Lipstick Matte Ruby 
39326,10640,10639,Sugar Pop Lipstick Matte Ruby 
39327,10688,10688,Aqualogica Dewy Sunscreen Rs 449
39331,10684,10682,The Derma Co Face Serum 30 ml Rs 499
39332,10680,10680,TDC Salicylic Acid Gel 100 ml
39333,10681,10680,TDC Salicylic Acid Gel 100 ml
39334,10689,10689,Aqualogica Facewash 100ml Rs 249
39335,10685,10685,TDC Kojic Acid Daily Serum 30ml
39336,10686,10685,TDC Kojic Acid Daily Serum 30ml
39337,10683,10683,The Derma Co Niacinamide Serum 30ml Rs 599
39338,10539,10539,Sugar Pop SPF Sunscreen Rs 349
39340,8850,401,Bingo - Potato Chips Masala
39341,10077,401,Bingo - Potato Chips Masala
39394,0,0,Unknown/Unmapped
39423,0,0,Unknown/Unmapped
39424,5549,5549,Clear Water Bottle Rs 10
39428,11732,395,Too Yum- Multigrain Chips
39429,11733,395,Too Yum- Multigrain Chips
39433,11614,11613,Fabeato Korean Kimchi Banana Chips
39434,0,0,Unknown/Unmapped
39438,0,0,Unknown/Unmapped
39439,0,0,Unknown/Unmapped
39462,4381,1494,Britannia Treat Croissant Vanilla Rs15
39518,0,0,Unknown/Unmapped
39519,0,0,Unknown/Unmapped
39521,0,0,Unknown/Unmapped
39529,4551,282,Too Yumm Veggie Stix Cheese & Herbs Rs 20
39530,1074,1069, Sunfeast Dark Fantasy Choco Fill Cookies Rs 10
39531,10647,1069, Sunfeast Dark Fantasy Choco Fill Cookies Rs 10
39542,3096,3096,Alo Frut Coconut Water Rs 50
39544,10298,2239,Cadbury Chocolate Rs 50
39546,7269,430,Haldiram's Moong Dal Rs 10 
39547,1104,430,Haldiram's Moong Dal Rs 10 
39548,8279,8279,Lotus Thandai Badam Milk 
39549,5272,5272,Nutrezy Almond Cranberry Crunchy Bar
39550,9925,9925,Sugar Free Diet Mocha Hazelnut Cookies 
39551,10858,10857,Swizzle Desi Lemonade 
39568,3860,401,Bingo - Potato Chips Masala
39569,5290,401,Bingo - Potato Chips Masala
39580,11768,11768,Kakaji Nimbu Bhujia
39583,0,0,Unknown/Unmapped
39585,0,0,Unknown/Unmapped
39586,10291,10291,Mcaffeine Latte Coffee Face Moisturizer 50ml Rs 449
39609,0,0,Unknown/Unmapped
39613,0,0,Unknown/Unmapped
39614,10464,1636,Kurkure Solid Masti Rs 20
39615,7398,1636,Kurkure Solid Masti Rs 20
39618,0,0,Unknown/Unmapped
39737,11172,11171,Superyou Multigrain Super Masala Chips 40
39738,11171,11171,Superyou Multigrain Super Masala Chips 40
39739,11172,11171,Superyou Multigrain Super Masala Chips 40
39740,11171,11171,Superyou Multigrain Super Masala Chips 40
39741,11173,11171,Superyou Multigrain Super Masala Chips 40
39743,11173,11171,Superyou Multigrain Super Masala Chips 40
39745,0,0,Unknown/Unmapped
39746,11171,11171,Superyou Multigrain Super Masala Chips 40
39749,10322,10321,Superyou Strawberry Wafer Bar
39751,11172,11171,Superyou Multigrain Super Masala Chips 40
39754,11172,11171,Superyou Multigrain Super Masala Chips 40
39755,11171,11171,Superyou Multigrain Super Masala Chips 40
39756,10321,10321,Superyou Strawberry Wafer Bar
39758,11171,11171,Superyou Multigrain Super Masala Chips 40
39759,0,0,Unknown/Unmapped
39760,11194,10321,Superyou Strawberry Wafer Bar
39763,0,0,Unknown/Unmapped
39771,0,0,Unknown/Unmapped
39812,11802,11802,Double Side Foam Tape 
39813,7320,7320,Oddy Sticky Notes
39814,11801,11801,Tulips White Cotton Balls Zip 50U
39815,4136,4136,Axe Signature Body Deodorant
39816,11788,11788,Envy Luv Deodorant Women 120 ml
39817,11789,11789,Park Avenue Strom Classic Deo 150ml
39818,11790,11790,The Man Company Gold Legend Deo 150ml
39819,11791,11791,Dettol Hand Santizier 50ml
39820,11792,11792,Dettol Original Multiuse Skin & Surface Wipes 10U
39821,11793,11793,Clean & Clear Face Wash 50ml
39822,11794,11794,Nivea All In One Face Wash 50 ml
39823,11795,11795,Ustraa Face Wash Dry Skin 100g
39824,11796,11796,Ustraa Power Face Wash Energize Detan 100g
39825,11797,11797,Fem Gold Bleach 8g
39826,11798,11798,Lotus Herbals White Glow Scrub 150ml
39827,11799,11799,Boroplus Antiseptic Cream 10ml
39828,11800,11800,Mankind Gasofast Lemon 5g Pack of 6
39829,11803,11803,Vaseline Petroleum Jelly 40g
39832,3124,3124,Max Protein Daily Almond Bar Rs 70
39834,5250,1743,Act 2 Popcorn Butter
39835,11286,80,Cavin's Spiced ButterMilk
39836,6812,1170,Haldirams NGP Salted Peanut 
39845,0,0,Unknown/Unmapped
39851,5250,1743,Act 2 Popcorn Butter
39857,0,0,Unknown/Unmapped
39877,0,0,Unknown/Unmapped
39891,10794,794,Britannia Little Hearts
39892,2872,2330,Bikano Bikaneri Bhujia 
39893,2886,2330,Bikano Bikaneri Bhujia 
39959,1999,1301,Maggi Cuppa Noodles Masala 
39960,1608,1608,Makino Nacho Chips Jalapeno 
39961,1609,1608,Makino Nacho Chips Jalapeno 
39962,694,694,Frooti 
39963,848,318,Coke Zero
39964,1121,252,Thumps Up Can
39965,1605,282,Too Yumm Veggie Stix Cheese & Herbs Rs 20
39966,1607,1606,BRB Popped Potato Chips Pasta Cheese 
39967,1624,1606,BRB Popped Potato Chips Pasta Cheese 
39968,2805,430,Haldiram's Moong Dal Rs 10 
39969,3783,73,Cavin's Lassi
39970,4305,80,Cavin's Spiced ButterMilk
39971,4614,691,Britannia Chocolate Shake Rs 30 
39972,2439,130,Choco Chips Cookies
39973,3407,130,Choco Chips Cookies
39974,7088,7088,Dates Bites Sachet Rs 40
39975,5419,261,McVitie's Digestive Biscuits
39976,7757,1315, Britannia Treat Jim Jam Rs 10
39977,7790,7790,3 Sisters Indie Sodas Jeera Masala Rs 80
39978,7864,4545,Snickers chocolate bar Rs 50
39979,8276,3092,Alo Frut Kiwi Rs 30
39980,8274,3092,Alo Frut Kiwi Rs 30
39981,8280,8279,Lotus Thandai Badam Milk 
39982,7422,7421,Hustle Energy Drink Rs 60
39983,8472,3096,Alo Frut Coconut Water Rs 50
39985,8519,935,Lays - American Style Cream and Onion 
39986,10716,1315, Britannia Treat Jim Jam Rs 10
39988,9973,2239,Cadbury Chocolate Rs 50
39989,10115,10114,Nutrezy Raisin Omega & Crunch Trail Mix
39990,11171,11171,Superyou Multigrain Super Masala Chips 40
39991,7755,678,Britannia Bourbon-Rs 10
39992,4381,678,Britannia Bourbon-Rs 10
39993,5283,5283,4700BC 100 Corn Chips Salt And Truffle Rs 20
39994,3920,478,Kit Kat Rs 25
40000,4412,73,Cavin's Lassi
40052,11847,11847,Nandini Lassi
40057,10822,4242,Max Protein Daily Bar Choco Almond
40058,8457,8457,7up Tin Can Rs 40
40059,2513,59,Tropicana Juice
40060,3705,59,Tropicana Juice
40061,7809,130,Choco Chips Cookies
40078,4004,4004,Haldirams Lite cornflakes Rs10
40084,11295,9912,4700 BC Sea Salt Protein Pops 
40087,0,0,Unknown/Unmapped
40110,8759,8759,Sanitary Pads Rs 17
40111,0,0,Unknown/Unmapped
40133,0,0,Unknown/Unmapped
40145,5183,4050,Prabhu ji Masala Muri Rs 10
40154,0,0,Unknown/Unmapped
40155,0,0,Unknown/Unmapped
40223,11880,11879,Campa Orange
40224,11879,11879,Campa Orange
40229,1743,1743,Act 2 Popcorn Butter
40230,5170,4050,Prabhu ji Masala Muri Rs 10
40232,7273,1743,Act 2 Popcorn Butter
40233,7699,401,Bingo - Potato Chips Masala
40247,6920,401,Bingo - Potato Chips Masala
40248,11736,10822,Ritebite Choco Almond Protein Bar
40249,11881,11881,Chole Bhature
40250,11881,11881,Chole Bhature
40254,5453,139,Nestle Classic Chocolate 
40258,5613,430,Haldiram's Moong Dal Rs 10 
40261,9089,9089,Mountain Tribe Gingerade Kombucha 
40264,1931,794,Britannia Little Hearts
40265,6050,935,Lays - American Style Cream and Onion 
40266,6495,935,Lays - American Style Cream and Onion 
40267,1743,1743,Act 2 Popcorn Butter
40268,5183,4050,Prabhu ji Masala Muri Rs 10
40269,3298,3298,Paper Boat Aamras 
40298,0,0,Unknown/Unmapped
40299,0,0,Unknown/Unmapped
40316,11733,395,Too Yum- Multigrain Chips
40317,7179,395,Too Yum- Multigrain Chips
40318,8218,395,Too Yum- Multigrain Chips
40319,5250,1743,Act 2 Popcorn Butter
40321,3467,282,Too Yumm Veggie Stix Cheese & Herbs Rs 20
40338,10703,10697,Insta Ahaar Cuppa Classic Masala Poha 
40340,11566,11008,Reload Orange Rush Drink 
40343,10702,10702,Insta Ahaar Veggie Upma 60gms
40349,11617,7112,Cheese & Herbs Corn Chips Rs 20
40350,11146,11146,Swap Lemon Zing 
40353,6106,2713,Britannia Milk Bikis
40354,2713,2713,Britannia Milk Bikis
40355,11900,1743,Act 2 Popcorn Butter
40363,3787,2239,Cadbury Chocolate Rs 50
40370,3845,693,Snickers
40378,11900,1743,Act 2 Popcorn Butter
40381,2453,130,Choco Chips Cookies
40382,3407,130,Choco Chips Cookies
40383,7809,130,Choco Chips Cookies
40385,6815,130,Choco Chips Cookies
40386,9836,130,Choco Chips Cookies
40388,0,0,Unknown/Unmapped
40389,6033,4036,Snickers Kesar Pista Stick Rs 30
40390,5273,5272,Nutrezy Almond Cranberry Crunchy Bar
40395,0,0,Unknown/Unmapped
40398,3055,794,Britannia Little Hearts
40400,3964,794,Britannia Little Hearts
40422,11286,80,Cavin's Spiced ButterMilk
40423,3493,1315, Britannia Treat Jim Jam Rs 10
40425,7678,282,Too Yumm Veggie Stix Cheese & Herbs Rs 20
40426,8218,395,Too Yum- Multigrain Chips
40427,6352,395,Too Yum- Multigrain Chips
40428,6688,395,Too Yum- Multigrain Chips
40429,11900,1743,Act 2 Popcorn Butter
40430,5250,1743,Act 2 Popcorn Butter
40431,7700,401,Bingo - Potato Chips Masala
40432,7678,282,Too Yumm Veggie Stix Cheese & Herbs Rs 20
40435,2705,794,Britannia Little Hearts
40436,4339,794,Britannia Little Hearts
40437,4339,794,Britannia Little Hearts
40438,10822,4242,Max Protein Daily Bar Choco Almond
40439,3387,3387,Nescafe Intense Cafe 
40440,2239,2239,Cadbury Chocolate Rs 50
40441,3407,1326,Unibic Choco Chip Cookies 
40442,4073,1326,Unibic Choco Chip Cookies 
40443,5996,1326,Unibic Choco Chip Cookies 
40444,3787,2239,Cadbury Chocolate Rs 50
40445,2705,794,Britannia Little Hearts
40466,11616,11616,Fabeato Classic Salted Banana Chips
40467,1170,1170,Haldirams NGP Salted Peanut 
40468,4357,1170,Haldirams NGP Salted Peanut 
40469,7401,2698,Madras Mixture
40470,11295,11295,Himalayan Salt Caramel Popcorn
40471,11393,11393,Lets Try Salted Popcorn 
40472,4442,430,Haldiram's Moong Dal Rs 10 
40473,4352,430,Haldiram's Moong Dal Rs 10 
40474,11889,11883,Adilqadri Shanaya Attar Arabic French Blend Non Alcoholic Roll on Fragrance
40475,11888,11883,Adilqadri Shanaya Attar Arabic French Blend Non Alcoholic Roll on Fragrance
40476,11885,11883,Adilqadri Shanaya Attar Arabic French Blend Non Alcoholic Roll on Fragrance
40477,11890,11883,Adilqadri Shanaya Attar Arabic French Blend Non Alcoholic Roll on Fragrance
40478,3787,2239,Cadbury Chocolate Rs 50
40479,4136,4136,Axe Signature Body Deodorant
40480,11788,11788,Envy Luv Deodorant Women 120 ml
40481,11789,11789,Park Avenue Strom Classic Deo 150ml
40482,11790,11790,The Man Company Gold Legend Deo 150ml
40483,11791,11791,Dettol Hand Santizier 50ml
40484,11792,11792,Dettol Original Multiuse Skin & Surface Wipes 10U
40485,11793,11793,Clean & Clear Face Wash 50ml
40488,0,0,Unknown/Unmapped
40491,11794,11794,Nivea All In One Face Wash 50 ml
40492,11795,11795,Ustraa Face Wash Dry Skin 100g
40493,11796,11796,Ustraa Power Face Wash Energize Detan 100g
40495,11797,11797,Fem Gold Bleach 8g
40496,11798,11798,Lotus Herbals White Glow Scrub 150ml
40497,11799,11799,Boroplus Antiseptic Cream 10ml
40498,11803,11803,Vaseline Petroleum Jelly 40g
40499,11800,11800,Mankind Gasofast Lemon 5g Pack of 6
40500,11801,11801,Tulips White Cotton Balls Zip 50U
40501,7320,7320,Oddy Sticky Notes
40502,11802,11802,Double Side Foam Tape 
40503,11908,11908,Clear Water Bottle 
40504,11908,11908,Clear Water Bottle 
40508,4312,984,Appy 200ml Rs 15
40509,4397,935,Lays - American Style Cream and Onion 
40518,10115,10114,Nutrezy Raisin Omega & Crunch Trail Mix
40523,11915,11915,Atovio Nova N99 Mask Black
40524,11914,11911,Atovio Breathex Nasal Strip Black Pack Of 30
40525,11913,11910,Atovio Breathex Nasal Strip Black Pack Of 20
40526,11912,11909,Atovio Breathex Nasal Strip Black Pack Of 10
40527,11911,11911,Atovio Breathex Nasal Strip Black Pack Of 30
40528,11910,11910,Atovio Breathex Nasal Strip Black Pack Of 20
40529,11909,11909,Atovio Breathex Nasal Strip Black Pack Of 10
40531,11906,11904,Atovio Pebble Moonglight Black
40532,11905,11904,Atovio Pebble Moonglight Black
40533,11904,11904,Atovio Pebble Moonglight Black
40536,7406,2698,Madras Mixture
40537,3778,1170,Haldirams NGP Salted Peanut 
40539,11250,11180,Sweet Karam Coffee Green Chilli Potato Chips 30g
40540,0,0,Unknown/Unmapped
40573,11175,10390,Sweet Karam Coffee Madras Mixture
40586,11883,11883,Adilqadri Shanaya Attar Arabic French Blend Non Alcoholic Roll on Fragrance
40587,11884,11883,Adilqadri Shanaya Attar Arabic French Blend Non Alcoholic Roll on Fragrance
40588,11886,11883,Adilqadri Shanaya Attar Arabic French Blend Non Alcoholic Roll on Fragrance
40589,11887,11883,Adilqadri Shanaya Attar Arabic French Blend Non Alcoholic Roll on Fragrance
40602,0,0,Unknown/Unmapped
40604,7721,1931,Britannia Jim Jam 
40605,4714,1931,Britannia Jim Jam 
40606,1931,1931,Britannia Jim Jam 
40607,4475,2713,Britannia Milk Bikis
40608,3979,2713,Britannia Milk Bikis
40609,3980,2713,Britannia Milk Bikis
40610,7993,1930,Britannia  Good Day Chocochip Cookies Rs 30
40611,4181,794,Britannia Little Hearts
40622,4397,1242, Lays Cream & Onion Rs 20
40633,11285,80,Cavin's Spiced ButterMilk
40635,4858,693,Snickers
40639,11295,9912,4700 BC Sea Salt Protein Pops 
40640,11295,9912,4700 BC Sea Salt Protein Pops 
40642,11295,9912,4700 BC Sea Salt Protein Pops 
40643,5419,5419,Mcvities Butter Cookies 
40644,5420,5419,Mcvities Butter Cookies 
40645,2408,2239,Cadbury Chocolate Rs 50
40646,11295,9912,4700 BC Sea Salt Protein Pops 
40647,11618,11617,Butter Popcorn Jumbo Pack
40648,2438,130,Choco Chips Cookies
40649,3407,130,Choco Chips Cookies
40650,0,0,Unknown/Unmapped
40651,3672,130,Choco Chips Cookies
40652,0,0,Unknown/Unmapped
40653,11617,11617,Butter Popcorn Jumbo Pack
40654,1797,1738,Maggi Cuppa NDLS Masala Rs 55
40655,11295,9912,4700 BC Sea Salt Protein Pops 
40656,11617,11617,Butter Popcorn Jumbo Pack
40657,10115,10114,Nutrezy Raisin Omega & Crunch Trail Mix
40658,11930,10114,Nutrezy Raisin Omega & Crunch Trail Mix
40659,11618,11617,Butter Popcorn Jumbo Pack
40660,10514,3298,Paper Boat Aamras 
40661,7694,3298,Paper Boat Aamras 
40662,11637,11251,Bru Cold Coffee 200 ML
40663,1797,1738,Maggi Cuppa NDLS Masala Rs 55
40664,11295,9912,4700 BC Sea Salt Protein Pops 
40665,11618,11617,Butter Popcorn Jumbo Pack
40667,8011,1931,Britannia Jim Jam 
40668,7721,1931,Britannia Jim Jam 
40669,4776,2713,Britannia Milk Bikis
40670,3979,2713,Britannia Milk Bikis
40692,3820,1301,Maggi Cuppa Noodles Masala 
40693,4571,4571,Maggi Cup Noodles Delicious masala flavour
40700,0,0,Unknown/Unmapped
40701,0,0,Unknown/Unmapped
40705,2984,1326,Unibic Choco Chip Cookies 
40706,10980,1326,Unibic Choco Chip Cookies 
40707,11613,11613,Fabeato Korean Kimchi Banana Chips
40712,11637,11251,Bru Cold Coffee 200 ML
40713,11252,11252,Boost Ready To Drink 180 ML
40714,11009,11008,Reload Orange Rush Drink 
40715,4378,2239,Cadbury Chocolate Rs 50
40716,4068,3092,Alo Frut Kiwi Rs 30
40717,7484,3092,Alo Frut Kiwi Rs 30
40718,10816,3092,Alo Frut Kiwi Rs 30
40723,9651,1606,BRB Popped Potato Chips Pasta Cheese 
40724,11008,11008,Reload Orange Rush Drink 
40725,11025,8287,Wonderland Foods Almond Roasted & Salted
40726,5098,5097,Kari Kari Chilli Garlic Rs 20
40727,9090,9089,Mountain Tribe Gingerade Kombucha 
40728,4504,2412,Nescafe Chilled Latte Rs 45
40729,11145,5283,4700BC 100 Corn Chips Salt And Truffle Rs 20
40730,8521,8521,Jameson Ginger Ale Rs 100
40731,9308,9308,Volls Pro Plant Protein Caramel 
40732,11274,11274,Millet Bank Chilli Chataka Stix
40733,10390,10390,Sweet Karam Coffee Madras Mixture
40734,11388,11388,Lets Try Aloo Bhujia 
40735,11618,5283,4700BC 100 Corn Chips Salt And Truffle Rs 20
40737,10858,10857,Swizzle Desi Lemonade 
40738,1999,1301,Maggi Cuppa Noodles Masala 
40739,3588,1608,Makino Nacho Chips Jalapeno 
40741,1607,1606,BRB Popped Potato Chips Pasta Cheese 
40742,1624,1606,BRB Popped Potato Chips Pasta Cheese 
40743,2439,130,Choco Chips Cookies
40744,3407,130,Choco Chips Cookies
40745,7088,7088,Dates Bites Sachet Rs 40
40749,8276,3092,Alo Frut Kiwi Rs 30
40750,8274,3092,Alo Frut Kiwi Rs 30
40751,10822,10586,Ritebite Melting Chocolate 
40752,11171,11171,Superyou Multigrain Super Masala Chips 40
40757,0,0,Unknown/Unmapped
40772,7690,1931,Britannia Jim Jam 
40777,11940,11939,Moong Dal Pakoda
40778,11939,11939,Moong Dal Pakoda
40779,11940,11939,Moong Dal Pakoda
40780,11939,11939,Moong Dal Pakoda
40781,11940,11939,Moong Dal Pakoda
40782,11939,11939,Moong Dal Pakoda
40796,6682,4316,Britannia Gobbles
40797,9794,9794,Bourbon Chocolate Biscuits
40798,1931,794,Britannia Little Hearts
40802,11391,11388,Lets Try Aloo Bhujia 
40817,2705,794,Britannia Little Hearts
40818,10183,2713,Britannia Milk Bikis
40822,5603,3092,Alo Frut Kiwi Rs 30
40823,8275,3092,Alo Frut Kiwi Rs 30
40824,8756,3092,Alo Frut Kiwi Rs 30
40825,11062,3092,Alo Frut Kiwi Rs 30
40826,11613,11613,Fabeato Korean Kimchi Banana Chips
40827,7701,3298,Paper Boat Aamras 
40829,8249,8249,Real Coconut Water Rs 35
40852,4659,2713,Britannia Milk Bikis
40855,6778,3092,Alo Frut Kiwi Rs 30
40856,11062,3092,Alo Frut Kiwi Rs 30
40857,7484,3092,Alo Frut Kiwi Rs 30
40863,0,0,Unknown/Unmapped
40877,4960,3096,Alo Frut Coconut Water Rs 50
40880,9954,2713,Britannia Milk Bikis
40895,10980,1326,Unibic Choco Chip Cookies 
40896,10115,10114,Nutrezy Raisin Omega & Crunch Trail Mix
40903,11180,11180,Sweet Karam Coffee Green Chilli Potato Chips 30g
40909,4316,4316,Britannia Gobbles
40910,4316,1930,Britannia  Good Day Chocochip Cookies Rs 30
40921,10792,794,Britannia Little Hearts
40939,11566,11008,Reload Orange Rush Drink 
40972,3316,1326,Unibic Choco Chip Cookies 
40973,3316,3316,Unibic Choco Chip Cookies Rs 20
40974,3001,1326,Unibic Choco Chip Cookies 
41001,0,0,Unknown/Unmapped
41034,10355,2388,Tropicana Guava Delight 200ml
41035,4363,2388,Tropicana Guava Delight 200ml
41036,6239,3515,Cavins Kaju Butterscotch Milkshake  
41037,11299,11299,Rimzim Jeera
41038,6703,794,Britannia Little Hearts
41039,7755,794,Britannia Little Hearts
41040,11285,80,Cavin's Spiced ButterMilk
41041,10761,794,Britannia Little Hearts
41042,4857,401,Bingo - Potato Chips Masala
41043,11967,2388,Tropicana Guava Delight 200ml
41044,11968,2388,Tropicana Guava Delight 200ml
41045,10355,2388,Tropicana Guava Delight 200ml
41046,4363,2388,Tropicana Guava Delight 200ml
41047,11967,2388,Tropicana Guava Delight 200ml
41048,11968,2388,Tropicana Guava Delight 200ml
41049,6703,794,Britannia Little Hearts
41050,7755,794,Britannia Little Hearts
41051,6239,3515,Cavins Kaju Butterscotch Milkshake  
41052,11285,80,Cavin's Spiced ButterMilk
41053,11299,11299,Rimzim Jeera
41054,10761,794,Britannia Little Hearts
41055,4857,401,Bingo - Potato Chips Masala
41056,10355,2388,Tropicana Guava Delight 200ml
41057,4363,2388,Tropicana Guava Delight 200ml
41058,11967,2388,Tropicana Guava Delight 200ml
41062,10761,794,Britannia Little Hearts
41067,11969,1326,Unibic Choco Chip Cookies 
41068,4502,1326,Unibic Choco Chip Cookies 
41069,7231,1326,Unibic Choco Chip Cookies 
41071,0,0,Unknown/Unmapped
41072,7298,5557,Max Protein Choco Almond Bar Rs 75
41074,3770,430,Haldiram's Moong Dal Rs 10 
41083,11388,11388,Lets Try Aloo Bhujia 
41084,9912,9912,4700 BC Sea Salt Protein Pops 
41085,11970,11970,Swashray Garlic Mamara Rs 13
41093,7721,1931,Britannia Jim Jam 
41097,3299,318,Coke Zero
41106,4073,1326,Unibic Choco Chip Cookies 
41107,5996,1326,Unibic Choco Chip Cookies 
41108,3407,1326,Unibic Choco Chip Cookies 
41140,2209,2209,Paperboat Chilli Guava Juice Rs 20
41141,2438,1326,Unibic Choco Chip Cookies 
41142,8850,401,Bingo - Potato Chips Masala
41143,6919,401,Bingo - Potato Chips Masala
41179,11986,5272,Nutrezy Almond Cranberry Crunchy Bar
41190,11987,984,Appy 200ml Rs 15
41193,7697,984,Appy 200ml Rs 15
41194,11987,984,Appy 200ml Rs 15
41227,10414,3124,Max Protein Daily Almond Bar Rs 70
41236,11988,11988,Swap Aam Panna Rs 60
41238,12013,12013,Volls Sante Strawberry Protein Bar Rs 90
41242,12010,11988,Swap Aam Panna Rs 60
41244,12013,12013,Volls Sante Strawberry Protein Bar Rs 90
41248,12009,11988,Swap Aam Panna Rs 60
41250,12013,12013,Volls Sante Strawberry Protein Bar Rs 90
41253,12013,12013,Volls Sante Strawberry Protein Bar Rs 90
41257,12009,11988,Swap Aam Panna Rs 60
41259,12013,12013,Volls Sante Strawberry Protein Bar Rs 90
41264,11988,11988,Swap Aam Panna Rs 60
41267,11988,11988,Swap Aam Panna Rs 60
41268,12013,12013,Volls Sante Strawberry Protein Bar Rs 90
41272,12012,12012,Volls Sante Caramel Protein Bar Rs 130
41276,11988,11988,Swap Aam Panna Rs 60
41280,12010,11988,Swap Aam Panna Rs 60
41300,4206,2388,Tropicana Guava Delight 200ml
41321,5557,4242,Max Protein Daily Bar Choco Almond
41330,2607,822,Britannia Good Day Cashew 
41334,12008,11008,Reload Orange Rush Drink 
41337,0,0,Unknown/Unmapped
41344,0,0,Unknown/Unmapped
41347,8508,4582,Kurkure
41372,11990,794,Britannia Little Hearts
41375,3110,3092,Alo Frut Kiwi Rs 30
41382,10490,10490,Idli with chutney
41384,1409,1409,GOBI PARATHA WITH CURD
41386,11008,11008,Reload Orange Rush Drink 
41392,7755,2713,Britannia Milk Bikis
41393,6106,331,Britannia Veg Cake Fruity Fun Rs 20
41395,2067,1931,Britannia Jim Jam 
41396,8668,822,Britannia Good Day Cashew 
41398,4856,3782,Britannia Winkin Cow Rs 35
41402,10695,3124,Max Protein Daily Almond Bar Rs 70
41405,12039,12038,Aloo Paratha With pickle
41421,11274,11274,Millet Bank Chilli Chataka Stix
41422,0,0,Unknown/Unmapped
41424,7905,694,Frooti 
41425,12007,11008,Reload Orange Rush Drink 
41426,12004,10390,Sweet Karam Coffee Madras Mixture
41427,10114,10114,Nutrezy Raisin Omega & Crunch Trail Mix
41428,4305,73,Cavin's Lassi
41489,11615,10109,Fabeato Salt & Pepper Cashews
41490,11617,11295,Himalayan Salt Caramel Popcorn
41493,3633,541,Too Yumm Karare Munchy Masala Rs 20
41494,7627,1241, Lays Indian Magic Masala Rs 20
41495,1242,1241, Lays Indian Magic Masala Rs 20
41496,11105,8287,Wonderland Foods Almond Roasted & Salted
41498,11158,11158,Ella Foods Chilli Lime Cashew 
41499,11152,11152,Ella Foods Ready To Eat Poha 65g
41501,3716,1606,BRB Popped Potato Chips Pasta Cheese 
41502,1608,1608,Makino Nacho Chips Jalapeno 
41503,5272,5272,Nutrezy Almond Cranberry Crunchy Bar
41504,10115,10115,Nutrezy Raisin Omega & Crunch Trail Mix
41505,3513,3464,Cabins Rose Lassi Rs 25
41506,4305,73,Cavin's Lassi
41507,11295,11295,Himalayan Salt Caramel Popcorn
41508,2276,2276,Snicker Rs 45
41509,11392,11391,Lets Try Navratan Tadka 
41510,3407,3407,  Unibic Fruit & Nut Cookies  Rs 20
41511,10980,3407,  Unibic Fruit & Nut Cookies  Rs 20
41512,7282,3407,  Unibic Fruit & Nut Cookies  Rs 20
41513,3033,2501,ThumsUp Can Rs 60
41514,5557,5557,Max Protein Choco Almond Bar Rs 75
41515,11009,11008,Reload Orange Rush Drink 
41516,10884,1338, Karikari Salt Pepper Rs 50
41517,2981,1930,Britannia  Good Day Chocochip Cookies Rs 30
41518,3114,3114,Alo Frut Guava Rs 30
41519,1143,1143,Nestle Kit Kat
41520,2692,2091,Maggi Masala Cuppa Noodles 
41521,11618,11295,Himalayan Salt Caramel Popcorn
41522,10390,10390,Sweet Karam Coffee Madras Mixture
41523,11173,11171,Superyou Multigrain Super Masala Chips 40
41524,8207,8207,Mulberry Zingals Chocolate Slice Cake 
41525,11275,11274,Millet Bank Chilli Chataka Stix
41526,11287,2706,Pepper Sev Rs 10
41527,6045,2706,Pepper Sev Rs 10
41528,11251,11251,Bru Cold Coffee 200 ML
41530,11252,11252,Boost Ready To Drink 180 ML
41531,3486,3486,Kurkure Masala Munch Rs 20
41532,5499,541,Too Yumm Karare Munchy Masala Rs 20
41533,11615,10109,Fabeato Salt & Pepper Cashews
41534,10109,10109,Fabeato Salt & Pepper Cashews
41535,9089,9089,Mountain Tribe Gingerade Kombucha 
41551,822,822,Britannia Good Day Cashew 
41554,11953,11252,Boost Ready To Drink 180 ML
41564,12007,11008,Reload Orange Rush Drink 
41567,11993,1326,Unibic Choco Chip Cookies 
41571,4502,1326,Unibic Choco Chip Cookies 
41572,11969,1326,Unibic Choco Chip Cookies 
41573,11993,1326,Unibic Choco Chip Cookies 
41578,1930,1930,Britannia  Good Day Chocochip Cookies Rs 30
41580,11367,11367,Veg Poha
41585,5557,5557,Max Protein Choco Almond Bar Rs 75
41593,11989,794,Britannia Little Hearts
41594,11992,794,Britannia Little Hearts
41595,10260,794,Britannia Little Hearts
41601,12057,12057,Design All Purpose Ankle Socks Grey Pack of 3
41602,12058,12057,Design All Purpose Ankle Socks Grey Pack of 3
41603,12059,12057,Design All Purpose Ankle Socks Grey Pack of 3
41604,12060,12060,Sports Running Ankle Socks Classic Pack of 2
41605,12061,12060,Sports Running Ankle Socks Classic Pack of 2
41606,12062,12057,Design All Purpose Ankle Socks Grey Pack of 3
41607,12063,12057,Design All Purpose Ankle Socks Grey Pack of 3
41608,12064,12057,Design All Purpose Ankle Socks Grey Pack of 3
41609,12065,12060,Sports Running Ankle Socks Classic Pack of 2
41610,12066,12060,Sports Running Ankle Socks Classic Pack of 2
41612,12057,12057,Design All Purpose Ankle Socks Grey Pack of 3
41613,12058,12057,Design All Purpose Ankle Socks Grey Pack of 3
41615,12059,12057,Design All Purpose Ankle Socks Grey Pack of 3
41616,2692,1738,Maggi Cuppa NDLS Masala Rs 55
41617,12060,12060,Sports Running Ankle Socks Classic Pack of 2
41618,12061,12060,Sports Running Ankle Socks Classic Pack of 2
41619,12062,12057,Design All Purpose Ankle Socks Grey Pack of 3
41620,12063,12057,Design All Purpose Ankle Socks Grey Pack of 3
41621,12064,12057,Design All Purpose Ankle Socks Grey Pack of 3
41622,12066,12060,Sports Running Ankle Socks Classic Pack of 2
41623,12065,12060,Sports Running Ankle Socks Classic Pack of 2
41642,10412,3124,Max Protein Daily Almond Bar Rs 70
41644,0,0,Unknown/Unmapped
41645,0,0,Unknown/Unmapped
41646,0,0,Unknown/Unmapped
41647,0,0,Unknown/Unmapped
41648,0,0,Unknown/Unmapped
41649,7097,4316,Britannia Gobbles
41651,4960,3096,Alo Frut Coconut Water Rs 50
41654,0,0,Unknown/Unmapped
41655,11018,430,Haldiram's Moong Dal Rs 10 
41656,5269,3782,Britannia Winkin Cow Rs 35
41657,5345,3782,Britannia Winkin Cow Rs 35
41658,4364,2388,Tropicana Guava Delight 200ml
41659,11993,1326,Unibic Choco Chip Cookies 
41660,2310,1326,Unibic Choco Chip Cookies 
41661,3673,1326,Unibic Choco Chip Cookies 
41662,1326,1326,Unibic Choco Chip Cookies 
41663,7231,1326,Unibic Choco Chip Cookies 
41664,11637,11251,Bru Cold Coffee 200 ML
41667,0,0,Unknown/Unmapped
41714,11009,11008,Reload Orange Rush Drink 
41736,2512,1170,Haldirams NGP Salted Peanut 
41737,2193,1170,Haldirams NGP Salted Peanut 
41738,3316,1326,Unibic Choco Chip Cookies 
41739,4502,1326,Unibic Choco Chip Cookies 
41740,0,0,Unknown/Unmapped
41771,4079,2173,Coke Diet Can Rs 40
41772,1242,935,Lays - American Style Cream and Onion 
41773,6743,4316,Britannia Gobbles
41774,6399,4050,Prabhu ji Masala Muri Rs 10
41775,6397,4050,Prabhu ji Masala Muri Rs 10
41779,10260,794,Britannia Little Hearts
41780,10374,2388,Tropicana Guava Delight 200ml
41782,5939,3782,Britannia Winkin Cow Rs 35
41783,4316,4316,Britannia Gobbles
41784,9320,794,Britannia Little Hearts
41785,10270,4036,Snickers Kesar Pista Stick Rs 30
41786,6033,4036,Snickers Kesar Pista Stick Rs 30
41787,0,0,Unknown/Unmapped
41788,1738,1738,Maggi Cuppa NDLS Masala Rs 55
41790,6743,4316,Britannia Gobbles
41791,6558,109,Real Mixed Fruit Juice Rs 20
41807,11399,1170,Haldirams NGP Salted Peanut 
41808,3515,3515,Cavins Kaju Butterscotch Milkshake  
41809,3407,1326,Unibic Choco Chip Cookies 
41810,11637,11251,Bru Cold Coffee 200 ML
41811,11953,11252,Boost Ready To Drink 180 ML
41812,11618,11617,Butter Popcorn Jumbo Pack
41814,11173,11171,Superyou Multigrain Super Masala Chips 40
41815,10324,10321,Superyou Strawberry Wafer Bar
41816,11998,10114,Nutrezy Raisin Omega & Crunch Trail Mix
41817,3011,3011,Cadbury Chocolate Rs 45
41823,11637,11251,Bru Cold Coffee 200 ML
41824,11953,11252,Boost Ready To Drink 180 ML
41825,2276,279,Snickers - Small
41834,0,0,Unknown/Unmapped
41837,11274,11274,Millet Bank Chilli Chataka Stix
41842,12134,11274,Millet Bank Chilli Chataka Stix
41843,0,0,Unknown/Unmapped
41845,11998,10114,Nutrezy Raisin Omega & Crunch Trail Mix
41866,1178,430,Haldiram's Moong Dal Rs 10 
41867,10436,140,Cadbury Dairy Milk Rs 20
41868,12201,430,Haldiram's Moong Dal Rs 10 
41873,0,0,Unknown/Unmapped
41901,11008,11008,Reload Orange Rush Drink 
41903,2672,794,Britannia Little Hearts
41904,4329,4329,Maaza
41905,177,177,Minute Maid Pulpy Orange
41906,4709,282,Too Yumm Veggie Stix Cheese & Herbs Rs 20
41907,11988,11988,Swap Aam Panna Rs 60
41908,9851,5494,Farmley Roasted Makhana Cream And Onion Rs 30
41912,0,0,Unknown/Unmapped
41922,10839,120,Real Orange Juice 1
41923,135,120,Real Orange Juice 1
41924,3782,3782,Britannia Winkin Cow Rs 35
41929,12285,794,Britannia Little Hearts
41930,4554,794,Britannia Little Hearts
41934,2091,1738,Maggi Cuppa NDLS Masala Rs 55
41945,12003,10390,Sweet Karam Coffee Madras Mixture
41953,12079,12079,Himalaya Purifying Neem Face Wash 50 Ml
41954,12081,12081,Vaseline Intensive Care Deep Moisture Lotion 90 ml
41955,12082,12082,Bombay Shaving Company Sensi Stud Razor Pack of 1
41956,12083,12083,Bombay Shaving Company Sensitive Shaving Foam
41957,11171,10321,Superyou Strawberry Wafer Bar
41958,11172,10321,Superyou Strawberry Wafer Bar
41959,12084,12084,VI John Premium Shaving Foam Calming Aqua 200 G
41960,12085,12085,Eno Lemon Sachet 
41961,12086,12086,Compostable Garbage Bag 19x21 15U(M)
41962,12080,12080,Everyuth Naturals Golden Glow Peel Off Mask Pouch
41963,3669,814,Ritebite Sport Bar Almond Mocha
41964,7684,1091,Max Protein Desi Masala  Rs 40
41965,4242,4242,Max Protein Daily Bar Choco Almond
41966,2586,2209,Paperboat Chilli Guava Juice Rs 20
41967,4023,3298,Paper Boat Aamras 
41968,7074,3298,Paper Boat Aamras 
41969,12371,5494,Farmley Roasted Makhana Cream And Onion Rs 30
41979,0,0,Unknown/Unmapped
41980,0,0,Unknown/Unmapped
41983,5939,3782,Britannia Winkin Cow Rs 35
41997,2887,2330,Bikano Bikaneri Bhujia 
41998,2872,2330,Bikano Bikaneri Bhujia 
42000,11172,11171,Superyou Multigrain Super Masala Chips 40
42001,11171,11171,Superyou Multigrain Super Masala Chips 40
42003,4655,430,Haldiram's Moong Dal Rs 10 
42009,12375,11915,Atovio Nova N99 Mask Black
42045,4258,3298,Paper Boat Aamras 
42069,0,0,Unknown/Unmapped
42071,0,0,Unknown/Unmapped
42072,0,0,Unknown/Unmapped
42075,0,0,Unknown/Unmapped
42076,12371,5495,Farmley Peri Peri Roasted Makhana 
42077,5495,5495,Farmley Peri Peri Roasted Makhana 
42078,11158,11158,Ella Foods Chilli Lime Cashew 
42079,11391,11391,Lets Try Navratan Tadka 
42080,1242,1241, Lays Indian Magic Masala Rs 20
42101,0,0,Unknown/Unmapped
42102,12136,282,Too Yumm Veggie Stix Cheese & Herbs Rs 20
42106,12138,282,Too Yumm Veggie Stix Cheese & Herbs Rs 20
42107,12139,282,Too Yumm Veggie Stix Cheese & Herbs Rs 20
42108,5495,5494,Farmley Roasted Makhana Cream And Onion Rs 30
42137,0,0,Unknown/Unmapped
42140,12371,7088,Dates Bites Sachet Rs 40
42142,1931,794,Britannia Little Hearts
42143,7392,430,Haldiram's Moong Dal Rs 10 
42144,6707,430,Haldiram's Moong Dal Rs 10 
42145,5269,3782,Britannia Winkin Cow Rs 35
42157,10695,3124,Max Protein Daily Almond Bar Rs 70
42172,12379,3052,Swashray Methi Wheat Sticks Rs 12
42173,12378,11970,Swashray Garlic Mamara Rs 13
42182,6955,401,Bingo - Potato Chips Masala
42188,6980,430,Haldiram's Moong Dal Rs 10 
42189,0,0,Unknown/Unmapped
42190,10270,4036,Snickers Kesar Pista Stick Rs 30
42219,11618,11617,Butter Popcorn Jumbo Pack
42222,0,0,Unknown/Unmapped
42229,11177,10390,Sweet Karam Coffee Madras Mixture
42261,11953,11252,Boost Ready To Drink 180 ML
42262,11637,11251,Bru Cold Coffee 200 ML
42272,12214,12214,"MC09 Jockey Classic Brief, Assorted L x1"
42273,12213,12213,"MC09 Jockey Classic Brief, Assorted M x 1"
42274,12311,12311,"1723 Jockey WF padded Bra, White, 32B x 1"
42275,12313,12311,"1723 Jockey WF padded Bra, White, 32B x 1"
42276,12317,12311,"1723 Jockey WF padded Bra, White, 32B x 1"
42277,12318,12311,"1723 Jockey WF padded Bra, White, 32B x 1"
42279,12319,12311,"1723 Jockey WF padded Bra, White, 32B x 1"
42283,12281,12243,"1009 Jockey Elance Brief, White, XXL x 2"
42289,12224,12223,"1005 Jockey Elance Brief, Assorted,  S x 2"
42290,12223,12223,"1005 Jockey Elance Brief, Assorted,  S x 2"
42291,12269,12229,"8008 Jockey Classic Trunk, Assorted, S x 2"
42292,12270,12231,"8008 Jockey Classic Trunk, Assorted, M x 2"
42293,12271,12231,"8008 Jockey Classic Trunk, Assorted, M x 2"
42294,12265,12213,"MC09 Jockey Classic Brief, Assorted M x 1"
42295,12267,12267,"8817 Jockey Sleeved Vest, White, L x 3"
42296,12266,12218,"8820 Jockey Classic Vest, White, XL x 2"
42298,12284,12228,"8008 Jockey Classic Trunk, Assorted, S x 2"
42299,12215,12215,"MC08 Jockey Classic Trunk, Assorted XL x 1"
42300,12280,12243,"1009 Jockey Elance Brief, White, XXL x 2"
42301,12240,12240,"1011 Jockey Elance Brief, Assorted, S x 2"
42302,12239,12239,"1011 Jockey Elance Brief, Assorted, S x 2"
42303,12257,12231,"8008 Jockey Classic Trunk, Assorted, M x 2"
42304,12263,12254,"8035 Jockey Classic Brief, Assorted, M x 3"
42306,12241,12153," 7487 Jockey Toe Socks, Skin x 2"
42307,12242,12153," 7487 Jockey Toe Socks, Skin x 2"
42308,12243,12243,"1009 Jockey Elance Brief, White, XXL x 2"
42309,12243,12243,"1009 Jockey Elance Brief, White, XXL x 2"
42310,12244,12244,"1009 Jockey Elance Brief, White, XL x 2"
42311,12246,12246,"1009 Jockey Elance Brief, White, L x 2"
42312,12279,12279,"US17 Jockey US Series Brief, Assorted, S x 2"
42313,12278,12216,"US52 Jockey US Series Brief, Assorted, XL x 2"
42314,12247,12088,"7396 Jockey Ankle Length Socks, White x 1"
42315,12249,12249,"8015 Jockey Classic Trunk, Assorted, L x 2"
42316,12248,12150,"7016 Jockey USA Org Crew Socks, Assorted x 1"
42317,12216,12216,"US52 Jockey US Series Brief, Assorted, XL x 2"
42318,12217,12217,"US52 Jockey US Series Brief, Assorted, M x 2"
42319,12280,12243,"1009 Jockey Elance Brief, White, XXL x 2"
42320,12281,12243,"1009 Jockey Elance Brief, White, XXL x 2"
42321,12282,12228,"8008 Jockey Classic Trunk, Assorted, S x 2"
42322,12283,12228,"8008 Jockey Classic Trunk, Assorted, S x 2"
42324,12272,12217,"US52 Jockey US Series Brief, Assorted, M x 2"
42325,12222,12222,"EL09 Jockey Elance Trunk, Assorted XL x 1"
42326,12287,12254,"8035 Jockey Classic Brief, Assorted, M x 3"
42327,12288,12254,"8035 Jockey Classic Brief, Assorted, M x 3"
42328,12286,12254,"8035 Jockey Classic Brief, Assorted, M x 3"
42329,12289,12289,"1242 Jockey WF Xover Bra, Assorted, 34C x 1"
42330,7895,401,Bingo - Potato Chips Masala
42331,12290,12254,"8035 Jockey Classic Brief, Assorted, M x 3"
42332,11413,395,Too Yum- Multigrain Chips
42333,12291,12254,"8035 Jockey Classic Brief, Assorted, M x 3"
42335,12294,12254,"8035 Jockey Classic Brief, Assorted, M x 3"
42336,12291,12289,"1242 Jockey WF Xover Bra, Assorted, 34C x 1"
42337,12294,12254,"8035 Jockey Classic Brief, Assorted, M x 3"
42338,12296,12254,"8035 Jockey Classic Brief, Assorted, M x 3"
42339,12296,12254,"8035 Jockey Classic Brief, Assorted, M x 3"
42340,12297,12229,"8008 Jockey Classic Trunk, Assorted, S x 2"
42341,12353,12353,"1525P Jockey Bikini panties, Assorted, L x 2"
42342,12354,12353,"1525P Jockey Bikini panties, Assorted, L x 2"
42343,12355,12243,"1009 Jockey Elance Brief, White, XXL x 2"
42344,12356,12243,"1009 Jockey Elance Brief, White, XXL x 2"
42345,12256,12254,"8035 Jockey Classic Brief, Assorted, M x 3"
42346,12357,12279,"US17 Jockey US Series Brief, Assorted, S x 2"
42347,12303,12300,"1529 Jockey Cycling Shorts , Assorted, M x 1"
42348,12301,12300,"1529 Jockey Cycling Shorts , Assorted, M x 1"
42349,12300,12214,"MC09 Jockey Classic Brief, Assorted L x1"
42350,12300,12300,"1529 Jockey Cycling Shorts , Assorted, M x 1"
42351,12303,12223,"1005 Jockey Elance Brief, Assorted,  S x 2"
42352,12369,12369,"6702 Jockey Shpwear Bikini, Assorted, M x 1"
42353,12370,12369,"6702 Jockey Shpwear Bikini, Assorted, M x 1"
42356,12160,12160,Garnier Hair Colour 5 Light Brown
42357,12162,12160,Garnier Hair Colour 5 Light Brown
42358,12161,12160,Garnier Hair Colour 5 Light Brown
42359,12163,12163,Revlon Hair Colour 5G Light Golden Brown
42360,556,556,Gillette Foam
42361,4149,4149,Gillette Foam
42362,12169,4149,Gillette Foam
42363,12165,12165,Old Spice After Shave Fresh Lime 50ml
42364,12166,12165,Old Spice After Shave Fresh Lime 50ml
42365,12164,12164,Old Spice After Shave Original 100ml
42366,12167,12167,Denver Hamilton Perfume Spray
42367,12158,12158,Vaseline Lip Care 85g
42368,12156,12156,Garnier Vitamin C Serum
42369,12157,12157,Oxylife Bleach
42370,12171,12170,Old Spice Shaving Cream Original 70g
42371,12170,12170,Old Spice Shaving Cream Original 70g
42372,12159,12159,Vaseline Aloe Fresh Body Lotion 400ml
42373,12172,12172,Ambi Pur Sandalwood Air Freshner 275g
42374,12173,12173,Odonil Sandal Bouquet Air Freshner 
42375,12174,12173,Odonil Sandal Bouquet Air Freshner 
42376,12155,12155,Coloressence Nail Color Removal 100ml
42377,3746,3746,Whisper Choice XL 
42378,3747,3747,Stayfree Secure XL Rs 37 
42381,12175,4102,Soft Bodyfit
42383,4102,4102,Soft Bodyfit
42384,9380,9380,Satyfree Secure Regular
42394,12351,12311,"1723 Jockey WF padded Bra, White, 32B x 1"
42395,12236,12225,"8009 Jockey Elance Brief, Assorted,  L x 2"
42396,12237,12237,"8009 Jockey Elance Brief, Assorted, XL x 2"
42397,12238,12225,"8009 Jockey Elance Brief, Assorted,  L x 2"
42398,12225,12225,"8009 Jockey Elance Brief, Assorted,  L x 2"
42399,12254,12254,"8035 Jockey Classic Brief, Assorted, M x 3"
42400,12255,12255,"8035 Jockey Classic Brief, White, L x 3"
42401,12258,12231,"8008 Jockey Classic Trunk, Assorted, M x 2"
42402,12260,12259,"8035 Jockey Classic Brief, Assorted, S x 3"
42403,12261,12228,"8008 Jockey Classic Trunk, Assorted, S x 2"
42404,12261,12231,"8008 Jockey Classic Trunk, Assorted, M x 2"
42405,12262,12262,"8035 Jockey Classic Brief, White, XXL x 3"
42406,12259,12259,"8035 Jockey Classic Brief, Assorted, S x 3"
42407,12252,12150,"7016 Jockey USA Org Crew Socks, Assorted x 1"
42408,12230,12230,"8008 Jockey Classic Trunk, Assorted, S x 2"
42409,12229,12229,"8008 Jockey Classic Trunk, Assorted, S x 2"
42410,12231,12231,"8008 Jockey Classic Trunk, Assorted, M x 2"
42411,12226,12226,"8008 Jockey Classic Trunk, Assorted, S x 1"
42412,12227,12226,"8008 Jockey Classic Trunk, Assorted, S x 1"
42413,12232,12225,"8009 Jockey Elance Brief, Assorted,  L x 2"
42414,12233,12231,"8008 Jockey Classic Trunk, Assorted, M x 2"
42415,12234,12229,"8008 Jockey Classic Trunk, Assorted, S x 2"
42416,12235,12229,"8008 Jockey Classic Trunk, Assorted, S x 2"
42417,12228,12228,"8008 Jockey Classic Trunk, Assorted, S x 2"
42418,12268,12243,"1009 Jockey Elance Brief, White, XXL x 2"
42419,12220,12142,"7030 Jockey Crew Length Socks, White x 1"
42420,12218,12218,"8820 Jockey Classic Vest, White, XL x 2"
42421,12221,12142,"7030 Jockey Crew Length Socks, White x 1"
42422,12219,12219,"8820 Jockey Classic Vest, White, M x 2"
42423,12264,12226,"8008 Jockey Classic Trunk, Assorted, S x 1"
42424,12276,12267,"8817 Jockey Sleeved Vest, White, L x 3"
42425,12277,12267,"8817 Jockey Sleeved Vest, White, L x 3"
42426,12273,12246,"1009 Jockey Elance Brief, White, L x 2"
42427,12274,12246,"1009 Jockey Elance Brief, White, L x 2"
42428,12275,12244,"1009 Jockey Elance Brief, White, XL x 2"
42429,12312,12311,"1723 Jockey WF padded Bra, White, 32B x 1"
42430,12314,12311,"1723 Jockey WF padded Bra, White, 32B x 1"
42431,12315,12311,"1723 Jockey WF padded Bra, White, 32B x 1"
42432,12316,12311,"1723 Jockey WF padded Bra, White, 32B x 1"
42433,12352,12311,"1723 Jockey WF padded Bra, White, 32B x 1"
42434,12345,12345,"ES13X Jockey WF Bra, Assorted, 36DD x 1"
42435,12346,12345,"ES13X Jockey WF Bra, Assorted, 36DD x 1"
42436,12347,12347,"ES13X Jockey WF Bra, Assorted, 38D x 1"
42437,12348,12345,"ES13X Jockey WF Bra, Assorted, 36DD x 1"
42438,12349,12311,"1723 Jockey WF padded Bra, White, 32B x 1"
42439,12350,12350,"ES13X Jockey WF Bra, Assorted, 40B x 1"
42440,12320,12240,"1011 Jockey Elance Brief, Assorted, S x 2"
42441,12321,12228,"8008 Jockey Classic Trunk, Assorted, S x 2"
42465,12322,12240,"1011 Jockey Elance Brief, Assorted, S x 2"
42466,12323,12228,"8008 Jockey Classic Trunk, Assorted, S x 2"
42467,12325,12240,"1011 Jockey Elance Brief, Assorted, S x 2"
42470,12324,12228,"8008 Jockey Classic Trunk, Assorted, S x 2"
42472,12326,12228,"8008 Jockey Classic Trunk, Assorted, S x 2"
42474,12327,12228,"8008 Jockey Classic Trunk, Assorted, S x 2"
42476,0,0,Unknown/Unmapped
42477,12328,12240,"1011 Jockey Elance Brief, Assorted, S x 2"
42484,12330,12254,"8035 Jockey Classic Brief, Assorted, M x 3"
42497,12331,12240,"1011 Jockey Elance Brief, Assorted, S x 2"
42500,12332,12240,"1011 Jockey Elance Brief, Assorted, S x 2"
42502,12333,12228,"8008 Jockey Classic Trunk, Assorted, S x 2"
42506,12335,12240,"1011 Jockey Elance Brief, Assorted, S x 2"
42507,12334,12228,"8008 Jockey Classic Trunk, Assorted, S x 2"
42508,12359,12289,"1242 Jockey WF Xover Bra, Assorted, 34C x 1"
42509,12358,12218,"8820 Jockey Classic Vest, White, XL x 2"
42510,12361,12289,"1242 Jockey WF Xover Bra, Assorted, 34C x 1"
42512,12360,12218,"8820 Jockey Classic Vest, White, XL x 2"
42533,0,0,Unknown/Unmapped
42552,7627,935,Lays - American Style Cream and Onion 
42555,12362,12289,"1242 Jockey WF Xover Bra, Assorted, 34C x 1"
42556,12363,12289,"1242 Jockey WF Xover Bra, Assorted, 34C x 1"
42557,12364,12364,"1406P Jockey Panties, Assorted, XL x 3"
42558,12365,12289,"1242 Jockey WF Xover Bra, Assorted, 34C x 1"
42559,12366,12254,"8035 Jockey Classic Brief, Assorted, M x 3"
42560,12367,12367,"1406P Jockey Panties, Assorted, XXL x 3"
42561,12009,12009,Swap Nimbu Shikanji Rs 60
42562,12366,12254,"8035 Jockey Classic Brief, Assorted, M x 3"
42563,12368,12217,"US52 Jockey US Series Brief, Assorted, M x 2"
42564,12336,12336,"SH08 Jockey Shpwear Shorts, Assorted, L x 1"
42565,12337,12336,"SH08 Jockey Shpwear Shorts, Assorted, L x 1"
42566,12338,12338,"SH08 Jockey Shpwear Shorts, Assorted, XL x 1"
42567,12342,12342,"SH02 Jockey Shpwear Shorts, Assorted, S x 1"
42569,12343,12342,"SH02 Jockey Shpwear Shorts, Assorted, S x 1"
42570,12344,12344,"SH02 Jockey Shpwear Shorts, Assorted, XL x 1"
42571,12339,12339,"SH04 Jockey Shpwear Shorts, Assorted, M x 1"
42574,12341,12339,"SH04 Jockey Shpwear Shorts, Assorted, M x 1"
42575,12304,12153," 7487 Jockey Toe Socks, Skin x 2"
42576,12305,12153," 7487 Jockey Toe Socks, Skin x 2"
42577,12306,12153," 7487 Jockey Toe Socks, Skin x 2"
42578,12307,12153," 7487 Jockey Toe Socks, Skin x 2"
42579,12308,12243,"1009 Jockey Elance Brief, White, XXL x 2"
42580,12309,12300,"1529 Jockey Cycling Shorts , Assorted, M x 1"
42581,12310,12153," 7487 Jockey Toe Socks, Skin x 2"
42582,12298,12229,"8008 Jockey Classic Trunk, Assorted, S x 2"
42583,12299,12231,"8008 Jockey Classic Trunk, Assorted, M x 2"
42584,12145,12142,"7030 Jockey Crew Length Socks, White x 1"
42585,12153,12153," 7487 Jockey Toe Socks, Skin x 2"
42586,12152,12152," 7487 Jockey Toe Socks, Grey x 2"
42587,12146,12141,"7036 Jockey Ankle Length Socks, White x 1"
42588,12088,12088,"7396 Jockey Ankle Length Socks, White x 1"
42589,12151,12151," 7106 Jockey Men's Printed Socks, Assorted x 1"
42590,12144,12142,"7030 Jockey Crew Length Socks, White x 1"
42591,12142,12142,"7030 Jockey Crew Length Socks, White x 1"
42592,12141,12141,"7036 Jockey Ankle Length Socks, White x 1"
42593,12154,12148,"7097 Jockey Low Show Socks, Assorted x 1"
42595,12148,12148,"7097 Jockey Low Show Socks, Assorted x 1"
42596,12149,12142,"7030 Jockey Crew Length Socks, White x 1"
42597,12150,12150,"7016 Jockey USA Org Crew Socks, Assorted x 1"
42599,0,0,Unknown/Unmapped
42600,0,0,Unknown/Unmapped
42601,0,0,Unknown/Unmapped
42602,0,0,Unknown/Unmapped
42621,5250,1743,Act 2 Popcorn Butter
42622,6688,282,Too Yumm Veggie Stix Cheese & Herbs Rs 20
42623,177,177,Minute Maid Pulpy Orange
42624,1315,794,Britannia Little Hearts
42625,11989,794,Britannia Little Hearts
42650,5512,4316,Britannia Gobbles
42651,11817,395,Too Yum- Multigrain Chips
42652,7695,395,Too Yum- Multigrain Chips
42671,11953,11252,Boost Ready To Drink 180 ML
42672,11637,11251,Bru Cold Coffee 200 ML
42710,0,0,Unknown/Unmapped
42712,0,0,Unknown/Unmapped
42719,1593,282,Too Yumm Veggie Stix Cheese & Herbs Rs 20
42721,12137,282,Too Yumm Veggie Stix Cheese & Herbs Rs 20
42722,2448,282,Too Yumm Veggie Stix Cheese & Herbs Rs 20
42723,12001,11180,Sweet Karam Coffee Green Chilli Potato Chips 30g
42724,7295,1326,Unibic Choco Chip Cookies 
42725,11252,11252,Boost Ready To Drink 180 ML
42726,0,0,Unknown/Unmapped
42727,0,0,Unknown/Unmapped
42729,1292,935,Lays - American Style Cream and Onion 
42731,12002,10390,Sweet Karam Coffee Madras Mixture
42732,12003,10390,Sweet Karam Coffee Madras Mixture
42733,12004,10390,Sweet Karam Coffee Madras Mixture
42734,12005,10390,Sweet Karam Coffee Madras Mixture
42735,12429,12429,Madmix Jowar Bhujia Masala Masti
42736,12430,12429,Madmix Jowar Bhujia Masala Masti
42737,5419,261,McVitie's Digestive Biscuits
42738,5420,261,McVitie's Digestive Biscuits
42741,12444,12429,Madmix Jowar Bhujia Masala Masti
42742,12451,5419,Mcvities Butter Cookies 
42743,12452,12452,Mcvities Digestive Cookies 
42744,12453,10737,Salted Potato Chips 
42747,12450,12429,Madmix Jowar Bhujia Masala Masti
42748,5419,5419,Mcvities Butter Cookies 
42749,5420,5419,Mcvities Butter Cookies 
42750,12452,12452,Mcvities Digestive Cookies 
42751,12445,12429,Madmix Jowar Bhujia Masala Masti
42752,5419,5419,Mcvities Butter Cookies 
42753,5420,5419,Mcvities Butter Cookies 
42754,12446,12429,Madmix Jowar Bhujia Masala Masti
42756,12452,12452,Mcvities Digestive Cookies 
42758,12437,12437,Lynk Peri Peri Makhana 
42759,12447,12429,Madmix Jowar Bhujia Masala Masti
42760,12451,5419,Mcvities Butter Cookies 
42761,5420,5419,Mcvities Butter Cookies 
42762,12452,12452,Mcvities Digestive Cookies 
42766,5419,5419,Mcvities Butter Cookies 
42767,5420,5419,Mcvities Butter Cookies 
42768,5419,5419,Mcvities Butter Cookies 
42769,5420,5419,Mcvities Butter Cookies 
42770,12452,12452,Mcvities Digestive Cookies 
42771,12451,5419,Mcvities Butter Cookies 
42772,12442,12437,Lynk Peri Peri Makhana 
42774,12451,5419,Mcvities Butter Cookies 
42775,12452,12452,Mcvities Digestive Cookies 
42776,12448,12429,Madmix Jowar Bhujia Masala Masti
42778,12443,12437,Lynk Peri Peri Makhana 
42779,12449,12429,Madmix Jowar Bhujia Masala Masti
42780,5419,5419,Mcvities Butter Cookies 
42781,5420,5419,Mcvities Butter Cookies 
42782,12452,12452,Mcvities Digestive Cookies 
42783,12451,5419,Mcvities Butter Cookies 
42786,12371,5494,Farmley Roasted Makhana Cream And Onion Rs 30
42787,5495,5494,Farmley Roasted Makhana Cream And Onion Rs 30
42788,5494,5494,Farmley Roasted Makhana Cream And Onion Rs 30
42791,11986,5272,Nutrezy Almond Cranberry Crunchy Bar
42793,3580,282,Too Yumm Veggie Stix Cheese & Herbs Rs 20
42794,1743,1743,Act 2 Popcorn Butter
42795,3729,282,Too Yumm Veggie Stix Cheese & Herbs Rs 20
42796,2672,794,Britannia Little Hearts
42798,7757,3782,Britannia Winkin Cow Rs 35
42799,7757,3782,Britannia Winkin Cow Rs 35
42800,10716,3782,Britannia Winkin Cow Rs 35
42802,2276,2276,Snicker Rs 45
42806,11732,395,Too Yum- Multigrain Chips
42807,12452,12452,Mcvities Digestive Cookies 
42808,12451,5419,Mcvities Butter Cookies 
42809,5420,5419,Mcvities Butter Cookies 
42815,12134,12134,Millet Bank Chilli Chataka Rs 25
42816,7761,3114,Alo Frut Guava Rs 30
42817,11989,1494,Britannia Treat Croissant Vanilla Rs15
42818,8275,3114,Alo Frut Guava Rs 30
42819,8776,1608,Makino Nacho Chips Jalapeno 
42820,10412,10412,Max Protein Choco Almond Bar
42821,8034,3002,Snickers Kesar Pista Rs 30
42822,4234,4234,Mars Snickers
42823,2512,986,Haldiram's Chips Pudina Treat Rs 15 
42824,11288,2706,Pepper Sev Rs 10
42825,3920,3920,Kit Kat Chocolate Rs 25
42826,4077,115,Coke Diet Can Rs 35
42827,12140,541,Too Yumm Karare Munchy Masala Rs 20
42828,7115,7115,Himalayan Salt Caramel
42829,1638,73,Cavin's Lassi
42830,1241,1241, Lays Indian Magic Masala Rs 20
42832,3716,1606,BRB Popped Potato Chips Pasta Cheese 
42833,2063,2063,Britannia Cake Fruit Fun	Rs15
42834,12003,11179,Sweet Karam Coffee Garlic Murukku Sticks 30g
42835,3352,115,Coke Diet Can Rs 35
42836,9931,986,Haldiram's Chips Pudina Treat Rs 15 
42837,2421,1241, Lays Indian Magic Masala Rs 20
42838,130,130,Choco Chips Cookies
42839,12007,11008,Reload Orange Rush Drink 
42840,3464,3464,Cabins Rose Lassi Rs 25
42841,1545,130,Choco Chips Cookies
42848,3468,282,Too Yumm Veggie Stix Cheese & Herbs Rs 20
42850,4324,177,Minute Maid Pulpy Orange
42861,12454,12150,"7016 Jockey USA Org Crew Socks, Assorted x 1"
42869,12472,10109,Fabeato Salt & Pepper Cashews
42870,12473,12473,Lets Try Salted Popcorn Rs 50
42871,2706,2706,Pepper Sev Rs 10
42872,12474,7483,Farmley Achaari Munchies Rs 20
42873,12475,1930,Britannia  Good Day Chocochip Cookies Rs 30
42874,7483,7483,Farmley Achaari Munchies Rs 20
42916,2241,2241,Maggi Masala Cuppa Noodles
42919,7757,3782,Britannia Winkin Cow Rs 35
42920,4517,814,Ritebite Sport Bar Almond Mocha
42930,5996,3407,  Unibic Fruit & Nut Cookies  Rs 20
42942,12079,12079,Himalaya Purifying Neem Face Wash 50 Ml
42943,12082,12082,Bombay Shaving Company Sensi Stud Razor Pack of 1
42944,12083,12083,Bombay Shaving Company Sensitive Shaving Foam
42945,9378,9378,Eno Lemon Fruit Salt Pack
42947,12086,12086,Compostable Garbage Bag 19x21 15U(M)
42949,12477,5419,Mcvities Butter Cookies 
42950,12479,5419,Mcvities Butter Cookies 
42958,9089,9089,Mountain Tribe Gingerade Kombucha 
42959,3729,282,Too Yumm Veggie Stix Cheese & Herbs Rs 20
42960,11208,282,Too Yumm Veggie Stix Cheese & Herbs Rs 20
42987,3316,1326,Unibic Choco Chip Cookies 
43030,10390,10390,Sweet Karam Coffee Madras Mixture
43034,11252,11252,Boost Ready To Drink 180 ML
43037,9795,918,Lotte Choco Pie Rs 10
43044,4504,3387,Nescafe Intense Cafe 
43045,11172,11171,Superyou Multigrain Super Masala Chips 40
43046,9852,5494,Farmley Roasted Makhana Cream And Onion Rs 30
43047,11171,11171,Superyou Multigrain Super Masala Chips 40
43051,12140,282,Too Yumm Veggie Stix Cheese & Herbs Rs 20
43052,11810,395,Too Yum- Multigrain Chips
43063,0,0,Unknown/Unmapped
43090,6953,401,Bingo - Potato Chips Masala
43091,10077,401,Bingo - Potato Chips Masala
43092,2212,331,Britannia Veg Cake Fruity Fun Rs 20
43219,12140,282,Too Yumm Veggie Stix Cheese & Herbs Rs 20
43238,12375,11915,Atovio Nova N99 Mask Black
43242,0,0,Unknown/Unmapped
43243,0,0,Unknown/Unmapped
43280,12553,11939,Moong Dal Pakoda
43281,12553,11939,Moong Dal Pakoda
43282,12553,11939,Moong Dal Pakoda
43283,12554,11939,Moong Dal Pakoda
43284,12555,11939,Moong Dal Pakoda
43285,12554,11939,Moong Dal Pakoda
43286,12555,11939,Moong Dal Pakoda
43287,12554,11939,Moong Dal Pakoda
43288,12555,11939,Moong Dal Pakoda
43304,11795,11795,Ustraa Face Wash Dry Skin 100g
43305,11796,11796,Ustraa Power Face Wash Energize Detan 100g
43307,0,0,Unknown/Unmapped
43309,12140,282,Too Yumm Veggie Stix Cheese & Herbs Rs 20
43310,3580,282,Too Yumm Veggie Stix Cheese & Herbs Rs 20
43344,2694,935,Lays - American Style Cream and Onion 
43345,11996,11996,Mother Dairy Mango Milkshake Rs 28
43346,6815,1326,Unibic Choco Chip Cookies 
43347,10702,10696,Insta Ahaar Classic Masala Poha 
43382,3327,318,Coke Zero
43383,6844,190,Pepsi Black
43384,2915,1120,Fanta Can 
43385,252,252,Thumps Up Can
43388,0,0,Unknown/Unmapped
43421,0,0,Unknown/Unmapped
43423,0,0,Unknown/Unmapped
43428,0,0,Unknown/Unmapped
43430,0,0,Unknown/Unmapped
43431,11733,395,Too Yum- Multigrain Chips
43432,11732,395,Too Yum- Multigrain Chips
43433,2705,678,Britannia Bourbon-Rs 10
43437,0,0,Unknown/Unmapped
43441,10114,10114,Nutrezy Raisin Omega & Crunch Trail Mix
43448,4305,73,Cavin's Lassi
43449,7685,478,Kit Kat Rs 25
43450,6743,1315, Britannia Treat Jim Jam Rs 10
43454,12578,12429,Madmix Jowar Bhujia Masala Masti
43463,12577,12429,Madmix Jowar Bhujia Masala Masti
43482,0,0,Unknown/Unmapped
43506,0,0,Unknown/Unmapped
43522,4715,4316,Britannia Gobbles
43523,0,0,Unknown/Unmapped
43524,0,0,Unknown/Unmapped
43525,0,0,Unknown/Unmapped
43526,0,0,Unknown/Unmapped
43527,0,0,Unknown/Unmapped
43528,0,0,Unknown/Unmapped
43529,0,0,Unknown/Unmapped
43533,7721,1494,Britannia Treat Croissant Vanilla Rs15
43534,12443,12437,Lynk Peri Peri Makhana 
43535,0,0,Unknown/Unmapped
43536,0,0,Unknown/Unmapped
43537,0,0,Unknown/Unmapped
43538,0,0,Unknown/Unmapped
43539,0,0,Unknown/Unmapped
43540,12617,10046,Revolution Colour Duo Makeup
43541,0,0,Unknown/Unmapped
43542,0,0,Unknown/Unmapped
43543,0,0,Unknown/Unmapped
43544,0,0,Unknown/Unmapped
43545,0,0,Unknown/Unmapped
43547,0,0,Unknown/Unmapped
43548,0,0,Unknown/Unmapped
43549,0,0,Unknown/Unmapped
43550,0,0,Unknown/Unmapped
43551,0,0,Unknown/Unmapped
43552,0,0,Unknown/Unmapped
43553,0,0,Unknown/Unmapped
43554,0,0,Unknown/Unmapped
43555,0,0,Unknown/Unmapped
43556,0,0,Unknown/Unmapped
43557,0,0,Unknown/Unmapped
43558,0,0,Unknown/Unmapped
43559,0,0,Unknown/Unmapped
43560,0,0,Unknown/Unmapped
43561,0,0,Unknown/Unmapped
43562,0,0,Unknown/Unmapped
43563,0,0,Unknown/Unmapped
43564,12555,12555,Paneer Paratha with Pickel
43565,12038,12038,Aloo Paratha With pickle
43566,12039,12038,Aloo Paratha With pickle
43569,4723,282,Too Yumm Veggie Stix Cheese & Herbs Rs 20
43570,3467,282,Too Yumm Veggie Stix Cheese & Herbs Rs 20
43571,9954,2713,Britannia Milk Bikis
43572,12012,12012,Volls Sante Caramel Protein Bar Rs 130
43573,10324,10321,Superyou Strawberry Wafer Bar
43574,279,279,Snickers - Small
43581,12579,12579,Ocean Crispy Orange Apple Fruit Drink Rs 38
43584,12581,12579,Ocean Crispy Orange Apple Fruit Drink Rs 38
43587,12586,11152,Ella Foods Ready To Eat Poha 65g
43589,0,0,Unknown/Unmapped
43593,11152,11152,Ella Foods Ready To Eat Poha 65g
43597,12586,11152,Ella Foods Ready To Eat Poha 65g
43607,12575,11171,Superyou Multigrain Super Masala Chips 40
43609,12585,11153,Ella Foods Ready To Eat Upma 65g
43611,12586,11152,Ella Foods Ready To Eat Poha 65g
43616,12637,12637,Premium Pack of 2
43617,1738,1738,Maggi Cuppa NDLS Masala Rs 55
43618,12640,12640,Trubeing Roasted Peanuts Plain Salted
43621,12642,12640,Trubeing Roasted Peanuts Plain Salted
43622,0,0,Unknown/Unmapped
43623,12644,12644,Trubeing Roasted Makhana Himalayan Pink Salt
43625,0,0,Unknown/Unmapped
43626,12647,12644,Trubeing Roasted Makhana Himalayan Pink Salt
43627,12648,12644,Trubeing Roasted Makhana Himalayan Pink Salt
43629,12650,12650,Trubeing Soya Chips
43630,12649,12640,Trubeing Roasted Peanuts Plain Salted
43631,10324,10321,Superyou Strawberry Wafer Bar
43632,12640,12640,Trubeing Roasted Peanuts Plain Salted
43634,12642,12640,Trubeing Roasted Peanuts Plain Salted
43635,0,0,Unknown/Unmapped
43636,0,0,Unknown/Unmapped
43637,0,0,Unknown/Unmapped
43638,12647,12644,Trubeing Roasted Makhana Himalayan Pink Salt
43639,12648,12644,Trubeing Roasted Makhana Himalayan Pink Salt
43640,12649,12640,Trubeing Roasted Peanuts Plain Salted
43641,12650,12650,Trubeing Soya Chips
43642,12280,12243,"1009 Jockey Elance Brief, White, XXL x 2"
43661,12640,12640,Trubeing Roasted Peanuts Plain Salted
43664,12642,12640,Trubeing Roasted Peanuts Plain Salted
43667,0,0,Unknown/Unmapped
43669,0,0,Unknown/Unmapped
43670,0,0,Unknown/Unmapped
43672,12647,12644,Trubeing Roasted Makhana Himalayan Pink Salt
43674,12648,12644,Trubeing Roasted Makhana Himalayan Pink Salt
43675,12649,12640,Trubeing Roasted Peanuts Plain Salted
43676,12650,12650,Trubeing Soya Chips
43677,9090,9089,Mountain Tribe Gingerade Kombucha 
43678,7722,2239,Cadbury Chocolate Rs 50
43679,10321,10321,Superyou Strawberry Wafer Bar
43682,6676,1143,Nestle Kit Kat
43683,9809,9809,Manimark Sesame Burfi 
43684,12667,9809,Manimark Sesame Burfi 
43685,12668,9809,Manimark Sesame Burfi 
43686,12669,12669,Gokulam Seedless Dates 
43702,10660,10660,Nandini Buttermilk
43704,12637,12637,Premium Pack of 2
43707,12640,12640,Trubeing Roasted Peanuts Plain Salted
43709,12649,12640,Trubeing Roasted Peanuts Plain Salted
43710,12642,12640,Trubeing Roasted Peanuts Plain Salted
43711,12650,12640,Trubeing Roasted Peanuts Plain Salted
43712,0,0,Unknown/Unmapped
43713,12644,12644,Trubeing Roasted Makhana Himalayan Pink Salt
43714,12640,12640,Trubeing Roasted Peanuts Plain Salted
43715,12641,12640,Trubeing Roasted Peanuts Plain Salted
43716,0,0,Unknown/Unmapped
43717,12642,12640,Trubeing Roasted Peanuts Plain Salted
43718,12647,12644,Trubeing Roasted Makhana Himalayan Pink Salt
43719,12643,12640,Trubeing Roasted Peanuts Plain Salted
43720,12648,12644,Trubeing Roasted Makhana Himalayan Pink Salt
43721,0,0,Unknown/Unmapped
43722,12649,12640,Trubeing Roasted Peanuts Plain Salted
43723,12647,12644,Trubeing Roasted Makhana Himalayan Pink Salt
43724,12650,12650,Trubeing Soya Chips
43725,12648,12644,Trubeing Roasted Makhana Himalayan Pink Salt
43726,0,0,Unknown/Unmapped
43727,12640,12640,Trubeing Roasted Peanuts Plain Salted
43729,6707,6707,Haldiram Aloo Bhujia
43730,12642,12640,Trubeing Roasted Peanuts Plain Salted
43731,12643,12640,Trubeing Roasted Peanuts Plain Salted
43732,0,0,Unknown/Unmapped
43734,12646,12644,Trubeing Roasted Makhana Himalayan Pink Salt
43735,12647,12644,Trubeing Roasted Makhana Himalayan Pink Salt
43736,12648,12644,Trubeing Roasted Makhana Himalayan Pink Salt
43737,12649,12640,Trubeing Roasted Peanuts Plain Salted
43738,12650,12650,Trubeing Soya Chips
43741,12640,12640,Trubeing Roasted Peanuts Plain Salted
43749,12642,12640,Trubeing Roasted Peanuts Plain Salted
43750,0,0,Unknown/Unmapped
43751,12644,12644,Trubeing Roasted Makhana Himalayan Pink Salt
43752,12646,12644,Trubeing Roasted Makhana Himalayan Pink Salt
43753,12647,12644,Trubeing Roasted Makhana Himalayan Pink Salt
43754,12648,12644,Trubeing Roasted Makhana Himalayan Pink Salt
43755,12649,12640,Trubeing Roasted Peanuts Plain Salted
43756,12650,12650,Trubeing Soya Chips
43769,0,0,Unknown/Unmapped
43770,0,0,Unknown/Unmapped
43771,0,0,Unknown/Unmapped
43772,12630,12630,Nicka K Nine Color Eyeshadow Palette - Birthday Cake ( Full Size )
43774,0,0,Unknown/Unmapped
43775,0,0,Unknown/Unmapped
43776,12592,12592,Makeup Revolution Glow Splendour Highlighter
43777,0,0,Unknown/Unmapped
43789,0,0,Unknown/Unmapped
43819,0,0,Unknown/Unmapped
43820,12007,11008,Reload Orange Rush Drink 
43831,318,318,Coke Zero
43866,0,0,Unknown/Unmapped
43868,0,0,Unknown/Unmapped
43872,1172,986,Haldiram's Chips Pudina Treat Rs 15 
43874,0,0,Unknown/Unmapped
43876,12561,282,Too Yumm Veggie Stix Cheese & Herbs Rs 20
43877,11817,282,Too Yumm Veggie Stix Cheese & Herbs Rs 20
43878,12577,12577,Madmix Millet Bhujia Lemon & Chilli
43880,4551,282,Too Yumm Veggie Stix Cheese & Herbs Rs 20
43881,12561,395,Too Yum- Multigrain Chips
43886,0,0,Unknown/Unmapped
43887,6931,678,Britannia Bourbon-Rs 10
43888,0,0,Unknown/Unmapped
43898,0,0,Unknown/Unmapped
43900,0,0,Unknown/Unmapped
43901,0,0,Unknown/Unmapped
43902,0,0,Unknown/Unmapped
43911,12589,12588,Ella Foods Salted Cashew 27g Rs 70
43915,12588,12588,Ella Foods Salted Cashew 27g Rs 70
43917,2383,1170,Haldirams NGP Salted Peanut 
43918,12586,11152,Ella Foods Ready To Eat Poha 65g
43920,0,0,Unknown/Unmapped
43925,0,0,Unknown/Unmapped
43927,11969,1326,Unibic Choco Chip Cookies 
43928,7282,1326,Unibic Choco Chip Cookies 
43929,693,693,Snickers
43930,12649,12640,Trubeing Roasted Peanuts Plain Salted
43931,0,0,Unknown/Unmapped
43932,12648,12644,Trubeing Roasted Makhana Himalayan Pink Salt
43933,7684,1091,Max Protein Desi Masala  Rs 40
43934,12647,12644,Trubeing Roasted Makhana Himalayan Pink Salt
43935,0,0,Unknown/Unmapped
43936,0,0,Unknown/Unmapped
43937,0,0,Unknown/Unmapped
43938,12643,12640,Trubeing Roasted Peanuts Plain Salted
43939,0,0,Unknown/Unmapped
43940,12642,12640,Trubeing Roasted Peanuts Plain Salted
43941,0,0,Unknown/Unmapped
43943,12640,12640,Trubeing Roasted Peanuts Plain Salted
43945,6476,1170,Haldirams NGP Salted Peanut 
43946,12650,12650,Trubeing Soya Chips
43947,12649,12640,Trubeing Roasted Peanuts Plain Salted
43948,0,0,Unknown/Unmapped
43949,0,0,Unknown/Unmapped
43950,12648,12644,Trubeing Roasted Makhana Himalayan Pink Salt
43951,12647,12644,Trubeing Roasted Makhana Himalayan Pink Salt
43952,0,0,Unknown/Unmapped
43953,12643,12640,Trubeing Roasted Peanuts Plain Salted
43954,12642,12640,Trubeing Roasted Peanuts Plain Salted
43956,12640,12640,Trubeing Roasted Peanuts Plain Salted
43958,12650,12650,Trubeing Soya Chips
43960,12649,12640,Trubeing Roasted Peanuts Plain Salted
43961,0,0,Unknown/Unmapped
43962,12648,12644,Trubeing Roasted Makhana Himalayan Pink Salt
43963,12647,12644,Trubeing Roasted Makhana Himalayan Pink Salt
43964,0,0,Unknown/Unmapped
43965,12650,12650,Trubeing Soya Chips
43966,12643,12640,Trubeing Roasted Peanuts Plain Salted
43967,12642,12640,Trubeing Roasted Peanuts Plain Salted
43970,5420,5419,Mcvities Butter Cookies 
43971,0,0,Unknown/Unmapped
43977,12640,12640,Trubeing Roasted Peanuts Plain Salted
43978,12641,12640,Trubeing Roasted Peanuts Plain Salted
43980,12642,12640,Trubeing Roasted Peanuts Plain Salted
43981,12643,12640,Trubeing Roasted Peanuts Plain Salted
43983,0,0,Unknown/Unmapped
43984,0,0,Unknown/Unmapped
43985,0,0,Unknown/Unmapped
43987,12649,12640,Trubeing Roasted Peanuts Plain Salted
43988,12650,12650,Trubeing Soya Chips
43990,4743,814,Ritebite Sport Bar Almond Mocha
43992,10860,10857,Swizzle Desi Lemonade 
43995,10860,10857,Swizzle Desi Lemonade 
43998,10860,10857,Swizzle Desi Lemonade 
43999,10858,10857,Swizzle Desi Lemonade 
44000,10857,10857,Swizzle Desi Lemonade 
44001,10860,10857,Swizzle Desi Lemonade 
44004,10860,10857,Swizzle Desi Lemonade 
44011,0,0,Unknown/Unmapped
44014,12702,5272,Nutrezy Almond Cranberry Crunchy Bar
44015,12702,5272,Nutrezy Almond Cranberry Crunchy Bar
44016,0,0,Unknown/Unmapped
44017,12707,9996,Welbe Plain Murukku 
44018,12708,9996,Welbe Plain Murukku 
44022,12710,9996,Welbe Plain Murukku 
44024,5102,891,RiteBite Peanut Butter
44026,12653,5494,Farmley Roasted Makhana Cream And Onion Rs 30
44027,12653,5494,Farmley Roasted Makhana Cream And Onion Rs 30
44028,12653,5494,Farmley Roasted Makhana Cream And Onion Rs 30
44029,0,0,Unknown/Unmapped
44034,0,0,Unknown/Unmapped
44035,10475,3298,Paper Boat Aamras 
44036,7694,3298,Paper Boat Aamras 
44037,10457,3298,Paper Boat Aamras 
44038,8949,3298,Paper Boat Aamras 
44039,8131,1170,Haldirams NGP Salted Peanut 
44040,0,0,Unknown/Unmapped
44042,0,0,Unknown/Unmapped
44045,12580,12579,Ocean Crispy Orange Apple Fruit Drink Rs 38
44047,12582,12579,Ocean Crispy Orange Apple Fruit Drink Rs 38
44048,12579,12579,Ocean Crispy Orange Apple Fruit Drink Rs 38
44049,12579,12579,Ocean Crispy Orange Apple Fruit Drink Rs 38
44050,12581,12579,Ocean Crispy Orange Apple Fruit Drink Rs 38
44051,12579,12579,Ocean Crispy Orange Apple Fruit Drink Rs 38
44065,12715,12715,Badiyanath Choco Nuts Protein Bar 
44067,12715,12715,Badiyanath Choco Nuts Protein Bar 
44068,12715,12715,Badiyanath Choco Nuts Protein Bar 
44069,12716,12716,Klaw Masala Madness Sticks
44070,12717,12716,Klaw Masala Madness Sticks
44071,12719,12716,Klaw Masala Madness Sticks
44072,12716,12716,Klaw Masala Madness Sticks
44073,0,0,Unknown/Unmapped
44074,12718,12716,Klaw Masala Madness Sticks
44076,0,0,Unknown/Unmapped
44077,12721,12716,Klaw Masala Madness Sticks
44078,12720,12716,Klaw Masala Madness Sticks
44085,0,0,Unknown/Unmapped
44091,0,0,Unknown/Unmapped
44094,10569,1170,Haldirams NGP Salted Peanut 
44095,0,0,Unknown/Unmapped
44114,4034,109,Real Mixed Fruit Juice Rs 20
44115,11775,2698,Madras Mixture
44116,2708,2696,Masala Peanut 
44117,706,430,Haldiram's Moong Dal Rs 10 
44118,11775,2698,Madras Mixture
44119,7408,2698,Madras Mixture
44120,11413,282,Too Yumm Veggie Stix Cheese & Herbs Rs 20
44126,10249,10245,Vermicelli Uppma
44128,10246,10244,Onion Poha
44129,0,0,Unknown/Unmapped
44130,10245,10245,Vermicelli Uppma
44135,0,0,Unknown/Unmapped
44139,10333,3784,Cavins Rajbhog Milkshake Rs 60
44151,2408,2239,Cadbury Chocolate Rs 50
44153,0,0,Unknown/Unmapped
44154,0,0,Unknown/Unmapped
44155,0,0,Unknown/Unmapped
44156,0,0,Unknown/Unmapped
44157,0,0,Unknown/Unmapped
44159,0,0,Unknown/Unmapped
44160,0,0,Unknown/Unmapped
44161,0,0,Unknown/Unmapped
44162,0,0,Unknown/Unmapped
44163,0,0,Unknown/Unmapped
44164,0,0,Unknown/Unmapped
44165,12733,12733,Vi John Shaving Foam
44166,0,0,Unknown/Unmapped
44167,0,0,Unknown/Unmapped
44168,0,0,Unknown/Unmapped
44170,0,0,Unknown/Unmapped
44171,0,0,Unknown/Unmapped
44172,0,0,Unknown/Unmapped
44173,0,0,Unknown/Unmapped
44174,0,0,Unknown/Unmapped
44175,0,0,Unknown/Unmapped
44176,0,0,Unknown/Unmapped
44177,0,0,Unknown/Unmapped
44178,0,0,Unknown/Unmapped
44179,0,0,Unknown/Unmapped
44180,0,0,Unknown/Unmapped
44181,0,0,Unknown/Unmapped
44182,0,0,Unknown/Unmapped
44183,0,0,Unknown/Unmapped
44184,0,0,Unknown/Unmapped
44185,0,0,Unknown/Unmapped
44186,0,0,Unknown/Unmapped
44187,0,0,Unknown/Unmapped
44188,0,0,Unknown/Unmapped
44189,0,0,Unknown/Unmapped
44190,0,0,Unknown/Unmapped
44191,0,0,Unknown/Unmapped
44192,0,0,Unknown/Unmapped
44193,0,0,Unknown/Unmapped
44194,0,0,Unknown/Unmapped
44195,0,0,Unknown/Unmapped
44217,6520,478,Kit Kat Rs 25
44224,2607,822,Britannia Good Day Cashew 
44229,8949,3298,Paper Boat Aamras 
44240,0,0,Unknown/Unmapped
44244,9794,2230,Sunfeast Dark Fantasy Bourbon Rs20
44257,3316,1326,Unibic Choco Chip Cookies 
44258,3672,1326,Unibic Choco Chip Cookies 
44259,4044,1326,Unibic Choco Chip Cookies 
44260,3718,1326,Unibic Choco Chip Cookies 
44262,0,0,Unknown/Unmapped
44284,3108,1972,Storia Coconut Water Rs 35
44285,1972,1972,Storia Coconut Water Rs 35
44307,3609,140,Cadbury Dairy Milk Rs 20
44330,12640,12640,Trubeing Roasted Peanuts Plain Salted
44357,0,0,Unknown/Unmapped
44358,0,0,Unknown/Unmapped
44359,0,0,Unknown/Unmapped
44360,0,0,Unknown/Unmapped
44378,11969,1326,Unibic Choco Chip Cookies 
44384,10657,9989,Nandini Good Life Strawberry Milk 
44385,10659,9989,Nandini Good Life Strawberry Milk 
44386,9989,9989,Nandini Good Life Strawberry Milk 
44387,3298,3298,Paper Boat Aamras 
44388,3096,3096,Alo Frut Coconut Water Rs 50
44389,11987,984,Appy 200ml Rs 15
44392,8514,8514,Nandini Good Life Lassi Rs 25
44431,9090,9089,Mountain Tribe Gingerade Kombucha 
44468,12451,261,McVitie's Digestive Biscuits
44469,2536,261,McVitie's Digestive Biscuits
44478,10860,10857,Swizzle Desi Lemonade 
44481,0,0,Unknown/Unmapped
44482,0,0,Unknown/Unmapped
44498,7466,7465,Blueberry Fruit Yogurt Rs 35
44508,10457,3298,Paper Boat Aamras 
44514,261,261,McVitie's Digestive Biscuits
44516,10167,261,McVitie's Digestive Biscuits
44530,0,0,Unknown/Unmapped
44531,0,0,Unknown/Unmapped
44532,0,0,Unknown/Unmapped
44533,0,0,Unknown/Unmapped
44543,11109,11106,Eat Better Millet Namkeen Desi Masala 
44547,0,0,Unknown/Unmapped
44549,11618,11617,Butter Popcorn Jumbo Pack
44551,10839,120,Real Orange Juice 1
44552,0,0,Unknown/Unmapped
44559,0,0,Unknown/Unmapped
44560,12670,11847,Nandini Lassi
44561,11987,984,Appy 200ml Rs 15
44563,12452,261,McVitie's Digestive Biscuits
44564,0,0,Unknown/Unmapped
44565,0,0,Unknown/Unmapped
44566,4517,814,Ritebite Sport Bar Almond Mocha
44569,12788,12788,Thryve Whey Protein Chocolate Flavour 24g
44578,4234,693,Snickers
44579,2536,261,McVitie's Digestive Biscuits
44580,12451,5419,Mcvities Butter Cookies 
44581,12788,12788,Thryve Whey Protein Chocolate Flavour 24g
44584,11195,5419,Mcvities Butter Cookies 
44604,12637,12555,Paneer Paratha with Pickel
44610,6340,764,Amul Milk Chocolate Rs 25
44615,2536,261,McVitie's Digestive Biscuits
44616,12451,261,McVitie's Digestive Biscuits
44618,12451,261,McVitie's Digestive Biscuits
44683,355,355,Raw Pressery- Pomegranate
44684,10938,10938,Raw Pressery Iced Green Tea Mini Mojito 
44685,10552,10552,Raw Sugarcane 
44686,12812,10552,Raw Sugarcane 
44687,12813,10938,Raw Pressery Iced Green Tea Mini Mojito 
44688,12815,12815,Raw Valencia Orange Juice
44690,12817,12817,Raw Grapefruit Juice
44691,12818,713,Raw Coconut Water Rs 60
44692,12819,12819,Raw Mango Juice 
44693,8730,8730,Wingreens Dark Chocolate & Espresso 
44694,8731,8730,Wingreens Dark Chocolate & Espresso 
44756,11413,282,Too Yumm Veggie Stix Cheese & Herbs Rs 20
44757,11208,282,Too Yumm Veggie Stix Cheese & Herbs Rs 20
44758,12560,395,Too Yum- Multigrain Chips
44759,4551,282,Too Yumm Veggie Stix Cheese & Herbs Rs 20
44760,4125,73,Cavin's Lassi
44761,261,261,McVitie's Digestive Biscuits
44764,0,0,Unknown/Unmapped
44768,11008,11008,Reload Orange Rush Drink 
44769,11391,11388,Lets Try Aloo Bhujia 
44771,0,0,Unknown/Unmapped
44773,0,0,Unknown/Unmapped
44774,0,0,Unknown/Unmapped
44791,12716,12716,Klaw Masala Madness Sticks
44792,12717,12716,Klaw Masala Madness Sticks
44793,12721,12716,Klaw Masala Madness Sticks
44794,12720,12716,Klaw Masala Madness Sticks
44815,12561,395,Too Yum- Multigrain Chips
44817,5373,2230,Sunfeast Dark Fantasy Bourbon Rs20
44825,4550,282,Too Yumm Veggie Stix Cheese & Herbs Rs 20
44832,12514,2713,Britannia Milk Bikis
44894,5044,3953,Thums Up 
44897,10457,82,Paper Boat Alphonso Aam Rs 25
44898,8949,82,Paper Boat Alphonso Aam Rs 25
44899,10459,82,Paper Boat Alphonso Aam Rs 25
44900,12778,12778,Cavins Choco Mocha
44901,12779,3784,Cavins Rajbhog Milkshake Rs 60
44902,4041,430,Haldiram's Moong Dal Rs 10 
44924,11153,11153,Ella Foods Ready To Eat Upma 65g
44926,0,0,Unknown/Unmapped
44927,0,0,Unknown/Unmapped
44929,12890,9851,Farmley Cream & Onion Makhana Rs 50
44932,7681,7088,Dates Bites Sachet Rs 40
44934,9575,9575,Heritage Sweet Lassi
44950,132,132,Maggi Masala 
44951,0,0,Unknown/Unmapped
44957,12898,95,Parle Appy Rs 10
44958,4336,4335,Townbus Madras Mixture
44959,7231,130,Choco Chips Cookies
44978,5884,5879,Townbus Bombay Mixture
44981,6108,4335,Townbus Madras Mixture
44983,5879,5879,Townbus Bombay Mixture
44984,5880,5879,Townbus Bombay Mixture
44985,0,0,Unknown/Unmapped
44990,3953,126,Coke Regular Pet 250ml Rs 20
44995,120,120,Real Orange Juice 1
44996,1310,120,Real Orange Juice 1
44997,0,0,Unknown/Unmapped
44998,3704,120,Real Orange Juice 1
44999,146,109,Real Mixed Fruit Juice Rs 20
45009,12905,4335,Townbus Madras Mixture
45028,5453,5453,Nestle KitKat 
45036,125,125,Fanta Pet 250ml Rs 20
45037,3392,124,Sprite Rs 20
45038,316,316,Minute Maid Pulpy Orange
45039,7546,126,Coke Regular Pet 250ml Rs 20
45040,1094,535,Kinley Water Bottle 
45042,6813,678,Britannia Bourbon-Rs 10
45043,7014,678,Britannia Bourbon-Rs 10
45044,0,0,Unknown/Unmapped
45047,4452,401,Bingo - Potato Chips Masala
45048,2709,401,Bingo - Potato Chips Masala
45051,1333,109,Real Mixed Fruit Juice Rs 20
45053,1310,109,Real Mixed Fruit Juice Rs 20
45054,3704,109,Real Mixed Fruit Juice Rs 20
45055,12386,120,Real Orange Juice 1
45070,2136,109,Real Mixed Fruit Juice Rs 20
45072,0,0,Unknown/Unmapped
45122,12716,12716,Klaw Masala Madness Sticks
45129,10908,3782,Britannia Winkin Cow Rs 35
45130,11980,3782,Britannia Winkin Cow Rs 35
45140,6402,794,Britannia Little Hearts
45141,12560,395,Too Yum- Multigrain Chips
45146,12875,12875,Healthify Chocolate Protein Bar
45148,9651,1606,BRB Popped Potato Chips Pasta Cheese 
45149,0,0,Unknown/Unmapped
45155,12876,12876,Healthify Soya Chips
45156,12877,12877,Healthify Double Chocolate Travel Pack
45157,5419,261,McVitie's Digestive Biscuits
45159,4680,4680,Mcvities Bourbon Delight Rs 30
45160,10355,4206,Tropicana Mixed Fruit
45161,11968,4206,Tropicana Mixed Fruit
45162,4206,4206,Tropicana Mixed Fruit
45163,3646,1170,Haldirams NGP Salted Peanut 
45165,11399,1170,Haldirams NGP Salted Peanut 
45166,7088,7088,Dates Bites Sachet Rs 40
45167,11276,11274,Millet Bank Chilli Chataka Stix
45168,11009,11008,Reload Orange Rush Drink 
45170,11107,11106,Eat Better Millet Namkeen Desi Masala 
45171,12448,12429,Madmix Jowar Bhujia Masala Masti
45172,11176,10390,Sweet Karam Coffee Madras Mixture
45210,4234,693,Snickers
45221,11195,261,McVitie's Digestive Biscuits
45222,12707,9996,Welbe Plain Murukku 
45252,120,120,Real Orange Juice 1
45253,1310,120,Real Orange Juice 1
45254,1333,120,Real Orange Juice 1
45255,146,120,Real Orange Juice 1
45256,2136,120,Real Orange Juice 1
45257,7546,3953,Thums Up 
45258,125,125,Fanta Pet 250ml Rs 20
45259,3953,3953,Thums Up 
45260,3392,3392,Sprite 250ml Rs 20
45262,316,316,Minute Maid Pulpy Orange
45263,1094,1094,Kinley Water 500 ml Rs 10
45265,12640,12640,Trubeing Roasted Peanuts Plain Salted
45266,0,0,Unknown/Unmapped
45267,0,0,Unknown/Unmapped
45268,0,0,Unknown/Unmapped
45269,12707,9996,Welbe Plain Murukku 
45270,12653,7483,Farmley Achaari Munchies Rs 20
45271,0,0,Unknown/Unmapped
45274,12716,12716,Klaw Masala Madness Sticks
45276,0,0,Unknown/Unmapped
45278,0,0,Unknown/Unmapped
45279,12452,12452,Mcvities Digestive Cookies 
45280,2091,1738,Maggi Cuppa NDLS Masala Rs 55
45281,1143,1143,Nestle Kit Kat
45282,0,0,Unknown/Unmapped
45284,12949,9996,Welbe Plain Murukku 
45286,11252,11252,Boost Ready To Drink 180 ML
45292,0,0,Unknown/Unmapped
45294,0,0,Unknown/Unmapped
45297,12650,12650,Trubeing Soya Chips
45303,7484,3092,Alo Frut Kiwi Rs 30
45304,0,0,Unknown/Unmapped
45371,12958,12958,Whisper Choice Ultra Sanitary Pads XL+
45373,12583,12579,Ocean Crispy Orange Apple Fruit Drink Rs 38
45400,11038,120,Real Orange Juice 1
45402,5990,5990,Ocean Crispy Apple Rs 40
45403,5991,5990,Ocean Crispy Apple Rs 40
45405,11195,261,McVitie's Digestive Biscuits
45420,3327,318,Coke Zero
45421,11173,11171,Superyou Multigrain Super Masala Chips 40
45423,12881,11388,Lets Try Aloo Bhujia 
45438,2388,2388,Tropicana Guava Delight 200ml
45439,4206,2388,Tropicana Guava Delight 200ml
45441,177,177,Minute Maid Pulpy Orange
45442,6785,1170,Haldirams NGP Salted Peanut 
45443,7183,1170,Haldirams NGP Salted Peanut 
45444,6022,1170,Haldirams NGP Salted Peanut 
45445,6893,1170,Haldirams NGP Salted Peanut 
45446,6402,794,Britannia Little Hearts
45457,11171,11171,Superyou Multigrain Super Masala Chips 40
45458,10321,10321,Superyou Strawberry Wafer Bar
45459,12972,12971,Raj Uphaar Protein Pure Cacao Bar
45461,12966,12966,Raj Uphaar Chilli Lime Crispies 
45462,0,0,Unknown/Unmapped
45464,12965,12965,Raj Uphaar Roasted Poha Chivda
45467,0,0,Unknown/Unmapped
45468,12967,12967,Raj Uphaar Rice Chakri 
45469,12971,12971,Raj Uphaar Protein Pure Cacao Bar
45470,12974,12973,Acme Poshan Nutri Puffs Masala Masti 50gms
45471,12975,12975,Acme Poshan Dates And Almonds Protein Bar 
45472,12973,12973,Acme Poshan Nutri Puffs Masala Masti 50gms
45473,12975,12975,Acme Poshan Dates And Almonds Protein Bar 
45477,0,0,Unknown/Unmapped
45483,0,0,Unknown/Unmapped
45536,4732,139,Nestle Classic Chocolate 
45537,9809,9809,Manimark Sesame Burfi 
45538,12667,9809,Manimark Sesame Burfi 
45539,12668,9809,Manimark Sesame Burfi 
45552,4207,2388,Tropicana Guava Delight 200ml
45553,6893,1170,Haldirams NGP Salted Peanut 
45554,10358,1170,Haldirams NGP Salted Peanut 
45561,3593,3131,Sunfeast Dark Fantasy Choco Cream Rs 30
45563,4825,139,Nestle Classic Chocolate 
45564,13003,139,Nestle Classic Chocolate 
45565,3916,3916,Fast&Up Reload Hydration & Energy Drink
45583,10109,10109,Fabeato Salt & Pepper Cashews
45584,10110,10109,Fabeato Salt & Pepper Cashews
45585,10112,10109,Fabeato Salt & Pepper Cashews
45586,10113,10109,Fabeato Salt & Pepper Cashews
45588,1134,430,Haldiram's Moong Dal Rs 10 
45608,12717,12716,Klaw Masala Madness Sticks
45609,12720,12716,Klaw Masala Madness Sticks
45610,12719,12716,Klaw Masala Madness Sticks
45611,12718,12716,Klaw Masala Madness Sticks
45612,12716,12716,Klaw Masala Madness Sticks
45614,13002,11883,Adilqadri Shanaya Attar Arabic French Blend Non Alcoholic Roll on Fragrance
45620,12451,261,McVitie's Digestive Biscuits
45621,11195,5419,Mcvities Butter Cookies 
45625,13001,11883,Adilqadri Shanaya Attar Arabic French Blend Non Alcoholic Roll on Fragrance
45626,13000,11883,Adilqadri Shanaya Attar Arabic French Blend Non Alcoholic Roll on Fragrance
45629,11883,11883,Adilqadri Shanaya Attar Arabic French Blend Non Alcoholic Roll on Fragrance
45650,12561,395,Too Yum- Multigrain Chips
45651,0,0,Unknown/Unmapped
45653,1326,1326,Unibic Choco Chip Cookies 
45654,11884,11883,Adilqadri Shanaya Attar Arabic French Blend Non Alcoholic Roll on Fragrance
45655,11885,11883,Adilqadri Shanaya Attar Arabic French Blend Non Alcoholic Roll on Fragrance
45656,11886,11883,Adilqadri Shanaya Attar Arabic French Blend Non Alcoholic Roll on Fragrance
45657,11887,11883,Adilqadri Shanaya Attar Arabic French Blend Non Alcoholic Roll on Fragrance
45658,11888,11883,Adilqadri Shanaya Attar Arabic French Blend Non Alcoholic Roll on Fragrance
45659,11889,11883,Adilqadri Shanaya Attar Arabic French Blend Non Alcoholic Roll on Fragrance
45660,11890,11883,Adilqadri Shanaya Attar Arabic French Blend Non Alcoholic Roll on Fragrance
45661,11012,2698,Madras Mixture
45662,2698,2698,Madras Mixture
45664,7694,82,Paper Boat Alphonso Aam Rs 25
45667,0,0,Unknown/Unmapped
45669,4582,1636,Kurkure Solid Masti Rs 20
45670,5348,814,Ritebite Sport Bar Almond Mocha
45672,831,282,Too Yumm Veggie Stix Cheese & Herbs Rs 20
45674,11810,282,Too Yumm Veggie Stix Cheese & Herbs Rs 20
45677,3728,61,Paper Boat Lychee Ras Rs 20
45695,5420,261,McVitie's Digestive Biscuits
45696,4489,261,McVitie's Digestive Biscuits
45705,13017,4036,Snickers Kesar Pista Stick Rs 30
45706,13018,13018,ThumsUp Pet Bottle Rs 30
45707,122,82,Paper Boat Alphonso Aam Rs 25
45708,123,82,Paper Boat Alphonso Aam Rs 25
45711,5996,130,Choco Chips Cookies
45712,3679,282,Too Yumm Veggie Stix Cheese & Herbs Rs 20
45725,4402,140,Cadbury Dairy Milk Rs 20
45726,4321,140,Cadbury Dairy Milk Rs 20
45736,12779,12778,Cavins Choco Mocha
45738,3784,3784,Cavins Rajbhog Milkshake Rs 60
45739,12778,3784,Cavins Rajbhog Milkshake Rs 60
45740,12779,12779,Cavins Creamy Latte
45741,6682,4900,Britannia Treat Creme Wafers Strawberry Rs 50
45743,4127,1738,Maggi Cuppa NDLS Masala Rs 55
45744,2402,1170,Haldirams NGP Salted Peanut 
45746,13005,395,Too Yum- Multigrain Chips
45747,7678,395,Too Yum- Multigrain Chips
45748,1547,395,Too Yum- Multigrain Chips
45749,10792,331,Britannia Veg Cake Fruity Fun Rs 20
45756,7074,82,Paper Boat Alphonso Aam Rs 25
45759,13005,395,Too Yum- Multigrain Chips
45771,10333,3784,Cavins Rajbhog Milkshake Rs 60
45772,4208,2388,Tropicana Guava Delight 200ml
45773,2151,401,Bingo - Potato Chips Masala
45774,3785,3784,Cavins Rajbhog Milkshake Rs 60
45790,0,0,Unknown/Unmapped
45794,13031,13031,Volls Sante Strawberry Protein Bar Rs 80
45801,0,0,Unknown/Unmapped
45802,0,0,Unknown/Unmapped
45803,0,0,Unknown/Unmapped
45804,0,0,Unknown/Unmapped
45805,0,0,Unknown/Unmapped
45811,6478,1170,Haldirams NGP Salted Peanut 
45816,694,694,Frooti 
45817,13032,13032,Farmkin Dates 250gm Rs 149
45818,13015,10109,Fabeato Salt & Pepper Cashews
45845,0,0,Unknown/Unmapped
45847,0,0,Unknown/Unmapped
45848,4287,282,Too Yumm Veggie Stix Cheese & Herbs Rs 20
45849,0,0,Unknown/Unmapped
45850,0,0,Unknown/Unmapped
45855,11299,11299,Rimzim Jeera
45856,6340,764,Amul Milk Chocolate Rs 25
45857,13002,11883,Adilqadri Shanaya Attar Arabic French Blend Non Alcoholic Roll on Fragrance
45858,13001,11883,Adilqadri Shanaya Attar Arabic French Blend Non Alcoholic Roll on Fragrance
45859,11884,11883,Adilqadri Shanaya Attar Arabic French Blend Non Alcoholic Roll on Fragrance
45860,13000,11883,Adilqadri Shanaya Attar Arabic French Blend Non Alcoholic Roll on Fragrance
45861,11887,11883,Adilqadri Shanaya Attar Arabic French Blend Non Alcoholic Roll on Fragrance
45862,11889,11883,Adilqadri Shanaya Attar Arabic French Blend Non Alcoholic Roll on Fragrance
45863,11885,11883,Adilqadri Shanaya Attar Arabic French Blend Non Alcoholic Roll on Fragrance
45864,11890,11883,Adilqadri Shanaya Attar Arabic French Blend Non Alcoholic Roll on Fragrance
45865,11888,11883,Adilqadri Shanaya Attar Arabic French Blend Non Alcoholic Roll on Fragrance
45866,11886,11883,Adilqadri Shanaya Attar Arabic French Blend Non Alcoholic Roll on Fragrance
45867,11883,11883,Adilqadri Shanaya Attar Arabic French Blend Non Alcoholic Roll on Fragrance
45869,3456,2388,Tropicana Guava Delight 200ml
45873,0,0,Unknown/Unmapped
45874,0,0,Unknown/Unmapped
45875,12140,395,Too Yum- Multigrain Chips
45881,3468,282,Too Yumm Veggie Stix Cheese & Herbs Rs 20
45882,0,0,Unknown/Unmapped
45886,0,0,Unknown/Unmapped
45887,11946,401,Bingo - Potato Chips Masala
45916,0,0,Unknown/Unmapped
45917,0,0,Unknown/Unmapped
46006,0,0,Unknown/Unmapped
46016,0,0,Unknown/Unmapped
46111,0,0,Unknown/Unmapped
46130,0,0,Unknown/Unmapped
46131,0,0,Unknown/Unmapped
46137,0,0,Unknown/Unmapped
46138,0,0,Unknown/Unmapped
46142,0,0,Unknown/Unmapped
46143,0,0,Unknown/Unmapped
46144,0,0,Unknown/Unmapped
46145,0,0,Unknown/Unmapped
46146,0,0,Unknown/Unmapped
46147,0,0,Unknown/Unmapped
46148,0,0,Unknown/Unmapped
46149,0,0,Unknown/Unmapped
46150,0,0,Unknown/Unmapped
46151,0,0,Unknown/Unmapped
46152,0,0,Unknown/Unmapped
46153,0,0,Unknown/Unmapped
46154,0,0,Unknown/Unmapped
46155,0,0,Unknown/Unmapped
46174,0,0,Unknown/Unmapped
46225,0,0,Unknown/Unmapped
46233,0,0,Unknown/Unmapped
46268,0,0,Unknown/Unmapped
46310,0,0,Unknown/Unmapped
46352,0,0,Unknown/Unmapped
46353,0,0,Unknown/Unmapped
46354,0,0,Unknown/Unmapped
46355,0,0,Unknown/Unmapped
46383,0,0,Unknown/Unmapped
46390,0,0,Unknown/Unmapped
46405,0,0,Unknown/Unmapped
46406,0,0,Unknown/Unmapped
46407,0,0,Unknown/Unmapped
46413,0,0,Unknown/Unmapped
46416,0,0,Unknown/Unmapped
46417,0,0,Unknown/Unmapped
46419,0,0,Unknown/Unmapped
46420,0,0,Unknown/Unmapped
46421,0,0,Unknown/Unmapped
46422,0,0,Unknown/Unmapped
46424,0,0,Unknown/Unmapped
46425,0,0,Unknown/Unmapped
46426,0,0,Unknown/Unmapped
46432,0,0,Unknown/Unmapped
46433,0,0,Unknown/Unmapped
46434,0,0,Unknown/Unmapped
46441,0,0,Unknown/Unmapped
46442,0,0,Unknown/Unmapped
46443,0,0,Unknown/Unmapped
46444,0,0,Unknown/Unmapped
46445,0,0,Unknown/Unmapped
46446,0,0,Unknown/Unmapped
46448,0,0,Unknown/Unmapped
46449,0,0,Unknown/Unmapped
46450,0,0,Unknown/Unmapped
46451,0,0,Unknown/Unmapped
46452,0,0,Unknown/Unmapped
46455,0,0,Unknown/Unmapped
46536,0,0,Unknown/Unmapped
46540,0,0,Unknown/Unmapped
46541,0,0,Unknown/Unmapped
46542,0,0,Unknown/Unmapped
46543,0,0,Unknown/Unmapped
46544,0,0,Unknown/Unmapped
46548,0,0,Unknown/Unmapped
46564,0,0,Unknown/Unmapped
46566,0,0,Unknown/Unmapped
46567,0,0,Unknown/Unmapped
46568,0,0,Unknown/Unmapped
46569,0,0,Unknown/Unmapped
46578,0,0,Unknown/Unmapped
46629,0,0,Unknown/Unmapped
46630,0,0,Unknown/Unmapped
46692,0,0,Unknown/Unmapped
46721,0,0,Unknown/Unmapped
46722,0,0,Unknown/Unmapped
46723,0,0,Unknown/Unmapped
46724,0,0,Unknown/Unmapped
46725,0,0,Unknown/Unmapped
46726,0,0,Unknown/Unmapped
46727,0,0,Unknown/Unmapped
46728,0,0,Unknown/Unmapped
46729,0,0,Unknown/Unmapped
46749,0,0,Unknown/Unmapped
46750,0,0,Unknown/Unmapped
46764,0,0,Unknown/Unmapped
46765,0,0,Unknown/Unmapped
46774,0,0,Unknown/Unmapped
46775,0,0,Unknown/Unmapped
46789,0,0,Unknown/Unmapped
46813,0,0,Unknown/Unmapped
46815,0,0,Unknown/Unmapped
46817,0,0,Unknown/Unmapped
46818,0,0,Unknown/Unmapped
46823,0,0,Unknown/Unmapped
46825,0,0,Unknown/Unmapped
46831,0,0,Unknown/Unmapped
46840,0,0,Unknown/Unmapped
46847,0,0,Unknown/Unmapped
46848,0,0,Unknown/Unmapped
46876,0,0,Unknown/Unmapped
46877,0,0,Unknown/Unmapped
46878,0,0,Unknown/Unmapped
46879,0,0,Unknown/Unmapped
46898,0,0,Unknown/Unmapped
46899,0,0,Unknown/Unmapped
46901,0,0,Unknown/Unmapped
46903,0,0,Unknown/Unmapped
46904,0,0,Unknown/Unmapped
46905,0,0,Unknown/Unmapped
46906,0,0,Unknown/Unmapped
46917,0,0,Unknown/Unmapped
46922,0,0,Unknown/Unmapped
46924,0,0,Unknown/Unmapped
46925,0,0,Unknown/Unmapped
46926,0,0,Unknown/Unmapped
46927,0,0,Unknown/Unmapped
46929,0,0,Unknown/Unmapped
46930,0,0,Unknown/Unmapped
46931,0,0,Unknown/Unmapped
46934,0,0,Unknown/Unmapped
46947,0,0,Unknown/Unmapped
46958,0,0,Unknown/Unmapped
46959,0,0,Unknown/Unmapped
46960,0,0,Unknown/Unmapped
46961,0,0,Unknown/Unmapped
46962,0,0,Unknown/Unmapped
46966,0,0,Unknown/Unmapped
46971,0,0,Unknown/Unmapped
46972,0,0,Unknown/Unmapped
46976,0,0,Unknown/Unmapped
46989,0,0,Unknown/Unmapped
46990,0,0,Unknown/Unmapped
46991,0,0,Unknown/Unmapped
46995,0,0,Unknown/Unmapped
46997,0,0,Unknown/Unmapped
46998,0,0,Unknown/Unmapped
46999,0,0,Unknown/Unmapped
47000,0,0,Unknown/Unmapped
47010,0,0,Unknown/Unmapped
47011,0,0,Unknown/Unmapped
47013,0,0,Unknown/Unmapped
47014,0,0,Unknown/Unmapped
47015,0,0,Unknown/Unmapped
47024,0,0,Unknown/Unmapped
47025,0,0,Unknown/Unmapped
47026,0,0,Unknown/Unmapped
47068,0,0,Unknown/Unmapped
47069,0,0,Unknown/Unmapped
47081,0,0,Unknown/Unmapped
47112,0,0,Unknown/Unmapped
47113,0,0,Unknown/Unmapped
47114,0,0,Unknown/Unmapped
47115,0,0,Unknown/Unmapped
47116,0,0,Unknown/Unmapped
47117,0,0,Unknown/Unmapped
47118,0,0,Unknown/Unmapped
47119,0,0,Unknown/Unmapped
47121,0,0,Unknown/Unmapped
47122,0,0,Unknown/Unmapped
47123,0,0,Unknown/Unmapped
47124,0,0,Unknown/Unmapped
47125,0,0,Unknown/Unmapped
47126,0,0,Unknown/Unmapped
47127,0,0,Unknown/Unmapped
47128,0,0,Unknown/Unmapped
47129,0,0,Unknown/Unmapped
47130,0,0,Unknown/Unmapped
47131,0,0,Unknown/Unmapped
47132,0,0,Unknown/Unmapped
47133,0,0,Unknown/Unmapped
47134,0,0,Unknown/Unmapped
47135,0,0,Unknown/Unmapped
47136,0,0,Unknown/Unmapped
47137,0,0,Unknown/Unmapped
47138,0,0,Unknown/Unmapped
47139,0,0,Unknown/Unmapped
47140,0,0,Unknown/Unmapped
47141,0,0,Unknown/Unmapped
47142,0,0,Unknown/Unmapped
47143,0,0,Unknown/Unmapped
47144,0,0,Unknown/Unmapped
47145,0,0,Unknown/Unmapped
47146,0,0,Unknown/Unmapped
47147,0,0,Unknown/Unmapped
47148,0,0,Unknown/Unmapped
47149,0,0,Unknown/Unmapped
47150,0,0,Unknown/Unmapped
47151,0,0,Unknown/Unmapped
47152,0,0,Unknown/Unmapped
47153,0,0,Unknown/Unmapped
47154,0,0,Unknown/Unmapped
47155,0,0,Unknown/Unmapped
47156,0,0,Unknown/Unmapped
47157,0,0,Unknown/Unmapped
47158,0,0,Unknown/Unmapped
47159,0,0,Unknown/Unmapped
47160,0,0,Unknown/Unmapped
47161,0,0,Unknown/Unmapped
47162,0,0,Unknown/Unmapped
47163,0,0,Unknown/Unmapped
47164,0,0,Unknown/Unmapped
47165,0,0,Unknown/Unmapped
47166,0,0,Unknown/Unmapped
47167,0,0,Unknown/Unmapped
47168,0,0,Unknown/Unmapped
47169,0,0,Unknown/Unmapped
47170,0,0,Unknown/Unmapped
47171,0,0,Unknown/Unmapped
47172,0,0,Unknown/Unmapped
47185,0,0,Unknown/Unmapped
47211,0,0,Unknown/Unmapped
47216,0,0,Unknown/Unmapped
47217,0,0,Unknown/Unmapped
47218,0,0,Unknown/Unmapped
47219,0,0,Unknown/Unmapped
47220,0,0,Unknown/Unmapped
47221,0,0,Unknown/Unmapped
47222,0,0,Unknown/Unmapped
47223,0,0,Unknown/Unmapped
47224,0,0,Unknown/Unmapped
47250,0,0,Unknown/Unmapped
47251,0,0,Unknown/Unmapped
47273,0,0,Unknown/Unmapped
47341,0,0,Unknown/Unmapped
47342,0,0,Unknown/Unmapped
47355,0,0,Unknown/Unmapped
47356,0,0,Unknown/Unmapped
47450,0,0,Unknown/Unmapped
47452,0,0,Unknown/Unmapped
47453,0,0,Unknown/Unmapped
47454,0,0,Unknown/Unmapped
47455,0,0,Unknown/Unmapped
47457,0,0,Unknown/Unmapped
47458,0,0,Unknown/Unmapped
47461,0,0,Unknown/Unmapped
47466,0,0,Unknown/Unmapped
47493,0,0,Unknown/Unmapped
47494,0,0,Unknown/Unmapped
47496,0,0,Unknown/Unmapped
47535,0,0,Unknown/Unmapped
47540,0,0,Unknown/Unmapped
47563,0,0,Unknown/Unmapped
54321,0,0,Unknown/Unmapped
87665,0,0,Unknown/Unmapped
142111,0,0,Unknown/Unmapped
210690,0,0,Unknown/Unmapped
908907,0,0,Unknown/Unmapped
1000004,0,0,Unknown/Unmapped
998887766,0,0,Unknown/Unmapped
8901764061257,0,0,Unknown/Unmapped
