warehouse_id,sku_id,wh_cs_actual,vm_cs_actual
1,5174,0,0
1,5420,0,0
1,5516,0,0
1,5520,0,0
1,10978,0,0
1,11055,0,3
1,12229,479,25
1,12305,747,39
1,12319,2118,112
1,12327,2137,113
1,12444,0,3
1,12604,1491,79
1,12631,0,0
1,12670,237,13
1,12717,140,7
1,12793,2250,118
1,12794,366,19
1,12823,186,10
1,12854,2202,116
1,13135,2995,176
1,13151,0,0
1,13152,150,8
1,13155,0,0
1,13156,174,9
1,13158,1029,54
1,13250,0,3
1,13324,1038,55
1,13330,285,15
1,13345,477,25
1,13622,121,6
1,13728,0,0
1,13743,2366,125
1,13744,3243,193
1,13745,128,7
1,13786,2166,114
1,13813,1604,84
1,13897,0,0
1,13946,1619,85
1,13954,283,15
1,13975,0,3
1,14011,148,8
1,14015,215,11
1,14017,2656,140
1,14040,0,4
1,14133,824,43
1,14136,249,13
1,14138,1780,94
1,14167,1001,53
1,14174,647,34
1,14175,1123,59
1,14692,1804,95
1,14693,1537,81
1,14769,219,12
1,14770,192,10
1,15037,1028,54
1,15110,23,1
1,15290,0,0
1,15292,0,0
1,15303,0,2
1,15304,0,3
1,15305,0,0
1,15307,0,0
1,15308,0,0
1,15314,0,0
1,15316,0,0
1,15317,0,0
1,15318,0,3
1,15320,0,3
1,15323,0,0
1,15430,655,35
1,15437,0,0
1,15495,0,2
1,15739,175,9
1,15749,0,0
1,15751,134,7
1,15984,446,24
1,15985,1163,61
1,15986,0,4
1,16037,1821,96
1,16340,325,17
1,16359,466,25
1,17369,2431,153
1,17400,1049,55
1,17414,367,19
1,17415,247,13
1,17416,0,5
1,17417,203,11
1,17579,0,1
1,17590,0,0
1,17611,507,27
1,17621,0,3
1,17624,0,0
1,17626,0,0
1,17703,381,20
1,17729,429,23
1,18082,0,2
1,18083,179,9
1,18087,690,36
1,18105,2652,140
1,18106,2187,115
1,18292,376,20
1,18316,694,37
1,18317,812,43
1,18341,0,0
1,18556,1328,70
1,18581,1576,83
1,19055,397,21
1,19311,619,33
1,19432,887,47
1,19434,2032,107
1,19435,1238,65
1,19500,3180,190
1,19501,4172,231
1,19502,3583,201
1,19718,890,47
1,19808,1869,98
1,20391,0,0
1,20439,2231,117
1,20519,2750,145
1,20523,2352,149
1,20622,332,18
1,20784,759,40
1,20811,204,11
1,20823,1520,80
1,20846,812,43
1,20848,2540,149
1,20849,840,44
1,20850,2834,162
1,20851,4426,239
1,20852,1725,91
1,20853,1300,68
1,20854,1241,65
1,20855,363,19
1,20897,0,0
1,21406,113,6
1,21690,400,21
1,21694,1709,90
1,21695,633,33
1,21785,3726,209
1,21786,523,28
1,21791,797,42
1,21834,386,20
1,21894,430,23
1,22079,1490,78
1,22246,186,10
1,22400,629,33
1,22556,1087,57
1,22871,5,0
1,22872,0,0
1,22889,1,0
1,22892,0,0
1,22894,2,0
1,22921,1062,56
1,22926,1133,60
1,22944,231,12
1,23030,189,10
1,23156,0,0
1,23181,2,0
1,23260,2114,111
1,23333,0,0
1,23334,0,0
1,23339,0,0
1,23374,214,11
1,23375,286,15
1,23384,0,0
1,23386,191,10
1,23502,221,12
1,23514,37,2
1,23515,674,36
1,23542,0,0
1,23544,0,0
1,23545,0,1
1,23546,0,0
1,23547,0,0
1,23548,640,34
1,23552,702,37
1,23637,2263,119
1,23638,2024,107
1,23640,666,35
1,23642,690,36
1,23643,476,25
1,23649,927,49
1,23867,66,3
1,23868,252,13
1,23872,0,0
1,23873,0,0
1,24165,456,24
1,24184,1026,54
1,24185,1238,65
1,24193,288,15
1,24201,618,33
1,24202,2715,158
1,24642,0,0
1,24746,74,4
1,24781,0,3
1,24837,704,37
1,24838,876,46
1,24841,855,45
1,24843,944,50
1,24855,35,2
1,24864,110,6
1,24865,1151,61
1,24866,1508,79
1,25032,40,2
1,25129,170,9
1,25250,0,0
1,25251,0,0
1,25253,102,5
1,25254,0,5
1,25255,0,5
1,25431,1422,75
1,25432,558,29
1,25448,0,0
1,25449,0,3
1,25450,476,25
1,25451,456,24
1,25452,343,18
1,25609,2870,151
1,25610,2857,164
1,25624,2490,131
1,26060,1679,88
1,26061,1226,65
1,26062,166,9
1,26063,0,1
1,26214,1840,97
1,26215,1074,57
1,26263,0,0
1,26629,0,5
1,26631,476,25
1,26962,0,0
1,27175,627,33
1,27176,505,27
1,27177,96,5
1,27178,0,5
1,27207,0,5
1,27332,0,4
1,27658,1029,54
1,27659,266,14
1,27687,476,25
1,27697,702,37
1,27698,282,15
1,27699,488,26
1,27700,118,6
1,27717,0,4
1,27724,101,5
1,27726,297,16
1,27727,142,8
1,27728,212,11
1,27814,603,32
1,27815,1079,57
1,27897,2584,136
1,27898,0,3
1,27899,891,47
1,27901,274,14
1,28146,1371,72
1,28229,1011,53
1,28230,332,18
1,28231,332,18
1,28232,390,21
1,28712,425,22
1,29541,833,44
1,30087,909,48
1,30095,0,0
1,30168,290,15
1,30169,413,22
1,30191,275,15
1,30198,1143,60
1,30199,690,36
1,30385,476,25
1,30482,151,8
1,30484,1584,83
1,30485,1415,75
1,30594,462,24
1,30820,357,19
1,30839,0,0
1,30916,0,3
1,30940,0,5
1,30941,237,13
1,30950,0,0
1,30951,2,0
1,31091,800,42
1,31092,254,13
1,31093,151,8
1,31285,0,4
1,31310,189,10
1,31322,800,42
1,31397,0,0
1,31465,0,0
1,31466,0,0
1,31467,0,0
1,31468,0,0
1,31469,0,1
1,31473,0,0
1,31474,0,0
1,31475,0,3
1,31476,0,1
1,31477,0,0
1,31570,0,0
1,31644,0,5
1,31658,237,13
1,31659,237,13
1,31941,0,0
1,31942,0,0
1,31943,0,0
1,31944,0,0
1,31946,0,0
1,31948,0,0
1,31949,0,0
1,31950,0,0
1,31951,0,0
1,31952,0,0
1,32018,285,15
1,32179,343,18
1,32348,293,15
1,32555,750,40
1,32597,1524,80
1,32598,1905,100
1,32599,2684,150
1,32789,0,0
1,32790,0,0
1,32943,0,0
1,33020,0,0
1,33021,0,0
1,33022,0,0
1,33023,0,0
1,33339,142,8
1,33673,0,0
1,33895,0,2
1,33896,0,0
1,33897,0,0
1,34006,113,6
1,34098,0,0
1,34100,0,0
1,34101,0,0
1,34102,0,0
1,34103,0,0
1,34104,0,0
1,34105,0,0
1,87665,0,0
1,908907,0,0
1,998887766,0,0
2,65,0,0
2,66,0,0
2,294,0,0
2,372,127,7
2,487,237,13
2,496,128,7
2,956,0,0
2,1265,0,0
2,1266,0,0
2,2061,0,0
2,2062,0,1
2,2075,2453,129
2,2076,1817,96
2,2111,0,0
2,2115,0,1
2,2150,591,31
2,2151,1434,76
2,2789,113,6
2,2798,1415,75
2,3051,1774,93
2,3079,730,38
2,3166,0,0
2,3169,0,0
2,3170,0,0
2,3177,0,0
2,3179,0,0
2,3352,1317,69
2,4923,170,9
2,14807,1,0
2,14831,216,11
2,14834,500,26
2,14835,428,23
2,15086,0,0
2,15327,348,18
2,15735,0,3
2,16121,171,9
2,16122,196,10
2,16364,447,24
2,16365,339,18
2,16366,363,19
2,16826,269,14
2,16932,0,3
2,16933,0,5
2,17171,1107,58
2,17315,2927,168
2,17328,293,15
2,18345,871,46
2,18452,436,23
2,18570,1277,67
2,18571,1114,59
2,18580,299,16
2,18974,0,0
2,18977,824,43
2,18980,280,15
2,19052,0,3
2,19090,0,0
2,19091,1,0
2,19092,1,0
2,19098,626,33
2,19424,0,0
2,19505,254,13
2,19506,2557,135
2,19507,1776,94
2,19544,1568,83
2,20685,110,6
2,20825,164,9
2,20831,155,8
2,20834,0,0
2,20836,543,29
2,20837,0,0
2,20839,457,24
2,21347,0,0
2,21356,1335,70
2,21357,504,27
2,21358,823,43
2,21359,0,0
2,21817,0,3
2,22402,564,30
2,22922,723,38
2,22945,142,8
2,23261,980,52
2,23388,0,4
2,23389,0,5
2,23449,0,0
2,23513,322,17
2,23516,0,4
2,23644,335,18
2,23646,999,53
2,23647,740,39
2,23964,0,5
2,23965,871,46
2,24160,1804,95
2,24161,435,23
2,24166,206,11
2,24209,735,39
2,24210,543,29
2,24284,457,24
2,24285,451,24
2,24613,409,22
2,24614,477,25
2,24615,454,24
2,24643,0,4
2,24691,343,18
2,24745,1455,77
2,24777,1108,58
2,24778,322,17
2,24779,1312,69
2,24835,343,18
2,24836,647,34
2,24842,547,29
2,24844,1238,65
2,24863,0,4
2,24867,936,49
2,24868,817,43
2,25081,624,33
2,25357,425,22
2,25423,0,4
2,25429,1015,53
2,25430,965,51
2,25441,142,8
2,25442,142,8
2,25443,158,8
2,25445,495,26
2,26011,1029,54
2,26012,704,37
2,26013,304,16
2,26080,476,25
2,26081,118,6
2,26125,0,0
2,26126,33,2
2,26127,0,1
2,26395,0,0
2,26397,0,0
2,26399,0,0
2,26401,0,1
2,26403,0,0
2,26630,151,8
2,26634,198,10
2,26759,122,6
2,26935,0,0
2,26936,332,18
2,27155,0,3
2,27179,722,38
2,27180,528,28
2,27181,136,7
2,27208,102,5
2,27330,118,6
2,27701,1476,78
2,27702,1738,92
2,27703,166,9
2,27704,294,16
2,27718,365,19
2,27733,355,19
2,27734,1418,75
2,27735,1324,70
2,27801,57,0
2,27836,0,3
2,27837,252,13
2,29542,571,30
2,29543,188,10
2,29637,104,6
2,29638,0,5
2,29639,218,12
2,29640,142,8
2,29641,332,18
2,29642,104,6
2,29746,0,4
2,30196,685,36
2,30197,809,43
2,30517,365,19
2,30518,523,28
2,30603,410,22
2,30748,118,6
2,30782,0,0
2,30866,161,9
2,31215,0,0
2,31288,0,4
2,31315,0,4
2,31316,151,8
2,31317,685,36
2,31394,0,0
2,31425,0,3
2,31438,0,0
2,31447,0,0
2,31448,0,0
2,31449,0,0
2,31450,0,0
2,31451,0,0
2,31452,0,0
2,31453,0,0
2,31454,0,0
2,31455,0,0
2,31456,0,0
2,31457,0,0
2,31458,0,0
2,31459,0,0
2,31460,0,0
2,31461,0,0
2,31462,0,0
2,31463,0,0
2,31464,0,0
2,31676,158,8
2,31893,599,32
2,31923,0,0
2,32140,619,33
2,32141,343,18
2,32180,228,12
2,32190,666,35
2,32347,476,25
2,32413,0,4
2,32489,1905,100
2,32507,2726,150
2,32508,952,50
2,32551,121,6
2,32552,166,9
2,32899,609,32
2,32999,0,0
2,33000,0,0
2,33001,0,0
2,33002,0,0
2,33004,0,0
2,33684,0,2
2,33685,0,5
2,908907,0,0
3,1648,0,0
3,5050,0,0
3,5057,0,1
3,5062,0,0
3,5125,946,50
3,5126,0,3
3,5138,0,0
3,5154,154,8
3,5157,471,25
3,5162,0,0
3,5174,0,2
3,5205,0,0
3,5244,122,6
3,5245,133,7
3,5249,0,0
3,5250,0,0
3,5344,0,3
3,5346,300,16
3,5347,0,3
3,5371,0,0
3,5420,0,4
3,5423,0,2
3,5445,0,2
3,5460,0,0
3,5461,0,3
3,5485,0,0
3,5491,0,3
3,5499,0,0
3,5516,0,0
3,5518,0,0
3,5520,0,2
3,5523,0,0
3,5592,1005,53
3,5594,0,0
3,5596,0,0
3,5605,0,4
3,5606,0,0
3,5612,1181,62
3,5632,0,3
3,5647,495,26
3,5673,422,22
3,5710,0,3
3,5750,485,26
3,5769,366,19
3,5850,0,0
3,5870,0,0
3,5898,468,25
3,5899,504,27
3,5929,0,0
3,5937,504,27
3,6052,269,14
3,6060,1,0
3,13135,0,0
3,14836,0,2
3,15303,0,0
3,15318,0,0
3,15487,0,3
3,15984,0,0
3,15985,292,15
3,16278,0,0
3,16279,432,23
3,17174,338,18
3,17183,588,31
3,17184,0,0
3,17270,0,0
3,17417,0,0
3,17972,1204,63
3,19028,0,4
3,19057,0,0
3,19635,518,27
3,19636,445,23
3,19637,0,0
3,19757,822,43
3,19758,0,2
3,19759,263,14
3,20462,0,0
3,20465,470,25
3,20582,144,8
3,20583,180,10
3,20657,290,15
3,20762,202,11
3,21074,136,7
3,21075,0,5
3,21336,0,0
3,21721,0,0
3,21808,304,16
3,22048,109,6
3,23267,688,36
3,23510,257,14
3,23519,244,13
3,23624,0,3
3,23873,0,0
3,24172,287,15
3,24173,339,18
3,24189,0,2
3,24204,502,26
3,24747,124,7
3,24827,555,29
3,24828,551,29
3,24855,301,16
3,24856,291,15
3,24860,0,5
3,24879,245,13
3,24880,205,11
3,25127,0,0
3,25128,0,0
3,25433,431,23
3,25440,0,0
3,25457,0,0
3,25971,0,3
3,25972,0,2
3,25973,0,0
3,25974,0,0
3,25976,0,0
3,25993,233,12
3,25995,128,7
3,25997,0,0
3,26041,0,4
3,26042,0,0
3,26043,0,0
3,26044,322,17
3,26045,0,0
3,26128,0,0
3,26364,0,0
3,26669,399,21
3,26831,298,16
3,26834,927,49
3,26835,782,41
3,26841,439,23
3,26844,174,9
3,26957,0,2
3,26958,0,0
3,26959,0,0
3,26960,0,0
3,26961,0,0
3,27203,254,13
3,27204,172,9
3,27205,123,7
3,27206,0,5
3,27382,0,0
3,27715,249,13
3,27716,154,8
3,27738,0,2
3,27741,0,5
3,27742,0,5
3,27743,0,5
3,27829,0,3
3,28481,0,0
3,28513,0,0
3,29545,451,24
3,29546,170,9
3,29712,908,48
3,29713,118,6
3,29715,109,6
3,29718,327,17
3,29747,0,0
3,29748,639,34
3,29828,0,0
3,30088,343,18
3,30171,205,11
3,30194,628,33
3,30195,461,24
3,30221,329,17
3,30369,188,10
3,30420,0,0
3,30864,0,2
3,30865,0,2
3,30881,0,0
3,31320,308,16
3,31478,0,0
3,31479,0,0
3,31685,0,4
3,32142,170,9
3,32184,170,9
3,32206,260,14
3,32493,0,0
3,32505,361,19
3,32506,393,21
3,33849,119,6
3,33932,0,0
3,33933,0,3
3,33934,0,3
3,33935,0,1
4,3915,176,9
4,3950,963,51
4,3965,2720,150
4,3966,2767,152
4,4011,987,52
4,4149,266,14
4,4163,266,14
4,4198,266,14
4,4218,2634,145
4,4309,732,39
4,4312,642,34
4,4315,2016,106
4,4424,125,7
4,4457,102,5
4,4458,1766,93
4,4470,1201,63
4,4499,2486,131
4,4500,1326,70
4,4561,1839,97
4,4596,355,19
4,4621,355,19
4,4625,2659,147
4,4626,572,30
4,4627,2071,109
4,4629,2485,146
4,4712,546,29
4,7365,1335,70
4,14623,3009,174
4,14819,969,51
4,15226,0,0
4,15227,0,0
4,15339,0,5
4,15541,272,14
4,15714,2137,113
4,15719,0,5
4,15727,0,1
4,15833,196,10
4,15834,0,0
4,15839,0,0
4,15856,505,27
4,15857,517,27
4,16038,1107,58
4,16485,1671,88
4,16587,107,6
4,16649,230,12
4,16892,0,5
4,16893,0,5
4,17314,639,34
4,17385,750,40
4,17553,2366,125
4,17554,284,15
4,17613,1232,65
4,18090,301,16
4,19322,2666,140
4,19323,2439,128
4,19423,304,16
4,20441,1029,54
4,20466,533,28
4,21698,1567,83
4,21700,472,25
4,21797,2144,113
4,21805,1168,62
4,22047,1029,54
4,22080,1345,71
4,22394,493,26
4,22928,1212,64
4,23200,0,0
4,23202,0,0
4,23204,0,0
4,23223,898,47
4,23262,612,32
4,23316,1538,81
4,23318,0,0
4,23319,739,39
4,23393,769,41
4,23394,801,42
4,23395,940,50
4,23396,430,23
4,23507,280,15
4,23512,175,9
4,23517,128,7
4,23577,466,25
4,23809,1189,63
4,23813,354,19
4,23823,0,0
4,24081,297,16
4,24207,516,27
4,24208,2576,136
4,24217,549,29
4,24218,251,13
4,24389,7604,424
4,24390,2613,138
4,24391,1305,69
4,24392,6500,360
4,24710,827,44
4,24825,723,38
4,24826,697,37
4,24845,538,28
4,24846,540,28
4,24862,237,13
4,24869,237,13
4,24881,214,11
4,25000,1462,77
4,25001,1333,70
4,25025,789,42
4,25114,960,51
4,25115,1362,72
4,25116,1120,59
4,25130,1786,94
4,25403,0,3
4,25424,1499,79
4,25660,0,3
4,25661,0,0
4,26018,285,15
4,26020,168,9
4,26120,0,4
4,26227,0,0
4,26686,0,5
4,26687,0,5
4,27183,510,27
4,27184,961,51
4,27210,144,8
4,27212,175,9
4,27213,144,8
4,27367,237,13
4,27368,118,6
4,27660,0,0
4,27706,587,31
4,27707,947,50
4,27708,624,33
4,27709,645,34
4,27719,0,2
4,27756,399,21
4,27757,173,9
4,27835,456,24
4,27874,0,0
4,27875,0,0
4,27893,0,0
4,28212,275,15
4,28215,0,0
4,28270,827,44
4,28275,456,24
4,28414,237,13
4,28918,331,17
4,29559,237,13
4,29710,237,13
4,30174,702,37
4,30180,218,12
4,30188,1257,66
4,30872,0,0
4,30912,239,13
4,31290,0,5
4,31306,275,15
4,31326,1348,71
4,31649,285,15
4,31843,599,32
4,32189,404,21
4,32256,189,10
4,32261,685,36
4,32262,507,27
4,32891,933,49
4,33012,0,0
4,33014,0,0
4,33016,0,0
4,33017,0,0
4,33018,0,0
4,33207,380,20
4,33208,298,16
4,1000004,0,0
4,0,0,4
5,3865,133,7
5,3915,0,5
5,3938,0,4
5,3943,194,10
5,3947,1104,58
5,3965,729,38
5,3966,663,35
5,4011,302,16
5,4131,1360,72
5,4149,0,5
5,4218,146,8
5,4315,512,27
5,4457,322,17
5,4458,358,19
5,4470,428,23
5,4497,0,0
5,4500,102,5
5,4508,309,16
5,4596,115,6
5,4620,186,10
5,4621,0,5
5,4628,1680,88
5,4629,962,51
5,7328,0,5
5,7365,956,50
5,7416,709,37
5,7423,560,30
5,7498,261,14
5,7635,0,0
5,7654,732,39
5,7656,3093,163
5,7838,103,5
5,8051,268,14
5,8067,235,12
5,14819,110,6
5,15541,121,6
5,15714,929,49
5,15856,0,1
5,16414,140,7
5,16415,184,10
5,16485,895,47
5,17256,321,17
5,17325,193,10
5,17385,256,14
5,17553,537,28
5,17613,1141,60
5,18088,113,6
5,18578,841,44
5,18640,512,27
5,19315,0,1
5,19404,547,29
5,19423,138,7
5,19959,0,4
5,19963,1355,71
5,20423,602,32
5,20442,902,48
5,20625,231,12
5,20652,496,26
5,21081,470,25
5,21486,296,16
5,21708,1036,55
5,21710,510,27
5,21777,257,14
5,21795,0,5
5,21797,371,20
5,21806,254,13
5,22081,759,40
5,22164,566,30
5,22227,380,20
5,22229,483,25
5,22289,550,29
5,22394,282,15
5,22469,105,6
5,22596,273,14
5,22776,357,19
5,22777,1105,58
5,22778,504,27
5,22853,453,24
5,23042,115,6
5,23235,0,0
5,23263,779,41
5,23319,151,8
5,23396,156,8
5,23398,173,9
5,23399,123,7
5,23400,180,10
5,23460,407,21
5,23461,151,8
5,23462,329,17
5,23471,827,44
5,23507,121,6
5,23509,141,7
5,23511,105,6
5,23518,0,1
5,23712,579,31
5,23745,884,47
5,23749,0,0
5,23816,0,4
5,23818,338,18
5,23823,132,7
5,23969,856,45
5,23980,0,1
5,23981,143,8
5,23995,1485,78
5,24010,0,2
5,24011,0,5
5,24015,0,0
5,24017,287,15
5,24064,178,9
5,24174,0,3
5,24175,0,0
5,24224,410,22
5,24225,373,20
5,24226,127,7
5,24227,122,6
5,24376,0,0
5,24408,1883,99
5,24409,116,6
5,24410,129,7
5,24411,138,7
5,24412,123,7
5,24459,986,52
5,24739,1595,84
5,24740,1914,101
5,24789,518,27
5,24794,1024,54
5,24802,419,22
5,24805,657,35
5,24806,559,29
5,24810,0,5
5,24811,437,23
5,24847,411,22
5,24848,458,24
5,24870,158,8
5,24871,332,18
5,25117,2161,114
5,25274,118,6
5,25277,0,2
5,25405,0,0
5,25571,781,41
5,25606,0,3
5,25607,0,1
5,25662,355,19
5,25663,380,20
5,25664,500,26
5,25666,0,1
5,26000,2195,116
5,26018,750,40
5,26020,0,0
5,26106,0,4
5,26195,111,6
5,26227,0,0
5,27187,488,26
5,27188,277,15
5,27213,0,4
5,27288,0,4
5,27357,136,7
5,27360,666,35
5,27361,547,29
5,27674,304,16
5,27675,209,11
5,27709,1374,72
5,27710,2113,111
5,27711,0,3
5,27712,573,30
5,27720,0,4
5,27763,177,9
5,27764,382,20
5,27765,110,6
5,27767,519,27
5,27768,680,36
5,27813,472,25
5,27847,890,47
5,27853,625,33
5,27855,571,30
5,28084,876,46
5,28086,285,15
5,28090,177,9
5,28092,414,22
5,28096,1104,58
5,28097,720,38
5,28284,832,44
5,28295,0,4
5,28297,547,29
5,28300,297,16
5,28308,228,12
5,28310,0,4
5,28313,845,45
5,28333,571,30
5,28399,285,15
5,28412,323,17
5,28414,229,12
5,28433,736,39
5,28797,0,4
5,28830,0,5
5,28836,151,8
5,28852,0,0
5,28864,0,2
5,28870,189,10
5,29002,1556,82
5,29061,1600,84
5,29084,303,16
5,29104,166,9
5,29105,0,0
5,29228,403,21
5,29534,946,50
5,29561,102,5
5,29562,523,28
5,29707,237,13
5,29708,399,21
5,29737,77,4
5,30175,307,16
5,30181,186,10
5,30187,460,24
5,30873,0,5
5,30913,514,27
5,31289,0,5
5,31303,0,3
5,31325,777,41
5,31535,177,9
5,31639,0,2
5,32185,793,42
5,32186,113,6
5,32188,237,13
5,32260,0,3
5,32415,0,3
5,32485,214,11
5,33253,113,6
5,33748,0,3
6,1632,0,2
6,1633,544,29
6,1636,1755,92
6,1637,309,16
6,1641,0,1
6,1645,420,22
6,1648,280,15
6,1650,3095,174
6,1703,619,33
6,1708,285,15
6,1709,857,45
6,1712,610,32
6,1722,2627,138
6,1826,690,36
6,1829,304,16
6,1834,1669,88
6,1836,0,4
6,1839,1659,87
6,1841,1141,60
6,1843,0,5
6,1846,615,32
6,1848,142,8
6,1855,151,8
6,1890,9329,519
6,1914,1803,95
6,1928,105,6
6,1929,0,0
6,1960,34,2
6,1961,75,4
6,1965,0,0
6,1976,1047,55
6,1977,0,3
6,1978,1463,77
6,1990,0,0
6,1995,0,3
6,2013,10836,584
6,2030,15,1
6,2053,4927,277
6,2055,0,3
6,2056,0,3
6,2057,0,5
6,2058,0,5
6,2097,0,4
6,2119,892,47
6,2134,102,5
6,2200,182,10
6,2216,406,21
6,2235,1820,96
6,2236,1532,81
6,2449,128,7
6,2450,262,14
6,2459,762,40
6,2467,209,11
6,2472,182,10
6,2477,182,10
6,4974,107,6
6,6246,620,33
6,6248,0,0
6,6359,409,22
6,6361,376,20
6,6365,258,14
6,6383,0,4
6,6389,511,27
6,6419,292,15
6,6422,0,4
6,6430,0,0
6,6452,240,13
6,6482,1091,57
6,6484,0,1
6,6486,0,0
6,6487,2563,135
6,6512,6952,394
6,6680,928,49
6,6700,0,5
6,6756,0,4
6,6980,0,4
6,7146,1266,67
6,10836,183,10
6,12133,264,14
6,12143,219,12
6,12171,228,12
6,14333,0,0
6,14506,1266,67
6,14507,1167,61
6,14533,199,11
6,14534,162,9
6,14555,173,9
6,14772,113,6
6,14821,3432,198
6,14822,3082,179
6,14823,5034,277
6,14839,124,7
6,14910,0,3
6,14912,104,6
6,14914,167,9
6,14915,0,2
6,14916,0,4
6,14917,0,0
6,14919,0,0
6,14920,0,2
6,14922,0,4
6,14924,0,4
6,14925,160,8
6,14926,0,4
6,14938,0,3
6,14940,128,7
6,14941,176,9
6,14955,0,3
6,14957,140,7
6,14958,0,5
6,14959,322,17
6,14961,617,33
6,14962,329,17
6,14963,995,52
6,14964,1691,89
6,14966,901,47
6,14967,115,6
6,14968,325,17
6,14970,245,13
6,14989,257,14
6,14990,381,20
6,14991,119,6
6,15004,0,4
6,15006,0,4
6,15007,155,8
6,15012,115,6
6,15014,133,7
6,15015,182,10
6,15021,363,19
6,15023,346,18
6,15024,590,31
6,15030,148,8
6,15031,204,11
6,15032,123,7
6,15082,301,16
6,15168,866,46
6,15393,345,18
6,15394,364,19
6,15395,591,31
6,15475,238,13
6,15476,234,12
6,15619,116,6
6,15620,139,7
6,15658,0,0
6,17000,433,23
6,17109,118,6
6,17110,379,20
6,17112,254,13
6,17244,0,0
6,17335,175,9
6,17522,241,13
6,17767,330,17
6,17769,230,12
6,17975,396,21
6,17976,1469,77
6,17977,158,8
6,17978,237,13
6,17979,317,17
6,19472,917,48
6,19573,0,3
6,19576,0,4
6,19644,2025,107
6,19819,460,24
6,19820,445,23
6,19830,218,12
6,20050,0,0
6,20051,134,7
6,20053,173,9
6,20055,0,4
6,20059,0,4
6,20061,156,8
6,21465,762,40
6,21466,762,40
6,21468,851,45
6,21746,358,19
6,21747,573,30
6,21748,572,30
6,21833,358,19
6,22026,2362,124
6,22242,2860,167
6,22243,4224,240
6,22244,2683,169
6,22245,2726,156
6,22906,0,0
6,22944,0,1
6,22993,0,0
6,23097,341,18
6,23098,372,20
6,23099,576,30
6,23133,252,13
6,23134,118,6
6,23135,370,20
6,23137,152,8
6,23138,0,5
6,23139,249,13
6,24045,0,5
6,24047,237,13
6,24048,142,8
6,24049,161,9
6,24052,0,2
6,24055,0,1
6,24057,0,4
6,24063,0,0
6,24817,129,7
6,24819,983,52
6,24820,983,52
6,24821,0,0
6,24822,0,0
6,24839,0,1
6,24840,14,0
6,24960,653,34
6,25003,4528,254
6,25004,4785,278
6,25005,12470,679
6,25006,4473,253
6,25007,9908,544
6,25081,19,1
6,25476,187,10
6,25602,743,39
6,25603,170,9
6,25604,170,9
6,25605,170,9
6,25656,0,3
6,25657,0,3
6,25658,0,3
6,25659,0,4
6,26376,72,4
6,26852,952,50
6,27392,132,7
6,27978,44,0
6,30042,151,8
6,30442,76,4
6,30443,0,2
6,30444,134,7
6,30445,105,6
6,30446,116,6
6,30447,234,12
6,30703,237,13
6,30704,237,13
6,30705,0,5
6,30706,237,13
6,30863,0,0
6,32052,960,51
6,32053,548,29
6,32054,960,51
6,32116,432,23
6,32117,599,32
6,32205,96,5
6,32458,182,10
6,32629,299,16
6,33204,138,7
6,33205,63,3
6,33851,166,9
6,33852,214,11
6,33853,332,18
6,33854,118,6
6,33855,154,8
8,9958,0,4
8,9964,209,11
8,9985,0,0
8,10890,1905,100
8,10940,202,11
8,10944,1968,104
8,10945,1087,57
8,10975,1130,60
8,10977,1327,70
8,10990,1370,72
8,10994,134,7
8,10995,245,13
8,11018,1572,83
8,11025,527,28
8,11055,1280,67
8,11068,1333,70
8,11104,1174,62
8,11109,1913,101
8,11162,2640,139
8,11165,522,28
8,11174,916,48
8,11175,717,38
8,11189,960,51
8,11235,2305,149
8,11253,2641,146
8,11254,1279,67
8,11255,1158,61
8,11382,3030,172
8,11420,1616,85
8,11521,2683,141
8,11580,2473,130
8,11804,1446,76
8,11820,1006,53
8,11955,2499,132
8,11956,206,11
8,11980,0,4
8,11984,241,13
8,11996,316,17
8,12001,1374,72
8,12084,284,15
8,12118,357,19
8,12119,0,3
8,12125,882,46
8,12170,586,31
8,14500,0,4
8,15078,169,9
8,15344,126,7
8,15505,0,0
8,15508,3,0
8,15509,0,0
8,15510,0,0
8,15511,0,1
8,15591,672,35
8,15626,100,5
8,15672,667,35
8,15675,13965,805
8,15984,326,17
8,16017,0,0
8,16249,1272,67
8,16347,1240,65
8,16837,196,10
8,16957,127,7
8,17317,912,48
8,17615,491,26
8,17709,583,31
8,17710,783,41
8,17745,0,5
8,17755,367,19
8,17756,311,16
8,18109,332,18
8,18203,664,35
8,18243,755,40
8,19053,396,21
8,19054,0,0
8,19056,874,46
8,19714,0,3
8,19956,2983,169
8,19957,3946,215
8,20863,898,47
8,20864,285,15
8,21736,344,18
8,21737,529,28
8,21738,0,5
8,21799,154,8
8,21800,2561,147
8,21801,2582,136
8,21813,1092,58
8,22058,1202,63
8,22059,1355,71
8,22403,640,34
8,22692,573,30
8,22693,1755,92
8,22694,2231,117
8,22695,961,51
8,22940,0,5
8,23030,0,1
8,23159,793,42
8,23265,1048,55
8,23402,887,47
8,23403,529,28
8,23404,878,46
8,23405,0,0
8,23406,578,30
8,23408,0,4
8,23409,0,0
8,23410,0,0
8,23411,0,2
8,23508,428,23
8,23520,232,12
8,23522,0,0
8,23541,138,7
8,23769,0,2
8,24183,352,19
8,24198,0,5
8,24213,1918,101
8,24214,1821,96
8,24350,1957,103
8,24351,1569,83
8,24352,2238,118
8,24652,0,3
8,24653,0,0
8,24833,1227,65
8,24834,1227,65
8,24851,905,48
8,24852,833,44
8,24853,0,0
8,24854,0,0
8,24857,332,18
8,24877,484,26
8,24878,491,26
8,25426,1092,58
8,25438,189,10
8,25480,0,0
8,25481,148,8
8,25482,0,0
8,25483,0,2
8,25484,24,0
8,25485,0,0
8,25487,163,9
8,25517,1783,94
8,25518,2011,106
8,25585,0,0
8,25629,0,0
8,25630,628,33
8,26219,0,5
8,26224,609,32
8,26225,266,14
8,26226,266,14
8,26316,0,0
8,26317,0,0
8,27191,493,26
8,27192,277,15
8,27193,159,8
8,27209,304,16
8,27215,189,10
8,27225,126,7
8,27364,118,6
8,27678,0,0
8,27693,978,52
8,27696,973,51
8,27723,456,24
8,27771,0,3
8,27772,0,3
8,27773,1049,55
8,27774,0,0
8,28049,0,4
8,28050,0,4
8,28051,0,3
8,28052,0,4
8,28053,209,11
8,29549,771,41
8,29550,380,20
8,29576,0,4
8,29739,723,38
8,30186,1349,71
8,30201,868,46
8,30427,294,16
8,30428,0,0
8,30429,0,2
8,30448,170,9
8,30729,0,0
8,30730,209,11
8,30738,136,7
8,31291,147,8
8,31298,0,5
8,31323,856,45
8,31680,476,25
8,31862,0,0
8,31905,0,0
8,32143,1286,68
8,32967,0,0
8,32968,0,1
8,33309,0,4
8,33375,151,8
8,33863,0,2
8,33864,0,2
8,908907,0,0
8,998887766,0,0
9,8490,0,3
9,8560,141,7
9,8565,127,7
9,8585,0,0
9,8595,1581,83
9,8596,170,9
9,8599,54,0
9,8603,160,8
9,8608,0,0
9,8610,750,40
9,8612,113,6
9,8613,1142,60
9,8614,490,26
9,8617,567,30
9,8619,454,24
9,8627,0,3
9,8628,0,0
9,8629,288,15
9,8630,0,0
9,8631,0,0
9,8634,0,2
9,8637,139,7
9,8639,698,37
9,8640,194,10
9,8641,0,0
9,8642,85,4
9,8645,163,9
9,8646,0,3
9,8648,0,2
9,8653,0,1
9,8654,0,5
9,8656,994,52
9,8657,504,27
9,8660,965,51
9,8661,1054,56
9,8662,256,14
9,8663,782,41
9,8664,346,18
9,8665,514,27
9,8666,105,6
9,8670,0,5
9,8671,136,7
9,8674,0,0
9,8676,119,6
9,8677,0,0
9,8680,485,26
9,8686,897,47
9,8687,148,8
9,8844,0,3
9,8937,0,2
9,9002,0,0
9,9812,0,4
9,12174,115,6
9,12175,0,2
9,12184,118,6
9,14298,0,0
9,14347,153,8
9,14474,0,3
9,14476,0,0
9,14494,0,0
9,14495,168,9
9,14496,382,20
9,14543,0,5
9,14544,0,0
9,14545,0,0
9,14551,0,1
9,14575,0,0
9,14801,0,0
9,14824,0,2
9,14849,0,1
9,14850,0,0
9,15043,0,0
9,15098,142,8
9,15140,0,2
9,15146,0,0
9,15150,0,0
9,15245,0,4
9,15246,141,7
9,15259,0,0
9,15473,0,0
9,15503,478,25
9,15597,0,2
9,15599,0,0
9,15875,0,0
9,15876,0,5
9,15890,0,0
9,16344,0,0
9,16436,2,0
9,16703,0,2
9,16822,0,3
9,16823,189,10
9,16824,0,3
9,16825,213,11
9,16844,0,1
9,16853,140,7
9,16862,0,0
9,16981,943,50
9,16992,152,8
9,17242,0,0
9,17332,293,15
9,17398,0,3
9,18001,207,11
9,18232,0,0
9,18285,0,0
9,18286,0,0
9,18314,0,2
9,18402,0,5
9,18404,0,0
9,18405,0,0
9,18406,0,1
9,18407,0,0
9,18453,0,3
9,18454,32,2
9,18455,0,2
9,18456,0,0
9,18547,231,12
9,18548,170,9
9,18549,0,2
9,18550,141,7
9,18551,227,12
9,18552,156,8
9,18588,0,4
9,18589,0,0
9,18634,0,3
9,18635,0,2
9,18636,0,4
9,18736,12,0
9,18739,76,4
9,18740,0,5
9,18788,0,1
9,18791,16,0
9,18909,0,0
9,18911,0,0
9,18917,0,0
9,18936,0,0
9,19141,0,3
9,19142,217,11
9,19143,0,1
9,19144,0,0
9,19400,160,8
9,19401,0,0
9,19402,8,0
9,19428,0,0
9,19429,0,0
9,19614,521,27
9,19726,0,1
9,19803,21,0
9,19804,0,0
9,19805,0,2
9,19967,9,0
9,19968,2,0
9,20108,130,7
9,20109,288,15
9,20110,176,9
9,20111,0,0
9,20112,21,0
9,20525,106,6
9,20531,0,0
9,20578,0,0
9,20789,0,0
9,20792,9,0
9,20793,0,1
9,21004,0,0
9,21010,0,0
9,21157,0,0
9,21215,113,6
9,21477,0,0
9,22278,9,0
9,22531,9,0
9,22702,3,0
9,22707,0,0
9,22770,3,0
9,23090,335,18
9,23091,187,10
9,23092,0,0
9,23273,0,5
9,23591,0,0
9,23599,0,0
9,23675,0,0
9,23724,0,0
9,23725,0,2
9,23797,204,11
9,23798,0,0
9,23926,0,0
9,24286,435,23
9,24290,124,7
9,24291,12,0
9,24292,19,0
9,24349,0,0
9,24354,0,2
9,24432,0,4
9,24626,0,0
9,24664,0,0
9,24665,0,0
9,24666,0,0
9,24670,0,0
9,24672,0,0
9,24673,0,0
9,24676,0,0
9,25049,0,0
9,25182,123,7
9,25183,12,1
9,25210,0,0
9,25287,0,3
9,25288,0,0
9,25289,0,2
9,25373,0,0
9,25509,0,0
9,25510,0,0
9,25511,0,0
9,25512,0,0
9,25513,0,0
9,25514,0,0
9,25515,0,0
9,25598,0,0
9,25599,0,4
9,25648,136,7
9,25649,136,7
9,25655,0,5
9,25946,0,0
9,25947,182,10
9,25948,428,23
9,25949,0,0
9,25984,0,0
9,25985,21,0
9,26026,0,2
9,26027,0,0
9,26032,0,0
9,26123,0,2
9,26124,0,3
9,26165,0,0
9,26258,96,5
9,26259,0,5
9,26358,0,0
9,26360,29,0
9,26362,231,12
9,26363,73,4
9,26409,297,16
9,26411,233,12
9,26645,209,11
9,26646,0,3
9,26647,0,2
9,26761,0,0
9,26762,0,0
9,26873,0,2
9,26874,0,2
9,26932,0,0
9,26933,0,0
9,26934,0,0
9,26937,262,14
9,27053,0,0
9,27067,0,0
9,27068,0,0
9,27069,0,1
9,27070,0,0
9,27379,182,10
9,27380,578,30
9,27381,659,35
9,27397,128,7
9,27398,0,0
9,27399,0,0
9,27400,0,1
9,27548,175,9
9,27549,0,0
9,27550,0,3
9,27632,0,1
9,27633,0,0
9,27634,0,0
9,27636,0,0
9,27637,0,0
9,27638,0,0
9,27639,34,0
9,27641,2,0
9,28054,24,1
9,28055,0,0
9,28057,0,5
9,28114,0,4
9,28115,17,1
9,28120,0,4
9,28508,194,10
9,28626,0,3
9,29678,0,0
9,29679,0,0
9,29686,0,0
9,29760,0,0
9,29761,0,1
9,29762,0,0
9,29833,104,6
9,29834,184,10
9,29835,0,3
9,29836,0,0
9,29855,0,0
9,30335,0,0
9,30338,0,0
9,30341,0,5
9,30591,0,0
9,30592,0,2
9,30593,0,2
9,30604,127,7
9,30606,132,7
9,30607,323,17
9,30608,308,16
9,30609,166,9
9,30610,180,10
9,30611,209,11
9,30612,180,10
9,30614,418,22
9,30615,399,21
9,30616,343,18
9,30617,374,20
9,30618,482,25
9,30620,216,11
9,30621,228,12
9,30655,0,1
9,30657,0,0
9,30659,0,0
9,30660,0,0
9,30677,0,3
9,30678,0,0
9,30679,0,0
9,30680,0,2
9,30681,0,1
9,30682,0,0
9,30683,0,0
9,30684,0,0
9,30685,0,3
9,30686,0,0
9,30687,0,0
9,30731,0,2
9,30815,399,21
9,30816,468,25
9,30817,0,3
9,30818,0,2
9,31546,189,10
9,31547,0,4
9,31548,0,5
9,31549,0,3
9,31550,0,3
9,31551,130,7
9,31552,0,0
9,31553,322,17
9,31554,0,2
9,31555,128,7
9,31556,184,10
9,31557,156,8
9,31558,199,11
9,31559,156,8
9,31560,0,5
9,31703,112,6
9,31704,565,30
9,31705,0,0
9,31794,0,0
9,31829,0,0
9,31830,0,0
9,31831,0,0
9,31862,0,0
9,32137,0,3
9,32151,0,4
9,32152,246,13
9,32154,0,4
9,32192,0,5
9,32193,0,1
9,32230,0,0
9,32706,243,13
9,32735,0,0
9,32773,0,1
9,32774,0,0
9,32775,0,0
9,32776,0,0
9,32777,0,2
9,32778,0,0
9,32810,106,6
9,32811,0,0
9,32834,0,1
9,32839,0,0
9,32840,24,0
9,32842,130,7
9,32844,0,2
9,32845,0,0
9,32846,102,5
9,32847,0,3
9,32873,0,2
9,32876,121,6
9,32877,0,4
9,32878,0,0
9,32888,0,2
9,32913,0,0
9,32914,0,0
9,32915,0,2
9,32916,0,2
9,32917,0,0
9,32919,0,0
9,32920,0,2
9,32921,0,3
9,32922,0,0
9,32933,0,0
9,32934,0,2
9,32936,0,2
9,32946,0,0
9,32947,0,0
9,32990,0,2
9,33077,147,8
9,33078,0,0
9,33079,84,4
9,33080,214,11
9,33081,72,4
9,33083,0,0
9,33084,0,0
9,33085,0,2
9,33086,0,2
9,33087,0,0
9,33180,19,0
9,33248,0,3
9,33249,128,7
9,33250,0,0
9,33310,118,6
9,33311,0,4
9,33338,0,1
9,33342,0,0
9,33390,118,6
9,33391,0,5
9,33489,0,2
9,33621,0,0
9,33622,0,0
9,33623,0,0
9,33624,142,8
9,33625,0,5
9,33734,0,0
9,33737,0,2
9,34083,0,2
9,34084,0,0
9,34108,28,0
9,34109,28,0
9,34110,0,1
9,34111,0,0
9,34112,0,0
9,34113,0,0
9,34114,0,1
9,34115,0,0
9,34119,0,0
9,34120,0,0
9,34121,0,2
9,998887766,0,0
12,648,0,0
12,9852,0,5
12,9866,133,7
12,9903,0,0
12,9905,900,47
12,9907,0,5
12,9920,170,9
12,9929,0,0
12,9930,0,5
12,9934,0,0
12,9958,833,44
12,9964,956,50
12,9984,0,0
12,9993,0,0
12,9994,0,0
12,9995,0,0
12,10006,0,0
12,10020,103,5
12,10022,315,17
12,10027,0,0
12,10028,0,0
12,10037,0,2
12,10038,0,4
12,10041,1021,54
12,10045,173,9
12,10052,0,4
12,10053,271,14
12,10054,0,0
12,10062,0,0
12,10065,0,4
12,10067,0,4
12,10068,0,0
12,10069,0,0
12,10070,0,2
12,10080,0,2
12,10081,486,26
12,10083,0,0
12,10084,840,44
12,10104,0,3
12,10105,129,7
12,10108,0,0
12,10109,0,5
12,10110,0,1
12,10111,0,5
12,10112,0,4
12,10113,0,0
12,10115,0,3
12,10118,0,4
12,10126,0,0
12,10129,0,0
12,10130,0,1
12,10134,129,7
12,10135,456,24
12,10138,313,17
12,10139,308,16
12,10140,454,24
12,10141,0,0
12,10145,101,5
12,10149,0,4
12,10150,0,0
12,10152,0,0
12,10154,0,0
12,10162,123,7
12,10168,423,22
12,10169,599,32
12,10170,0,0
12,10189,0,1
12,10192,0,0
12,10198,0,0
12,10202,0,3
12,10212,116,6
12,10222,0,5
12,10226,0,0
12,10232,0,0
12,10233,173,9
12,10242,521,27
12,10243,372,20
12,10244,353,19
12,10245,345,18
12,10246,230,12
12,10254,0,3
12,10265,0,0
12,10274,0,0
12,10296,0,0
12,10310,0,3
12,10314,0,5
12,10316,0,0
12,10317,266,14
12,10332,0,0
12,10336,140,7
12,10350,0,5
12,10389,0,0
12,10392,0,0
12,10399,0,2
12,10400,0,5
12,10401,0,0
12,10437,0,0
12,10438,0,2
12,10526,0,5
12,10583,138,7
12,10620,0,0
12,10688,0,0
12,10698,198,10
12,10732,189,10
12,10778,0,0
12,10825,0,2
12,10826,0,1
12,10830,0,0
12,12196,534,28
12,14219,0,0
12,14223,0,0
12,14335,0,0
12,14336,109,6
12,14338,0,0
12,14742,214,11
12,14786,0,0
12,14830,121,6
12,14832,237,13
12,14858,0,1
12,14859,100,5
12,15054,0,0
12,15398,0,0
12,15669,132,7
12,15700,0,0
12,15701,0,0
12,15702,0,0
12,15706,175,9
12,15707,0,5
12,15708,192,10
12,15984,0,0
12,16055,0,1
12,16144,153,8
12,16157,0,0
12,16170,0,0
12,16190,0,0
12,16353,0,0
12,16355,0,0
12,16356,0,0
12,16357,0,1
12,16421,0,0
12,16470,170,9
12,16471,0,0
12,16473,0,0
12,16474,0,0
12,16691,0,0
12,16692,0,0
12,16710,0,1
12,16750,0,0
12,16755,153,8
12,16964,0,0
12,17156,0,1
12,17363,119,6
12,17601,0,0
12,17733,0,3
12,17734,0,2
12,17738,0,4
12,17784,0,0
12,17907,0,4
12,17937,0,0
12,17941,0,0
12,17949,0,0
12,18061,0,0
12,18215,0,3
12,18504,109,6
12,18588,0,0
12,18589,0,0
12,18600,0,1
12,18604,0,0
12,18739,0,0
12,18740,0,0
12,18753,0,3
12,18871,0,5
12,18873,0,0
12,18880,132,7
12,18909,0,1
12,18916,0,0
12,18924,273,14
12,19189,0,3
12,19415,212,11
12,19461,0,0
12,19810,0,0
12,19825,0,2
12,20229,0,4
12,20343,0,0
12,20496,0,3
12,20877,0,0
12,20878,0,0
12,21455,0,0
12,21974,212,11
12,21975,0,0
12,21977,0,1
12,22049,0,0
12,22084,0,0
12,22085,0,0
12,22093,0,3
12,22131,0,0
12,22132,0,5
12,22133,124,7
12,22134,0,0
12,22211,106,6
12,22479,0,0
12,22480,952,50
12,22483,0,2
12,22488,0,0
12,22709,0,0
12,22783,0,0
12,22784,0,0
12,22989,285,15
12,23019,0,0
12,23196,0,0
12,23326,0,0
12,23327,170,9
12,23328,0,0
12,23329,0,0
12,23441,0,0
12,23829,0,0
12,24019,256,14
12,24067,0,4
12,24323,0,1
12,24324,0,0
12,24328,0,0
12,24330,0,2
12,24331,0,2
12,24348,0,0
12,24681,154,8
12,24894,0,0
12,24895,0,1
12,24896,0,0
12,24897,0,0
12,24898,0,0
12,24899,0,1
12,24900,173,9
12,24902,136,7
12,24904,0,0
12,24910,0,1
12,25054,0,0
12,25055,0,0
12,25062,0,0
12,25079,0,3
12,25090,0,0
12,25238,0,0
12,25239,0,0
12,25240,0,0
12,25324,0,0
12,25346,0,0
12,25481,0,0
12,25484,0,0
12,25554,0,0
12,26050,121,6
12,26216,0,3
12,26217,0,4
12,26277,0,0
12,26278,0,0
12,26279,0,0
12,26280,0,0
12,26354,0,0
12,26358,0,0
12,26360,0,0
12,26459,0,0
12,26460,0,0
12,26462,308,16
12,26463,304,16
12,26716,0,1
12,26717,0,0
12,26719,0,0
12,26720,0,0
12,26721,0,1
12,26766,0,0
12,26916,0,0
12,26921,0,0
12,26922,0,0
12,26926,0,0
12,26928,0,0
12,26929,0,0
12,26980,163,9
12,26981,166,9
12,26982,251,13
12,26983,251,13
12,26984,309,16
12,26986,0,0
12,26987,0,0
12,26988,184,10
12,26990,0,5
12,26991,0,0
12,26992,147,8
12,26993,0,2
12,26994,0,2
12,26996,459,24
12,26997,451,24
12,26998,0,0
12,27005,404,21
12,27006,500,26
12,27007,0,0
12,27008,118,6
12,27009,0,5
12,27010,0,5
12,27011,0,3
12,27012,0,0
12,27013,0,2
12,27014,0,0
12,27033,151,8
12,27037,0,0
12,27038,0,1
12,27042,0,0
12,27044,0,0
12,27063,0,0
12,27124,0,3
12,27125,0,0
12,27340,0,0
12,27349,0,2
12,27401,0,0
12,27650,0,0
12,27651,0,0
12,27652,0,0
12,27821,0,0
12,27822,0,0
12,27906,0,0
12,27907,0,0
12,27908,0,0
12,28653,0,0
12,28654,0,0
12,29643,142,8
12,29644,189,10
12,29645,1120,59
12,29646,113,6
12,29647,0,4
12,29648,130,7
12,29650,332,18
12,29651,118,6
12,29652,180,10
12,29653,175,9
12,29654,558,29
12,29655,148,8
12,29656,214,11
12,29657,513,27
12,29659,301,16
12,29663,0,4
12,29664,0,4
12,29665,308,16
12,29666,216,11
12,29667,262,14
12,29668,144,8
12,29669,0,4
12,29670,144,8
12,29672,310,16
12,29673,266,14
12,29693,0,0
12,29782,0,0
12,29869,0,0
12,29883,0,0
12,29886,0,0
12,30034,0,4
12,30035,0,4
12,30093,313,17
12,30094,240,13
12,30161,243,13
12,30344,0,5
12,30453,136,7
12,31313,0,2
12,31389,0,5
12,31390,0,5
12,31391,127,7
12,31392,214,11
12,31775,0,0
12,32173,416,22
12,32174,376,20
12,32175,523,28
12,32176,657,35
12,32177,571,30
12,32178,571,30
12,32210,0,1
12,32211,0,0
12,32244,0,0
12,32245,0,0
12,32272,0,0
12,32273,0,0
12,32274,0,0
12,32275,0,0
12,32344,0,0
12,32345,0,0
12,32346,0,0
12,32497,126,7
12,33825,0,1
12,33850,234,12
12,998887766,0,0
15,8,0,0
15,12184,0,1
15,14243,348,18
15,14249,243,13
15,14250,207,11
15,14254,419,22
15,14255,948,50
15,14258,1068,56
15,14259,278,15
15,14260,273,14
15,14261,359,19
15,14262,244,13
15,14265,591,31
15,14266,0,0
15,14267,0,0
15,14268,0,3
15,14315,0,0
15,14316,0,4
15,14317,265,14
15,14319,199,11
15,14402,0,0
15,14403,0,0
15,14404,454,24
15,14405,0,0
15,14406,971,51
15,14407,635,33
15,14409,266,14
15,14410,456,24
15,14501,375,20
15,14505,137,7
15,14566,0,0
15,14567,233,12
15,14568,223,12
15,14569,252,13
15,14571,0,0
15,14575,1199,63
15,14614,112,6
15,14618,0,2
15,14619,226,12
15,14620,113,6
15,14621,148,8
15,14622,0,4
15,14711,484,26
15,14712,924,49
15,14800,0,0
15,15040,124,7
15,15041,0,4
15,15043,555,29
15,15045,209,11
15,15046,173,9
15,15047,0,0
15,15048,0,3
15,15142,118,6
15,15199,619,33
15,15210,0,4
15,15211,0,3
15,15212,0,4
15,15213,0,4
15,15216,0,0
15,15217,214,11
15,15218,194,10
15,15259,108,6
15,15328,0,0
15,15504,0,0
15,15506,0,0
15,15579,1049,55
15,15584,0,5
15,15585,0,3
15,15588,282,15
15,15597,238,13
15,15598,1648,87
15,15599,549,29
15,15604,325,17
15,15605,203,11
15,15606,0,0
15,15607,236,12
15,15608,185,10
15,15610,0,0
15,15612,0,0
15,15631,0,0
15,15632,247,13
15,15633,604,32
15,15635,0,0
15,15663,205,11
15,15664,771,41
15,15686,0,5
15,16004,531,28
15,16005,0,3
15,16344,0,0
15,16433,0,4
15,16436,260,14
15,16698,0,4
15,16700,116,6
15,16702,121,6
15,16703,115,6
15,16704,216,11
15,16853,0,0
15,16990,119,6
15,16991,0,0
15,17151,0,0
15,17161,0,3
15,17162,157,8
15,17212,0,0
15,17213,600,32
15,17214,152,8
15,17225,265,14
15,17334,108,6
15,17398,0,0
15,17462,0,2
15,17463,306,16
15,17524,0,4
15,17525,142,8
15,17526,0,5
15,17527,398,21
15,17547,0,4
15,17697,224,12
15,17759,0,0
15,17766,0,2
15,17878,0,4
15,17886,0,5
15,17887,0,4
15,17923,0,5
15,17959,113,6
15,18151,210,11
15,18152,151,8
15,18165,0,4
15,18167,0,4
15,18168,349,18
15,18218,0,0
15,18248,166,9
15,18294,0,0
15,18302,0,0
15,18304,0,0
15,18306,1060,56
15,18365,0,0
15,18471,673,35
15,18505,0,4
15,18547,0,4
15,18548,0,4
15,18550,0,4
15,18551,0,5
15,18552,0,4
15,18717,0,0
15,18815,327,17
15,18830,0,0
15,18934,583,31
15,18935,1010,53
15,18936,487,26
15,19005,0,3
15,19010,334,18
15,19015,343,18
15,19017,566,30
15,19105,186,10
15,19175,139,7
15,19428,0,0
15,19429,0,0
15,19558,0,3
15,19616,0,3
15,19722,0,0
15,19726,310,16
15,19728,345,18
15,20031,0,4
15,20108,0,0
15,20187,416,22
15,20260,210,11
15,20261,214,11
15,20267,462,24
15,20268,0,4
15,20269,0,4
15,20325,279,15
15,20327,127,7
15,20329,0,0
15,20427,0,2
15,20524,357,19
15,20526,405,21
15,20550,0,3
15,20551,0,2
15,20555,0,1
15,20663,142,8
15,20664,261,14
15,20666,606,32
15,20667,595,31
15,20668,228,12
15,20669,589,31
15,20670,599,32
15,20733,0,5
15,20749,148,8
15,20948,561,30
15,21192,194,10
15,21193,227,12
15,21614,410,22
15,21615,151,8
15,21866,116,6
15,22278,174,9
15,22279,106,6
15,22280,257,14
15,22364,227,12
15,22379,0,0
15,22390,0,0
15,22530,118,6
15,22531,0,4
15,22735,0,1
15,22737,0,5
15,22741,0,0
15,22849,0,2
15,23367,0,1
15,23368,0,0
15,23372,579,31
15,23604,337,18
15,23605,0,1
15,23607,0,0
15,23611,187,10
15,23614,0,2
15,23790,387,20
15,23792,0,5
15,23794,0,5
15,23796,0,3
15,24038,0,1
15,24039,0,4
15,24040,0,0
15,24099,0,0
15,24271,0,2
15,24272,0,0
15,24354,1044,55
15,24393,132,7
15,24394,122,6
15,24395,263,14
15,24396,0,5
15,24397,220,12
15,24398,168,9
15,24399,0,4
15,24400,0,4
15,24625,152,8
15,24627,0,1
15,24628,177,9
15,24980,0,0
15,24981,117,6
15,24982,0,2
15,25078,0,0
15,25093,106,6
15,25094,290,15
15,25095,0,2
15,25097,0,0
15,25100,106,6
15,25101,0,0
15,25136,266,14
15,25147,33,0
15,25210,247,13
15,25211,0,2
15,25412,0,5
15,25466,0,0
15,25467,0,0
15,25491,70,4
15,25592,128,7
15,25593,162,9
15,25596,0,0
15,25648,136,7
15,25649,662,35
15,25652,189,10
15,25653,189,10
15,25654,189,10
15,25655,189,10
15,25687,0,0
15,25690,170,9
15,25691,0,2
15,25840,0,0
15,25945,0,0
15,25968,0,0
15,25969,0,3
15,26075,0,1
15,26076,0,0
15,26077,0,0
15,26186,332,18
15,26187,332,18
15,26188,332,18
15,26233,0,3
15,26260,0,5
15,26261,0,4
15,26335,0,0
15,26336,0,0
15,26337,0,2
15,26338,0,3
15,26339,0,0
15,26340,0,0
15,26341,0,0
15,26342,0,2
15,26465,249,13
15,26858,0,4
15,26859,0,2
15,26861,0,2
15,27058,0,4
15,27059,239,13
15,27060,311,16
15,27061,124,7
15,27328,0,0
15,27468,0,0
15,27816,0,0
15,27817,0,1
15,27818,0,0
15,27860,106,6
15,27861,0,0
15,27862,0,0
15,27863,0,0
15,27864,0,0
15,28006,0,0
15,28103,335,18
15,28165,0,5
15,28350,500,26
15,28351,481,25
15,28352,271,14
15,28353,456,24
15,28354,0,3
15,28454,0,0
15,28455,0,2
15,28457,0,0
15,28458,0,0
15,28459,0,0
15,28463,0,0
15,28623,0,0
15,28635,0,0
15,28636,0,3
15,29205,0,0
15,29207,0,0
15,29563,0,0
15,29564,0,0
15,29565,0,1
15,29566,547,29
15,29749,0,0
15,29750,0,2
15,29751,0,2
15,29754,0,0
15,29755,0,0
15,29756,17,0
15,29757,24,1
15,29915,281,15
15,29916,326,17
15,29923,142,8
15,29927,203,11
15,29930,0,0
15,29936,0,0
15,29939,525,28
15,30000,0,0
15,30001,0,5
15,30002,0,0
15,30003,0,2
15,30004,0,2
15,30005,0,4
15,30007,0,3
15,30143,113,6
15,30144,0,2
15,30212,0,0
15,30214,0,4
15,30216,0,4
15,30217,0,1
15,30218,0,0
15,30280,0,0
15,30387,0,0
15,30388,0,0
15,30579,0,0
15,30580,0,0
15,30623,188,10
15,30625,193,10
15,30626,514,27
15,30627,394,21
15,30628,0,2
15,30629,332,18
15,30631,819,43
15,30632,863,45
15,30633,732,39
15,30634,889,47
15,30635,812,43
15,30636,422,22
15,30637,479,25
15,30709,0,2
15,30710,0,0
15,30810,102,5
15,30811,113,6
15,30813,662,35
15,30814,651,34
15,30835,416,22
15,30851,0,0
15,30855,159,8
15,30856,159,8
15,30857,0,3
15,30858,514,27
15,30859,0,0
15,30862,0,0
15,30887,410,22
15,30888,285,15
15,30889,332,18
15,30890,0,0
15,30891,510,27
15,30892,554,29
15,30944,0,4
15,30945,118,6
15,30992,0,3
15,31159,332,18
15,31525,0,1
15,31612,221,12
15,31616,285,15
15,31706,317,17
15,31707,525,28
15,31708,205,11
15,31824,0,0
15,31958,0,4
15,32119,0,4
15,32166,0,5
15,32167,0,4
15,32169,0,4
15,32233,549,29
15,32494,0,0
15,32495,0,0
15,32496,0,2
15,32851,0,2
15,32861,274,14
15,32878,158,8
15,32879,154,8
15,32923,0,4
15,32924,138,7
15,32925,158,8
15,32926,0,2
15,32928,217,11
15,32929,217,11
15,32930,158,8
15,32931,257,14
15,32932,0,3
15,32997,189,10
15,33036,177,9
15,33046,0,5
15,33047,210,11
15,33048,0,0
15,33063,142,8
15,33064,142,8
15,33102,165,9
15,33103,158,8
15,33104,165,9
16,14506,332,18
16,14507,332,18
16,15877,326,17
16,15935,527,28
16,15936,418,22
16,15937,441,23
16,16206,119,6
16,16213,678,36
16,16238,190,10
16,16534,0,1
16,16634,189,10
16,16670,529,28
16,16855,368,19
16,16969,0,3
16,17915,0,0
16,17986,183,10
16,17993,224,12
16,18277,243,13
16,18278,252,13
16,18279,190,10
16,18357,242,13
16,18360,248,13
16,18361,258,14
16,19472,249,13
16,19709,882,46
16,19710,680,36
16,19711,262,14
16,19712,373,20
16,19714,442,23
16,20227,0,4
16,20279,489,26
16,20444,197,10
16,20787,480,25
16,21188,1399,74
16,21718,180,10
16,21770,122,6
16,21807,380,20
16,22114,0,5
16,22404,395,21
16,22941,165,9
16,23266,247,13
16,23407,116,6
16,23408,276,15
16,23409,166,9
16,23410,162,9
16,23411,169,9
16,23438,548,29
16,23506,191,10
16,23521,150,8
16,23769,142,8
16,24180,264,14
16,24181,267,14
16,24211,525,28
16,24212,706,37
16,24342,300,16
16,24343,612,32
16,24344,522,28
16,24345,139,7
16,24346,235,12
16,24618,47,0
16,24619,134,7
16,24649,61,3
16,24650,131,7
16,24651,153,8
16,24652,825,43
16,24653,698,37
16,24831,460,24
16,24832,395,21
16,24849,331,17
16,24850,229,12
16,24858,122,6
16,24875,254,13
16,24876,229,12
16,25427,380,20
16,25487,1296,68
16,25521,399,21
16,25522,365,19
16,25722,118,6
16,26673,34,0
16,26674,34,0
16,26675,0,2
16,27199,277,15
16,27200,271,14
16,27201,119,6
16,27202,73,4
16,27442,139,7
16,27689,47,0
16,27722,0,4
16,27777,208,11
16,29551,237,13
16,29552,256,14
16,29851,0,5
16,29852,0,0
16,30178,47,2
16,30185,285,15
16,30822,0,0
16,31292,0,5
16,31300,0,5
16,31302,0,5
16,31324,297,16
16,31630,0,3
16,31661,0,5
16,31938,159,8
16,31939,170,9
16,31940,0,5
16,32116,332,18
16,32117,144,8
16,32144,343,18
16,32182,205,11
16,32229,0,5
16,32237,0,0
16,32416,0,0
17,1101,0,0
17,11863,35,2
17,11964,7,0
17,14423,138,7
17,14424,96,5
17,14445,232,12
17,14447,479,25
17,14448,430,23
17,14449,757,40
17,14450,543,29
17,14451,777,41
17,14454,609,32
17,14456,343,18
17,14460,113,6
17,14537,100,5
17,14635,352,19
17,14636,112,6
17,14704,171,9
17,14721,328,17
17,14722,580,31
17,14803,349,18
17,15248,409,22
17,15250,0,0
17,15296,142,8
17,15300,0,3
17,15389,399,21
17,15390,0,0
17,15392,231,12
17,15489,0,2
17,15490,9,0
17,16104,615,32
17,16168,154,8
17,16178,295,16
17,16180,256,14
17,16432,147,8
17,16548,476,25
17,16549,356,19
17,16727,0,1
17,16776,107,6
17,16777,105,6
17,17056,135,7
17,17058,0,1
17,17140,160,8
17,17286,275,15
17,17287,105,6
17,17288,578,30
17,17289,261,14
17,17290,151,8
17,17291,299,16
17,17307,0,2
17,17313,181,10
17,17424,0,0
17,17500,0,0
17,17501,0,1
17,17514,0,0
17,17515,0,0
17,17539,0,3
17,17541,0,0
17,17616,162,9
17,17696,329,17
17,17740,0,2
17,17741,0,0
17,18080,136,7
17,18081,0,4
17,18188,417,22
17,18189,485,26
17,18191,314,17
17,18192,642,34
17,18598,0,0
17,18687,0,1
17,18690,0,0
17,18694,0,0
17,18695,0,2
17,18696,0,1
17,18761,131,7
17,18884,1131,60
17,18886,211,11
17,19054,395,21
17,19069,237,13
17,19071,0,0
17,19102,1115,59
17,19103,1100,58
17,19281,399,21
17,19425,0,0
17,19426,508,27
17,19700,0,1
17,20330,456,24
17,20331,128,7
17,20753,257,14
17,20865,237,13
17,20867,0,0
17,20869,223,12
17,21375,190,10
17,21711,343,18
17,21772,311,16
17,21773,372,20
17,21774,139,7
17,21775,384,20
17,21803,321,17
17,21804,239,13
17,21816,380,20
17,22051,4,0
17,22230,462,24
17,22233,47,0
17,22363,617,33
17,22401,181,10
17,22471,228,12
17,22472,77,4
17,22786,253,13
17,22787,310,16
17,22788,0,5
17,22789,409,22
17,22790,0,0
17,22793,113,6
17,22794,0,0
17,22916,0,0
17,22939,184,10
17,22984,153,8
17,22987,102,5
17,23024,127,7
17,23281,0,0
17,23282,0,0
17,23283,142,8
17,23413,0,5
17,23414,321,17
17,23503,0,5
17,23522,109,6
17,23569,110,6
17,24028,352,19
17,24029,0,2
17,24114,0,0
17,24178,242,13
17,24179,351,19
17,24214,113,6
17,24215,1610,85
17,24216,972,51
17,24379,0,4
17,24558,619,33
17,24633,345,18
17,24634,250,13
17,24635,377,20
17,24636,332,18
17,24637,0,0
17,24638,408,22
17,24703,313,17
17,24829,343,18
17,24830,399,21
17,24833,0,0
17,24853,261,14
17,24854,261,14
17,24859,0,4
17,24872,142,8
17,24873,142,8
17,24874,0,4
17,24978,113,6
17,25348,638,34
17,25428,507,27
17,25439,77,4
17,25468,166,9
17,25487,0,5
17,25519,297,16
17,25520,297,16
17,26220,0,0
17,26314,11,0
17,26315,0,4
17,26670,0,2
17,26671,0,0
17,26672,0,0
17,26782,2,0
17,27062,38,2
17,27195,110,6
17,27196,138,7
17,27197,96,5
17,27316,51,3
17,27483,571,30
17,27649,233,12
17,27684,332,18
17,27685,364,19
17,27687,278,15
17,27721,186,10
17,27755,293,15
17,27838,0,1
17,28107,0,0
17,28108,47,0
17,29204,102,5
17,29556,237,13
17,29561,102,5
17,29562,237,13
17,29738,151,8
17,30080,56,3
17,30200,428,23
17,30821,57,3
17,30828,73,4
17,30882,205,11
17,30883,0,0
17,30884,0,0
17,30885,0,3
17,31311,0,5
17,31312,103,5
17,31321,731,39
17,31655,189,10
17,32096,0,0
17,32097,0,0
17,32098,0,0
17,32144,0,5
17,32183,548,29
17,32251,0,5
17,32897,320,17
17,33251,0,3
17,33353,0,0
17,33496,0,0
17,33497,0,3
22,8595,0,0
22,8603,0,1
22,8628,0,0
22,8629,0,0
22,8641,0,2
22,8642,0,1
22,8656,0,0
22,9812,0,0
22,14496,0,0
22,15503,17,1
22,15876,24,0
22,16981,13,0
22,18175,46,2
22,18402,42,2
22,18404,47,0
22,18453,28,0
22,18454,0,0
22,18456,0,1
22,18588,0,0
22,18589,0,0
22,18635,0,2
22,18739,0,2
22,18740,0,0
22,18909,0,0
22,22702,0,0
22,23798,0,0
22,24290,0,0
22,24676,0,0
22,25213,47,2
22,26358,19,1
22,26360,0,0
22,28626,0,0
22,29679,0,0
22,30148,0,0
22,30645,0,0
22,30647,0,0
22,30649,0,0
22,30651,0,3
22,30664,0,0
22,30666,0,0
22,30680,0,0
22,30681,0,1
22,30682,19,0
22,30683,0,0
22,30684,0,0
22,30685,0,2
22,30686,0,0
22,30687,0,0
22,30712,0,2
22,30817,0,2
22,30818,46,0
22,31198,24,0
43,27089,20,0
43,27090,47,2
43,27091,72,4
43,27092,51,3
43,27093,22,0
43,27094,39,2
43,27095,57,0
43,27096,19,0
43,27097,54,3
43,27098,9,0
43,27099,34,0
43,27100,40,0
43,27101,88,5
43,27102,102,5
43,27103,121,6
43,27104,17,0
43,27105,9,0
43,27106,17,1
43,27107,42,0
43,27108,0,0
43,27109,9,0
43,27110,24,1
43,27111,35,0
43,27112,24,0
43,27113,9,0
43,27114,21,1
43,27115,2,0
43,27116,9,0
43,27117,19,0
43,27118,10,1
43,27119,5,0
43,27120,8,0
43,27122,9,0
43,27123,9,0
43,28389,19,0
43,28390,63,3
43,28436,5,0
43,28437,27,1
43,28438,9,0
43,28439,23,0
43,28440,0,0
43,28441,0,1
43,28442,32,0
43,28444,7,0
43,28445,71,4
43,28446,80,4
43,28450,8,0
43,28452,16,0
43,28453,0,0
43,28460,7,0
43,30164,7,0
43,30332,2,0
43,32020,12,0
43,32026,35,2
43,32065,24,0
43,32073,22,0
43,32074,22,0
43,32083,0,1
43,32490,22,0
43,33659,35,0
43,33660,9,0
43,33661,24,1
43,33663,9,0
43,33664,23,0
43,33716,9,0
43,33782,24,1
43,33785,59,0
43,33787,40,0
43,33789,23,0
43,33794,40,2
1,21521,404,21
1,20845,306,16
1,24953,71,4
1,24954,37,2
1,23634,92,5
1,23648,69,4
1,14768,0,4
1,14771,168,9
1,13008,127,7
1,13164,401,21
1,24430,13,0
1,12795,107,6
1,21105,205,11
1,24192,175,9
1,20113,134,7
1,17951,329,17
1,17952,324,17
1,18755,69,4
1,21390,467,25
1,19700,46,2
1,13956,28,0
1,20785,157,8
1,23332,2,0
1,17172,23,1
1,13787,228,12
1,15595,8,0
1,13147,3,0
1,18091,3,0
1,12677,7,0
1,17401,1,0
1,14160,0,0
1,21396,6,0
1,15712,3,0
1,13252,12,0
1,13584,36,2
1,12318,8,0
1,19238,32,0
2,22540,18,0
2,2585,100,5
2,20128,1,0
2,2987,2,0
2,24194,61,3
2,12152,56,3
2,12151,52,3
2,23505,56,0
2,17152,64,3
2,24776,11,0
2,19719,85,4
2,22691,0,0
2,18939,2,0
2,21673,0,0
2,23645,5,0
2,23279,26,0
2,19139,3,0
2,19483,0,0
2,14760,1,0
2,20829,0,0
2,2946,1,0
2,20833,8,0
3,5633,27,1
3,5316,0,0
3,20225,0,3
3,24197,66,3
3,5881,11,1
3,6048,2,0
3,6049,2,0
4,22991,207,11
4,4272,669,35
4,22990,152,8
4,22525,68,4
4,17210,91,5
4,19720,239,13
4,24195,0,0
4,23062,100,5
4,4148,40,2
4,22521,189,10
4,21572,35,0
4,23812,54,3
4,4522,189,10
4,23524,24,1
4,4495,53,0
4,24064,25,0
4,24177,47,2
4,22469,5,0
4,15721,0,0
4,15852,2,0
4,15854,3,0
4,23214,2,0
4,23215,0,0
4,21655,0,0
4,4497,0,0
5,24196,31,2
5,14733,63,0
5,7411,0,0
5,7354,24,0
5,8259,0,0
5,7592,44,0
5,7593,52,3
5,18576,51,3
5,23711,97,5
5,23968,2,0
5,7193,49,3
5,23973,49,3
5,7808,10,1
5,7589,33,0
5,7590,17,0
5,8122,49,3
5,23824,71,4
5,22538,0,0
5,18978,30,0
5,23896,39,2
5,23895,46,2
5,23990,1,0
5,23992,4,0
5,20514,28,0
5,7278,52,3
5,15122,55,0
5,7276,62,3
5,8275,124,7
5,4763,68,4
5,23989,17,0
5,18577,31,0
5,8309,98,5
5,15842,20,1
5,24218,50,0
5,8024,37,0
5,24223,12,0
5,23539,54,3
5,23972,36,0
5,4431,110,6
5,19322,49,3
5,7800,51,3
5,21700,13,0
5,17066,59,3
5,17182,75,4
6,1635,127,7
6,1833,0,5
6,1963,0,4
6,2018,0,3
6,2508,11,1
6,2510,0,0
6,6262,27,0
6,6265,13,0
6,6281,28,1
6,6319,25,0
6,6322,0,0
6,6324,17,0
6,6379,0,0
6,6420,100,5
6,6442,0,0
6,6449,35,2
6,6455,23,1
6,6459,44,0
6,6462,10,0
6,6490,83,4
6,6507,288,15
6,6604,53,0
6,6705,87,5
6,6800,10,0
6,7002,4,0
6,19490,8,0
6,19831,156,8
6,23887,46,2
8,24182,35,2
8,24169,161,9
8,12140,203,11
8,11464,50,3
8,11997,13,1
8,11124,223,12
8,12124,111,6
8,18621,353,19
8,11439,103,5
8,11173,25,0
8,11299,42,0
8,19492,9,0
8,22946,9,0
8,23315,1,0
8,24554,18,0
8,17538,1,0
8,17466,0,0
8,15569,4,0
8,15637,0,0
8,24951,0,0
8,24743,1,0
8,24952,0,0
8,24744,1,0
8,24741,1,0
8,22952,47,2
8,11182,16,0
8,24416,5,0
8,11345,1,0
9,19615,25,1
9,23790,4,0
9,24272,12,0
9,24271,15,0
9,22685,25,1
9,22684,32,0
9,24970,15,0
9,24969,9,0
9,24967,0,0
9,24968,8,0
9,24971,2,0
9,8504,7,0
15,22686,25,1
15,22687,31,0
15,14572,19,0
15,17679,0,0
15,23366,5,0
15,20485,25,0
15,24433,4,0
16,22239,30,2
16,22241,26,1
16,24340,162,9
16,24341,152,8
16,17155,0,0
16,21187,31,2
16,21469,14,0
16,19717,26,0
17,24170,80,4
17,24200,27,1
17,17055,4,0
17,23416,0,0
17,15625,1,0
17,16864,31,2
17,16778,19,0
17,16863,36,0
17,17358,17,0
17,23415,10,1
17,22061,17,0
17,18190,22,0
17,24979,14,0
17,15896,24,1
17,24631,15,0
17,24630,10,0
17,24632,16,0
17,22986,19,1
17,20448,17,0
17,15443,41,0
17,23822,2,0
17,18759,0,0
17,22573,1,0
17,18597,0,0
17,20470,9,0
17,23022,8,0
17,23570,1,0
17,22559,3,0
17,22537,1,0
17,21617,16,1
17,23571,17,0
17,15897,18,0
17,24112,7,0
17,18817,3,0
17,22983,3,0
17,21616,2,0
17,23025,3,0
17,18596,3,0
17,22791,1,0
17,15298,3,0
17,14820,17,0
17,23023,3,0
22,24667,0,0
22,24673,3,0
22,24672,3,0
22,22707,12,1
22,24292,3,0
22,24670,9,0
22,18455,0,0
22,18791,3,0
22,21010,1,0
22,18634,15,0
22,21824,2,0
22,18407,1,0
22,20789,1,0
22,20792,0,0
22,25080,1,0
22,24291,1,0
22,18314,10,0
22,25049,5,0
22,25051,10,0
22,25052,11,1
22,23675,21,0
22,18738,5,0
22,18737,3,0
22,18736,10,1
13,23019,43,0
13,23829,7,0
13,20343,5,0
13,19461,20,1
13,22093,44,0
13,24683,73,4
13,25079,33,2
13,16144,16,1
13,16755,15,0
13,10400,9,0
13,10028,12,0
13,10583,20,1
13,10191,34,0
13,10814,11,0
13,25059,81,4
13,9961,4,0
13,23959,6,0
13,25055,8,0
13,25056,20,0
13,15056,5,0
13,9962,2,0
13,9893,0,0
13,9903,0,0
13,22480,0,0
13,22854,0,0
13,10168,0,0
13,24239,0,0
13,10756,9,0
13,10139,6,0
13,10244,5,0
13,10164,6,0
13,22989,6,0
13,10243,6,0
13,10242,26,0
13,10233,8,0
13,10084,3,0
13,24957,10,0
13,22482,0,0
13,24958,9,0
13,9964,2,0
13,10314,1,0
13,16691,11,0
13,19290,12,0
13,16748,15,1
13,10133,3,0
13,18504,11,0
13,18871,3,0
13,23196,8,0
13,18924,13,0
13,22083,5,0
13,10399,9,0
13,22133,8,0
13,10401,9,0
13,23554,1,0
13,24903,8,0
13,24896,4,0
13,24898,25,0
13,24895,7,0
13,24904,6,0
13,24894,7,0
13,24899,10,0
13,24897,2,0
1,7,0,0
1,1025,0,0
1,12224,0,0
1,12225,1,0
1,12226,0,0
1,12227,0,0
1,12228,0,0
1,12248,0,0
1,12260,0,0
1,12283,0,0
1,12285,0,0
1,12286,0,0
1,12288,0,0
1,12326,0,0
1,12336,0,0
1,12364,1,0
1,12365,0,0
1,12371,0,0
1,12372,0,0
1,12376,0,0
1,12379,4,0
1,12383,0,0
1,12386,0,0
1,12428,0,0
1,12452,0,0
1,12455,0,0
1,12456,0,0
1,12464,0,0
1,12473,0,0
1,12522,0,0
1,12539,0,0
1,12540,0,0
1,12542,0,0
1,12546,0,0
1,12547,0,0
1,12556,0,0
1,12557,0,0
1,12562,0,0
1,12564,0,0
1,12586,0,0
1,12612,0,0
1,12632,3,0
1,12633,6,0
1,12642,0,0
1,12700,0,0
1,12709,0,0
1,12734,0,0
1,12783,0,0
1,12791,0,0
1,12792,17,1
1,12799,0,0
1,12801,0,0
1,12812,0,0
1,12853,1,0
1,12866,1,0
1,12881,0,0
1,12892,0,0
1,12893,0,0
1,12898,3,0
1,12906,0,0
1,12930,0,0
1,12952,0,0
1,13003,0,0
1,13006,0,0
1,13007,0,0
1,13009,0,0
1,13012,0,0
1,13019,0,0
1,13020,0,0
1,13047,0,0
1,13048,0,0
1,13080,0,0
1,13081,0,0
1,13082,0,0
1,13083,0,0
1,13113,0,0
1,13114,0,0
1,13116,7,0
1,13122,0,0
1,13123,0,0
1,13125,0,0
1,13134,1,0
1,13136,0,0
1,13137,0,0
1,13144,0,0
1,13161,0,0
1,13165,1,0
1,13172,0,0
1,13175,1,0
1,13181,0,0
1,13182,0,0
1,13185,1,0
1,13188,0,0
1,13193,0,0
1,13194,0,0
1,13205,0,0
1,13227,0,0
1,13228,0,0
1,13231,0,0
1,13232,1,0
1,13235,2,0
1,13247,0,0
1,13262,0,0
1,13268,0,0
1,13269,0,0
1,13272,0,0
1,13273,0,0
1,13274,0,0
1,13275,0,0
1,13283,0,0
1,13284,0,0
1,13307,0,0
1,13317,0,0
1,13323,0,0
1,13325,1,0
1,13331,0,0
1,13337,0,0
1,13338,0,0
1,13344,0,0
1,13349,33,0
1,13359,0,0
1,13360,0,0
1,13361,0,0
1,13363,0,0
1,13366,0,0
1,13371,1,0
1,13373,0,0
1,13375,0,0
1,13376,0,0
1,13379,0,0
1,13380,0,0
1,13381,4,0
1,13382,10,0
1,13388,0,0
1,13399,1,0
1,13433,0,0
1,13448,0,0
1,13468,0,0
1,13471,0,0
1,13478,0,0
1,13545,0,0
1,13586,0,0
1,13629,3,0
1,13668,3,0
1,13669,25,0
1,13692,0,0
1,13731,0,0
1,13748,0,0
1,13750,0,0
1,13751,0,0
1,13764,0,0
1,13774,0,0
1,13807,1,0
1,13815,0,0
1,13822,0,0
1,13830,6,0
1,13831,0,0
1,13833,0,0
1,13834,1,0
1,13836,0,0
1,13837,4,0
1,13838,0,0
1,13860,0,0
1,13924,0,0
1,13936,0,0
1,13960,0,0
1,13965,0,0
1,13987,0,0
1,13988,0,0
1,13991,0,0
1,13992,0,0
1,13998,0,0
1,14000,0,0
1,14007,0,0
1,14018,1,0
1,14033,0,0
1,14042,0,0
1,14056,0,0
1,14057,0,0
1,14064,0,0
1,14065,0,0
1,14097,0,0
1,14114,0,0
1,14117,0,0
1,14121,0,0
1,14135,0,0
1,14137,0,0
1,14176,0,0
1,14189,0,0
1,14190,0,0
1,14246,0,0
1,14251,0,0
1,14269,0,0
1,14287,0,0
1,14288,0,0
1,14327,0,0
1,14355,0,0
1,14356,0,0
1,14419,0,0
1,14489,0,0
1,14490,0,0
1,14491,0,0
1,14529,0,0
1,14615,0,0
1,14641,1,0
1,14642,1,0
1,14649,1,0
1,14694,23,0
1,14860,25,0
1,14894,18,1
1,15038,2,0
1,15058,8,0
1,15071,0,0
1,15075,0,0
1,15089,0,0
1,15099,0,0
1,15117,13,0
1,15141,0,0
1,15172,9,0
1,15205,0,0
1,15209,4,0
1,15232,0,0
1,15235,0,0
1,15239,1,0
1,15240,0,0
1,15279,0,0
1,15359,1,0
1,15362,0,0
1,15374,0,0
1,15380,0,0
1,15603,0,0
1,15641,0,0
1,15642,0,0
1,15647,0,0
1,15827,1,0
1,15954,0,0
1,16363,0,0
1,16405,0,0
1,16484,0,0
1,16705,0,0
1,16771,0,0
1,16861,0,0
1,16921,1,0
1,17108,2,0
1,17248,0,0
1,17309,0,0
1,17367,0,0
1,17368,0,0
1,17530,0,0
1,17557,0,0
1,17675,0,0
1,17782,0,0
1,17783,22,0
1,17953,0,0
1,18245,0,0
1,18246,0,0
1,18447,0,0
1,18507,0,0
1,18775,0,0
1,18795,0,0
1,18796,0,0
1,18837,0,0
1,18894,0,0
1,18967,0,0
1,19012,0,0
1,19050,1,0
1,19051,0,0
1,19312,0,0
1,19504,0,0
1,20092,2,0
1,20608,4,0
1,20678,0,0
1,20679,0,0
1,20680,0,0
1,20681,0,0
1,20682,0,0
1,20683,0,0
1,20778,12,1
1,21259,0,0
1,21463,0,0
1,21837,0,0
1,21848,0,0
1,21851,0,0
1,21852,0,0
1,22324,0,0
1,22690,46,2
1,22888,0,0
1,22905,1,0
1,22906,1,0
1,22912,0,0
1,22935,1,0
1,23155,0,0
1,23158,1,0
1,23228,1,0
1,23229,1,0
1,23230,1,0
1,23231,1,0
1,23232,1,0
1,23238,1,0
1,23239,1,0
1,23241,1,0
1,23243,1,0
1,23244,1,0
1,23245,1,0
1,23246,1,0
1,23247,1,0
1,23250,1,0
1,23251,1,0
1,23253,2,0
1,23254,1,0
1,23255,1,0
1,23256,1,0
1,23373,0,0
1,23377,2,0
1,23378,0,0
1,24023,1,0
1,24150,0,0
1,24337,0,0
1,25039,0,0
2,357,0,0
2,358,0,0
2,440,0,0
2,957,0,0
2,1035,0,0
2,1126,0,0
2,1215,0,0
2,1565,0,0
2,1566,0,0
2,1608,0,0
2,1971,0,0
2,1973,0,0
2,2004,0,0
2,2005,0,0
2,2060,0,0
2,2112,0,0
2,2113,0,0
2,2114,0,0
2,2346,0,0
2,2461,0,0
2,2475,0,0
2,2479,0,0
2,2531,0,0
2,2538,0,0
2,2542,0,0
2,2544,0,0
2,2545,0,0
2,2546,0,0
2,2551,0,0
2,2555,0,0
2,2557,0,0
2,2560,0,0
2,2574,0,0
2,2579,0,0
2,2593,0,0
2,2594,0,0
2,2595,0,0
2,2596,0,0
2,2609,0,0
2,2611,0,0
2,2616,0,0
2,2618,0,0
2,2624,0,0
2,2645,0,0
2,2647,0,0
2,2701,0,0
2,2737,0,0
2,2741,0,0
2,2744,0,0
2,2749,0,0
2,2776,0,0
2,2793,1,0
2,2858,0,0
2,2862,0,0
2,2868,0,0
2,2919,0,0
2,2921,0,0
2,2922,0,0
2,2923,0,0
2,2925,0,0
2,2930,0,0
2,2931,1,0
2,2932,0,0
2,2933,1,0
2,2934,0,0
2,2939,0,0
2,2940,0,0
2,2942,0,0
2,2943,0,0
2,2951,0,0
2,2952,0,0
2,2981,0,0
2,2985,0,0
2,2991,3,0
2,2993,1,0
2,2998,0,0
2,2999,2,0
2,3025,0,0
2,3033,0,0
2,3047,0,0
2,3052,1,0
2,3059,2,0
2,3067,0,0
2,3069,0,0
2,3070,0,0
2,3072,0,0
2,3075,0,0
2,3077,0,0
2,3083,0,0
2,3115,0,0
2,3119,0,0
2,3138,0,0
2,3139,0,0
2,3140,0,0
2,3143,0,0
2,3147,0,0
2,3149,0,0
2,3153,0,0
2,3165,0,0
2,3168,0,0
2,3176,0,0
2,3187,0,0
2,3192,0,0
2,3217,0,0
2,3218,0,0
2,3230,0,0
2,3235,0,0
2,3295,0,0
2,3298,0,0
2,3309,0,0
2,3330,0,0
2,3331,0,0
2,3341,0,0
2,3344,0,0
2,3345,0,0
2,3446,0,0
2,3448,0,0
2,3449,0,0
2,3452,0,0
2,3453,0,0
2,3769,0,0
2,3772,0,0
2,3778,0,0
2,3779,0,0
2,3780,0,0
2,3781,0,0
2,3783,0,0
2,3804,0,0
2,3862,0,0
2,3863,0,0
2,3892,0,0
2,4912,1,0
2,4922,2,0
2,4924,0,0
2,4936,0,0
2,4950,0,0
2,4958,0,0
2,4959,0,0
2,6198,0,0
2,6203,0,0
2,6219,0,0
2,6220,0,0
2,7171,1,0
2,8438,0,0
2,8439,0,0
2,8448,0,0
2,8999,0,0
2,10841,0,0
2,10842,0,0
2,10843,0,0
2,10844,0,0
2,12155,0,0
2,12156,0,0
2,12160,0,0
2,12161,0,0
2,12172,0,0
2,12218,0,0
2,12219,0,0
2,12220,0,0
2,12221,1,0
2,12222,3,0
2,12224,0,0
2,14270,0,0
2,14271,0,0
2,14289,0,0
2,14290,0,0
2,14295,0,0
2,14328,0,0
2,14488,0,0
2,14540,0,0
2,14541,0,0
2,14542,0,0
2,14552,0,0
2,14553,0,0
2,14554,0,0
2,14558,0,0
2,14630,0,0
2,14631,0,0
2,14632,0,0
2,14670,0,0
2,14677,0,0
2,14681,0,0
2,14698,13,1
2,14699,0,0
2,14724,0,0
2,14759,0,0
2,14761,1,0
2,14787,0,0
2,14833,0,0
2,14895,0,0
2,14905,0,0
2,15076,0,0
2,15084,0,0
2,15085,0,0
2,15088,0,0
2,15112,0,0
2,15113,0,0
2,15114,0,0
2,15137,0,0
2,15156,0,0
2,15234,0,0
2,15244,0,0
2,15262,0,0
2,15263,0,0
2,15264,0,0
2,15265,0,0
2,15328,0,0
2,15329,0,0
2,15332,0,0
2,15440,1,0
2,15477,0,0
2,15670,0,0
2,15680,0,0
2,15682,0,0
2,15699,0,0
2,15713,0,0
2,15736,0,0
2,15786,0,0
2,16022,0,0
2,16034,0,0
2,16181,1,0
2,16451,0,0
2,16525,0,0
2,16761,0,0
2,16762,1,0
2,17227,0,0
2,17229,0,0
2,17311,0,0
2,17460,0,0
2,17461,0,0
2,17604,0,0
2,17612,50,0
2,17658,0,0
2,17674,0,0
2,18033,0,0
2,18058,0,0
2,18089,0,0
2,18092,0,0
2,18464,0,0
2,18532,0,0
2,18658,0,0
2,18664,1,0
2,18674,0,0
2,18729,0,0
2,18965,0,0
2,18968,0,0
2,19049,0,0
2,19068,0,0
2,19491,0,0
2,19545,0,0
2,19546,0,0
2,19547,0,0
2,19699,0,0
2,19793,0,0
2,20043,0,0
2,20045,0,0
2,20165,0,0
2,20284,0,0
2,20285,0,0
2,20286,0,0
2,20287,0,0
2,20440,0,0
2,20453,0,0
2,20570,0,0
2,20572,0,0
2,20587,0,0
2,20761,0,0
2,20824,0,0
2,20830,10,0
2,20835,0,0
2,20838,0,0
2,20842,0,0
2,20844,0,0
2,20926,0,0
2,21232,0,0
2,21360,0,0
2,21571,0,0
2,21687,11,0
2,22343,1,0
2,22996,0,0
2,23387,1,0
2,23390,0,0
2,23904,0,0
2,24159,13,0
2,24555,0,0
3,467,0,0
3,534,0,0
3,1026,0,0
3,1027,0,0
3,2054,0,0
3,5037,0,0
3,5038,0,0
3,5041,0,0
3,5098,0,0
3,5149,0,0
3,5160,0,0
3,5169,0,0
3,5184,0,0
3,5223,0,0
3,5260,0,0
3,5281,0,0
3,5383,0,0
3,5403,0,0
3,5447,0,0
3,5479,0,0
3,5510,0,0
3,5511,0,0
3,5577,0,0
3,5624,0,0
3,5626,0,0
3,5659,0,0
3,5666,0,0
3,5668,0,0
3,5674,0,0
3,5699,0,0
3,5754,0,0
3,5756,0,0
3,5775,0,0
3,5798,0,0
3,5800,0,0
3,6050,0,0
3,6081,0,0
3,6091,0,0
3,6162,0,0
3,6197,0,0
3,8436,0,0
3,12137,0,0
3,12138,0,0
3,12139,0,0
3,13007,0,0
3,13008,1,0
3,14837,0,0
3,14856,0,0
3,14857,0,0
3,15241,3,0
3,15242,0,0
3,15243,0,0
3,15486,0,0
3,15648,0,0
3,16257,0,0
3,17752,0,0
3,18369,0,0
3,18370,0,0
3,22373,0,0
3,22375,0,0
3,22934,1,0
3,23956,2,0
4,539,0,0
4,1572,0,0
4,2131,0,0
4,2549,0,0
4,3864,0,0
4,3905,0,0
4,3910,0,0
4,3916,0,0
4,3946,0,0
4,3949,0,0
4,3951,0,0
4,3952,0,0
4,3964,0,0
4,3968,0,0
4,3969,0,0
4,4023,0,0
4,4045,0,0
4,4079,0,0
4,4102,0,0
4,4122,0,0
4,4143,0,0
4,4157,0,0
4,4179,0,0
4,4180,0,0
4,4216,0,0
4,4295,0,0
4,4300,1,0
4,4322,0,0
4,4328,0,0
4,4335,0,0
4,4388,0,0
4,4420,0,0
4,4421,0,0
4,4422,0,0
4,4432,0,0
4,4433,0,0
4,4437,1,0
4,4441,0,0
4,4456,0,0
4,4463,0,0
4,4496,3,0
4,4498,0,0
4,4527,0,0
4,4528,0,0
4,4545,0,0
4,4546,0,0
4,4559,0,0
4,4562,0,0
4,4563,0,0
4,4610,0,0
4,4628,0,0
4,4654,0,0
4,4655,0,0
4,4673,0,0
4,4675,0,0
4,4691,0,0
4,4692,0,0
4,4700,1,0
4,4701,0,0
4,4710,0,0
4,4767,0,0
4,7479,0,0
4,9846,0,0
4,9847,0,0
4,9848,0,0
4,9849,0,0
4,10838,0,0
4,12183,0,0
4,14194,0,0
4,14195,0,0
4,14197,0,0
4,14198,0,0
4,14200,0,0
4,14201,0,0
4,14242,0,0
4,14279,0,0
4,14280,0,0
4,14281,0,0
4,14282,0,0
4,14284,0,0
4,14309,0,0
4,14310,0,0
4,14323,0,0
4,14324,0,0
4,14328,0,0
4,14352,0,0
4,14353,0,0
4,14420,0,0
4,14530,0,0
4,14531,0,0
4,14532,0,0
4,14586,0,0
4,14587,0,0
4,14589,0,0
4,14590,0,0
4,14725,1,0
4,14733,0,0
4,14799,0,0
4,14817,0,0
4,14818,0,0
4,14871,0,0
4,14873,0,0
4,14884,0,0
4,15064,0,0
4,15065,0,0
4,15066,0,0
4,15067,0,0
4,15090,0,0
4,15161,0,0
4,15165,0,0
4,15319,0,0
4,15542,0,0
4,15543,0,0
4,15629,8,0
4,15630,0,0
4,15692,4,0
4,15725,0,0
4,15726,0,0
4,15835,15,0
4,15853,0,0
4,16074,0,0
4,16337,0,0
4,16341,0,0
4,16486,0,0
4,16687,0,0
4,16858,4,0
4,16859,0,0
4,16860,0,0
4,17066,0,0
4,17206,0,0
4,17209,2,0
4,17308,0,0
4,17323,0,0
4,17536,0,0
4,17537,0,0
4,17556,0,0
4,17605,0,0
4,18035,0,0
4,18094,0,0
4,18234,0,0
4,18257,1,0
4,18258,0,0
4,18319,0,0
4,18340,0,0
4,18416,1,0
4,18478,0,0
4,18560,0,0
4,18575,0,0
4,18579,0,0
4,18770,0,0
4,19321,0,0
4,19698,0,0
4,20101,0,0
4,20625,1,0
4,20652,0,0
4,20894,2,0
4,21486,0,0
4,21696,4,0
4,21795,0,0
4,21881,13,1
4,22393,0,0
4,22468,0,0
4,22701,0,0
4,23317,1,0
4,23523,6,0
4,23987,0,0
4,24176,20,0
5,312,0,0
5,539,0,0
5,980,0,0
5,1572,0,0
5,2131,0,0
5,2336,0,0
5,3916,0,0
5,3917,5,0
5,3918,1,0
5,3919,1,0
5,3949,0,0
5,3950,0,0
5,3951,0,0
5,3964,0,0
5,3968,0,0
5,3969,0,0
5,3980,1,0
5,4012,0,0
5,4061,10,0
5,4062,0,0
5,4073,0,0
5,4102,0,0
5,4122,0,0
5,4143,8,0
5,4164,0,0
5,4180,0,0
5,4202,0,0
5,4216,0,0
5,4272,1,0
5,4300,0,0
5,4309,1,0
5,4329,1,0
5,4335,19,1
5,4368,0,0
5,4388,0,0
5,4400,1,0
5,4421,0,0
5,4426,0,0
5,4430,0,0
5,4437,0,0
5,4456,0,0
5,4463,0,0
5,4472,1,0
5,4495,0,0
5,4496,1,0
5,4498,1,0
5,4522,6,0
5,4527,0,0
5,4528,0,0
5,4545,0,0
5,4546,0,0
5,4554,0,0
5,4561,6,0
5,4563,0,0
5,4570,0,0
5,4571,0,0
5,4609,1,0
5,4610,0,0
5,4612,0,0
5,4626,11,0
5,4627,0,0
5,4655,0,0
5,4687,2,0
5,7196,0,0
5,7201,0,0
5,7217,0,0
5,7221,0,0
5,7232,3,0
5,7234,0,0
5,7277,2,0
5,7279,1,0
5,7297,2,0
5,7331,3,0
5,7332,1,0
5,7333,1,0
5,7336,6,0
5,7345,1,0
5,7359,0,0
5,7373,0,0
5,7412,1,0
5,7431,0,0
5,7432,0,0
5,7434,0,0
5,7436,0,0
5,7453,0,0
5,7469,1,0
5,7489,20,0
5,7490,4,0
5,7496,0,0
5,7535,0,0
5,7542,0,0
5,7581,0,0
5,7604,0,0
5,7605,0,0
5,7721,2,0
5,7748,2,0
5,7782,31,2
5,7799,2,0
5,8028,11,0
5,8052,0,0
5,8174,1,0
5,8191,0,0
5,8240,1,0
5,8241,0,0
5,8310,1,0
5,8334,1,0
5,8340,0,0
5,8346,9,0
5,8432,1,0
5,8441,0,0
5,9847,0,0
5,9848,0,0
5,9849,0,0
5,10838,0,0
5,12183,0,0
5,12223,0,0
5,14194,0,0
5,14198,0,0
5,14200,0,0
5,14201,0,0
5,14242,0,0
5,14282,0,0
5,14309,0,0
5,14310,0,0
5,14323,0,0
5,14324,0,0
5,14352,0,0
5,14420,0,0
5,14586,0,0
5,14587,0,0
5,14589,0,0
5,14590,0,0
5,14595,0,0
5,14600,0,0
5,14623,0,0
5,14732,0,0
5,14799,0,0
5,14818,0,0
5,14873,0,0
5,14875,0,0
5,15064,0,0
5,15065,0,0
5,15066,0,0
5,15067,0,0
5,15090,1,0
5,15132,2,0
5,15165,0,0
5,15319,6,0
5,15339,0,0
5,15424,1,0
5,15542,0,0
5,15543,0,0
5,15571,0,0
5,15629,1,0
5,15637,0,0
5,15692,1,0
5,15719,7,0
5,15721,1,0
5,15726,0,0
5,15727,0,0
5,15834,9,0
5,15839,0,0
5,15840,1,0
5,15846,7,0
5,15851,2,0
5,15852,0,0
5,15854,0,0
5,15857,5,0
5,16389,2,0
5,16416,0,0
5,16417,0,0
5,16687,2,0
5,16821,0,0
5,16858,6,0
5,16859,0,0
5,16860,0,0
5,16892,7,0
5,16893,8,0
5,17206,0,0
5,17207,3,0
5,17250,0,0
5,17251,0,0
5,17308,0,0
5,17310,2,0
5,17432,1,0
5,17536,1,0
5,17537,0,0
5,17554,7,0
5,17596,0,0
5,17606,0,0
5,17614,1,0
5,17698,0,0
5,18096,0,0
5,18308,0,0
5,18324,0,0
5,18326,0,0
5,18327,0,0
5,18330,0,0
5,18331,0,0
5,18332,0,0
5,18335,0,0
5,18342,0,0
5,18560,1,0
5,18574,0,0
5,18575,0,0
5,18770,2,0
5,18874,0,0
5,18875,0,0
5,18876,0,0
5,18877,0,0
5,18878,0,0
5,18991,0,0
5,19321,1,0
5,19324,10,0
5,19958,1,0
5,19964,7,0
5,20161,0,0
5,20441,0,0
5,20626,1,0
5,20651,0,0
5,21238,0,0
5,21483,1,0
5,21484,0,0
5,21485,1,0
5,21572,10,1
5,21702,3,0
5,21703,4,0
5,21707,0,0
5,21776,5,0
5,22080,0,0
5,22165,4,0
5,22226,1,0
5,22521,3,0
5,22701,1,0
5,22928,1,0
5,22937,0,0
5,22938,2,0
5,22980,0,0
5,23262,6,0
5,23318,1,0
5,23394,18,1
5,23395,8,0
5,23401,2,0
5,23417,0,0
5,23523,11,1
5,23525,12,0
5,23538,6,0
5,23809,1,0
5,23812,0,0
5,23813,0,0
5,23817,1,0
5,23967,1,0
5,23970,0,0
5,23971,1,0
5,23974,1,0
5,23976,1,0
5,23979,0,0
5,23987,17,0
5,23991,2,0
5,23996,0,0
5,23997,1,0
5,23998,0,0
5,23999,0,0
5,24000,0,0
5,24003,0,0
5,24004,1,0
5,24005,1,0
5,24008,1,0
5,24013,1,0
5,24176,2,0
5,24195,6,0
5,24219,3,0
5,24220,0,0
5,24389,5,0
5,24390,0,0
5,24710,0,0
5,24790,0,0
5,24791,2,0
5,24792,0,0
5,24793,0,0
5,24796,0,0
5,24797,1,0
5,24798,0,0
5,24799,0,0
5,24803,2,0
5,24807,3,0
5,24812,0,0
5,24813,1,0
5,24815,0,0
5,24825,1,0
6,169,0,0
6,288,0,0
6,1275,0,0
6,1598,0,0
6,1644,0,0
6,1720,0,0
6,1729,0,0
6,1730,1,0
6,2016,0,0
6,2052,0,0
6,2092,0,0
6,2093,3,0
6,2122,0,0
6,2123,0,0
6,2265,1,0
6,2473,0,0
6,2493,0,0
6,2503,0,0
6,2507,0,0
6,2509,7,0
6,2515,0,0
6,3872,0,0
6,3873,0,0
6,3876,0,0
6,3883,0,0
6,3890,0,0
6,3901,0,0
6,5017,0,0
6,5156,6,0
6,5446,0,0
6,5525,0,0
6,5607,0,0
6,5708,0,0
6,5826,0,0
6,5872,0,0
6,5965,0,0
6,5981,0,0
6,5994,0,0
6,6032,0,0
6,6055,0,0
6,6058,0,0
6,6072,0,0
6,6119,0,0
6,6120,0,0
6,6183,0,0
6,6210,0,0
6,6211,0,0
6,6217,0,0
6,6218,0,0
6,6251,0,0
6,6278,2,0
6,6280,0,0
6,6378,0,0
6,6381,0,0
6,6402,0,0
6,6412,0,0
6,6423,0,0
6,6424,0,0
6,6425,0,0
6,6445,0,0
6,6446,0,0
6,6448,0,0
6,6451,0,0
6,6481,1,0
6,6488,0,0
6,6497,0,0
6,6516,0,0
6,6519,0,0
6,6535,0,0
6,6536,0,0
6,6537,0,0
6,6538,0,0
6,6551,0,0
6,6555,0,0
6,6567,4,0
6,6577,0,0
6,6613,0,0
6,6626,0,0
6,6636,0,0
6,6686,2,0
6,6687,13,0
6,6699,0,0
6,6701,0,0
6,6704,2,0
6,6722,2,0
6,6782,0,0
6,6786,0,0
6,6804,0,0
6,6813,0,0
6,6935,0,0
6,6961,1,0
6,6975,0,0
6,6985,9,0
6,6992,0,0
6,6993,0,0
6,6999,3,0
6,7005,1,0
6,7019,0,0
6,7026,0,0
6,7028,0,0
6,7047,0,0
6,7051,0,0
6,7095,1,0
6,7102,0,0
6,7165,1,0
6,10831,1,0
6,10835,0,0
6,12129,0,0
6,12144,0,0
6,12173,0,0
6,12196,0,0
6,14562,0,0
6,14684,1,0
6,14763,1,0
6,14775,0,0
6,15020,0,0
6,15026,0,0
6,15028,0,0
6,15083,0,0
6,15580,3,0
6,15671,0,0
6,16769,4,0
6,17181,0,0
6,17521,0,0
6,18718,1,0
6,18920,0,0
6,19135,0,0
6,23311,0,0
6,23312,1,0
6,24051,0,0
8,10907,0,0
8,10933,0,0
8,10964,0,0
8,10976,0,0
8,10978,1,0
8,10979,2,0
8,10992,0,0
8,10998,0,0
8,11017,0,0
8,11020,0,0
8,11022,0,0
8,11026,0,0
8,11043,2,0
8,11054,1,0
8,11065,0,0
8,11067,0,0
8,11083,0,0
8,11105,3,0
8,11107,0,0
8,11110,9,0
8,11113,0,0
8,11115,0,0
8,11119,0,0
8,11122,0,0
8,11125,3,0
8,11149,0,0
8,11168,3,0
8,11190,0,0
8,11194,0,0
8,11213,0,0
8,11224,0,0
8,11236,4,0
8,11249,0,0
8,11256,0,0
8,11257,0,0
8,11258,0,0
8,11261,0,0
8,11262,0,0
8,11268,0,0
8,11269,0,0
8,11294,0,0
8,11296,1,0
8,11306,0,0
8,11310,0,0
8,11313,0,0
8,11315,0,0
8,11323,0,0
8,11342,2,0
8,11349,0,0
8,11409,0,0
8,11410,0,0
8,11412,0,0
8,11421,0,0
8,11430,0,0
8,11432,0,0
8,11434,0,0
8,11442,0,0
8,11501,0,0
8,11504,0,0
8,11514,0,0
8,11515,1,0
8,11522,7,0
8,11528,2,0
8,11556,0,0
8,11558,0,0
8,11563,0,0
8,11641,0,0
8,11642,0,0
8,11707,0,0
8,11736,0,0
8,11769,0,0
8,11783,0,0
8,11785,0,0
8,11793,0,0
8,11799,0,0
8,11805,7,0
8,11830,0,0
8,11833,0,0
8,11851,0,0
8,11858,1,0
8,11859,0,0
8,11861,0,0
8,11863,0,0
8,11872,0,0
8,11877,0,0
8,11939,3,0
8,11946,0,0
8,11958,0,0
8,11965,0,0
8,11969,3,0
8,11973,0,0
8,11976,0,0
8,11978,0,0
8,11982,0,0
8,11990,0,0
8,11995,0,0
8,12000,15,1
8,12013,0,0
8,12021,1,0
8,12039,0,0
8,12065,0,0
8,12075,0,0
8,12077,0,0
8,12110,0,0
8,12120,0,0
8,12166,0,0
8,14208,3,0
8,14211,2,0
8,14361,0,0
8,14455,0,0
8,14673,0,0
8,14782,3,0
8,14783,0,0
8,15081,0,0
8,15095,0,0
8,15295,0,0
8,15299,0,0
8,15306,0,0
8,15310,0,0
8,15358,0,0
8,15361,0,0
8,15366,0,0
8,15406,0,0
8,15459,0,0
8,15464,0,0
8,15467,0,0
8,15489,0,0
8,15568,1,0
8,15590,0,0
8,15636,0,0
8,15645,0,0
8,15646,0,0
8,15654,0,0
8,15655,0,0
8,15657,0,0
8,15693,0,0
8,15880,0,0
8,16133,0,0
8,16178,0,0
8,16238,0,0
8,16247,0,0
8,16248,0,0
8,16250,0,0
8,16251,0,0
8,16252,0,0
8,16253,0,0
8,16499,0,0
8,16625,0,0
8,16686,0,0
8,16736,2,0
8,16781,0,0
8,16840,0,0
8,16909,0,0
8,16953,0,0
8,16958,0,0
8,16959,45,2
8,16960,10,1
8,16963,0,0
8,17133,3,0
8,17223,0,0
8,17233,0,0
8,17312,0,0
8,17407,0,0
8,17408,0,0
8,17467,3,0
8,17468,0,0
8,17469,1,0
8,17479,6,0
8,17544,0,0
8,17742,0,0
8,17743,1,0
8,17744,8,0
8,17746,6,0
8,17748,0,0
8,17754,0,0
8,17968,1,0
8,18080,1,0
8,18116,1,0
8,18117,23,0
8,18339,1,0
8,18479,0,0
8,18555,0,0
8,18683,2,0
8,18684,8,0
8,18696,1,0
8,18885,24,0
8,18958,0,0
8,18959,0,0
8,18960,0,0
8,18961,0,0
8,19069,0,0
8,19100,0,0
8,19498,2,0
8,19890,0,0
8,20039,0,0
8,20135,0,0
8,20292,0,0
8,20580,0,0
8,20750,0,0
8,20751,0,0
8,20752,0,0
8,21077,5,0
8,21616,1,0
8,21617,1,0
8,21715,1,0
8,21856,1,0
8,21970,2,0
8,22874,2,0
8,22875,1,0
8,22878,1,0
8,22879,0,0
8,22881,1,0
8,22883,1,0
8,22884,3,0
8,22885,1,0
8,22886,0,0
8,22917,0,0
8,22919,0,0
8,22948,0,0
8,23083,3,0
8,23147,1,0
8,23148,2,0
8,23149,1,0
8,23413,0,0
8,23928,14,1
8,24303,2,0
8,24304,3,0
8,24368,2,0
8,24370,1,0
8,24372,2,0
8,24374,1,0
8,24742,0,0
9,61,0,0
9,8570,0,0
9,8573,0,0
9,8589,0,0
9,8591,0,0
9,8597,0,0
9,8605,0,0
9,8607,0,0
9,8618,0,0
9,8620,0,0
9,8623,1,0
9,8625,0,0
9,8626,0,0
9,8643,0,0
9,8647,0,0
9,8649,0,0
9,8655,0,0
9,8658,0,0
9,8659,0,0
9,8668,0,0
9,8679,0,0
9,8689,0,0
9,8981,0,0
9,12224,0,0
9,14243,4,0
9,14249,0,0
9,14250,6,0
9,14255,8,0
9,14258,5,0
9,14259,3,0
9,14260,1,0
9,14261,1,0
9,14262,1,0
9,14265,1,0
9,14316,0,0
9,14317,1,0
9,14404,2,0
9,14406,9,0
9,14501,2,0
9,14505,1,0
9,14567,6,0
9,14568,4,0
9,14569,1,0
9,14614,4,0
9,14619,2,0
9,14621,4,0
9,14711,1,0
9,14712,16,0
9,14800,5,0
9,15040,1,0
9,15048,1,0
9,15199,0,0
9,15211,1,0
9,15216,2,0
9,15504,0,0
9,15579,4,0
9,15584,0,0
9,15588,0,0
9,15598,10,0
9,15604,3,0
9,15605,3,0
9,15607,3,0
9,15608,2,0
9,15632,7,0
9,15633,0,0
9,15664,3,0
9,15686,1,0
9,16004,4,0
9,16556,0,0
9,16700,1,0
9,16702,2,0
9,16991,3,0
9,17162,3,0
9,17213,0,0
9,17214,2,0
9,17225,8,0
9,17334,3,0
9,17463,1,0
9,17525,2,0
9,17526,4,0
9,17527,1,0
9,17697,0,0
9,18168,13,0
9,18294,0,0
9,18306,8,0
9,18385,1,0
9,18471,0,0
9,18815,1,0
9,18934,0,0
9,18935,1,0
9,19005,1,0
9,19010,0,0
9,19015,0,0
9,19017,19,0
9,19018,0,0
9,19558,10,0
9,20187,4,0
9,20260,12,0
9,20261,16,0
9,20267,12,0
9,20268,2,0
9,20269,1,0
9,20270,0,0
9,20271,2,0
9,20325,13,1
9,20326,1,0
9,20327,12,0
9,20328,4,0
9,20526,22,1
9,20666,14,0
9,20667,15,0
9,20668,5,0
9,20669,13,1
9,20670,13,0
9,20948,15,0
9,21192,6,0
9,21193,6,0
9,21615,0,0
9,22279,0,0
9,22280,0,0
9,22359,0,0
9,22530,1,0
9,22532,5,0
9,22686,7,0
9,22687,7,0
9,22736,1,0
9,23335,2,0
9,23366,1,0
9,23604,1,0
9,23614,0,0
9,23794,1,0
9,24393,1,0
9,24394,5,0
9,24395,5,0
9,24396,1,0
9,24397,1,0
9,24398,3,0
9,24399,5,0
9,24400,2,0
9,24433,1,0
9,24624,8,0
9,24625,1,0
9,24980,0,0
9,24981,1,0
9,25078,0,0
16,11165,0,0
16,11247,0,0
16,12451,0,0
16,13639,0,0
16,15785,0,0
16,15790,0,0
16,15795,0,0
16,15807,17,1
16,15849,0,0
16,15850,0,0
16,15859,0,0
16,15870,1,0
16,15871,1,0
16,15881,3,0
16,15883,2,0
16,15893,0,0
16,15921,0,0
16,15930,4,0
16,15942,0,0
16,16209,0,0
16,16215,0,0
16,16218,1,0
16,16230,0,0
16,16235,0,0
16,16237,3,0
16,16243,4,0
16,16282,0,0
16,16314,1,0
16,16375,0,0
16,16382,0,0
16,16535,0,0
16,16639,2,0
16,16650,1,0
16,16681,2,0
16,16739,1,0
16,16765,1,0
16,16881,0,0
16,16926,3,0
16,16938,2,0
16,16976,0,0
16,17025,0,0
16,17026,0,0
16,17028,2,0
16,17075,2,0
16,17120,0,0
16,17129,1,0
16,17165,2,0
16,17348,0,0
16,17351,0,0
16,17512,1,0
16,17687,1,0
16,17689,1,0
16,17713,0,0
16,18006,1,0
16,18007,1,0
16,18085,0,0
16,18107,0,0
16,18276,1,0
16,18280,0,0
16,18282,0,0
16,18284,2,0
16,18338,0,0
16,18356,0,0
16,18362,0,0
16,18364,0,0
16,18408,1,0
16,18422,0,0
16,18423,0,0
16,18583,0,0
16,18701,1,0
16,18831,0,0
16,18832,0,0
16,18833,0,0
16,18860,0,0
16,18861,0,0
16,18949,1,0
16,18950,0,0
16,18951,0,0
16,18952,0,0
16,18998,1,0
16,19239,1,0
16,19240,2,0
16,19705,0,0
16,19706,0,0
16,19708,0,0
16,19716,0,0
16,19979,1,0
16,20356,0,0
16,20409,0,0
16,20447,2,0
16,20475,1,0
16,20746,1,0
16,20859,15,0
16,21048,1,0
16,21768,0,0
16,22120,0,0
16,22145,0,0
16,22508,1,0
16,22683,0,0
16,23437,1,0
16,23697,2,0
16,23698,1,0
16,23727,1,0
16,23781,3,0
16,24115,12,0
16,24247,1,0
16,24564,1,0
16,24748,2,0
17,14637,0,0
17,15249,0,0
17,15295,0,0
17,15297,0,0
17,15299,1,0
17,15306,1,0
17,15310,0,0
17,15391,2,0
17,15444,0,0
17,15499,0,0
17,15500,5,0
17,15574,0,0
17,15577,0,0
17,15623,0,0
17,15624,0,0
17,15718,0,0
17,15898,0,0
17,15899,0,0
17,15900,0,0
17,16335,0,0
17,16431,0,0
17,16498,0,0
17,16732,0,0
17,16736,1,0
17,16738,0,0
17,16779,0,0
17,16865,0,0
17,16866,0,0
17,16867,0,0
17,16909,1,0
17,17099,0,0
17,17147,0,0
17,17149,0,0
17,17150,0,0
17,17200,0,0
17,17201,0,0
17,17203,0,0
17,17224,0,0
17,17237,0,0
17,17238,0,0
17,17272,0,0
17,17285,0,0
17,17405,0,0
17,17406,0,0
17,17407,1,0
17,17421,1,0
17,17544,0,0
17,17750,0,0
17,18079,0,0
17,18193,0,0
17,18997,0,0
17,20469,2,0
17,20754,0,0
17,20760,0,0
17,20868,0,0
17,21618,1,0
17,22060,0,0
17,22231,0,0
17,22232,1,0
17,22558,0,0
17,22560,2,0
17,22981,0,0
17,22985,0,0
17,23027,0,0
17,23028,0,0
17,23284,0,0
17,23568,2,0
17,23573,1,0
17,23574,1,0
17,23575,1,0
17,23617,10,0
17,24025,0,0
17,24027,1,0
17,24041,0,0
17,24704,0,0
1,4,0,0
1,16,0,0
1,20,0,0
1,62,0,0
1,242,0,0
1,317,0,0
1,351,0,0
1,384,0,0
1,475,0,0
1,582,0,0
1,1022,0,0
1,2054,0,0
1,12157,0,0
1,12208,0,0
1,12209,0,0
1,12243,0,0
1,12275,0,0
1,12276,0,0
1,12309,0,0
1,12317,0,0
1,12320,0,0
1,12335,0,0
1,12346,0,0
1,12351,0,0
1,12355,0,0
1,12356,0,0
1,12357,0,0
1,12378,0,0
1,12413,0,0
1,12414,0,0
1,12417,0,0
1,12418,0,0
1,12420,0,0
1,12425,0,0
1,12441,0,0
1,12445,0,0
1,12483,0,0
1,12485,0,0
1,12486,0,0
1,12524,0,0
1,12587,0,0
1,12605,0,0
1,12620,0,0
1,12664,0,0
1,12675,0,0
1,12676,0,0
1,12703,0,0
1,12754,0,0
1,12782,0,0
1,12797,0,0
1,12831,0,0
1,12859,0,0
1,12895,0,0
1,12913,0,0
1,13013,0,0
1,13060,0,0
1,13075,0,0
1,13076,0,0
1,13099,0,0
1,13130,0,0
1,13183,0,0
1,13189,0,0
1,13190,0,0
1,13198,0,0
1,13201,0,0
1,13206,0,0
1,13209,0,0
1,13210,0,0
1,13221,0,0
1,13236,0,0
1,13238,0,0
1,13245,0,0
1,13257,0,0
1,13258,0,0
1,13261,0,0
1,13263,0,0
1,13265,0,0
1,13285,0,0
1,13289,0,0
1,13298,0,0
1,13306,0,0
1,13313,0,0
1,13334,0,0
1,13395,0,0
1,13396,0,0
1,13527,0,0
1,13546,0,0
1,13585,0,0
1,13587,0,0
1,13650,0,0
1,13727,0,0
1,13749,0,0
1,13760,0,0
1,13803,0,0
1,13848,0,0
1,13926,0,0
1,13953,0,0
1,13962,0,0
1,13969,0,0
1,13970,0,0
1,13979,0,0
1,13989,0,0
1,14022,0,0
1,14061,0,0
1,14142,0,0
1,14145,0,0
1,14146,0,0
1,14168,0,0
1,14172,0,0
1,14806,0,0
1,14880,0,0
1,14882,0,0
1,14901,0,0
1,15133,0,0
1,15136,0,0
1,15139,0,0
1,15171,0,0
1,15174,0,0
1,15194,0,0
1,15272,0,0
1,15286,0,0
1,15434,0,0
1,15627,0,0
1,15716,0,0
1,15752,0,0
1,16391,0,0
1,16399,0,0
1,16582,0,0
1,17628,0,0
1,17632,0,0
1,17889,0,0
1,18186,0,0
1,18608,0,0
1,18847,0,0
1,18850,0,0
1,19586,0,0
1,19592,0,0
1,19594,0,0
1,20518,0,0
1,20770,0,0
1,20887,0,0
1,21168,0,0
1,21240,0,0
1,21292,0,0
1,21302,0,0
1,21304,0,0
1,21312,0,0
1,21313,0,0
1,21314,0,0
1,21315,0,0
1,21318,0,0
1,21322,0,0
1,21337,0,0
1,21342,0,0
1,21343,0,0
1,21345,0,0
1,21389,0,0
1,21434,0,0
1,21450,0,0
1,21543,0,0
1,21656,0,0
1,21666,0,0
1,21784,0,0
1,21793,0,0
1,21818,0,0
1,21820,0,0
1,21846,0,0
1,21917,0,0
1,22000,0,0
1,22003,0,0
1,22007,0,0
1,22063,0,0
1,22064,0,0
1,22077,0,0
1,22124,0,0
1,22348,0,0
1,22411,0,0
1,22420,0,0
1,22910,0,0
1,23075,0,0
1,23151,0,0
1,23178,0,0
1,23179,0,0
1,23310,0,0
1,23331,0,0
1,23381,0,0
1,23458,0,0
1,23669,0,0
1,23874,0,0
1,23888,0,0
1,23893,0,0
1,24322,0,0
1,24778,0,0
1,25027,0,0
1,25677,0,0
1,25956,0,0
1,26080,0,0
1,26633,0,0
1,26759,0,0
1,26770,0,0
1,27217,0,0
1,29820,0,0
1,29821,0,0
1,29822,0,0
1,29823,0,0
1,29825,0,0
1,29849,0,0
1,29901,0,0
1,29903,0,0
1,29904,0,0
1,29905,0,0
1,29906,0,0
1,29907,0,0
1,29908,0,0
1,29983,0,0
1,29984,0,0
1,29985,0,0
1,30048,0,0
1,30098,0,0
1,30099,0,0
1,30100,0,0
1,30127,0,0
1,30224,0,0
1,30838,0,0
1,30927,0,0
1,30937,0,0
1,30946,0,0
1,31212,0,0
1,31309,0,0
1,31922,0,0
1,32500,0,0
1,32576,0,0
1,32577,0,0
1,32578,0,0
1,32579,0,0
1,32580,0,0
1,32581,0,0
1,32582,0,0
1,32583,0,0
1,32584,0,0
1,32585,0,0
1,33185,0,0
1,33525,0,0
1,33526,0,0
1,33527,0,0
1,33529,0,0
1,33530,0,0
1,33531,0,0
1,33532,0,0
1,33533,0,0
1,33534,0,0
1,33535,0,0
1,33770,0,0
1,33824,0,0
2,61,0,0
2,62,0,0
2,63,0,0
2,311,0,0
2,999,0,0
2,2066,0,0
2,2772,0,0
2,2831,0,0
2,2944,0,0
2,3160,0,0
2,3222,0,0
2,3351,0,0
2,3436,0,0
2,4967,0,0
2,14671,0,0
2,15087,0,0
2,15364,0,0
2,17373,0,0
2,17375,0,0
2,17376,0,0
2,18594,0,0
2,18639,0,0
2,18649,0,0
2,18650,0,0
2,18662,0,0
2,18673,0,0
2,18973,0,0
2,19087,0,0
2,19088,0,0
2,19553,0,0
2,19554,0,0
2,20288,0,0
2,20722,0,0
2,21688,0,0
2,22284,0,0
2,22341,0,0
2,22936,0,0
2,23906,0,0
2,24556,0,0
2,24965,0,0
2,25444,0,0
2,26396,0,0
2,27020,0,0
2,27021,0,0
2,27022,0,0
2,27023,0,0
2,27024,0,0
2,27025,0,0
2,27026,0,0
2,30948,0,0
2,31437,0,0
2,31443,0,0
2,32964,0,0
2,33586,0,0
2,33587,0,0
2,33588,0,0
2,33589,0,0
3,4,0,0
3,242,0,0
3,581,0,0
3,582,0,0
3,1022,0,0
3,2022,0,0
3,2023,0,0
3,2024,0,0
3,2028,0,0
3,2029,0,0
3,5069,0,0
3,5077,0,0
3,5112,0,0
3,5155,0,0
3,5182,0,0
3,5186,0,0
3,5199,0,0
3,5268,0,0
3,5313,0,0
3,5324,0,0
3,5386,0,0
3,5404,0,0
3,5431,0,0
3,5432,0,0
3,5524,0,0
3,5579,0,0
3,5621,0,0
3,5631,0,0
3,5664,0,0
3,5672,0,0
3,5676,0,0
3,5681,0,0
3,5684,0,0
3,5707,0,0
3,5709,0,0
3,5712,0,0
3,5736,0,0
3,5760,0,0
3,5799,0,0
3,5812,0,0
3,5827,0,0
3,5847,0,0
3,5857,0,0
3,6035,0,0
3,6036,0,0
3,6042,0,0
3,6190,0,0
3,6196,0,0
3,6204,0,0
3,14854,0,0
3,17675,0,0
3,18367,0,0
3,18368,0,0
3,19516,0,0
3,21719,0,0
3,21809,0,0
3,22943,0,0
3,23260,0,0
3,25432,0,0
3,25996,0,0
3,26825,0,0
3,26830,0,0
3,26833,0,0
3,26840,0,0
3,28157,0,0
3,28480,0,0
3,29597,0,0
3,29598,0,0
3,29600,0,0
3,29602,0,0
3,29603,0,0
3,29604,0,0
3,29717,0,0
3,30173,0,0
3,30943,0,0
3,31569,0,0
4,3912,0,0
4,3959,0,0
4,4024,0,0
4,4034,0,0
4,4062,0,0
4,4074,0,0
4,4140,0,0
4,4141,0,0
4,4200,0,0
4,4236,0,0
4,4296,0,0
4,4329,0,0
4,4423,0,0
4,4431,0,0
4,4507,0,0
4,4518,0,0
4,4587,0,0
4,4592,0,0
4,4619,0,0
4,4620,0,0
4,4687,0,0
4,4763,0,0
4,4968,0,0
4,7256,0,0
4,7581,0,0
4,7589,0,0
4,7604,0,0
4,7768,0,0
4,7828,0,0
4,8309,0,0
4,15424,0,0
4,16389,0,0
4,16419,0,0
4,18574,0,0
4,19965,0,0
4,21810,0,0
4,22224,0,0
4,22778,0,0
4,22937,0,0
4,23229,0,0
4,23233,0,0
4,23234,0,0
4,23246,0,0
4,23392,0,0
4,23468,0,0
4,23471,0,0
4,24003,0,0
4,24190,0,0
4,24797,0,0
4,24812,0,0
4,24813,0,0
4,25269,0,0
4,25278,0,0
4,25395,0,0
4,25404,0,0
4,25408,0,0
4,25409,0,0
4,25704,0,0
4,25934,0,0
4,25981,0,0
4,26015,0,0
4,26768,0,0
4,27284,0,0
4,27393,0,0
4,27434,0,0
4,27435,0,0
4,27436,0,0
4,27437,0,0
4,27438,0,0
4,27488,0,0
4,27559,0,0
4,27560,0,0
4,27570,0,0
4,27677,0,0
4,27888,0,0
4,27891,0,0
4,27892,0,0
4,28082,0,0
4,28222,0,0
4,28241,0,0
4,28244,0,0
4,28246,0,0
4,28247,0,0
4,28248,0,0
4,28249,0,0
4,28253,0,0
4,28258,0,0
4,28272,0,0
4,28472,0,0
4,28473,0,0
4,28527,0,0
4,28529,0,0
4,29195,0,0
4,31048,0,0
4,32238,0,0
4,34035,0,0
1,12337,0,0
1,12785,0,0
1,13542,0,0
1,21341,0,0
1,29902,0,0
2,4964,0,0
2,19551,0,0
2,21419,0,0
3,776,0,0
3,1398,0,0
3,5167,0,0
3,26828,0,0
3,26962,0,0
4,4450,0,0
4,24219,0,0
4,24458,0,0
4,24999,0,0
4,25367,0,0
4,27889,0,0
4,27890,0,0
4,29182,0,0
5,3864,0,0
5,3921,0,0
5,3925,0,0
5,4312,0,0
5,4559,0,0
5,4625,0,0
5,4691,0,0
5,7230,0,0
5,7235,0,0
5,7272,0,0
5,7295,0,0
5,7299,0,0
5,7301,0,0
5,7329,0,0
5,7330,0,0
5,7334,0,0
5,7335,0,0
5,7360,0,0
5,7374,0,0
5,7383,0,0
5,7384,0,0
5,7390,0,0
5,7410,0,0
5,7413,0,0
5,7417,0,0
5,7457,0,0
5,7506,0,0
5,7580,0,0
5,7587,0,0
5,7588,0,0
5,7619,0,0
5,7626,0,0
5,7638,0,0
5,7655,0,0
5,7662,0,0
5,7670,0,0
5,7694,0,0
5,7696,0,0
5,7701,0,0
5,7763,0,0
5,7774,0,0
5,7777,0,0
5,7778,0,0
5,7798,0,0
5,7827,0,0
5,7839,0,0
5,8042,0,0
5,8086,0,0
5,8087,0,0
5,8100,0,0
5,8123,0,0
5,8148,0,0
5,8279,0,0
5,8294,0,0
5,8305,0,0
5,8339,0,0
5,8347,0,0
5,8358,0,0
5,8361,0,0
5,8394,0,0
5,8415,0,0
5,8417,0,0
5,8418,0,0
5,8419,0,0
5,8424,0,0
5,8429,0,0
5,14532,0,0
5,15496,0,0
5,15723,0,0
5,15833,0,0
5,15835,0,0
5,16332,0,0
5,17208,0,0
5,18334,0,0
5,18340,0,0
5,19316,0,0
5,19317,0,0
5,20856,0,0
5,22047,0,0
5,22224,0,0
5,22228,0,0
5,22929,0,0
5,23228,0,0
5,23234,0,0
5,23463,0,0
5,23464,0,0
5,23467,0,0
5,23469,0,0
5,23470,0,0
5,23978,0,0
5,23986,0,0
5,23994,0,0
5,24006,0,0
5,24014,0,0
5,24177,0,0
5,24207,0,0
5,24391,0,0
5,24392,0,0
5,24458,0,0
5,24795,0,0
5,24800,0,0
5,24801,0,0
5,24804,0,0
5,24808,0,0
5,24816,0,0
5,24826,0,0
5,24845,0,0
5,24846,0,0
5,25025,0,0
5,25114,0,0
5,25116,0,0
5,25266,0,0
5,25267,0,0
5,25268,0,0
5,25269,0,0
5,25270,0,0
5,25271,0,0
5,25273,0,0
5,25275,0,0
5,25276,0,0
5,25278,0,0
5,25279,0,0
5,25280,0,0
5,25281,0,0
5,25282,0,0
5,25362,0,0
5,25363,0,0
5,25365,0,0
5,25366,0,0
5,25367,0,0
5,25368,0,0
5,25374,0,0
5,25375,0,0
5,25376,0,0
5,25378,0,0
5,25379,0,0
5,25393,0,0
5,25394,0,0
5,25395,0,0
5,25402,0,0
5,25403,0,0
5,25404,0,0
5,25407,0,0
5,25408,0,0
5,25409,0,0
5,25410,0,0
5,25572,0,0
5,25573,0,0
5,25611,0,0
5,25660,0,0
5,25667,0,0
5,26001,0,0
5,26738,0,0
5,26787,0,0
5,26788,0,0
5,26853,0,0
5,27282,0,0
5,27284,0,0
5,27285,0,0
5,27286,0,0
5,27287,0,0
5,27362,0,0
5,27762,0,0
5,27766,0,0
5,27843,0,0
5,27846,0,0
5,27849,0,0
5,27850,0,0
5,27851,0,0
5,27854,0,0
5,27856,0,0
5,27894,0,0
5,27895,0,0
5,27896,0,0
5,28083,0,0
5,28087,0,0
5,28089,0,0
5,28091,0,0
5,28094,0,0
5,28198,0,0
5,28240,0,0
5,28241,0,0
5,28242,0,0
5,28243,0,0
5,28244,0,0
5,28245,0,0
5,28246,0,0
5,28247,0,0
5,28248,0,0
5,28249,0,0
5,28250,0,0
5,28251,0,0
5,28252,0,0
5,28253,0,0
5,28254,0,0
5,28255,0,0
5,28256,0,0
5,28257,0,0
5,28258,0,0
5,28259,0,0
5,28260,0,0
5,28261,0,0
5,28262,0,0
5,28263,0,0
5,28264,0,0
5,28265,0,0
5,28266,0,0
5,28267,0,0
5,28268,0,0
5,28269,0,0
5,28270,0,0
5,28271,0,0
5,28272,0,0
5,28273,0,0
5,28274,0,0
5,28276,0,0
5,28277,0,0
5,28278,0,0
5,28279,0,0
5,28280,0,0
5,28281,0,0
5,28282,0,0
5,28283,0,0
5,28285,0,0
5,28286,0,0
5,28287,0,0
5,28288,0,0
5,28289,0,0
5,28290,0,0
5,28291,0,0
5,28292,0,0
5,28293,0,0
5,28294,0,0
5,28296,0,0
5,28298,0,0
5,28299,0,0
5,28301,0,0
5,28302,0,0
5,28303,0,0
5,28304,0,0
5,28305,0,0
5,28306,0,0
5,28307,0,0
5,28309,0,0
5,28311,0,0
5,28312,0,0
5,28314,0,0
5,28315,0,0
5,28316,0,0
5,28317,0,0
5,28318,0,0
5,28319,0,0
5,28320,0,0
5,28321,0,0
5,28322,0,0
5,28323,0,0
5,28328,0,0
5,28329,0,0
5,28330,0,0
5,28331,0,0
5,28334,0,0
5,28335,0,0
5,28336,0,0
5,28337,0,0
5,28338,0,0
5,28339,0,0
5,28340,0,0
5,28341,0,0
5,28342,0,0
5,28343,0,0
5,28344,0,0
5,28345,0,0
5,28346,0,0
5,28347,0,0
5,28348,0,0
5,28349,0,0
5,28385,0,0
5,28386,0,0
5,28387,0,0
5,28388,0,0
5,28395,0,0
5,28396,0,0
5,28397,0,0
5,28398,0,0
5,28400,0,0
5,28401,0,0
5,28402,0,0
5,28403,0,0
5,28404,0,0
5,28405,0,0
5,28406,0,0
5,28407,0,0
5,28408,0,0
5,28409,0,0
5,28410,0,0
5,28411,0,0
5,28429,0,0
5,28727,0,0
5,28744,0,0
5,28784,0,0
5,28791,0,0
5,28800,0,0
5,28802,0,0
5,28803,0,0
5,28805,0,0
5,28807,0,0
5,28810,0,0
5,28813,0,0
5,28821,0,0
5,28829,0,0
5,28833,0,0
5,28835,0,0
5,28837,0,0
5,28847,0,0
5,28848,0,0
5,28849,0,0
5,28857,0,0
5,28863,0,0
5,28865,0,0
5,28867,0,0
5,28872,0,0
5,28876,0,0
5,28878,0,0
5,28883,0,0
5,28886,0,0
5,28888,0,0
5,28889,0,0
5,28900,0,0
5,28902,0,0
5,28905,0,0
5,28909,0,0
5,28911,0,0
5,28912,0,0
5,28918,0,0
5,28923,0,0
5,28924,0,0
5,28926,0,0
5,28928,0,0
5,28930,0,0
5,28931,0,0
5,28932,0,0
5,28934,0,0
5,28935,0,0
5,28946,0,0
5,28951,0,0
5,28953,0,0
5,28975,0,0
5,29016,0,0
5,29033,0,0
5,29034,0,0
5,29047,0,0
5,29048,0,0
5,29051,0,0
5,29055,0,0
5,29058,0,0
5,29059,0,0
5,29060,0,0
5,29064,0,0
5,29065,0,0
5,29067,0,0
5,29068,0,0
5,29069,0,0
5,29077,0,0
5,29078,0,0
5,29079,0,0
5,29082,0,0
5,29083,0,0
5,29085,0,0
5,29087,0,0
5,29090,0,0
5,29091,0,0
5,29099,0,0
5,29101,0,0
5,29102,0,0
5,29103,0,0
5,29107,0,0
5,29111,0,0
5,29113,0,0
5,29115,0,0
5,29119,0,0
5,29132,0,0
5,29154,0,0
5,29178,0,0
5,29183,0,0
5,29184,0,0
5,29186,0,0
5,29187,0,0
5,29188,0,0
5,29189,0,0
5,29190,0,0
5,29191,0,0
5,29192,0,0
5,29236,0,0
5,29248,0,0
5,29249,0,0
5,29252,0,0
5,29285,0,0
5,29309,0,0
5,29314,0,0
5,29316,0,0
5,29323,0,0
5,29447,0,0
5,29452,0,0
5,29495,0,0
5,29503,0,0
5,29506,0,0
5,29529,0,0
5,29530,0,0
5,29531,0,0
5,29532,0,0
5,29533,0,0
5,29535,0,0
5,29536,0,0
5,29538,0,0
5,29589,0,0
5,29590,0,0
5,29621,0,0
5,29624,0,0
5,29725,0,0
5,29729,0,0
5,29733,0,0
5,29735,0,0
5,29973,0,0
5,31383,0,0
6,61,0,0
6,62,0,0
6,63,0,0
6,1067,0,0
6,1591,0,0
6,1634,0,0
6,1639,0,0
6,1640,0,0
6,1647,0,0
6,1654,0,0
6,1710,0,0
6,1713,0,0
6,1721,0,0
6,1831,0,0
6,1840,0,0
6,1851,0,0
6,1868,0,0
6,1876,0,0
6,1962,0,0
6,1964,0,0
6,1966,0,0
6,1967,0,0
6,1999,0,0
6,2001,0,0
6,2135,0,0
6,2263,0,0
6,2288,0,0
6,2448,0,0
6,2458,0,0
6,2485,0,0
6,2492,0,0
6,2496,0,0
6,2498,0,0
6,2512,0,0
6,2513,0,0
6,2514,0,0
6,4969,0,0
6,5020,0,0
6,6279,0,0
6,6304,0,0
6,6321,0,0
6,6323,0,0
6,6325,0,0
6,6331,0,0
6,6338,0,0
6,6346,0,0
6,6380,0,0
6,6393,0,0
6,6403,0,0
6,6421,0,0
6,6427,0,0
6,6433,0,0
6,6434,0,0
6,6447,0,0
6,6450,0,0
6,6458,0,0
6,6461,0,0
6,6464,0,0
6,6479,0,0
6,6480,0,0
6,6483,0,0
6,6485,0,0
6,6489,0,0
6,6491,0,0
6,6492,0,0
6,6499,0,0
6,6501,0,0
6,6505,0,0
6,6518,0,0
6,6523,0,0
6,6525,0,0
6,6539,0,0
6,6543,0,0
6,6574,0,0
6,6593,0,0
6,6611,0,0
6,6614,0,0
6,6676,0,0
6,6677,0,0
6,6685,0,0
6,6689,0,0
6,6692,0,0
6,6693,0,0
6,6696,0,0
6,6698,0,0
6,6712,0,0
6,6723,0,0
6,6755,0,0
6,6757,0,0
6,6758,0,0
6,6766,0,0
6,6924,0,0
6,6930,0,0
6,6981,0,0
6,6991,0,0
6,7016,0,0
6,7144,0,0
6,7149,0,0
6,7150,0,0
6,7161,0,0
6,14322,0,0
6,14372,0,0
6,14389,0,0
6,14776,0,0
6,14923,0,0
6,14956,0,0
6,14960,0,0
6,14969,0,0
6,15000,0,0
6,15001,0,0
6,15002,0,0
6,15010,0,0
6,15396,0,0
6,15400,0,0
6,15615,0,0
6,15616,0,0
6,15617,0,0
6,15621,0,0
6,16895,0,0
6,17111,0,0
6,17337,0,0
6,18602,0,0
6,18610,0,0
6,21467,0,0
6,23422,0,0
6,23424,0,0
6,23425,0,0
6,23426,0,0
6,24053,0,0
6,24054,0,0
6,24056,0,0
6,24205,0,0
6,24206,0,0
6,32118,0,0
6,32285,0,0
6,32286,0,0
8,10832,0,0
8,10833,0,0
8,10912,0,0
8,10946,0,0
8,10963,0,0
8,10969,0,0
8,10988,0,0
8,11019,0,0
8,11094,0,0
8,11160,0,0
8,11163,0,0
8,11164,0,0
8,11188,0,0
8,11234,0,0
8,11247,0,0
8,11252,0,0
8,11272,0,0
8,11308,0,0
8,11337,0,0
8,11344,0,0
8,11427,0,0
8,11440,0,0
8,11480,0,0
8,11492,0,0
8,11549,0,0
8,11721,0,0
8,11938,0,0
8,11979,0,0
8,12117,0,0
8,12164,0,0
8,14398,0,0
8,14417,0,0
8,15468,0,0
8,15638,0,0
8,15724,0,0
8,16383,0,0
8,16483,0,0
8,17442,0,0
8,21379,0,0
8,21490,0,0
8,21802,0,0
8,21812,0,0
8,23031,0,0
8,25435,0,0
8,26010,0,0
8,26636,0,0
8,26695,0,0
8,26696,0,0
8,26697,0,0
8,26698,0,0
8,27396,0,0
8,27432,0,0
8,27489,0,0
8,27490,0,0
8,27557,0,0
8,27558,0,0
8,28530,0,0
8,30336,0,0
8,30554,0,0
8,30595,0,0
8,30947,0,0
8,31021,0,0
8,31263,0,0
9,8449,0,0
9,8488,0,0
9,8489,0,0
9,8533,0,0
9,8537,0,0
9,8540,0,0
9,8548,0,0
9,8557,0,0
9,8561,0,0
9,8583,0,0
9,8587,0,0
9,8601,0,0
9,8675,0,0
9,8930,0,0
9,8946,0,0
9,14475,0,0
9,14576,0,0
9,14805,0,0
9,15148,0,0
9,15223,0,0
9,15425,0,0
9,19806,0,0
9,19832,0,0
9,20273,0,0
9,20467,0,0
9,25945,0,0
9,26361,0,0
9,26425,0,0
9,26644,0,0
9,26648,0,0
9,26872,0,0
9,27551,0,0
9,28509,0,0
9,29219,0,0
9,29758,0,0
9,29873,0,0
9,29890,0,0
9,29895,0,0
13,288,0,0
13,3816,0,0
13,4716,0,0
13,9852,0,0
13,9866,0,0
13,9890,0,0
13,9905,0,0
13,9906,0,0
13,9907,0,0
13,9908,0,0
13,9918,0,0
13,9920,0,0
13,9921,0,0
13,9929,0,0
13,9934,0,0
13,9942,0,0
13,9958,0,0
13,9959,0,0
13,9960,0,0
13,9963,0,0
13,9965,0,0
13,9967,0,0
13,9982,0,0
13,9984,0,0
13,9993,0,0
13,9994,0,0
13,9995,0,0
13,9999,0,0
13,10000,0,0
13,10005,0,0
13,10017,0,0
13,10020,0,0
13,10022,0,0
13,10027,0,0
13,10037,0,0
13,10038,0,0
13,10039,0,0
13,10040,0,0
13,10041,0,0
13,10044,0,0
13,10045,0,0
13,10052,0,0
13,10053,0,0
13,10054,0,0
13,10062,0,0
13,10065,0,0
13,10067,0,0
13,10068,0,0
13,10069,0,0
13,10070,0,0
13,10072,0,0
13,10075,0,0
13,10080,0,0
13,10081,0,0
13,10083,0,0
13,10093,0,0
13,10094,0,0
13,10104,0,0
13,10105,0,0
13,10108,0,0
13,10110,0,0
13,10111,0,0
13,10112,0,0
13,10113,0,0
13,10115,0,0
13,10118,0,0
13,10119,0,0
13,10122,0,0
13,10126,0,0
13,10129,0,0
13,10130,0,0
13,10134,0,0
13,10135,0,0
13,10138,0,0
13,10140,0,0
13,10144,0,0
13,10145,0,0
13,10149,0,0
13,10150,0,0
13,10152,0,0
13,10162,0,0
13,10169,0,0
13,10170,0,0
13,10186,0,0
13,10189,0,0
13,10192,0,0
13,10194,0,0
13,10198,0,0
13,10202,0,0
13,10203,0,0
13,10212,0,0
13,10220,0,0
13,10222,0,0
13,10229,0,0
13,10232,0,0
13,10240,0,0
13,10245,0,0
13,10246,0,0
13,10254,0,0
13,10265,0,0
13,10275,0,0
13,10277,0,0
13,10278,0,0
13,10279,0,0
13,10304,0,0
13,10308,0,0
13,10309,0,0
13,10310,0,0
13,10315,0,0
13,10317,0,0
13,10319,0,0
13,10335,0,0
13,10338,0,0
13,10342,0,0
13,10350,0,0
13,10362,0,0
13,10373,0,0
13,10389,0,0
13,10390,0,0
13,10392,0,0
13,10416,0,0
13,10437,0,0
13,10438,0,0
13,10481,0,0
13,10489,0,0
13,10526,0,0
13,10529,0,0
13,10538,0,0
13,10541,0,0
13,10569,0,0
13,10578,0,0
13,10605,0,0
13,10606,0,0
13,10619,0,0
13,10707,0,0
13,10725,0,0
13,10727,0,0
13,10732,0,0
13,10778,0,0
13,10792,0,0
13,10815,0,0
13,10825,0,0
13,10826,0,0
13,10830,0,0
13,10884,0,0
13,12196,0,0
13,12197,0,0
13,14219,0,0
13,14222,0,0
13,14335,0,0
13,14336,0,0
13,14338,0,0
13,14556,0,0
13,14675,0,0
13,14742,0,0
13,14786,0,0
13,14827,0,0
13,14830,0,0
13,14832,0,0
13,14858,0,0
13,14859,0,0
13,15162,0,0
13,15231,0,0
13,15253,0,0
13,15334,0,0
13,15397,0,0
13,15398,0,0
13,15513,0,0
13,15514,0,0
13,15516,0,0
13,15667,0,0
13,15669,0,0
13,15700,0,0
13,15701,0,0
13,15702,0,0
13,15706,0,0
13,15707,0,0
13,15708,0,0
13,16055,0,0
13,16058,0,0
13,16140,0,0
13,16142,0,0
13,16146,0,0
13,16157,0,0
13,16352,0,0
13,16353,0,0
13,16354,0,0
13,16355,0,0
13,16356,0,0
13,16357,0,0
13,16421,0,0
13,16471,0,0
13,16472,0,0
13,16495,0,0
13,16710,0,0
13,16750,0,0
13,16827,0,0
13,16828,0,0
13,16935,0,0
13,16964,0,0
13,17041,0,0
13,17043,0,0
13,17156,0,0
13,17157,0,0
13,17302,0,0
13,17360,0,0
13,17363,0,0
13,17389,0,0
13,17447,0,0
13,17601,0,0
13,17733,0,0
13,17734,0,0
13,17735,0,0
13,17738,0,0
13,17784,0,0
13,17856,0,0
13,17907,0,0
13,17936,0,0
13,17937,0,0
13,17941,0,0
13,18065,0,0
13,18066,0,0
13,18215,0,0
13,18546,0,0
13,18600,0,0
13,18602,0,0
13,18604,0,0
13,18609,0,0
13,18873,0,0
13,18882,0,0
13,19189,0,0
13,19229,0,0
13,19283,0,0
13,19291,0,0
13,19292,0,0
13,19415,0,0
13,19419,0,0
13,19602,0,0
13,19751,0,0
13,19810,0,0
13,19811,0,0
13,20027,0,0
13,20028,0,0
13,20029,0,0
13,20030,0,0
13,20229,0,0
13,20291,0,0
13,20342,0,0
13,20496,0,0
13,20544,0,0
13,20877,0,0
13,20878,0,0
13,21216,0,0
13,21455,0,0
13,21974,0,0
13,21975,0,0
13,21985,0,0
13,21988,0,0
13,22049,0,0
13,22084,0,0
13,22132,0,0
13,22134,0,0
13,22169,0,0
13,22211,0,0
13,22479,0,0
13,22481,0,0
13,22483,0,0
13,22485,0,0
13,22488,0,0
13,22709,0,0
13,22783,0,0
13,22852,0,0
13,23327,0,0
13,23328,0,0
13,23329,0,0
13,23440,0,0
13,23441,0,0
13,23555,0,0
13,23674,0,0
13,23681,0,0
13,23764,0,0
13,24019,0,0
13,24067,0,0
13,24238,0,0
13,24328,0,0
13,24331,0,0
13,24348,0,0
13,24576,0,0
13,24578,0,0
13,24588,0,0
13,24681,0,0
13,24728,0,0
13,24900,0,0
13,24902,0,0
13,24910,0,0
13,24918,0,0
13,25054,0,0
13,25058,0,0
13,25104,0,0
13,25105,0,0
13,25106,0,0
13,25177,0,0
13,25238,0,0
13,25239,0,0
13,25240,0,0
13,25317,0,0
13,25324,0,0
13,25345,0,0
13,25346,0,0
13,26049,0,0
13,26050,0,0
13,26216,0,0
13,26217,0,0
13,26277,0,0
13,26279,0,0
13,26280,0,0
13,26354,0,0
13,26355,0,0
13,26459,0,0
13,26460,0,0
13,26461,0,0
13,26462,0,0
13,26463,0,0
13,26464,0,0
13,26720,0,0
13,26922,0,0
13,26980,0,0
13,26981,0,0
13,26982,0,0
13,26983,0,0
13,26984,0,0
13,26986,0,0
13,26987,0,0
13,26988,0,0
13,26990,0,0
13,26991,0,0
13,26992,0,0
13,26993,0,0
13,26995,0,0
13,26996,0,0
13,27005,0,0
13,27006,0,0
13,27007,0,0
13,27008,0,0
13,27010,0,0
13,27013,0,0
13,27014,0,0
13,27033,0,0
13,27038,0,0
13,27041,0,0
13,27042,0,0
13,27044,0,0
13,27046,0,0
13,27063,0,0
13,27124,0,0
13,27125,0,0
13,27340,0,0
13,27349,0,0
13,27401,0,0
13,27650,0,0
13,27651,0,0
13,27652,0,0
13,27821,0,0
13,27822,0,0
13,27859,0,0
13,28653,0,0
13,28654,0,0
13,29643,0,0
13,29644,0,0
13,29645,0,0
13,29646,0,0
13,29648,0,0
13,29650,0,0
13,29652,0,0
13,29653,0,0
13,29654,0,0
13,29655,0,0
13,29656,0,0
13,29657,0,0
13,29662,0,0
13,29663,0,0
13,29664,0,0
13,29665,0,0
13,29667,0,0
13,29668,0,0
13,29669,0,0
13,29670,0,0
13,29673,0,0
13,29693,0,0
13,29767,0,0
13,29770,0,0
13,29772,0,0
13,29782,0,0
13,29869,0,0
13,29883,0,0
13,29884,0,0
13,29885,0,0
13,29886,0,0
13,29887,0,0
13,30161,0,0
13,30344,0,0
13,30346,0,0
13,30347,0,0
13,30453,0,0
13,30824,0,0
13,31213,0,0
13,31313,0,0
13,31390,0,0
13,31391,0,0
13,31392,0,0
13,31768,0,0
13,32210,0,0
13,32211,0,0
13,32244,0,0
13,32245,0,0
13,32272,0,0
13,32273,0,0
13,32274,0,0
13,32275,0,0
13,32344,0,0
13,32345,0,0
13,32346,0,0
15,14213,0,0
15,14792,0,0
15,15887,0,0
15,17758,0,0
15,18146,0,0
15,18149,0,0
15,18221,0,0
15,18247,0,0
15,18385,0,0
15,18926,0,0
15,19018,0,0
15,19019,0,0
15,20272,0,0
15,20326,0,0
15,20328,0,0
15,20431,0,0
15,20564,0,0
15,23041,0,0
15,23791,0,0
15,23793,0,0
15,25140,0,0
15,25142,0,0
15,25143,0,0
15,25594,0,0
15,25595,0,0
15,25689,0,0
15,25970,0,0
15,26857,0,0
15,27329,0,0
15,27476,0,0
15,28456,0,0
15,29753,0,0
15,29891,0,0
15,30581,0,0
15,30997,0,0
15,31834,0,0
16,10992,0,0
16,12000,0,0
16,14398,0,0
16,15939,0,0
16,16244,0,0
16,16383,0,0
16,16517,0,0
16,16536,0,0
16,16763,0,0
16,16775,0,0
16,16902,0,0
16,17638,0,0
16,19526,0,0
16,19744,0,0
16,21140,0,0
16,21488,0,0
16,21814,0,0
16,23264,0,0
16,26197,0,0
16,27779,0,0
16,28532,0,0
16,28632,0,0
16,30998,0,0
16,31205,0,0
16,31208,0,0
16,31331,0,0
17,14417,0,0
17,14421,0,0
17,14446,0,0
17,14455,0,0
17,14484,0,0
17,14536,0,0
17,17098,0,0
17,17101,0,0
17,17425,0,0
17,18115,0,0
17,18714,0,0
17,19072,0,0
17,20866,0,0
17,23264,0,0
17,25644,0,0
17,25685,0,0
17,25979,0,0
17,26436,0,0
17,27148,0,0
17,27354,0,0
17,27383,0,0
17,27394,0,0
17,27395,0,0
17,27830,0,0
17,27831,0,0
17,29555,0,0
17,30827,0,0
17,31764,0,0
17,31765,0,0
17,31766,0,0
22,18173,0,0
22,18184,0,0
22,18232,0,0
22,18405,0,0
22,18406,0,0
22,18636,0,0
22,18788,0,0
22,18917,0,0
22,20793,0,0
22,21004,0,0
22,21477,0,0
22,22770,0,0
22,23591,0,0
22,24664,0,0
22,24665,0,0
22,24666,0,0
22,26761,0,0
22,26762,0,0
22,27067,0,0
22,27068,0,0
22,27070,0,0
22,29678,0,0
22,30655,0,0
22,30657,0,0
22,30659,0,0
22,30660,0,0
22,31710,0,0
22,32162,0,0
22,32773,0,0
22,32774,0,0
22,32775,0,0
22,32777,0,0
22,32778,0,0
43,15786,0,0
43,15788,0,0
43,15816,0,0
43,15858,0,0
43,16062,0,0
43,16214,0,0
43,16229,0,0
43,16236,0,0
43,16241,0,0
43,16269,0,0
43,16281,0,0
43,16282,0,0
43,16283,0,0
43,16763,0,0
43,16814,0,0
43,16815,0,0
43,17118,0,0
43,17706,0,0
43,19059,0,0
43,19060,0,0
43,19487,0,0
43,19624,0,0
43,22473,0,0
43,22998,0,0
43,25214,0,0
43,27121,0,0
43,28443,0,0
43,31699,0,0
43,31700,0,0
43,31729,0,0
43,32019,0,0
43,32024,0,0
43,32025,0,0
43,32064,0,0
43,32120,0,0
1,61,0,0
1,19095,0,0
1,24706,0,0
2,3216,0,0
4,4346,0,0
4,4553,0,0
4,4714,0,0
4,7268,0,0
4,23250,0,0
4,23996,0,0
4,27758,0,0
4,28240,0,0
5,1608,0,0
5,2181,0,0
5,3920,0,0
5,3928,0,0
5,3930,0,0
5,3932,0,0
5,3944,0,0
5,3953,0,0
5,4305,0,0
5,4338,0,0
5,4345,0,0
5,4454,0,0
5,4501,0,0
5,4553,0,0
5,4574,0,0
5,4587,0,0
5,4606,0,0
5,4712,0,0
5,4766,0,0
5,7192,0,0
5,7268,0,0
5,7292,0,0
5,7357,0,0
5,7364,0,0
5,7418,0,0
5,7428,0,0
5,7429,0,0
5,7437,0,0
5,7441,0,0
5,7464,0,0
5,7480,0,0
5,7501,0,0
5,7503,0,0
5,7507,0,0
5,7508,0,0
5,7510,0,0
5,7549,0,0
5,7555,0,0
5,7556,0,0
5,7582,0,0
5,7627,0,0
5,7672,0,0
5,7698,0,0
5,7804,0,0
5,7821,0,0
5,7881,0,0
5,7902,0,0
5,8043,0,0
5,8083,0,0
5,8145,0,0
5,8249,0,0
5,8258,0,0
5,8335,0,0
5,8341,0,0
5,8368,0,0
5,8427,0,0
5,8442,0,0
5,15944,0,0
5,18333,0,0
5,19323,0,0
5,20857,0,0
5,21811,0,0
5,22222,0,0
5,22393,0,0
5,23233,0,0
5,23393,0,0
5,23603,0,0
5,23800,0,0
5,23815,0,0
5,23993,0,0
5,24002,0,0
5,24190,0,0
5,24814,0,0
5,25115,0,0
5,25272,0,0
5,25364,0,0
5,25380,0,0
5,25401,0,0
5,25446,0,0
5,25582,0,0
5,25608,0,0
5,25620,0,0
5,25665,0,0
5,26299,0,0
5,26735,0,0
5,26783,0,0
5,26784,0,0
5,26785,0,0
5,26786,0,0
5,27281,0,0
5,27283,0,0
5,27356,0,0
5,27848,0,0
5,27852,0,0
5,28085,0,0
5,28088,0,0
5,28093,0,0
5,28095,0,0
5,28423,0,0
5,28428,0,0
5,28715,0,0
5,28724,0,0
5,28731,0,0
5,28741,0,0
5,28746,0,0
5,28748,0,0
5,28795,0,0
5,28796,0,0
5,28804,0,0
5,28811,0,0
5,28814,0,0
5,28815,0,0
5,28832,0,0
5,28838,0,0
5,28851,0,0
5,28859,0,0
5,28862,0,0
5,28866,0,0
5,28869,0,0
5,28880,0,0
5,28882,0,0
5,28895,0,0
5,28899,0,0
5,28910,0,0
5,28919,0,0
5,28920,0,0
5,28944,0,0
5,28950,0,0
5,28963,0,0
5,28968,0,0
5,28969,0,0
5,28977,0,0
5,28978,0,0
5,28980,0,0
5,28984,0,0
5,28996,0,0
5,28997,0,0
5,29003,0,0
5,29005,0,0
5,29024,0,0
5,29045,0,0
5,29081,0,0
5,29088,0,0
5,29092,0,0
5,29094,0,0
5,29095,0,0
5,29100,0,0
5,29108,0,0
5,29109,0,0
5,29112,0,0
5,29124,0,0
5,29125,0,0
5,29131,0,0
5,29133,0,0
5,29175,0,0
5,29179,0,0
5,29180,0,0
5,29185,0,0
5,29199,0,0
5,29200,0,0
5,29222,0,0
5,29237,0,0
5,29238,0,0
5,29302,0,0
5,29313,0,0
5,29318,0,0
5,29321,0,0
5,29322,0,0
5,29344,0,0
5,29367,0,0
5,29411,0,0
5,29521,0,0
5,29522,0,0
5,29537,0,0
5,29560,0,0
5,29619,0,0
5,29620,0,0
5,29622,0,0
5,29623,0,0
5,29674,0,0
5,29675,0,0
5,29676,0,0
5,29695,0,0
5,29696,0,0
5,29697,0,0
5,29730,0,0
5,29731,0,0
5,29734,0,0
5,29804,0,0
5,32187,0,0
5,32695,0,0
5,32696,0,0
5,32697,0,0
5,32982,0,0
5,33556,0,0
6,1638,0,0
6,2270,0,0
6,2511,0,0
6,2561,0,0
6,6384,0,0
6,6724,0,0
6,6737,0,0
6,7091,0,0
6,12221,0,0
6,14965,0,0
6,15013,0,0
6,15618,0,0
6,20685,0,0
6,23136,0,0
6,24062,0,0
6,25600,0,0
6,26983,0,0
8,10904,0,0
8,10938,0,0
8,10965,0,0
8,11111,0,0
8,11129,0,0
8,11197,0,0
8,11218,0,0
8,11284,0,0
8,11298,0,0
8,11312,0,0
8,11346,0,0
8,11459,0,0
8,11498,0,0
8,11524,0,0
8,11529,0,0
8,11646,0,0
8,11647,0,0
8,11768,0,0
8,11782,0,0
8,11932,0,0
8,11968,0,0
8,12074,0,0
8,12116,0,0
8,14852,0,0
8,15335,0,0
8,15593,0,0
8,15710,0,0
8,15935,0,0
8,15936,0,0
8,15937,0,0
8,16482,0,0
8,16634,0,0
8,16670,0,0
8,17711,0,0
8,18277,0,0
8,19709,0,0
8,19710,0,0
8,19711,0,0
8,19712,0,0
8,20444,0,0
8,21188,0,0
8,21814,0,0
8,21954,0,0
8,23438,0,0
8,24117,0,0
8,24126,0,0
8,24129,0,0
8,24141,0,0
8,24146,0,0
8,24179,0,0
8,24212,0,0
8,24369,0,0
8,24651,0,0
8,24831,0,0
8,24832,0,0
8,24849,0,0
8,24850,0,0
8,24875,0,0
8,27199,0,0
8,27429,0,0
8,27430,0,0
8,27431,0,0
8,27442,0,0
8,27684,0,0
8,27695,0,0
8,27777,0,0
8,27779,0,0
8,28079,0,0
8,28081,0,0
8,29551,0,0
8,30185,0,0
8,30343,0,0
8,30822,0,0
8,30991,0,0
8,31292,0,0
8,31300,0,0
8,31324,0,0
8,31630,0,0
8,31661,0,0
8,31678,0,0
8,31938,0,0
8,31939,0,0
8,31940,0,0
8,32144,0,0
8,32182,0,0
8,32416,0,0
8,32474,0,0
9,8514,0,0
9,8516,0,0
9,8545,0,0
9,8566,0,0
9,8569,0,0
9,8572,0,0
9,8582,0,0
9,8586,0,0
9,8592,0,0
9,8593,0,0
9,8600,0,0
9,8602,0,0
9,8636,0,0
9,8638,0,0
9,8650,0,0
9,8710,0,0
9,8711,0,0
9,8787,0,0
9,8845,0,0
9,8846,0,0
9,8952,0,0
9,10861,0,0
9,14577,0,0
9,15219,0,0
9,15470,0,0
9,18111,0,0
9,20274,0,0
9,20530,0,0
9,23274,0,0
9,25507,0,0
9,25508,0,0
9,27384,0,0
9,27635,0,0
9,28510,0,0
9,29685,0,0
9,30358,0,0
9,30622,0,0
9,32191,0,0
9,32563,0,0
9,32841,0,0
9,32918,0,0
9,33035,0,0
13,3815,0,0
13,9881,0,0
13,9938,0,0
13,10006,0,0
13,10029,0,0
13,10095,0,0
13,10098,0,0
13,10099,0,0
13,10142,0,0
13,10161,0,0
13,10172,0,0
13,10187,0,0
13,10195,0,0
13,10374,0,0
13,10377,0,0
13,10426,0,0
13,10439,0,0
13,10451,0,0
13,10478,0,0
13,10571,0,0
13,10620,0,0
13,10733,0,0
13,10757,0,0
13,10816,0,0
13,12162,0,0
13,14339,0,0
13,14350,0,0
13,14628,0,0
13,15668,0,0
13,16758,0,0
13,16760,0,0
13,17730,0,0
13,17949,0,0
13,18061,0,0
13,18607,0,0
13,18880,0,0
13,19825,0,0
13,21977,0,0
13,22131,0,0
13,22486,0,0
13,23556,0,0
13,23589,0,0
13,23590,0,0
13,23765,0,0
13,24577,0,0
13,24581,0,0
13,24680,0,0
13,25299,0,0
13,26278,0,0
13,26985,0,0
13,26997,0,0
13,27011,0,0
13,27037,0,0
13,27906,0,0
13,29651,0,0
13,29666,0,0
13,29672,0,0
13,29774,0,0
13,29785,0,0
13,30094,0,0
13,31207,0,0
13,31214,0,0
13,31236,0,0
13,31389,0,0
13,31775,0,0
13,32173,0,0
13,32175,0,0
13,32176,0,0
13,32177,0,0
13,32178,0,0
13,32497,0,0
13,33825,0,0
15,14247,0,0
15,14296,0,0
15,14565,0,0
15,14696,0,0
15,15611,0,0
15,16006,0,0
15,16434,0,0
15,17017,0,0
15,17440,0,0
15,17464,0,0
15,17757,0,0
15,17884,0,0
15,17888,0,0
15,17957,0,0
15,18391,0,0
15,18436,0,0
15,18506,0,0
15,18716,0,0
15,20426,0,0
15,20434,0,0
15,20552,0,0
15,20557,0,0
15,20559,0,0
15,20565,0,0
15,20671,0,0
15,22359,0,0
15,22736,0,0
15,23606,0,0
15,24036,0,0
15,25133,0,0
15,26860,0,0
15,28464,0,0
15,29892,0,0
15,29911,0,0
15,29913,0,0
15,29918,0,0
15,29925,0,0
15,29926,0,0
15,30295,0,0
15,30578,0,0
15,30638,0,0
15,30711,0,0
15,31826,0,0
15,32979,0,0
15,32980,0,0
15,32996,0,0
16,11235,0,0
16,15344,0,0
16,15880,0,0
16,15956,0,0
16,16217,0,0
16,16519,0,0
16,17077,0,0
16,17114,0,0
16,17154,0,0
16,17914,0,0
16,18009,0,0
16,18555,0,0
16,19515,0,0
16,20228,0,0
16,20275,0,0
16,20280,0,0
16,20580,0,0
16,21954,0,0
16,23785,0,0
16,25721,0,0
16,27691,0,0
16,27778,0,0
16,28533,0,0
16,29586,0,0
16,31153,0,0
16,31632,0,0
16,32474,0,0
17,11018,0,0
17,11022,0,0
17,11055,0,0
17,11647,0,0
17,11973,0,0
17,14432,0,0
17,14439,0,0
17,14442,0,0
17,14634,0,0
17,14673,0,0
17,15406,0,0
17,15491,0,0
17,15591,0,0
17,15592,0,0
17,15880,0,0
17,15943,0,0
17,16733,0,0
17,16770,0,0
17,16902,0,0
17,16910,0,0
17,16958,0,0
17,16960,0,0
17,17742,0,0
17,17746,0,0
17,17819,0,0
17,17820,0,0
17,17944,0,0
17,18009,0,0
17,18010,0,0
17,18360,0,0
17,18362,0,0
17,18758,0,0
17,20226,0,0
17,20227,0,0
17,20228,0,0
17,21812,0,0
17,23769,0,0
17,24562,0,0
17,25517,0,0
17,25518,0,0
17,26777,0,0
17,26778,0,0
17,26779,0,0
17,26781,0,0
17,27629,0,0
17,31371,0,0
22,14816,0,0
22,15694,0,0
22,18590,0,0
22,18792,0,0
22,18911,0,0
22,18916,0,0
22,21155,0,0
22,21825,0,0
22,22705,0,0
22,22708,0,0
22,23598,0,0
22,23599,0,0
22,26165,0,0
22,27069,0,0
22,30688,0,0
22,30689,0,0
22,32776,0,0
22,33180,0,0
43,16383,0,0
43,16454,0,0
43,30902,0,0
43,30903,0,0
43,31405,0,0
43,31406,0,0
43,31728,0,0
43,32021,0,0
43,32022,0,0
43,32023,0,0
43,32066,0,0
43,32067,0,0
43,32068,0,0
43,32069,0,0
43,32070,0,0
43,32071,0,0
43,32072,0,0
43,33662,0,0
1,21310,0,0
1,25038,0,0
1,25040,0,0
1,25047,0,0
5,27844,0,0
5,28793,0,0
5,28940,0,0
5,29018,0,0
5,29135,0,0
5,29370,0,0
13,10089,0,0
13,22497,0,0
13,24018,0,0
13,24996,0,0
13,26177,0,0
13,29680,0,0
13,31206,0,0
13,32174,0,0
13,34091,0,0
13,34092,0,0
16,34089,0,0
4,3320,0,0
4,3945,0,0
4,16838,0,0
4,23424,0,0
4,25472,0,0
1,33768,0,0
1,33769,0,0
1,33771,0,0
1,33772,0,0
1,0,0,0
5,7805,0,0
5,7966,0,0
5,28418,0,0
5,29965,0,0
43,33779,0,0
9,8507,0,0
9,14410,0,0
9,15606,0,0
9,16698,0,0
9,17758,0,0
9,17766,0,0
9,17878,0,0
9,17884,0,0
9,17886,0,0
9,17887,0,0
9,17923,0,0
9,18173,0,0
9,18221,0,0
9,18470,0,0
9,19728,0,0
9,20663,0,0
9,20664,0,0
9,20749,0,0
9,23372,0,0
9,23611,0,0
9,24628,0,0
9,25093,0,0
9,25094,0,0
9,25097,0,0
9,25131,0,0
9,25136,0,0
9,25140,0,0
9,25147,0,0
9,26186,0,0
9,26187,0,0
9,26188,0,0
9,26465,0,0
9,26861,0,0
9,28103,0,0
9,28165,0,0
9,28350,0,0
9,28353,0,0
9,29566,0,0
9,29926,0,0
9,29927,0,0
9,29936,0,0
9,29939,0,0
9,30280,0,0
9,30623,0,0
9,30625,0,0
9,30627,0,0
9,30629,0,0
9,30632,0,0
9,30634,0,0
9,30636,0,0
9,30637,0,0
9,30645,0,0
9,30647,0,0
9,30651,0,0
9,30664,0,0
9,30666,0,0
9,30813,0,0
9,30814,0,0
9,30835,0,0
9,30891,0,0
9,30944,0,0
9,30945,0,0
9,30992,0,0
9,30997,0,0
9,31159,0,0
9,31198,0,0
9,31612,0,0
9,31616,0,0
9,31706,0,0
9,31707,0,0
9,31710,0,0
9,31832,0,0
9,31834,0,0
9,32119,0,0
9,32162,0,0
9,32166,0,0
9,32167,0,0
9,32169,0,0
9,32170,0,0
9,32196,0,0
9,32851,0,0
9,32923,0,0
9,32924,0,0
9,32925,0,0
9,32928,0,0
9,32929,0,0
9,32930,0,0
9,32931,0,0
9,32932,0,0
9,32979,0,0
9,32980,0,0
9,32996,0,0
9,32997,0,0
9,33047,0,0
9,33063,0,0
9,33064,0,0
9,33082,0,0
9,33102,0,0
9,33103,0,0
9,33104,0,0
9,33764,0,0
9,34106,0,0
8,11722,0,0
3,4967,0,0
2,3327,0,0
2,3438,0,0
2,5386,0,0
2,12130,0,0
2,14142,0,0
2,15447,0,0
16,2772,0,0
16,16053,0,0
16,16302,0,0
16,16638,0,0
16,16655,0,0
16,16660,0,0
16,16728,0,0
16,16944,0,0
16,18554,0,0
16,18953,0,0
16,18954,0,0
16,20775,0,0
16,21261,0,0
16,21957,0,0
16,22118,0,0
16,22119,0,0
16,22863,0,0
16,22864,0,0
16,22868,0,0
16,23095,0,0
16,23305,0,0
16,23306,0,0
16,23307,0,0
16,23309,0,0
6,6744,0,0
6,6925,0,0
6,13060,0,0
4,7068,0,0
1,1,0,0
1,1301,0,0
1,4967,0,0
1,12476,0,0
1,12772,0,0
1,13139,0,0
1,15825,0,0
1,16383,0,0
1,16406,0,0
1,16852,0,0
1,17519,0,0
1,18848,0,0
1,18849,0,0
1,18856,0,0
1,20769,0,0
1,20771,0,0
1,20773,0,0
1,21106,0,0
1,21308,0,0
1,21413,0,0
1,21652,0,0
1,21668,0,0
1,22384,0,0
1,22387,0,0
1,22444,0,0
1,23047,0,0
1,23049,0,0
1,23051,0,0
1,25034,0,0
1,25048,0,0
5,4141,0,0
5,4597,0,0
5,7963,0,0
5,28723,0,0
5,28725,0,0
5,28726,0,0
5,28745,0,0
5,28757,0,0
5,28764,0,0
5,28774,0,0
5,28794,0,0
5,28816,0,0
5,28819,0,0
5,28820,0,0
5,28831,0,0
5,28834,0,0
5,28892,0,0
5,28897,0,0
5,28898,0,0
5,28913,0,0
5,28949,0,0
5,28956,0,0
5,28979,0,0
5,28982,0,0
5,28990,0,0
5,28995,0,0
5,29006,0,0
5,29007,0,0
5,29008,0,0
5,29010,0,0
5,29011,0,0
5,29012,0,0
5,29019,0,0
5,29026,0,0
5,29029,0,0
5,29030,0,0
5,29036,0,0
5,29037,0,0
5,29038,0,0
5,29039,0,0
5,29040,0,0
5,29062,0,0
5,29071,0,0
5,29073,0,0
5,29120,0,0
5,29121,0,0
5,29128,0,0
5,29136,0,0
5,29137,0,0
5,29140,0,0
5,29142,0,0
5,29145,0,0
5,29151,0,0
5,29152,0,0
5,29163,0,0
5,29166,0,0
5,29169,0,0
5,29171,0,0
5,29229,0,0
5,29301,0,0
5,29304,0,0
5,29307,0,0
5,29317,0,0
5,29334,0,0
5,29365,0,0
5,29412,0,0
5,31304,0,0
15,61,0,0
15,12224,0,0
13,10079,0,0
13,10141,0,0
13,10153,0,0
13,10185,0,0
13,10196,0,0
13,10546,0,0
13,14648,0,0
13,15049,0,0
13,15229,0,0
13,15260,0,0
13,15333,0,0
13,15705,0,0
13,15904,0,0
13,16171,0,0
13,16182,0,0
13,16183,0,0
13,16200,0,0
13,16690,0,0
13,17364,0,0
13,17365,0,0
13,17485,0,0
13,19284,0,0
13,21624,0,0
13,21626,0,0
13,24702,0,0
13,26919,0,0
13,26920,0,0
13,26921,0,0
13,32336,0,0
13,33192,0,0
13,33193,0,0
13,33195,0,0
13,33402,0,0