warehouse_id,vending_machine_id,sku_group_id,calc_direct_refill
6,570,14961,100
6,609,32054,44
6,622,14966,196
6,665,2053,59
6,668,14506,32
6,669,6324,35
6,569,14970,21
6,610,14964,175
6,630,14989,246
6,620,14963,154
6,647,6379,5
6,581,14970,107
6,623,15024,46
6,650,32052,73
6,665,6693,33
6,653,32117,3
6,645,19472,6
6,654,32117,29
6,581,17112,47
6,576,32117,24
6,618,33852,4
6,3719,6507,61
6,2168,14964,891
6,1892,15023,197
6,4000,34758,35
6,570,2013,155
6,633,19644,21
6,594,24819,28
6,2168,30444,190
6,629,34755,23
6,639,6389,192
6,648,6324,43
6,581,6985,69
6,588,33852,33
6,611,24819,61
6,618,14912,48
6,596,33852,10
6,2190,33851,107
6,646,7165,26
6,2168,1999,32
6,1477,15393,44
6,609,22244,41
6,609,15024,224
6,611,14506,40
6,666,6389,48
6,1066,6389,14
6,630,23137,211
6,654,14967,209
6,645,33204,10
6,645,6613,66
6,603,14507,27
6,603,30445,82
6,2168,22242,41
6,611,15393,187
6,639,2013,1
6,879,22245,5
6,621,33852,17
6,599,1636,128
6,582,33854,33
6,4270,24960,26
6,654,22245,23
6,623,17110,18
6,2245,2013,36
6,579,14506,2
6,611,14967,84
6,609,33852,131
6,609,15395,205
6,641,14910,14
6,626,14506,70
6,4274,35373,23
6,2168,14506,95
6,602,14821,7
6,630,20059,60
6,2549,1713,10
6,654,34753,39
6,620,14959,54
6,627,33852,36
6,2551,21465,40
6,614,24960,18
6,4088,30445,91
6,630,14821,25
6,946,14967,53
6,4710,19472,7
6,634,32117,15
6,942,14910,10
6,593,15021,93
6,628,15021,53
6,2168,15658,254
6,606,32053,4
6,629,21468,57
6,4540,15024,71
6,627,6452,30
6,667,6507,134
6,579,32117,17
6,639,2258,27
6,2242,33852,132
6,4001,2236,40
6,640,6507,181
6,581,25602,27
6,599,1890,251
6,588,14964,355
6,4538,17976,222
6,2244,34755,1
6,599,1645,90
6,1628,17976,343
6,646,19472,10
6,4538,14822,10
6,651,14926,64
6,611,21466,29
6,654,35329,28
6,2168,33854,68
6,667,21465,63
6,598,14966,210
6,635,32117,45
6,608,23133,211
6,573,21466,13
6,606,15023,106
6,569,23098,98
6,593,14506,11
6,594,1645,25
6,669,6423,42
6,944,24819,25
6,654,19472,29
6,4088,15394,96
6,620,1707,9
6,2245,2258,40
6,634,14506,21
6,568,30444,191
6,608,14962,104
6,639,15023,227
6,942,6423,49
6,4538,1636,29
6,619,14964,50
6,654,6319,121
6,1892,30443,41
6,573,14506,20
6,634,19472,32
6,4274,35328,15
6,579,1703,101
6,599,2097,240
6,949,2097,10
6,4088,17976,72
6,598,34754,9
6,581,30442,82
6,601,17976,95
6,641,7091,9
6,674,19472,19
6,2550,15658,136
6,629,14963,135
6,653,14963,220
6,599,14961,194
6,2551,1707,121
6,634,7091,23
6,616,7150,49
6,618,14966,398
6,632,6512,71
6,630,14962,105
6,654,2258,37
6,620,6512,95
6,2547,2053,14
6,650,2258,48
15,1740,30891,10
6,2190,17976,876
6,632,6620,10
6,4004,19644,1
6,586,33851,3
6,651,15023,142
6,1477,17976,230
6,668,2511,47
6,588,15007,19
6,2168,32117,86
6,579,33854,29
6,675,1707,4
6,618,14533,21
6,2190,2511,349
6,593,15394,61
6,2549,15658,264
6,641,7150,36
6,626,1703,123
6,2541,36437,66
6,570,7150,77
6,2168,30447,195
6,2245,15658,97
6,2541,2097,73
6,593,30445,51
6,622,38622,2
6,2541,15658,111
6,634,34753,45
6,4878,14920,76
6,4878,17976,172
6,635,34758,79
6,583,14922,57
6,879,15620,10
6,5207,7144,64
1,5441,13060,0
6,581,1839,35
6,2168,14968,255
6,4538,2235,20
6,638,15393,66
6,617,15395,49
6,2244,19644,34
6,634,6999,15
6,4620,1636,12
6,949,38623,10
6,2168,2449,5
6,645,7150,23
6,594,15024,292
6,5479,6512,72
6,4003,17976,180
6,1628,2511,165
6,948,15658,122
6,599,7165,194
6,620,35375,30
8,527,11427,0
6,5482,14919,48
6,2242,1709,2
6,642,14823,48
6,597,7091,17
6,2550,24819,87
6,4710,1636,35
8,1699,39832,0
6,628,2097,95
6,624,35375,13
6,604,15007,5
6,2190,36437,111
6,634,1703,153
9,1158,34083,0
6,639,2216,50
6,945,15024,9
6,639,6507,179
8,1248,36498,0
6,2168,7165,205
6,2242,6319,123
6,4970,7144,61
6,588,2097,53
9,851,37098,0
3,3031,24204,0
6,593,6309,5
6,944,6265,85
6,672,14823,17
15,1280,22280,4
13,4046,29651,14
6,639,6459,99
15,2621,25094,0
6,588,35921,127
6,621,15024,221
6,621,23099,118
6,593,15658,33
6,565,36437,46
6,1628,1890,154
15,4761,18471,0
6,615,36563,5
8,5429,37493,0
6,1628,2053,71
6,608,30442,110
6,5206,6427,27
6,599,38623,43
6,1628,14823,61
5,1564,8042,0
6,608,20059,72
1,5526,39828,0
6,1628,14964,251
6,599,7150,153
66,1635,37025,0
6,654,7165,100
6,5479,40779,13
6,5481,6309,97
6,4878,6462,49
6,640,6319,148
5,4646,8042,0
8,1248,39832,0
8,1258,36301,0
6,1815,1636,54
5,5062,37039,0
6,641,6423,53
6,4000,38621,34
6,637,19569,58
13,826,29650,0
13,1083,41106,0
6,598,35375,6
6,4088,14920,78
6,949,1645,14
6,635,38621,118
6,663,19569,47
4,2932,30188,0
6,616,14821,21
17,1499,41067,0
6,594,23099,173
1,929,38745,0
6,5481,6459,136
6,569,1843,47
6,4002,17976,36
6,944,1843,23
4,5684,23316,0
6,602,14990,7
6,569,36437,60
6,635,6999,270
6,598,6322,12
6,5419,6601,94
6,5419,36437,161
66,2290,37369,0
6,610,43287,14
9,859,8646,0
6,586,15024,29
6,2245,1708,2
9,2793,42651,0
6,577,6999,8
6,4274,34758,63
6,602,38623,2
6,663,6512,343
6,568,14922,305
6,663,6537,41
13,826,22480,9
3,2095,4,0
5,5084,40370,0
6,4878,36437,198
6,4001,2018,28
1,5439,39823,0
6,652,2013,14
6,652,6999,88
6,1814,6309,10
6,2168,1843,284
6,4275,7151,12
13,5165,9964,0
6,644,6281,29
6,631,15023,121
6,4001,17976,159
6,565,6324,41
6,4710,44516,21
6,603,15021,78
6,617,15024,76
6,581,14920,205
6,2547,6304,0
9,2792,8629,0
6,640,6322,73
6,632,6519,35
6,634,40224,10
6,5549,42771,8
66,1172,41810,0
6,4538,42787,0
4,3855,4627,0
6,2543,17976,250
6,1628,2216,70
6,620,6459,77
8,1139,11253,0
8,5496,24118,0
6,645,35919,74
6,663,6519,137
13,4016,10072,0
6,5482,6512,155
6,5482,32118,1
6,669,6265,46
13,5164,10233,0
6,576,1839,30
15,4764,25140,0
6,614,1843,11
6,633,7150,51
13,4584,10041,0
17,6003,30200,0
6,628,36437,71
6,2242,36437,40
13,5164,39737,0
17,5299,38050,0
6,571,40223,22
6,672,6985,0
15,6164,14213,0
6,2942,24819,3
6,5479,6459,53
6,1814,42786,13
6,573,1843,63
4,2282,41825,0
6,5419,6319,116
6,4878,32052,32
8,1047,11145,0
6,650,7165,241
6,653,6512,104
9,2792,42800,0
6,640,6555,73
6,663,6281,70
8,5605,45371,0
6,5481,30446,67
15,3005,15608,4
15,4763,25097,1
6,565,6512,47
13,826,10041,29
6,944,6246,50
6,577,14922,103
6,619,1839,28
5,2213,28297,0
6,611,2236,12
6,641,6507,77
6,646,19569,22
8,4181,37270,0
6,665,6459,184
6,2168,6309,81
4,1503,19322,0
5,5083,30187,0
6,626,6583,13
6,1892,40779,14
4,5365,30188,0
2,5393,40481,0
6,5719,1591,0
9,3039,40319,0
6,669,36437,42
3,1463,27715,0
4,3457,32262,0
6,5549,32052,6
6,581,23133,181
6,1938,1703,97
6,4849,6573,79
13,4135,9934,68
6,633,2216,30
6,633,17976,237
8,4749,11523,0
8,5293,36301,0
6,1892,14919,76
6,4878,1645,2
4,1196,29710,0
6,635,6459,278
6,611,6281,11
6,1476,17976,136
6,4621,24819,1
6,4274,38621,43
2,1230,36099,0
6,949,19644,31
6,2545,1591,14
15,4763,41905,8
6,946,40779,6
6,667,6512,253
15,2614,32851,0
5,5712,39433,0
6,635,6265,196
6,626,6459,52
6,5482,30443,27
6,5481,14967,120
9,1159,41783,0
13,4950,30161,2
13,4950,29887,5
6,665,33853,23
1,3654,12417,0
66,1319,36943,0
6,5719,42787,0
8,5575,12001,0
6,665,6512,277
6,568,14925,189
3,3341,37837,0
6,5481,17109,81
6,642,6462,33
5,1317,8042,0
6,666,42768,12
6,2168,1703,158
6,5481,43283,85
6,944,15619,3
6,880,14823,23
6,4878,1703,104
2,6196,42721,0
5,4646,41140,0
15,4764,18471,10
4,3457,34694,0
6,580,14922,41
6,653,6265,62
6,581,17976,227
5,5082,26195,0
8,5491,41238,0
6,1815,36437,119
66,4853,39542,0
2,3226,27701,0
66,5860,37393,0
6,619,7146,6
8,5399,40110,0
6,1476,6304,0
6,4849,2216,48
6,594,40223,22
4,4285,43679,0
13,4950,9852,24
2,5461,41572,0
6,640,14533,34
6,570,14968,88
6,650,33204,36
6,576,2013,85
6,570,15007,21
6,611,6365,4
6,627,24820,32
6,630,7146,39
6,618,22244,31
6,2190,32052,122
6,642,6993,6
6,665,32053,39
6,668,14507,19
6,1477,32117,12
6,652,7165,67
6,948,14506,67
6,638,6389,29
6,603,23137,32
6,2549,22242,23
6,621,30447,109
6,654,14991,209
6,647,34755,30
6,2243,33205,20
6,948,6512,230
6,583,6512,19
6,2190,6324,132
6,2242,14822,224
6,630,14920,294
6,620,6613,60
6,646,6512,64
6,4272,6423,28
6,4272,34347,31
6,639,24820,65
6,609,23099,146
6,670,14821,17
6,2243,14821,42
6,663,32116,42
6,654,6614,24
6,630,14507,23
6,1628,21465,20
6,652,19472,30
6,649,6985,13
6,598,14506,52
6,632,14924,95
6,4272,25602,28
6,1815,34753,23
6,635,34752,54
6,645,15004,28
6,4270,33852,45
6,1478,21468,14
6,1478,21466,26
6,609,21466,103
6,631,6507,37
6,638,19472,32
6,2245,21466,47
6,989,24820,71
6,609,35636,126
6,645,32629,6
6,652,6319,79
6,663,21466,82
6,626,33854,36
6,667,7165,148
6,4274,33852,84
6,567,33852,27
6,948,34753,18
6,654,32052,11
6,2547,19472,59
6,635,14506,150
6,2242,7091,51
6,3719,22244,16
6,599,14990,198
6,646,17976,180
6,632,14962,104
6,2190,6423,176
6,4620,32117,43
6,637,17976,375
6,665,6427,30
6,1939,17976,120
6,569,35329,33
6,4710,7091,11
6,634,7165,2
6,4710,1703,114
6,579,22242,6
6,2242,6462,33
6,630,17976,138
6,639,15393,178
6,622,15658,84
6,652,6512,156
6,949,7151,13
6,586,15395,53
6,1078,1707,25
6,1477,6423,25
6,4538,2097,50
6,4088,14962,73
6,4614,1703,51
6,582,1703,39
6,582,30447,110
6,582,2097,89
6,2190,15619,8
6,609,14823,46
6,650,2013,43
6,2052,6389,7
6,1477,14963,72
6,879,15021,15
6,581,6321,76
6,628,23133,46
6,674,34752,27
6,626,6512,69
6,4849,2053,74
6,604,34755,18
6,598,6427,13
6,1477,19644,16
6,619,1709,16
17,4775,14417,4
6,639,14963,295
6,588,6319,35
6,588,1703,18
6,646,14967,67
6,4005,24819,11
6,4540,14964,175
6,651,6265,79
6,640,6462,73
6,2543,19644,4
6,4878,34752,33
6,651,6507,90
6,646,14963,229
6,599,1707,183
6,1477,6319,15
6,4710,17976,165
6,4878,30442,18
6,565,23135,33
6,638,6999,14
6,673,36437,2
6,1078,1843,3
6,649,6319,43
6,648,6265,82
6,587,23098,98
6,2551,2511,82
6,2244,2511,81
6,571,15658,5
6,619,2216,46
5,4027,22229,0
6,628,38623,16
6,632,20059,91
6,653,14506,25
6,1477,7165,32
6,5482,6519,13
2,2132,23261,0
1,4548,13060,3
6,4000,2018,58
6,603,1591,17
6,650,6601,50
6,651,14919,52
6,582,2013,103
6,944,6459,99
6,628,1839,22
6,641,6555,22
6,601,2511,41
6,570,1890,135
8,3791,36498,0
6,4621,6246,6
6,626,40778,16
6,4878,1636,39
6,2243,36563,23
6,675,1843,3
6,948,6537,11
5,5067,34364,0
6,4003,40224,0
6,632,15021,113
6,577,14968,36
6,652,19644,51
66,1224,39962,0
6,2168,2053,47
6,611,20055,11
6,671,6507,7
8,2007,10977,0
9,2026,41039,0
9,855,31553,0
6,944,40611,38
6,944,40223,42
6,642,6601,17
6,595,23135,33
6,1815,32052,79
4,3913,19323,0
6,611,14919,46
6,5480,14823,23
6,2244,36437,65
6,635,40224,97
6,587,14966,298
1,2008,12552,0
6,4538,2449,0
2,1243,4967,0
8,4178,16347,0
6,605,38622,6
1,4209,42000,0
13,4048,10041,17
6,591,40224,15
6,4849,6319,76
8,5427,12000,0
13,3546,32210,0
4,4953,36419,0
4,4953,4625,0
6,4540,35921,21
6,567,1707,48
66,1319,36797,0
6,3184,2125,5
6,618,35920,241
6,607,6246,51
2,5371,31394,0
8,2435,37285,0
16,5552,24212,0
4,4725,22928,0
6,675,42769,6
15,4767,39429,0
2,5163,2151,0
6,626,14970,176
6,2168,40781,50
6,628,14962,4
9,2794,41034,0
6,1628,1636,85
3,3516,27715,0
6,650,17976,199
8,2425,11427,0
8,2425,35334,0
6,4272,6462,46
6,619,14534,3
3,3405,32505,0
6,630,15394,115
6,639,6379,10
6,610,15024,66
3,5731,29748,0
6,568,17110,102
9,851,39193,0
6,4849,17976,149
4,1707,28176,0
5,5082,39433,0
6,611,43283,35
6,2190,19644,88
6,4614,14970,64
8,2446,11018,0
13,3496,37421,0
6,4710,2511,25
6,577,1843,23
66,2693,39977,0
8,5929,11068,0
6,5419,6573,154
6,589,6309,7
15,2607,36054,0
6,666,42770,18
6,4088,2053,14
6,581,2097,48
9,2791,40318,0
13,4950,10135,4
13,4950,9920,11
8,6151,24833,0
6,612,43287,13
6,622,6507,37
6,640,33851,24
6,653,43283,18
9,858,8619,0
15,4759,41595,0
6,667,35375,4
6,1815,2097,58
6,1815,14822,35
6,635,6281,35
3,1263,23267,0
6,2243,2216,28
6,627,7165,65
6,4614,34752,18
16,5154,41402,0
2,5443,40057,0
6,2242,1712,23
6,4539,33852,10
5,5405,8042,0
8,6152,43995,0
2,1957,37141,0
6,632,6319,2
6,665,6519,19
1,2151,12792,0
8,5495,33863,0
6,667,40224,9
6,4538,7165,33
6,5483,7150,39
6,608,23137,183
4,4953,43679,0
13,2292,37829,0
2,6082,36098,12
6,2545,24819,29
6,616,19644,39
8,5395,43727,0
8,6150,43727,0
6,581,6303,3
6,626,34753,16
6,5482,14963,244
6,944,32054,41
2,5263,34426,0
3,5323,24828,0
6,5480,17976,92
6,5483,35375,13
66,2819,37025,0
6,627,40223,19
6,607,40604,4
8,3518,37838,0
8,5025,22237,0
13,3558,29651,0
6,579,40224,14
4,4811,38617,0
6,5483,7144,14
6,605,39891,5
6,4878,2053,64
6,4849,6999,80
9,2791,8627,0
6,5479,40224,35
6,588,6583,20
6,650,6573,72
6,5481,40779,41
6,5418,2450,23
2,1134,24779,0
6,460,39891,35
4,4784,24826,0
6,2549,40223,12
8,4749,11427,0
13,5165,16495,0
6,616,6613,120
6,3184,6324,1
6,5481,6281,70
6,618,14989,248
6,599,14821,13
8,1698,39739,0
15,4763,39429,15
6,615,41085,1
6,565,42172,8
9,851,41773,0
6,620,32054,16
8,2703,39832,0
6,2168,40223,18
8,3019,36503,0
8,5850,37285,0
66,2291,41811,0
8,2425,39739,0
6,635,6512,465
6,617,14990,15
3,6011,41663,0
4,2996,32350,0
6,4849,33853,73
66,4986,39551,0
5,5403,28857,0
3,3407,40385,0
8,5395,12001,0
4,3542,43679,0
6,2242,45172,4
4,2932,40442,0
8,4179,11189,0
6,2168,43288,54
1,6042,14167,0
6,644,40224,18
9,951,40317,0
6,4000,45221,0
13,5840,38140,0
6,577,1591,18
15,3208,23372,3
8,5429,11021,0
6,571,6459,27
6,613,23133,31
6,642,6614,31
6,665,7165,106
6,576,32052,7
6,612,23099,55
6,630,1636,31
6,616,14822,16
6,948,15393,87
6,1628,1839,32
6,583,30447,23
6,652,34347,11
6,644,33853,11
6,2242,6246,111
6,2242,32052,104
6,613,6551,27
6,1938,32052,62
6,630,24960,23
6,2190,14822,189
6,665,34752,34
6,576,19472,25
6,623,21468,32
6,616,34755,26
6,637,22245,11
6,2168,1713,33
6,4003,1713,17
6,581,14823,48
6,576,1713,10
6,570,34758,24
6,663,22242,57
6,630,14506,18
6,627,33854,30
6,667,22242,63
6,1938,34753,31
6,1078,21465,5
6,4272,34754,26
16,3313,31661,7
6,637,14507,18
6,571,32117,43
6,650,1636,5
6,2244,14821,11
6,2549,32054,17
6,586,6507,14
6,628,7146,64
6,638,15023,67
6,586,19644,4
6,2549,34757,16
6,627,21466,63
6,610,35372,6
6,4003,32053,45
6,2547,34753,35
6,2245,34754,51
6,603,34757,22
6,2551,24819,96
6,609,14506,176
6,654,22242,6
6,2543,35636,6
6,667,24820,36
6,616,33851,19
6,654,2053,22
6,624,34758,26
6,622,23137,60
6,645,17976,438
6,4275,7144,9
6,573,14507,15
6,4538,19472,26
6,651,6459,100
6,654,14823,29
6,621,34752,5
6,626,15006,54
6,2547,1703,30
6,567,35372,17
6,627,6519,51
6,623,14922,20
6,632,6427,19
6,2242,6620,131
6,1938,34752,66
6,644,6459,69
6,650,1890,17
6,645,34755,8
6,646,2097,28
6,1892,6459,28
6,4878,19472,249
6,640,1709,8
6,1939,2097,22
6,3184,2235,8
6,1628,7165,113
6,4849,34753,13
6,1628,1707,207
6,570,33854,28
6,4003,2097,33
6,635,2013,59
6,1892,14967,72
6,635,14533,91
6,599,2511,140
6,626,6265,36
6,673,2235,3
6,4540,6319,26
6,632,7165,15
6,618,1843,16
6,624,6512,33
6,628,2216,27
6,598,24820,18
6,649,6423,32
6,641,23097,77
6,614,38623,4
6,593,38621,20
6,580,15395,71
1,1285,19501,0
6,4849,6266,46
6,588,2235,24
66,4978,36808,0
6,598,38621,4
6,594,1591,7
6,1938,7165,44
13,5081,37839,0
6,5483,17976,195
13,4048,10733,46
6,673,2097,5
6,4878,23098,49
6,5207,6423,45
5,4658,7748,0
6,666,2216,5
6,5419,7151,18
6,668,7150,106
13,5464,9907,0
6,653,40224,8
8,5426,11427,4
6,581,2216,26
6,619,40611,7
6,1447,2097,1
9,857,33338,0
6,627,6999,53
6,639,19569,38
6,2942,14533,4
6,599,7144,62
6,599,2235,91
6,601,7165,20
6,611,6309,40
6,4878,6507,22
6,5419,6613,62
13,4583,37839,0
6,671,38621,12
6,2052,38621,13
8,3055,15569,0
6,664,2097,3
6,5549,17976,13
6,4088,6507,40
6,579,23099,50
2,1112,24779,0
8,1699,40909,0
15,4418,40796,0
6,948,6519,62
6,589,14333,0
8,4668,37493,0
6,5419,6462,46
6,1477,7150,30
6,580,6459,16
6,649,6573,8
6,4538,32052,38
4,5529,40439,0
6,670,38621,0
13,4636,16495,0
6,621,30444,64
6,637,6573,38
6,948,14533,25
6,5206,1703,45
13,3753,9905,0
6,638,6321,13
6,5716,2125,0
6,617,1591,17
13,826,32178,6
6,5481,14919,209
3,3295,19635,0
15,2607,14213,0
2,3501,4967,0
1,2011,20518,0
6,663,24820,77
6,2168,6452,20
1,5827,13060,0
15,4763,41054,13
2,88,43385,0
6,635,6309,150
13,5165,30161,0
6,667,6573,61
9,1069,41774,0
6,630,6687,10
66,5839,39963,0
6,637,2053,27
6,650,42771,40
4,2678,14532,0
4,4362,41424,0
6,640,14959,34
6,2190,2013,1
8,3481,36503,0
4,4723,40442,0
6,597,40781,13
6,5482,2013,10
13,4045,29884,32
13,4048,37042,11
6,635,42786,55
6,4272,6324,40
6,648,2216,28
5,5082,24225,0
2,1841,43383,0
6,608,6686,16
15,4761,41905,0
9,857,30611,0
6,2243,14533,22
6,1892,6555,32
6,2168,6380,4
6,5207,6319,44
6,2245,6309,0
9,2787,32735,0
5,5615,28295,0
2,88,19098,0
6,628,33851,26
3,5323,22934,0
6,4849,6985,17
6,5549,4974,4
6,5549,6313,0
9,858,40316,0
13,4583,29651,0
6,1814,24820,78
15,4764,41045,9
6,668,14961,25
8,5497,41934,0
6,2243,19644,46
6,620,34758,23
6,2168,33853,125
8,5233,36503,0
6,671,1707,6
6,644,6555,16
1,6216,23639,8
8,1789,15675,0
1,6061,30484,0
6,597,6304,8
13,5287,9890,14
8,2781,36301,0
13,4583,18883,0
6,597,38621,3
6,944,6281,18
13,826,18883,5
9,1159,40316,0
6,594,38621,42
6,944,40224,41
9,2026,8627,0
4,2044,19323,0
66,4856,36809,0
6,627,41392,7
6,669,7144,24
6,618,14920,344
6,4088,23137,50
6,622,1707,17
8,2112,40909,0
13,826,10529,0
6,1814,32054,36
16,5552,36492,0
6,4849,7150,48
6,4849,6322,21
15,2959,32119,0
6,4620,1890,16
6,663,14533,55
6,606,6246,11
6,2545,1707,13
5,5913,27710,0
6,608,15620,9
4,1786,24825,0
6,946,14919,70
9,851,19806,0
66,4860,38066,0
15,2611,32851,0
6,2549,1591,3
3,3925,17972,0
6,5418,19569,116
2,3500,23669,0
6,581,33853,19
13,1083,18880,0
8,2717,16347,0
4,4725,42774,0
8,4398,11427,0
9,1157,40317,0
3,1463,17972,0
4,2932,27210,0
8,5395,35393,0
6,948,38621,31
6,607,24820,14
6,648,6309,23
9,852,40316,0
6,650,42786,32
6,589,6512,4
8,1698,11067,0
6,630,4974,11
6,946,43284,18
6,5481,15393,133
6,581,1703,100
6,948,6999,34
4,3914,37833,0
8,3359,21490,0
6,609,43288,17
8,4966,37047,0
6,663,40224,19
15,4763,41595,12
9,1156,19806,0
9,2790,40317,0
8,5600,45371,0
6,668,14823,59
1,2280,23639,0
13,5164,9964,0
6,642,7150,10
66,2355,44151,0
3,5731,26669,0
13,2538,10041,0
15,2957,17162,0
6,2168,2141,12
6,594,17110,57
6,616,12171,7
5,2800,28857,0
4,5223,40732,0
2,3520,4967,0
6,650,33853,59
6,579,24820,3
6,581,6423,35
6,609,14914,25
6,1476,32629,6
6,570,32117,25
6,674,24819,5
6,944,14506,48
6,674,14506,29
6,2242,6507,101
6,4088,14912,20
6,616,6324,49
6,2190,24960,107
6,648,6361,3
6,879,23098,17
6,650,19472,85
6,2242,22245,71
6,576,1826,17
6,654,6693,13
6,650,6680,35
6,4003,7165,34
6,626,32116,3
6,663,21465,66
6,632,14989,200
6,612,21468,6
6,594,34754,3
6,653,34753,10
6,579,21466,15
6,2242,19472,122
6,604,32052,22
6,4540,32052,7
6,622,14912,26
6,602,33204,17
6,611,19472,45
6,1478,32053,6
6,669,14821,38
6,616,6462,82
6,667,6985,62
6,603,15394,82
6,569,32052,7
6,637,23097,61
6,941,19644,4
6,2245,33852,82
6,611,7091,17
6,579,6862,6
6,1478,34753,25
6,598,6512,20
6,2942,34752,9
6,611,6452,12
6,581,14924,65
6,2547,32117,16
6,628,35374,4
6,579,14822,16
6,593,34754,21
6,588,23099,107
6,4710,14821,9
6,4614,32117,1
6,598,22244,8
6,2942,14506,9
6,638,30446,51
6,674,1645,5
6,654,6999,34
6,596,1841,2
6,674,34753,30
6,674,2258,15
6,4614,6427,12
6,4004,2018,46
6,2243,6320,8
6,630,2097,32
6,2190,7150,35
6,618,30445,66
1,1,1347,0
6,4970,7150,60
6,4273,35636,10
6,608,6427,9
6,943,1703,14
6,4970,2450,40
6,619,7150,36
6,4970,36437,80
6,1939,7091,3
3,2471,34313,0
6,645,33852,18
6,620,14333,4
6,1939,7165,47
6,948,38622,20
6,5206,6507,9
6,5206,19569,1
6,1628,1728,16
6,944,34758,54
6,582,14822,12
6,650,34755,94
8,527,16347,0
6,594,14968,114
8,1995,15569,0
6,2942,2125,0
3,2599,18368,0
6,567,6309,15
6,594,14533,21
6,594,40781,28
6,4971,36437,8
6,611,23138,30
6,5716,14823,0
9,1155,8601,0
1,5527,13060,0
6,672,6512,15
6,592,38622,5
66,1807,36787,0
6,581,20059,47
13,5287,10732,6
6,581,4974,19
6,5418,14823,97
6,2244,24839,0
6,642,32052,8
13,5071,36094,0
6,595,6321,27
6,632,2097,76
9,860,8680,0
6,570,20061,25
3,5227,37620,0
6,2543,2097,5
4,4725,38913,0
4,2481,38139,0
6,669,1839,4
66,1634,37370,0
6,610,6512,28
4,3911,30188,0
8,5495,21490,0
6,5419,42172,18
15,4763,22280,4
6,675,42770,4
15,4767,41595,0
8,4727,37493,0
2,4448,40712,0
8,5929,40972,0
6,648,6423,72
6,4538,24839,0
6,1814,40223,39
13,5071,10041,5
15,4764,31616,0
13,4048,38988,2
6,663,6573,65
6,635,6537,74
13,4245,10135,0
6,639,41085,23
8,4682,42262,0
6,668,38621,14
9,2790,8561,0
6,621,42770,5
6,942,7150,55
6,5207,6686,15
13,2536,9964,0
66,4983,37368,0
66,2434,40823,0
8,6150,22693,0
6,630,35920,214
4,4829,16587,0
6,663,33855,7
6,612,42787,2
6,5482,24820,17
6,587,30442,85
6,5481,14533,28
8,1248,42261,0
66,4858,36898,0
6,1476,38621,6
13,3638,10732,0
6,577,20061,37
6,599,23139,166
6,4000,44514,17
6,633,42769,5
5,3349,30187,0
6,5482,6687,7
6,645,14823,12
6,665,2013,10
6,616,6319,70
3,2347,27715,0
8,2600,43534,0
3,3743,17972,0
9,1160,31553,0
66,1806,39969,0
6,2243,35375,27
6,2550,6537,43
6,644,44514,10
6,4849,19644,27
6,608,15021,127
9,2788,8627,0
6,4273,6459,47
6,583,15024,21
6,4849,14823,21
13,4048,27005,22
6,5549,6324,3
8,1823,11182,0
6,663,39891,12
6,632,14970,151
3,1034,24879,0
6,669,6331,23
6,637,19644,24
6,626,6309,10
6,583,14925,20
9,2794,35497,0
6,641,6324,14
15,3005,30835,0
8,5293,40972,0
66,1806,39551,0
4,3782,3965,0
2,5446,38203,0
5,2213,33633,0
3,3708,27715,0
6,644,24819,26
6,663,6999,104
9,859,8617,0
6,619,14823,24
6,652,40779,26
66,1633,40824,0
66,1634,36800,0
15,1039,18471,5
6,1628,42771,7
13,4835,16142,0
6,941,6322,2
1,5439,41959,0
4,1480,15629,0
6,1938,24839,0
6,667,42786,14
8,4907,38990,0
6,1477,6265,29
13,5164,10732,0
13,5164,42737,0
2,5341,40502,0
15,4764,33047,0
1,4798,28229,0
4,2996,3966,0
3,5227,41663,0
6,644,1843,41
66,4986,42145,0
66,1634,37365,0
6,569,6459,15
6,648,1591,4
6,946,6265,43
9,860,19804,0
6,595,6324,15
3,3003,41663,0
13,6108,10373,0
6,4000,1846,2
15,4761,20749,0
9,860,31555,0
6,630,43285,5
3,2860,29748,0
6,943,44516,13
6,618,6389,12
6,647,24960,37
6,943,22245,1
6,623,1914,7
6,646,14506,23
6,647,14507,59
6,593,6379,1
6,2168,1650,15
6,571,6512,49
6,654,6680,7
6,603,14989,40
6,646,6551,3
6,623,33852,54
6,1892,33852,15
6,668,33851,53
6,2242,19644,66
6,568,24819,22
6,594,24820,4
6,637,6324,15
6,621,6389,15
6,633,6324,43
6,600,35375,5
6,665,34754,51
6,1938,32053,50
6,989,14506,48
6,663,19472,84
6,622,34754,16
6,620,14507,17
6,943,17976,40
6,2549,21466,14
6,635,32054,87
6,2168,34753,57
6,670,21465,6
6,2545,2018,49
6,2550,34752,12
6,617,24820,4
6,576,14964,73
6,577,23099,9
6,646,35329,10
6,642,6319,27
6,582,7165,108
6,668,2216,16
6,616,19472,15
6,594,34752,27
6,587,33852,2
6,568,15658,19
6,674,34754,36
6,599,15620,27
6,619,15024,9
6,1078,33852,17
6,4270,35328,7
6,606,14506,17
6,624,1707,15
6,667,6519,59
6,942,6985,39
6,2244,7165,53
6,629,2258,11
6,634,2053,50
6,645,6423,26
6,2545,36437,32
6,644,14533,36
6,607,30447,67
6,628,33853,44
6,665,1703,28
6,1815,7165,48
13,4046,36094,11
6,596,2511,41
6,2549,34754,22
6,565,15007,30
6,1477,6555,8
9,1161,8626,0
6,598,23098,107
8,4668,15675,6
6,573,33852,31
15,1275,25593,0
66,4850,38065,0
6,569,15658,24
13,3862,36094,0
6,619,1890,43
5,3922,8042,0
6,611,14533,38
5,873,7656,17
6,665,41084,19
6,602,15395,48
6,618,1591,13
6,2243,39891,28
8,3920,25517,0
6,5483,6613,59
6,594,35375,40
6,4270,6324,38
6,667,6601,43
6,581,23137,194
6,568,40781,107
8,5427,15675,0
4,1026,38999,0
6,565,4974,8
13,4120,9852,0
6,619,36437,11
6,3184,6423,6
6,5419,40604,34
6,597,42173,8
6,582,2258,28
2,5393,40503,0
9,1157,41774,0
6,642,19569,23
15,4767,15633,0
6,4878,33853,32
6,652,35919,36
6,948,40224,24
6,637,6620,9
6,2549,24819,38
6,640,6601,71
6,605,1591,0
6,4878,7091,24
9,2026,40318,0
6,4274,40223,35
6,648,38622,6
13,826,26463,4
6,949,6462,25
6,609,40781,13
6,593,43285,8
6,628,1633,1
6,579,15658,84
5,4646,24739,0
43,5245,32073,0
13,4299,36500,0
6,1892,38621,8
3,4547,27716,0
6,604,6613,2
6,576,1890,64
6,608,2097,17
6,2190,2018,37
6,588,43288,30
3,3925,39741,0
15,4764,41053,0
15,4764,41593,18
6,644,41085,11
6,627,6319,77
6,597,40782,7
6,637,6319,92
6,665,6686,9
6,609,7000,4
6,641,41085,4
6,577,38622,1
6,1938,43977,0
8,4557,11235,0
6,611,33855,11
6,1478,6999,1
1,2379,38746,0
15,3213,25140,2
2,5315,34427,0
5,4646,41809,0
6,4003,45148,0
6,592,6265,6
9,860,40317,0
8,1248,37270,0
6,653,14823,17
6,1938,24820,33
6,639,44244,14
1,1244,13060,0
6,2244,2013,49
6,611,14333,4
8,6153,11427,0
6,669,38623,5
8,5494,27209,0
6,592,1591,4
6,650,19569,96
13,2531,10725,0
16,5829,24832,0
6,5483,43977,14
3,3743,40644,0
6,4621,1841,0
17,5400,14722,0
6,624,2216,43
8,3055,42262,0
16,5087,37277,0
4,249,36419,0
13,5287,22480,18
13,2532,9866,0
6,627,6601,24
4,2282,38999,0
16,3563,36377,0
15,1037,15633,0
1,5570,13060,0
13,826,16142,0
6,611,1843,10
6,945,23099,7
4,4953,41426,0
6,617,42173,5
9,3345,8627,0
15,4763,30580,8
6,607,1591,7
6,4274,6278,46
1,4209,36757,0
8,3019,11068,0
66,2691,38687,0
6,619,7095,5
6,4849,36563,22
5,5913,36483,0
13,826,26982,4
4,4953,30188,0
15,3213,40880,0
8,4682,35393,0
6,4538,2053,11
4,2649,35403,0
6,640,41395,8
15,2609,39834,6
6,675,6452,6
6,565,6423,63
6,4273,40223,31
6,568,14968,65
3,4260,4,0
6,634,14962,2
8,4727,15675,0
8,4727,40974,0
6,648,6322,13
6,608,1636,21
66,2356,36824,0
16,5099,23438,0
6,583,6459,13
3,3340,20657,0
6,1066,6459,10
6,5481,6452,24
6,635,1591,0
66,2288,36943,0
6,665,6423,121
8,5031,37493,0
6,631,43283,20
6,1478,6512,27
8,3920,36503,0
8,5953,15675,0
9,851,19141,0
8,1260,16347,0
8,2425,41934,0
43,3255,27998,0
6,641,43284,20
1,5473,13060,0
6,630,15620,11
4,1706,40442,0
15,4764,15633,0
4,4973,41824,0
15,1739,37983,0
6,1476,44516,0
6,945,40223,10
6,644,6309,36
9,919,42622,0
6,646,6573,23
4,5223,16587,0
3,5746,4,0
6,653,6304,2
6,570,1848,7
6,582,32117,41
6,648,24820,20
6,1447,6389,6
6,1628,32052,19
6,2190,19472,93
6,652,32052,2
6,581,24960,36
6,587,24820,14
6,4005,14506,4
6,2243,21468,18
6,573,15395,47
6,1628,34752,18
6,594,32054,20
6,650,22244,52
6,569,34753,28
6,582,1713,15
6,608,14822,10
6,2942,33852,22
6,1939,32053,28
6,629,34752,18
6,647,33851,22
6,583,1591,8
6,623,22242,14
6,4540,35372,6
6,2546,14507,19
6,632,32053,39
6,586,6459,11
6,641,19644,33
6,645,35328,14
6,587,17112,48
6,4003,19472,37
6,942,34754,18
6,638,6459,28
6,628,17112,6
6,629,35372,1
6,1892,15658,81
6,2942,22242,13
6,669,33204,14
6,675,22244,7
6,944,34754,11
6,946,34758,15
6,598,22242,21
6,624,6459,54
6,621,2013,7
6,631,6459,38
6,626,6321,38
6,634,32053,3
6,620,24820,19
6,4270,7091,19
6,607,6393,12
6,650,34753,139
6,628,1591,1
6,879,6427,12
6,4270,19644,26
6,569,34754,16
6,674,7165,24
6,620,30445,3
6,598,34752,27
6,943,6512,8
6,614,1728,10
6,644,6265,29
6,596,36437,19
6,620,6265,61
6,4710,2097,74
6,4614,23098,38
6,5207,17976,91
6,1628,2235,102
6,581,2053,56
6,570,30447,80
6,614,7150,4
13,1080,27005,0
6,639,1707,34
1,5453,13135,0
6,626,34758,27
9,1155,40436,0
13,4048,16146,27
6,674,2097,8
6,635,38622,56
6,1628,7095,5
6,4849,14821,54
6,567,15658,24
4,3782,24845,0
6,4878,20059,13
6,4540,38621,1
6,665,6999,50
3,3925,17174,0
1,4422,20852,0
1,1830,24841,0
4,3706,36508,0
6,665,24820,49
8,2854,11420,0
6,4274,6459,75
6,642,6321,55
6,597,30444,61
3,1077,34992,0
2,3504,30518,0
3,2095,26044,0
1,5440,42725,0
6,637,6322,10
6,639,14533,27
2,1720,41257,0
6,5482,6686,11
13,5069,26463,2
5,1058,8042,0
5,4361,41945,0
6,573,15024,49
66,4850,38066,0
6,663,7051,19
6,5482,6507,48
9,2026,19141,0
3,3295,17183,0
6,663,6772,39
3,2194,4,0
6,648,36437,79
6,593,6537,5
5,4109,40443,0
8,3642,40084,0
6,669,6246,37
6,942,6462,23
6,1938,1707,60
15,1607,41593,0
6,4614,38162,6
6,1815,38623,18
6,595,33853,5
6,618,17976,137
6,948,33851,37
6,2190,7091,124
15,3209,31616,0
6,5482,2125,18
6,609,1843,36
8,1705,40974,0
15,5191,41048,0
6,565,6304,4
6,609,43287,26
6,460,6613,73
8,4821,11427,0
2,6082,40057,10
6,4878,2097,38
8,5504,16347,0
6,577,30447,9
6,944,6999,48
3,3017,32506,0
8,2424,23265,0
15,4418,25593,0
6,594,6537,16
6,646,33853,8
6,4878,7146,23
6,4275,38621,19
15,4763,39851,6
6,5418,42786,13
6,942,6601,10
5,2514,33747,0
3,1463,40383,0
8,3019,11055,0
4,2889,31649,0
6,4272,32117,23
6,591,38621,26
6,673,4974,5
6,2052,40223,2
13,826,41421,0
66,2819,37370,0
1,1830,39893,0
8,4682,37270,0
9,1160,42719,0
17,5608,18191,0
13,5385,9964,0
6,635,6583,59
4,2646,24208,0
1,5440,40504,0
6,5481,6999,43
66,1634,41811,0
4,3544,29710,0
8,2586,11523,0
6,3184,6512,17
6,593,1708,2
15,2608,29566,0
6,618,42769,1
9,851,41035,0
6,627,6427,57
1,2489,36631,0
6,946,30446,32
6,1477,6601,17
8,2113,39740,0
4,1710,15629,0
1,2008,13786,0
6,616,15620,8
13,4045,38140,10
13,5069,25058,2
13,4048,29651,21
8,4457,11523,0
6,5482,6573,14
4,4905,34694,0
6,1066,14555,6
6,5549,6319,9
6,2243,41395,1
66,1621,36943,0
6,4971,17976,25
6,642,6573,35
15,2607,22279,10
6,947,38621,11
4,5223,22080,0
8,1699,37838,0
6,5482,44514,12
8,5497,11018,0
6,5719,45221,0
2,6082,43385,3
6,5418,44244,39
6,668,1841,5
15,3212,40000,0
9,1155,8675,0
6,619,42771,11
1,6216,28229,12
1,2280,13060,0
8,1912,42157,0
3,3743,4,0
6,1938,45166,0
5,5241,27712,0
6,5419,33851,57
6,663,44244,37
15,2622,44578,0
8,3019,11021,0
6,623,30444,25
6,630,6246,6
6,644,6452,1
6,2190,6246,120
6,642,19472,19
6,642,6452,1
6,582,2235,49
6,674,24820,18
6,4005,6361,3
6,599,34759,18
6,597,33851,6
6,641,32629,7
6,653,34752,8
6,2245,14506,93
6,588,21466,14
6,2942,21465,5
6,4088,35328,3
6,2168,24819,29
6,667,22244,22
6,594,33854,43
6,613,17976,15
6,2242,33851,30
6,2190,6462,66
6,630,34757,18
6,665,1713,5
6,945,34754,13
6,1628,34347,7
6,582,32054,7
6,629,6389,53
6,645,1707,2
6,4088,14821,9
6,569,32053,8
6,593,33852,7
6,2242,7146,12
6,581,19472,17
6,4003,7146,6
6,570,21466,9
6,4270,6620,16
6,654,6985,18
6,583,30444,15
6,948,6427,144
6,2547,19644,15
6,2168,38162,26
6,620,14533,15
6,674,1713,23
6,2551,1843,82
6,672,2053,12
6,670,2097,3
6,673,1707,33
6,4878,6620,18
6,611,6278,5
6,4878,2511,4
6,570,15658,29
6,4004,33852,4
6,941,1709,7
6,2242,2511,156
6,989,38622,9
6,567,6475,8
6,646,14959,88
6,4970,2097,154
6,610,14821,11
5,4028,37039,0
6,665,35375,6
8,2112,25517,0
8,2007,15569,0
6,587,19569,20
6,1628,33204,22
6,593,14920,21
6,663,6427,28
4,1026,37035,0
6,641,2216,19
6,645,38623,15
4,4811,40440,0
6,949,6601,11
6,610,35921,27
8,5444,12000,0
6,4849,6601,13
6,581,7091,13
3,2095,34992,0
6,620,40224,6
5,5404,40895,0
5,2480,31383,0
6,5483,14822,27
9,2787,33997,0
13,2533,9906,0
6,2243,24819,21
6,4878,14989,47
8,5507,12000,0
6,594,24053,12
6,583,40781,16
15,2608,41656,6
2,5371,40477,0
2,5446,31456,0
6,637,6246,21
6,595,14822,3
6,4274,6512,51
2,5335,40474,0
5,2863,28857,0
4,4725,41424,0
6,4970,14821,8
15,4765,32170,16
5,5913,41807,0
6,641,40608,1
13,826,36094,6
6,2245,6537,1
6,5716,6512,0
6,653,6551,24
15,2609,41593,14
66,1634,36805,0
2,5705,23261,0
1,5439,39814,0
2,1960,42721,0
6,2245,40223,0
6,621,14968,8
6,1447,1632,2
6,577,6537,9
4,4804,24825,0
6,631,6265,24
4,2241,29710,0
8,1258,41578,0
3,1489,40385,0
66,5823,41810,0
6,4538,1703,61
6,4878,6555,2
1,5456,25609,0
9,2788,8639,0
8,1698,23030,0
66,4986,37026,0
16,5829,35331,0
6,2245,42768,0
66,5820,37370,0
5,1306,8294,0
2,4025,37835,0
6,2244,1890,31
6,2545,6863,0
8,4566,11189,0
13,4298,10041,0
6,4001,45170,1
5,1306,7593,0
8,5394,37285,0
16,5721,39010,0
6,2242,1843,20
15,3178,39428,0
6,1814,2013,57
6,588,43287,40
6,570,44514,5
4,3935,44387,0
6,618,44516,6
6,5549,6246,3
5,5203,37038,0
6,2245,45166,0
6,606,34758,17
6,653,6459,48
13,4279,10135,0
6,648,41085,11
15,4765,30888,6
4,2638,30188,0
8,1958,11253,0
6,626,6537,19
6,565,7165,36
5,5065,31383,0
9,3345,41774,0
6,944,38622,9
4,4723,41824,0
6,588,14823,32
6,669,2125,9
6,4621,2018,8
4,5223,29710,0
6,611,2141,3
6,635,24820,66
13,826,41093,0
6,580,6507,17
8,4457,41969,0
15,4763,14711,21
2,4841,40508,0
3,1396,38992,0
8,5295,37270,0
5,4027,27709,0
5,4646,31383,0
1,2008,37491,0
4,2932,42919,0
3,2598,4,0
4,4804,16587,0
6,669,6551,21
66,4855,36797,0
17,4323,14447,0
6,573,34758,35
8,2458,15675,0
6,616,42771,14
6,620,43283,16
8,3234,11427,0
6,5419,45157,19
2,1960,23261,0
3,2598,37780,0
1,167,43634,0
6,630,14924,50
6,2168,42768,12
5,1234,8042,0
13,4244,26982,0
6,568,43288,93
6,645,42172,9
8,5490,44604,0
4,383,41426,0
8,5607,40110,0
6,2551,45221,0
8,4182,15569,0
6,581,33851,29
9,1160,19806,0
6,638,6379,2
6,616,14507,20
6,574,14961,3
6,1892,2513,2
6,942,6324,26
6,1938,22244,63
6,654,32053,20
6,574,23135,3
6,612,6389,7
6,1478,33852,16
6,568,14506,14
6,597,23139,17
6,4275,19644,29
6,596,21468,22
6,946,1591,9
6,2541,19472,37
6,609,1713,32
6,670,1636,1
6,1939,14507,30
6,651,30443,25
6,2550,35372,15
6,1476,19472,22
6,613,14822,24
6,667,34752,10
6,675,35636,9
6,948,34752,28
6,588,35372,9
6,654,25602,4
6,610,23099,49
6,613,15021,24
6,598,35329,13
6,652,1636,2
6,945,33852,17
6,601,34755,7
6,568,30447,76
6,611,34758,30
6,581,1645,15
6,583,33852,8
6,623,2258,15
6,624,1728,4
6,650,6462,43
6,637,7144,6
6,1628,7151,9
6,2190,6555,35
6,4002,1643,6
6,1938,2097,57
6,632,34752,14
6,599,1728,25
6,2550,34754,31
6,642,17976,155
6,668,19644,45
6,652,15658,122
6,2942,1728,4
15,1270,29566,0
3,2095,34451,0
13,3433,10144,0
13,5164,9965,0
15,1740,35129,8
6,648,35375,7
6,4971,38623,29
6,568,39891,4
6,639,39891,38
6,620,40779,7
6,635,1728,18
16,3314,31938,0
9,4612,31704,0
6,642,1703,18
6,623,39891,1
5,5082,28318,0
6,629,35375,23
6,669,19644,45
6,591,41084,2
1,5437,26060,0
15,3872,25136,0
3,3032,18368,0
6,628,4974,12
6,668,2018,116
4,5384,19323,0
4,5384,3950,0
17,2203,37836,0
4,5457,24208,0
6,641,40611,13
5,2212,28318,0
6,614,1591,1
16,5552,40656,0
9,854,8952,0
6,639,15658,87
5,5509,28302,0
4,3513,34694,0
66,4860,37054,0
6,1814,35375,3
1,4209,34006,0
4,5011,4458,0
6,4970,14822,25
9,918,4,0
66,1566,40825,0
6,4971,41085,4
6,4614,6512,21
6,651,6555,63
8,1912,24834,0
6,635,40223,27
4,2638,34694,0
6,460,6322,22
8,4313,37285,0
6,604,6319,23
8,1254,15569,0
6,608,6265,41
2,5446,38204,0
3,3743,5673,0
6,5719,34758,0
6,648,6246,35
6,670,6462,0
4,3307,34694,0
3,3516,27716,0
13,5286,29651,0
6,4000,1712,8
6,639,6537,7
6,3719,6537,17
9,2788,42652,0
9,2787,42796,0
13,4584,37839,0
6,594,6701,8
5,2212,26195,0
9,2790,38614,0
6,570,19569,20
6,4088,6324,17
6,626,34759,2
13,3496,22480,0
8,3019,40972,0
15,1043,43880,0
15,3871,39429,0
6,595,6462,5
4,939,3966,0
5,5240,28297,0
4,244,34694,0
4,5487,4621,0
8,1699,44384,0
6,4088,42769,4
2,5314,27702,0
6,614,6322,6
15,3209,43881,0
6,4710,2216,1
16,2463,31630,0
6,565,6321,36
13,3546,29645,0
66,1636,43573,0
13,1080,30161,0
13,2298,29651,0
6,5418,43987,76
9,855,8565,0
5,1237,22081,0
13,5287,37421,13
6,642,19644,33
6,599,4974,31
6,5481,32052,3
9,2792,31704,0
4,3911,37833,0
6,587,40224,17
6,646,23134,33
13,4135,16146,64
9,3041,40316,0
6,581,2449,7
6,579,30447,24
6,633,7144,17
9,2186,14298,0
4,2383,30188,0
3,2429,4,0
8,3298,11523,0
15,2621,14711,5
6,667,6772,3
8,4556,42261,0
17,4249,40353,0
9,2791,41774,0
5,5285,30187,0
6,600,33204,3
8,1958,23265,0
6,579,34758,21
6,2190,2235,36
13,3640,29655,0
6,599,42172,23
3,3405,26669,0
6,946,17109,22
66,1223,38687,0
1,5800,39824,0
3,2466,23956,0
5,3358,41264,0
15,1280,38085,0
6,5481,40223,17
1,6216,42783,8
1,6216,43632,8
5,5517,40895,0
6,667,44244,13
6,5719,32054,0
4,4362,34417,0
15,3871,14213,0
15,3015,41046,0
1,6042,43638,0
6,603,42771,2
5,5729,40939,0
8,1912,16347,0
6,580,6359,11
6,616,2053,22
6,654,14996,10
6,665,32054,21
6,587,6389,10
6,577,6459,2
1,4328,25046,1
6,3719,14507,26
6,582,14506,31
6,605,6699,1
6,588,34753,26
6,609,34758,38
6,624,24820,16
6,581,33854,17
6,608,14910,4
6,609,22242,131
6,639,32054,20
6,570,14506,46
6,596,14822,8
6,596,34757,4
6,948,6361,15
6,2244,2236,6
6,1938,34754,84
6,674,21466,8
6,623,30447,34
6,2052,34754,5
6,608,14821,21
6,595,34752,5
6,1476,2216,24
6,668,2053,35
6,1476,2018,27
6,2541,1636,36
6,4003,2053,16
6,4003,14823,29
6,637,2097,25
6,644,34758,45
6,673,1890,2
6,4614,22244,15
6,4538,34753,4
6,2547,15658,46
6,2052,32054,6
6,616,7144,16
6,666,34752,33
6,1628,15620,25
6,630,7165,8
6,651,34757,3
6,4540,6423,19
6,606,1591,1
6,621,34754,30
6,1078,1846,3
1,5023,36632,2
6,606,6507,28
2,5446,13060,0
6,674,1703,4
6,665,6321,21
6,4274,6999,10
6,879,2097,3
4,3782,40718,0
6,2244,1839,36
13,4048,29657,0
6,1447,6427,10
13,4046,27006,7
4,1706,4309,0
6,599,7095,19
66,1172,36800,0
6,633,6698,3
6,1477,6512,77
13,3598,32177,0
6,570,38162,8
6,614,36563,7
8,5536,35697,0
66,4852,36791,0
6,603,36563,22
6,649,6555,19
2,5371,39335,0
6,949,36437,33
6,630,7151,8
1,2010,22124,0
16,5829,16670,0
3,2095,17972,0
6,633,6999,26
17,5334,27062,0
2,1720,4967,1
6,635,41085,28
4,5223,40659,0
6,5482,40779,24
13,4119,10083,0
5,1686,36483,0
6,618,41085,1
6,611,6999,36
6,634,6512,18
8,1342,37285,0
15,2607,40817,15
9,3036,8639,0
6,565,6999,2
6,880,6512,7
17,4838,14486,0
6,571,36437,9
6,649,6999,29
6,4849,7095,15
6,4272,7151,21
15,2609,43880,0
1,4209,33770,0
13,5071,30161,3
6,637,2216,15
6,627,6573,42
6,2168,6280,12
6,949,33851,6
6,5482,44244,30
6,5482,15393,127
6,2551,32054,16
6,652,15620,14
4,1503,41427,0
6,1476,1703,39
1,6216,42780,8
9,859,41044,0
8,3789,40909,0
4,2448,44022,0
6,4621,44514,6
2,5597,43674,0
2,6082,41572,6
6,611,43987,19
13,4950,43741,8
2,1960,43385,0
5,5083,40895,0
6,2244,2235,6
6,2545,42173,0
6,640,35375,28
8,1260,43727,0
3,1332,26669,0
15,3008,41046,0
6,571,23099,14
8,2007,16347,0
3,1263,17972,0
6,628,6324,16
6,671,6309,0
8,3920,24834,0
13,3496,30161,0
6,4272,33853,26
8,1699,11067,0
3,3406,40382,0
3,6167,40645,0
17,5080,27684,0
8,1705,36498,0
6,622,6537,12
8,4460,11427,0
5,5273,40264,0
6,642,2053,43
6,5206,6573,10
8,3271,11067,0
9,2794,41773,0
2,5446,31449,0
1,5853,13060,0
6,600,41396,14
4,417,28212,0
4,4804,4315,0
1,5439,42001,0
6,614,6246,9
13,4045,10392,12
8,3385,39739,0
6,582,38623,1
6,2190,6583,58
15,2607,25136,0
13,4072,9934,0
6,639,40779,17
6,667,42173,11
6,5479,30446,34
4,3457,4627,0
6,4001,42787,6
8,3788,36301,0
17,4248,27483,0
6,565,6555,8
8,5231,37493,0
13,6109,26462,0
3,3340,5612,0
1,5800,39817,0
4,3855,41426,0
9,1158,37098,0
4,2638,43679,0
1,2010,44027,4
6,626,42787,9
5,4646,27843,0
5,4659,24225,0
5,2212,43607,0
6,2545,33851,16
6,5549,6985,0
15,2609,41046,11
6,591,19644,0
15,5539,38928,0
6,648,43987,20
6,628,6304,9
66,1173,43573,0
4,5966,42774,0
6,588,1722,8
6,609,6365,26
6,634,24960,15
6,603,1839,11
6,665,6442,5
6,942,2053,6
6,567,2093,4
6,579,33855,1
6,626,6389,3
6,628,34347,7
6,2543,6423,10
6,942,14823,5
6,2242,14507,81
6,2547,32116,50
6,571,32053,5
6,1939,22245,34
6,1939,33851,23
6,646,6614,13
6,1939,2236,12
6,612,22242,6
6,637,6423,51
6,629,14506,25
6,1892,14506,4
6,989,33854,53
6,3719,21465,11
6,613,34753,30
6,674,2235,45
6,639,21465,9
6,611,22242,22
6,2550,21465,15
6,638,34754,13
6,1078,22244,12
6,2242,1890,8
6,654,6452,18
6,4538,32117,28
6,2243,6389,25
6,4088,35920,34
6,598,15393,4
6,630,34755,2
6,2541,35372,19
6,618,6507,53
6,637,2258,9
6,639,14506,45
6,648,14506,18
6,1628,1916,10
6,603,6427,8
6,582,7091,19
6,2545,2216,3
15,1740,15199,4
6,579,1843,79
6,3184,2053,20
6,598,36563,2
6,4970,2258,32
6,4970,34757,25
6,644,6507,73
6,947,7091,15
6,4539,6537,8
6,619,14533,4
6,674,14823,11
6,654,15620,10
6,648,6278,23
6,5483,6278,6
8,1139,24833,0
6,5207,33853,44
13,2369,10233,0
6,633,14822,22
66,4980,37025,0
6,608,6319,19
5,5404,8042,0
6,5419,38621,73
6,583,14968,25
6,619,6246,18
6,672,2097,3
6,2541,2235,17
6,640,41396,12
13,5435,35392,0
6,591,1703,6
15,4765,33047,6
6,587,6999,13
15,2958,31616,0
2,3867,40398,0
8,5293,12001,0
6,614,2216,14
6,628,2258,6
6,640,6573,30
6,642,7091,15
6,641,40606,10
6,615,42172,8
6,593,33851,5
15,4762,41906,0
2,5371,31462,0
2,5446,40502,0
8,4952,11019,8
8,2778,16347,0
3,143,27716,0
6,598,6280,4
6,570,23135,106
6,4274,21466,35
4,3934,4627,0
13,826,9959,6
4,4953,22080,0
8,5027,11068,0
6,634,33853,20
6,5206,40224,8
15,4417,23372,0
4,5222,23393,0
13,5081,9905,0
6,621,43288,37
8,4389,37838,0
6,949,6423,38
2,1960,40363,0
6,946,30443,31
66,5822,41564,0
6,670,17976,19
6,568,6246,12
6,4000,7091,12
1,6014,13060,0
6,614,42173,2
6,608,19569,7
6,942,6573,32
9,1161,8627,0
5,873,37830,2
5,5913,28086,0
13,4022,16055,0
6,673,38621,11
15,3008,25593,0
6,652,43980,4
6,5419,44244,18
6,5207,19569,12
4,1011,40877,0
8,6147,44116,0
4,4723,27210,0
6,589,43287,13
13,2859,32177,0
8,3127,24118,0
2,4588,37835,0
6,4272,19569,13
15,4760,25099,0
6,2550,32054,58
13,3557,38140,0
8,1139,24834,0
8,5496,25517,0
6,2052,6613,14
6,2052,1843,7
6,946,24819,8
13,3433,17735,0
1,2012,12327,0
13,3496,32336,0
2,6082,38995,6
6,989,24819,12
6,5480,38621,19
9,2792,8680,0
6,2551,6246,0
16,5625,16383,0
1,5614,13060,0
6,641,36437,21
6,5419,6331,40
66,4852,36897,0
15,5191,33102,0
6,641,6309,17
6,4878,14821,10
6,649,32052,27
66,1633,37026,0
6,4088,6322,9
2,5371,40502,0
6,607,23139,37
4,413,37833,0
3,3017,34992,0
3,3295,40382,0
6,942,42172,10
13,5069,17735,1
6,5549,6686,6
15,2609,22279,10
3,1490,40382,0
6,941,34758,0
15,2609,28459,11
6,626,43285,12
6,1815,33851,13
8,4534,11018,0
6,652,40780,12
1,4209,23638,0
6,565,33853,5
6,669,6519,58
4,2344,4627,0
6,4538,14823,20
8,5850,40909,0
5,4028,41809,0
1,1165,13060,0
4,2925,4621,0
6,652,42172,1
6,637,42769,19
15,1274,43090,0
1,2009,40664,0
13,4245,32178,0
3,3012,35395,0
15,4761,31834,0
6,5719,42769,1
5,3493,39433,0
15,4911,41300,0
8,4682,44378,0
6,569,6693,5
6,567,1722,7
6,648,6459,71
6,1447,6512,6
6,568,2459,11
6,613,34347,18
6,609,24819,16
6,652,6693,17
6,1628,14507,62
6,650,24960,35
6,665,33852,63
6,1478,7165,18
6,2190,33205,27
6,581,14821,59
6,2244,32116,29
6,630,6985,14
6,631,34757,8
6,1892,15020,3
6,569,35372,2
6,2545,14506,28
6,2546,1707,8
6,596,35636,7
16,3313,18279,2
6,4273,1591,12
6,652,6427,64
6,576,25602,17
6,1078,22242,10
6,2541,2258,8
6,604,14822,6
6,630,15619,5
6,573,33854,21
6,1078,35636,15
6,949,6555,17
22,1799,34618,6
6,654,1703,6
6,635,1707,47
6,608,34752,35
6,628,7095,5
6,637,1890,2
6,570,14823,15
6,941,2053,5
6,4970,15620,11
6,582,14823,24
6,2244,32052,38
6,948,6278,5
15,3211,25140,0
13,2297,37829,0
6,5206,6325,2
13,4119,10392,0
6,588,33853,7
6,2550,1833,16
4,3782,40439,0
6,4001,1843,31
2,4024,4967,0
8,1995,37285,0
6,639,24048,2
6,649,7091,9
6,671,1843,2
66,1620,37025,0
3,3295,26044,0
17,4344,37053,0
6,628,19569,12
3,3709,26669,0
6,2245,24840,0
2,5371,31448,0
17,4838,14447,0
6,622,19569,6
8,5428,12000,0
6,640,32052,37
6,670,19569,0
1,3654,40662,0
13,4663,36501,0
8,2596,37047,0
9,2792,34083,0
16,2640,37419,0
6,2551,1645,8
6,5419,42771,28
66,2357,41811,0
6,675,6613,32
66,1566,39982,0
6,4710,14823,12
5,4659,40939,0
8,1709,40084,0
13,4048,41816,23
6,616,10836,7
15,3213,31616,0
6,4538,33853,2
6,5419,6686,1
6,5483,36563,21
13,826,26984,6
9,2791,41035,0
8,5600,44604,27
6,630,44516,2
3,2466,44036,0
6,616,14823,26
8,5422,40974,0
13,2292,18880,0
3,2860,37048,0
8,5231,42261,0
13,6017,38140,0
15,3178,25097,0
6,4540,6324,4
6,570,33853,38
6,602,36437,27
8,5495,25517,0
2,3248,42722,0
15,3211,14568,0
8,1699,35393,0
6,4000,45157,10
6,580,10836,4
6,5419,40606,17
3,2095,17183,0
9,2026,33998,0
8,5290,36095,0
8,4556,15569,0
6,637,6601,12
66,1659,37369,0
4,4824,23393,0
6,616,6686,27
9,3039,8639,0
17,5416,34857,0
2,5374,40589,0
6,2190,1645,2
6,605,6309,8
15,4762,41593,0
2,88,27208,0
8,1789,40909,0
6,5479,40223,9
15,2609,40817,7
1,2009,35133,0
6,581,33204,17
5,2212,40443,0
8,1260,40972,0
6,2549,2125,0
6,5481,14926,83
6,587,43285,17
9,1160,8617,0
1,4209,18105,0
13,4048,41616,1
6,610,6519,18
8,3346,37493,0
4,5768,34416,0
6,627,6379,9
6,587,44514,11
13,4245,43741,0
6,632,7091,15
9,860,37098,0
13,2535,10707,0
9,1158,40317,0
1,144,13060,0
13,2532,10725,0
6,633,6687,11
15,4766,31616,0
15,2609,25136,0
6,621,14922,53
6,591,6319,0
6,670,6423,0
9,2792,40318,0
15,4415,40000,0
6,628,6614,11
6,570,14822,10
6,574,19472,3
6,638,24819,13
6,668,24960,6
6,2541,22245,12
6,623,21465,21
6,1478,22244,16
6,647,15393,31
6,600,34754,14
6,4540,25602,6
6,651,20055,23
6,634,34752,31
6,565,19472,18
6,1478,34752,29
6,640,19644,14
6,573,35329,8
6,608,35372,36
6,609,30444,51
6,622,22244,1
6,666,22244,1
6,4000,36437,35
6,581,36563,10
6,4878,23137,21
6,949,7165,19
6,2547,34752,3
6,622,14533,6
6,663,15658,34
6,2543,7146,5
6,644,34754,30
6,603,14962,36
6,4970,38623,31
6,4614,6585,6
6,942,14964,5
8,5488,11427,0
3,3017,18370,0
9,1157,40436,0
6,641,1707,25
8,5231,10912,0
6,2541,14822,15
15,1274,38211,0
13,4134,18883,10
15,2959,38085,0
6,942,7144,13
6,5419,24839,49
6,650,4974,20
6,4849,32052,13
6,640,7151,13
6,5419,14821,46
2,2286,23965,0
15,4763,41593,29
6,669,2450,8
6,1447,4974,11
13,5287,9964,0
6,1078,42173,0
9,3040,18001,0
8,3249,25517,0
2,2603,19098,0
3,3426,32505,0
6,1815,2125,3
13,5436,37421,0
13,3558,42735,0
2,5393,42398,0
6,616,7091,4
4,4362,41426,0
8,2425,44378,0
66,2695,39551,0
8,5296,11067,8
2,5263,40057,0
1,3845,38049,0
6,2168,44514,8
15,2958,14263,0
3,2095,18368,0
3,5731,26044,0
15,2607,15608,5
4,2378,4141,0
6,944,43987,4
6,5419,1890,31
6,589,15395,6
6,663,42786,10
6,2550,1645,12
13,4134,9852,24
6,2545,42770,0
6,2543,38623,13
15,4765,44120,0
15,1270,40000,0
66,1224,39542,0
6,630,42771,3
6,669,6555,20
8,1139,15569,0
13,2297,17735,0
5,5729,8310,0
1,1305,43632,0
8,5399,44604,0
8,5026,37270,0
4,939,40442,0
5,5083,36089,0
13,5840,37839,0
66,2819,36943,0
66,2819,36801,0
4,3782,23512,0
15,1277,32166,0
15,3004,38928,0
17,2770,37280,2
8,4556,11253,0
6,941,6324,0
66,4855,41564,0
17,5300,37053,0
4,4953,4315,0
4,2282,30188,0
8,2778,11067,0
6,626,40224,1
6,571,14333,2
66,1224,37577,0
9,854,31704,0
8,1705,15569,0
6,605,19569,8
15,3213,22530,0
3,3708,34699,0
6,644,6537,10
66,2356,37577,0
66,4863,36943,0
15,2609,25593,10
6,1938,19569,12
4,2282,41425,0
5,4659,28857,0
6,603,6309,1
4,1902,41424,0
5,4562,8042,0
6,570,40781,19
6,639,40224,7
6,586,1591,7
6,650,2053,127
6,944,6693,18
6,599,2018,482
6,626,6442,7
6,630,6403,89
6,599,32054,10
6,620,6389,21
6,644,32117,20
6,944,6512,117
6,570,14990,103
6,600,15395,6
6,1892,6512,24
6,2168,24960,13
6,653,7165,29
6,649,6507,64
6,663,6693,18
6,665,14507,6
6,582,1839,34
6,4088,14966,316
6,632,14920,285
6,1892,15393,155
6,599,14507,69
6,2549,2013,90
6,609,14968,75
6,1892,14959,77
6,650,34347,30
6,639,6512,127
6,1477,6507,45
6,629,32117,16
6,651,14959,108
6,2190,14821,178
6,621,17110,40
6,2549,14506,109
6,648,6507,109
6,653,14507,11
6,626,6614,56
6,2550,19472,32
6,605,21466,19
6,1892,33854,17
6,642,34755,16
6,2245,22244,67
6,582,23135,221
6,651,15004,36
6,948,32117,42
6,609,14964,585
6,581,14966,425
6,948,17976,287
6,2551,22244,42
6,594,2235,33
6,1892,30446,104
6,2168,2018,318
6,606,35328,2
6,611,14822,5
6,2242,35636,21
6,2168,35330,21
6,618,14970,190
6,616,17976,312
6,621,6423,13
6,675,14506,7
6,2547,35374,21
6,1078,14506,21
6,669,1636,3
6,989,34753,70
6,611,32054,10
6,2245,22242,54
6,673,14506,19
6,663,14823,205
6,1478,6423,41
6,594,34753,63
6,674,35330,3
6,942,6507,81
6,4274,34752,45
6,609,33854,80
6,2550,22242,39
6,879,35328,1
6,641,14959,67
6,628,17976,174
6,635,33854,102
6,608,14966,399
6,668,33852,38
6,628,14920,45
6,570,33851,85
6,581,6613,52
6,2190,35636,10
6,668,15395,116
6,650,14823,149
6,568,14823,30
6,593,23098,61
6,638,14963,127
6,654,17976,263
6,2190,34758,123
6,2541,17976,346
6,641,23138,70
6,1815,17976,478
6,942,23138,33
6,613,1591,11
6,634,14821,101
6,989,14822,30
6,623,2053,13
6,626,14821,82
6,615,1591,43
6,2545,15658,114
6,654,35919,173
6,633,14963,376
6,944,15658,49
6,626,23098,173
6,582,14964,408
6,665,7091,18
6,634,2097,136
6,665,6319,78
6,665,6507,200
6,2244,1707,61
6,582,7144,31
6,1892,23134,88
6,2551,34754,73
6,2168,2258,62
6,2244,17976,306
6,4614,15021,66
6,644,6319,76
6,581,36437,90
6,652,6265,111
6,611,15023,199
6,611,1703,32
6,1477,23097,37
6,649,7150,30
6,648,6512,143
6,4001,15658,42
6,460,15619,14
6,583,7165,16
6,609,30447,129
6,640,15658,38
6,646,36563,4
6,569,2097,51
6,594,2097,162
6,576,6319,9
13,4046,29654,24
6,599,15024,246
6,582,14961,136
6,651,6999,27
6,616,6265,70
6,593,33853,11
6,594,2450,16
6,588,15395,141
6,576,2018,64
6,2551,2258,68
6,654,33853,32
6,944,6427,108
6,1628,38623,41
6,628,33852,39
6,2543,33852,11
6,3184,1636,2
6,4274,6319,39
6,4970,1707,65
6,2168,2097,246
6,639,6319,89
6,581,1843,105
6,611,6324,45
6,594,33853,68
6,617,23099,36
6,654,6620,37
6,580,23099,61
6,644,2097,22
6,628,19644,2
6,948,6601,28
6,568,38162,8
6,653,6319,31
6,5482,14822,8
13,2292,29651,0
6,622,6427,98
6,2245,19472,31
5,3489,27712,0
13,2859,10707,0
6,2052,38622,13
6,630,14966,373
6,576,7150,53
6,4970,1636,12
6,607,30444,103
6,577,1703,3
6,2242,15658,151
6,599,35921,164
6,1815,32054,47
6,668,15024,149
6,579,2053,17
6,633,23097,141
6,635,6519,147
3,2194,5612,0
8,4726,11182,0
13,2410,10707,0
6,2243,6999,80
6,591,6265,17
9,851,31555,0
6,616,14919,143
6,633,6246,26
6,628,1843,72
6,663,6601,138
9,3345,8639,0
6,637,1707,11
9,2787,35497,0
4,3937,30188,0
6,1477,6324,15
6,1815,1890,37
6,622,23098,83
6,641,15023,135
13,4134,9866,8
6,594,1839,66
6,4005,7091,5
6,634,2450,1
6,2190,38621,90
6,593,2097,32
15,4765,32924,8
6,2550,2097,152
6,946,15393,43
8,5234,11427,0
6,608,15394,106
6,1447,6613,2
6,646,6423,59
4,3695,34694,0
1,5784,13060,0
6,4274,6452,15
5,4658,27843,0
8,1260,25517,0
15,2608,30579,0
6,5483,15023,138
1,2009,13060,0
1,2012,22556,7
6,5419,6246,160
4,1565,40440,0
6,5483,40611,13
2,358,19098,0
6,624,6507,67
6,642,15658,38
6,4270,7047,20
6,648,6573,58
66,2321,37365,0
6,635,15620,50
6,622,1636,15
3,2598,32506,0
6,5418,1890,24
6,626,24820,17
13,4045,18880,14
6,632,17976,163
6,948,33853,57
6,614,14533,8
6,569,1636,43
6,4540,33852,8
6,576,17976,358
6,4970,6537,48
8,5396,11523,0
6,626,19569,19
13,4584,41816,0
6,640,6459,211
6,633,15023,259
9,859,8626,0
6,1628,1843,290
4,3540,24208,0
6,598,2450,2
6,4970,1843,145
3,3341,5199,0
6,582,42771,12
13,826,29654,12
9,1156,27384,0
2,5392,40502,0
6,568,15024,417
6,941,6265,0
6,2245,17976,306
2,1230,19098,0
6,667,42787,12
6,646,35375,15
16,5098,16206,0
5,5710,41808,0
6,460,6265,42
6,879,36437,14
6,576,33851,33
66,1224,37365,0
6,571,23135,32
6,4001,40223,0
6,646,14991,39
6,4003,6246,17
6,576,1636,34
6,1477,43283,9
13,5069,29887,1
6,612,30447,58
6,645,6265,61
6,663,17976,310
1,4936,26060,0
6,948,6423,122
6,579,14964,105
6,2549,33851,21
6,641,15393,84
6,665,6462,62
6,599,43282,17
6,629,30446,71
3,2095,5898,0
15,4913,14568,0
22,1797,43431,40
9,3042,40422,0
4,4758,40707,0
15,2621,25593,8
15,3735,30992,0
9,2788,8680,0
8,5601,40110,0
6,597,45221,1
6,644,6303,6
15,3005,15633,0
6,611,14963,317
13,4663,9905,0
13,4134,31301,7
6,2550,2235,45
6,595,42173,3
13,2539,10041,0
3,2598,44566,0
4,1706,42776,0
9,2794,42796,0
66,4855,36898,0
6,5479,19644,38
6,5482,19569,51
6,5481,6512,104
6,1628,43287,33
6,607,14922,205
8,2425,15675,0
6,1815,1839,39
6,594,14961,172
6,942,6459,93
6,593,2511,35
6,652,17976,524
6,639,42173,22
5,1140,24871,0
6,2244,2216,19
6,2243,6512,94
8,2600,11523,0
15,5191,41045,0
3,2429,23267,0
15,5191,15633,0
8,5494,22237,0
6,2052,1703,16
15,4761,25593,0
66,2288,36790,0
6,607,44514,6
6,667,42769,33
6,602,30447,53
6,1628,6537,24
6,597,15395,142
6,945,6573,3
6,5482,43980,7
13,3862,39022,0
6,611,19569,43
6,606,15393,95
4,1742,19322,0
6,598,1703,71
13,2297,22480,0
6,587,23133,92
9,2792,8650,0
6,600,34758,21
6,616,6507,144
6,637,7150,43
13,826,9934,4
13,826,40258,10
4,5016,28244,0
6,569,15021,123
6,5483,30446,42
6,5419,19644,25
6,4538,7095,19
6,942,35919,26
6,598,1636,66
15,2959,33102,0
9,859,40317,0
6,596,2093,1
6,595,17976,26
6,637,15023,108
6,616,30443,45
6,599,6309,51
6,608,14989,232
6,634,1645,10
6,588,14925,45
8,4179,37270,0
6,5481,14991,197
6,4878,33204,18
6,653,6462,22
5,2213,36483,0
16,3314,18279,0
1,2010,18106,1
6,580,30447,59
6,645,30446,83
6,645,23138,76
6,5481,14963,326
1,4209,37832,0
6,599,1708,39
6,2190,14533,73
6,949,42786,6
16,4184,19626,0
5,4873,41651,0
5,5064,28297,0
6,5419,2216,49
6,5482,30446,76
6,597,15024,171
6,576,6613,7
6,616,42769,16
6,628,43285,4
6,2549,17976,390
6,5716,14821,0
6,599,40781,44
6,599,6507,80
6,619,1708,23
15,4762,25147,24
6,621,14961,60
8,1699,11427,0
6,649,14533,30
4,3911,42775,0
6,942,6319,54
1,1672,37993,0
3,2860,41845,0
6,669,6573,28
13,826,43454,5
13,826,42735,5
13,826,9964,24
9,2792,8952,0
6,617,30444,30
6,616,43280,10
6,627,2053,65
2,5392,40480,0
2,5447,40501,0
9,854,8627,0
6,4273,34758,56
1,2009,36757,0
8,4727,38990,0
3,3012,29748,0
13,4045,10733,10
1,4209,35326,0
2,21,42108,0
4,5223,30188,0
6,2545,40224,11
6,669,6319,62
3,1179,39741,0
6,622,17976,279
6,946,14991,77
1,5800,41612,0
4,1196,40659,0
15,2609,14711,6
15,2613,39834,0
6,631,14959,23
6,649,17976,816
6,4000,2125,13
2,5885,42107,0
5,4224,43607,0
2,6082,23261,6
13,5165,10022,0
6,610,6507,24
6,628,15394,51
6,633,6459,81
15,1739,14213,0
13,4245,10233,0
4,4758,41426,0
6,640,1591,33
17,3992,41069,0
9,1158,8662,0
6,568,7165,78
15,2607,18935,0
6,607,15395,183
6,599,1846,7
2,6082,25444,3
13,4045,41554,5
6,3719,6512,54
6,627,30446,7
6,644,32053,28
6,568,32054,30
6,944,32052,88
6,581,14989,181
6,641,17109,29
6,581,6246,22
6,635,33855,88
6,644,15168,22
6,647,14821,25
6,669,6613,93
6,2168,15007,84
6,2547,7165,8
6,3719,6680,6
6,635,6389,39
6,574,6324,4
6,632,14821,12
6,630,32054,18
6,2190,6459,194
6,603,14966,217
6,650,19644,68
6,4004,21466,6
6,609,15007,39
6,639,33852,31
6,1628,21466,3
6,570,14507,28
6,2190,33204,166
6,648,34754,53
6,989,32116,22
6,648,34346,3
6,948,7165,91
6,4000,22244,10
6,989,22244,19
6,651,14506,19
6,579,34753,18
6,634,17976,91
6,645,23097,93
6,2245,34752,35
6,601,21466,9
6,620,7165,54
6,2550,22244,25
6,652,14991,61
6,2242,21465,154
6,4272,6507,33
6,628,14966,114
6,2549,32117,13
6,579,32116,16
6,948,6462,80
6,942,14959,83
6,609,32117,326
6,2549,32053,21
6,595,14964,241
6,594,1890,72
6,583,19472,13
6,653,34754,9
6,573,2053,24
6,588,17976,269
6,619,15395,15
6,653,34755,15
6,649,15658,126
6,627,22242,19
6,2547,2018,89
6,2168,23135,355
6,573,35372,1
6,618,33854,11
6,946,6704,10
6,628,34757,68
6,639,15020,7
6,570,14925,39
6,606,14959,52
6,588,1645,23
6,644,6512,117
6,599,14922,262
6,599,34757,37
6,1477,34755,11
6,1628,35330,7
6,4539,19472,29
6,665,6452,7
6,2242,17976,763
6,2244,1636,16
6,594,32117,93
6,2168,35921,323
6,4001,14506,116
6,1078,34752,20
6,4710,36437,36
6,2052,22242,4
6,609,2013,99
6,4274,24820,49
6,598,15658,18
6,2541,2511,74
6,601,6507,55
6,627,14823,70
6,2547,36437,34
6,949,14506,14
6,639,6985,13
6,4088,6459,18
6,1078,7165,12
6,622,15620,6
6,4614,33851,6
6,581,14962,78
6,581,6507,57
6,665,2511,149
6,4004,6459,4
6,638,14823,17
6,4273,15658,10
6,607,6507,46
6,646,7091,10
6,673,34754,14
6,669,34754,35
6,4620,17976,84
6,638,34752,40
6,650,6620,94
6,654,19644,57
6,641,6265,80
6,628,36563,16
6,1938,2511,107
6,2551,2235,19
6,4878,14966,132
6,594,17976,496
6,674,7091,22
6,880,7146,10
6,603,6687,4
6,641,6459,158
6,645,14967,76
6,668,2013,78
6,2547,1890,28
6,4620,6278,6
6,582,14990,219
6,654,23138,228
6,565,35921,38
6,4878,38623,74
6,5207,1841,9
6,5207,1703,61
6,634,14822,23
6,588,7150,36
6,640,38622,23
6,599,38621,130
6,654,23134,206
6,642,36437,68
6,1447,17976,27
6,2245,14822,40
6,571,7091,6
6,4539,7091,3
6,634,6266,34
6,3184,2511,1
6,646,7150,36
6,2242,39891,26
5,3700,27813,0
6,646,6319,42
6,597,6278,9
2,5346,36781,0
6,673,1843,3
6,582,1890,112
6,635,19569,106
6,603,23098,83
6,944,6601,62
13,4663,26982,0
6,576,38623,18
8,5606,40110,0
6,599,19644,50
6,1815,2511,105
6,608,6507,35
6,944,19569,47
6,637,6459,115
6,591,2511,33
6,2190,6537,94
9,851,8687,0
6,588,23135,114
6,608,23098,113
6,2551,14533,11
6,2244,6537,12
6,618,15006,66
6,5207,7146,38
6,642,14822,16
13,4135,26462,9
6,4849,40611,60
6,663,6583,13
6,594,15007,46
6,594,7165,104
6,608,17976,108
6,571,40782,8
9,859,23724,0
6,612,14964,152
6,638,33204,38
6,622,6512,29
6,4539,34758,5
13,826,29657,17
9,1153,34083,0
6,601,6555,17
6,565,1591,32
8,5603,11427,0
6,630,6265,60
6,571,14968,31
6,595,14990,42
6,949,6322,20
6,667,6319,168
1,2009,22556,0
15,2614,41046,0
9,3039,18001,0
9,1069,42651,0
6,571,6321,4
6,663,41084,11
6,667,6999,98
6,2245,40224,0
6,626,23133,242
6,665,6601,55
8,2850,11018,0
8,5396,37285,0
6,5207,7150,2
66,4845,41812,0
6,2549,19569,10
15,4765,18471,21
9,2787,8670,0
6,634,38623,25
6,640,6613,117
4,4758,25424,0
4,3695,25424,0
6,616,35919,90
6,639,6686,39
5,5202,22081,0
2,5391,37312,0
6,663,32052,38
8,1789,37285,0
3,141,17183,0
2,5393,40350,0
6,588,2018,70
66,5822,39542,0
6,4614,40777,8
6,675,14823,25
13,5165,10233,0
6,627,33853,11
6,4270,6459,25
3,1491,27716,0
8,3175,21490,0
6,948,6613,103
5,5710,8042,0
4,4804,4627,0
15,4911,41046,0
6,632,35920,201
6,580,15024,89
8,4358,15569,0
2,67,4967,0
13,4048,38140,47
6,4540,42173,9
6,581,6462,24
6,630,6507,35
6,675,6459,12
6,2168,10836,7
8,1254,39832,0
9,1152,41041,0
6,948,7051,4
6,611,1708,17
9,2787,40316,0
6,5207,38623,28
6,5483,43283,38
6,4540,15395,58
6,4970,1839,46
6,569,7146,33
2,5908,25430,0
6,622,36437,11
6,642,6324,38
3,6011,5612,0
6,568,6512,72
1,6061,13060,0
15,3208,14575,10
6,647,42769,9
6,5207,6507,45
8,4733,24834,0
6,653,15393,102
6,5481,1703,5
6,641,14919,70
6,648,33853,26
6,5479,7165,29
6,606,6462,34
6,611,6246,65
13,5408,10373,0
6,620,6507,64
6,669,6507,122
8,5495,36303,0
6,5479,6278,26
13,5519,32273,0
6,674,2125,0
66,4987,37027,0
9,3345,19806,0
15,2607,25147,8
6,5717,33204,0
2,5736,36184,0
17,5302,14722,0
15,5894,28455,0
8,6150,11021,0
2,4623,43384,0
6,5550,7165,0
6,597,43288,35
13,3546,9905,0
6,635,21466,41
66,2357,43573,0
4,2641,44022,0
3,3017,27715,0
6,567,1914,6
6,588,32117,21
6,650,32053,59
6,942,14821,4
6,2245,32116,18
6,617,34346,4
6,947,14506,1
6,594,14914,36
6,652,32117,13
6,2168,14823,61
6,4003,32052,27
6,2541,34753,10
6,2541,34754,23
6,4275,34347,5
6,569,2053,24
6,946,23099,2
6,625,14822,3
6,577,21465,1
6,667,34754,7
6,2547,35372,15
6,611,30443,40
6,608,1645,5
6,2541,32052,25
6,613,21466,29
6,626,34752,56
6,943,35374,4
6,4710,2053,4
6,629,6512,39
6,597,7150,1
6,671,33852,1
6,589,34752,6
6,579,2258,21
6,948,6321,31
6,2551,2216,34
15,1740,25098,4
6,4003,1703,21
8,5496,11224,0
6,5206,33853,4
13,3595,9964,0
6,641,1728,4
6,2545,7095,10
2,5264,36414,0
6,663,33853,21
6,667,6537,14
15,4765,36115,8
4,2383,40442,0
6,1814,1707,41
4,2385,19323,0
43,3254,27928,0
9,2071,37184,0
8,5524,36503,0
17,5545,14721,0
6,667,6309,34
6,595,1703,16
4,2678,41424,0
9,2788,25508,0
6,598,34758,13
13,4120,22480,0
5,4217,41140,0
66,2432,37577,0
6,607,6322,22
5,2902,7365,0
6,565,6280,13
6,4538,1833,8
6,663,42768,10
6,582,42768,8
9,1156,42652,0
15,4760,33047,0
6,4849,38623,5
6,2168,40224,4
66,4983,37026,0
6,648,2511,37
6,653,6309,11
6,4272,6452,4
13,2859,37839,0
1,5976,18581,0
4,5158,40707,0
3,4260,27716,0
6,5481,6379,20
6,949,1833,1
8,1912,11523,0
6,620,2216,27
5,873,28284,5
13,4245,26988,0
13,2410,29654,0
13,5244,26988,0
13,3557,32177,0
15,2621,41046,2
8,5428,36301,0
4,3001,4423,0
3,2471,41662,0
6,592,42173,14
6,4274,14506,13
6,606,38621,1
6,616,42770,1
6,1477,6321,13
3,2599,29718,0
4,3951,4627,0
4,2925,19323,0
8,5495,27209,0
1,6216,38049,8
5,4836,22081,0
17,2473,43034,0
6,1815,19569,26
4,4747,19323,0
6,946,6281,14
6,4001,14822,6
9,1155,33775,0
9,2791,19805,0
6,642,40604,14
6,568,38621,12
9,2790,8572,0
6,4710,4974,0
6,5550,2097,3
6,1892,40223,3
6,567,34758,2
3,3709,30088,0
8,5492,40909,0
8,2462,11427,0
6,5419,32052,95
13,5164,10725,0
6,5483,6322,18
6,620,40777,1
6,5419,2450,27
66,4987,36811,0
66,4857,40705,0
8,5026,39832,0
6,598,1708,2
9,2790,19141,0
8,2714,11253,0
9,2794,41039,0
6,944,1591,23
8,3920,37493,0
6,1477,6686,2
6,650,6452,56
6,645,42768,9
1,5976,40665,0
13,5435,9934,0
5,4363,30187,0
1,5800,41960,0
6,5418,6686,12
4,1485,40659,0
5,2800,8310,0
15,3452,14255,0
5,4601,42750,0
4,2678,4522,0
17,4394,41493,0
9,1158,33995,0
6,1447,6324,4
3,4946,40645,0
15,1270,15604,0
4,5223,43679,0
6,595,14823,6
1,2222,30484,0
6,604,6324,9
6,645,6403,7
6,653,15168,2
6,645,6680,4
6,645,14507,5
6,668,34753,21
6,651,33852,21
6,989,34758,48
6,613,22245,10
6,2245,35375,13
6,2243,6507,76
6,672,32052,3
6,608,6985,20
6,989,21468,36
6,597,24960,1
6,2242,25602,6
6,579,19472,29
6,1478,24820,6
6,649,19472,5
6,653,33854,18
6,570,34753,36
6,1939,32052,35
6,581,35374,5
6,667,32054,10
6,587,32053,15
6,608,36437,26
6,1078,15658,4
6,597,6507,2
6,650,6985,117
6,621,6512,8
6,2243,6433,13
6,594,15658,81
2,2575,446,0
15,1740,14800,6
6,4088,6620,14
6,879,34752,9
5,1140,26195,0
3,2095,24173,0
5,4027,28300,0
6,4003,38623,18
4,3897,37833,0
8,5492,37838,0
3,3995,5592,0
8,5536,40471,0
6,673,7165,23
6,573,6537,8
3,3925,5673,0
6,5482,6281,53
6,571,40781,14
13,826,10725,4
66,4862,39542,0
2,5335,39331,0
4,2383,34416,0
6,667,33853,20
17,4838,37281,0
9,1157,31553,0
66,1319,37027,0
3,3516,29748,0
3,4946,22934,0
2,5368,31449,0
9,2794,31704,0
13,3753,26984,0
3,1490,22934,0
17,5707,14417,0
66,1566,37027,0
13,2296,16142,0
9,2792,42652,0
66,4870,39551,0
3,1489,22934,0
4,4829,40659,0
6,5479,34758,36
8,4966,11427,0
6,582,40781,28
1,4809,13060,20
6,596,6246,7
6,596,1591,0
1,4209,22556,0
6,4275,6321,39
6,4849,19569,2
6,1478,14533,1
17,2724,40353,0
15,5191,22280,0
2,135,25430,0
6,600,6423,0
3,1263,40644,0
6,2942,6512,0
6,626,42786,4
15,4761,39851,0
6,667,42768,11
4,2636,30188,0
6,5482,42786,7
2,1960,42108,0
8,5497,29576,0
2,88,43382,0
5,5241,43607,0
6,599,33204,18
6,669,6985,2
6,637,2511,63
13,4298,38140,0
5,2212,33633,0
6,573,30447,24
6,944,6321,20
15,5191,41658,0
4,2448,43679,0
16,5829,23407,0
6,621,7165,12
6,581,41083,22
15,4765,18935,0
6,640,40611,8
6,4971,7091,6
13,826,10733,4
4,5529,4315,0
15,1609,29566,0
6,628,38621,27
15,4765,28457,14
4,4953,16587,0
66,1633,37370,0
3,658,34450,0
6,599,6601,2
66,2355,36800,0
13,3638,35392,0
8,3481,15569,0
15,2610,38931,0
5,4028,34364,0
6,606,6459,31
13,1083,29657,0
8,4699,15569,0
8,4389,39739,0
2,2952,23965,0
8,5851,42261,0
15,4765,38549,0
6,946,6309,10
13,1085,10732,0
8,5425,36301,0
8,3355,25517,0
13,4298,10233,0
1,5800,41954,0
13,5069,18880,6
6,2243,2093,10
6,571,41395,3
1,2010,22556,4
8,4682,40972,0
1,3654,18105,0
6,630,6423,8
8,2600,37493,0
4,3915,36508,0
6,460,42771,8
6,667,7051,5
9,1160,41035,0
13,4046,26988,7
17,2847,37280,0
6,4614,6537,6
6,5207,2450,0
1,6216,31091,16
2,6082,38531,8
6,633,33851,33
9,1160,40317,0
13,4134,43741,3
6,606,6555,6
16,5098,40254,0
8,6150,44116,0
6,565,32052,30
6,623,1722,5
6,627,6693,4
6,665,14821,43
6,3719,24205,1
6,645,22245,5
6,579,21468,16
6,623,6389,6
6,669,32629,12
6,596,21465,7
6,627,32053,10
6,601,34753,2
6,2541,22244,18
6,583,35328,4
6,4003,34753,36
6,1939,34755,9
6,4088,35374,7
6,4539,21466,7
6,4088,35636,10
6,2543,19472,1
6,4275,34755,22
6,948,6518,8
6,675,21466,1
6,2052,2236,1
6,1476,36437,11
6,611,7095,18
13,4046,32336,18
6,4270,6423,20
6,629,14533,5
6,601,6613,16
6,5481,39891,10
6,663,6433,8
6,614,1707,11
6,576,14823,18
4,249,3950,0
15,4761,26465,0
5,1295,40261,0
66,2691,39962,0
6,581,6322,21
6,599,38622,44
17,5300,18190,0
6,602,15024,28
9,1160,40316,0
6,565,20061,36
6,674,6304,0
6,4003,36437,42
6,640,45221,33
6,4540,17110,18
5,4646,37416,0
8,1258,39832,0
2,4822,21358,0
8,5231,40084,0
6,641,6246,74
6,593,1636,28
3,3017,29748,0
6,663,7144,30
4,2932,38913,0
6,591,6423,5
6,642,40606,16
6,4538,1645,16
8,3175,37838,0
8,5394,11427,0
6,645,20055,43
9,3345,40317,0
6,5418,6319,147
2,5335,40492,0
66,2356,36797,0
6,667,6551,40
6,1628,19644,73
6,581,40611,19
6,4971,32054,9
6,598,6583,10
6,5479,14963,91
6,5481,40224,37
8,3572,11068,0
6,644,6601,32
6,573,7091,6
13,3496,9964,0
4,4829,4627,0
6,4849,42769,39
9,2026,31553,0
3,5748,4,0
6,579,14823,42
2,3500,4967,0
9,1156,40316,0
6,565,7095,7
6,5419,17976,234
6,4614,14924,28
3,3003,24827,0
8,4682,37285,0
13,4950,29651,4
6,633,40224,14
1,3651,13848,0
6,944,2258,8
8,5741,37493,0
6,639,14959,110
3,2095,24880,0
66,4855,36875,0
6,652,1890,20
6,628,6507,28
6,2168,44244,9
4,2448,14532,0
15,1276,18935,0
8,2600,12000,0
6,580,6537,2
6,3719,6281,14
6,644,43980,12
3,2095,40385,0
6,609,6321,13
13,4133,29773,4
6,3719,6309,25
9,858,40318,0
6,641,42771,9
6,1066,42172,2
9,1160,8680,0
15,4764,30888,0
6,4710,1890,33
6,669,6462,28
6,587,40223,30
6,568,6321,117
22,1797,33964,10
6,594,43287,50
6,595,6573,5
6,596,33855,4
6,570,7165,91
6,588,19472,26
6,648,32054,13
6,567,6993,1
6,581,7146,46
6,581,14912,40
6,571,6423,30
6,944,32053,52
6,2547,14507,44
6,665,6338,7
6,654,6324,39
6,2190,6507,191
6,1938,14823,99
6,2242,22242,90
6,1939,34346,11
6,571,14822,2
6,639,34754,44
6,2190,34755,92
6,651,24819,13
6,650,14507,154
6,4272,19644,14
6,639,34752,28
6,1478,6985,9
6,2245,32053,33
6,611,6459,124
6,2245,32052,10
6,599,33852,124
6,1447,14821,5
6,603,14506,30
6,608,14920,285
6,610,19644,5
6,664,14507,6
6,627,34753,21
6,610,15395,65
6,609,1645,46
6,1478,14507,9
6,2545,32054,27
6,653,35372,6
6,879,14821,7
6,641,33851,27
6,651,6985,21
6,669,22245,17
6,3719,14506,22
6,631,30446,68
6,616,21465,18
6,2551,1713,30
6,2245,35372,72
6,1628,21468,30
6,4270,22242,34
6,4620,1841,3
6,594,14990,174
6,588,19644,25
6,948,32458,13
6,582,32052,16
6,626,6452,1
6,653,19472,5
6,2549,19472,35
6,623,23135,26
6,634,33204,12
6,582,14821,23
6,641,33852,19
6,2551,15658,110
6,650,7091,13
6,674,2511,4
6,2549,2511,47
6,634,34757,20
6,634,2216,11
6,611,34754,22
6,607,6459,33
6,626,22244,12
6,945,6319,5
6,638,2258,45
6,4878,24819,34
6,4878,7095,13
6,601,7150,17
6,652,1728,3
6,609,2097,269
6,654,7091,2
6,648,33852,80
6,1628,7150,231
6,640,6265,111
6,599,33851,83
6,665,7151,13
6,654,7095,55
6,4614,30442,42
6,609,2053,66
6,582,23139,162
6,2551,2097,77
6,2549,34753,28
6,2547,2097,26
6,633,6265,64
6,637,14533,5
6,597,34753,8
6,588,20061,25
6,879,17976,54
6,946,23134,71
6,652,6324,24
6,674,14821,17
6,576,2511,116
6,576,7091,24
5,873,7373,3
4,4286,28212,0
6,2243,38622,8
6,647,14533,1
6,2245,2097,36
6,641,6518,2
6,620,6319,62
6,565,6507,102
6,644,2200,1
6,598,6999,16
6,570,1839,78
6,569,6319,35
6,645,40223,27
6,460,6459,50
6,642,33204,18
6,5483,23097,47
6,569,6246,43
6,646,2511,4
17,5119,14417,0
6,4970,6507,87
4,4723,37833,0
6,635,34755,41
6,2168,7091,36
6,4538,2511,44
6,944,6309,46
6,5483,34758,25
2,5335,40586,0
2,5340,40589,0
5,3700,39433,0
6,570,2097,90
6,5481,2053,12
6,4270,24819,50
6,2052,6999,11
6,5480,15023,8
17,2739,40061,0
6,667,14823,100
6,5483,40606,10
6,4274,32117,22
4,2813,37833,0
6,1628,35375,27
13,1080,10144,0
6,612,2053,6
6,573,23099,41
2,5335,40503,0
6,621,40604,6
6,4270,6507,45
6,949,41396,1
6,639,33853,84
6,665,32052,80
6,4538,1890,14
6,667,6614,26
6,652,33204,4
6,4002,14506,53
6,622,1703,30
6,944,2125,20
3,2466,30189,0
6,565,14990,39
6,2168,2013,270
8,3998,30186,0
6,577,6321,20
6,4970,1890,175
6,4970,14533,20
6,5716,6423,0
6,599,6246,48
6,5549,42770,7
6,611,23134,40
8,3128,11067,0
6,637,32052,26
9,2794,41041,0
6,647,17976,45
6,947,6324,2
6,4540,6459,18
6,2242,1591,55
6,879,15394,23
6,669,42173,10
6,942,6265,53
6,944,1645,14
6,612,14961,21
6,2245,33853,0
6,948,6573,29
6,5482,6452,10
15,4764,41046,6
6,4849,6613,81
6,565,17976,54
6,644,14823,47
6,5481,6573,45
3,6011,29748,0
6,652,6573,16
6,631,6573,23
15,4759,32851,0
6,4088,6999,19
6,633,15658,60
6,4878,43281,3
6,2168,2235,85
6,1628,15024,146
9,2789,31553,0
66,4986,37370,0
6,637,14959,53
9,851,41774,0
66,1634,42144,0
6,5483,41085,7
15,3208,41053,6
5,4646,43956,0
8,4178,11253,0
6,4878,40223,47
6,594,42771,28
6,595,14961,95
13,2538,26982,0
4,3855,32795,0
3,3295,4,6
6,594,1703,78
6,1066,2449,12
6,651,38622,13
6,5482,6985,6
6,570,43282,8
15,4764,29566,11
6,644,6379,6
6,608,39891,8
5,873,28298,1
15,3178,25593,0
6,582,35921,192
6,2550,19569,40
8,1344,11427,0
8,4674,37493,0
6,581,6459,94
66,4852,36898,0
6,599,1839,83
8,2007,36498,0
6,614,2018,24
3,3012,37779,0
6,665,19569,73
15,2110,44618,0
6,668,6462,5
8,5495,11021,0
5,1237,28297,0
13,4950,10041,22
6,3719,42787,12
6,570,35921,98
8,4484,11427,0
6,944,6319,76
6,597,6246,7
9,2792,33998,0
6,2242,6543,3
6,595,35921,43
6,641,6281,21
66,2819,36821,0
6,570,38621,10
6,633,15393,201
2,5336,40586,0
6,5483,38621,11
2,5335,39336,0
2,5337,4967,10
6,571,33853,15
15,3180,29566,0
6,605,40223,5
6,649,6551,11
15,3212,22364,0
6,645,6459,55
6,621,2053,30
6,941,36437,7
8,1698,11420,0
66,4846,37027,0
6,605,12171,8
9,1161,19806,0
6,2190,6613,130
1,2008,22556,0
6,4540,14990,18
6,4614,14989,92
8,1698,24878,0
2,1230,43384,0
13,2533,16055,0
6,652,6246,22
6,2545,2125,2
6,663,40223,13
3,3031,37837,0
8,3870,39832,0
2,39,21358,0
6,2168,6512,18
6,631,6999,50
4,5861,4141,1
13,5868,10373,1
1,4519,13060,0
6,620,15620,2
6,644,19569,29
13,2410,37269,0
6,2541,7091,6
8,3127,11439,0
13,4134,16146,10
66,1634,39969,0
4,4953,41425,0
6,644,6278,13
5,3922,28086,0
5,5726,40895,0
6,632,6687,12
6,568,6309,15
15,3213,41593,0
6,2549,6537,13
5,5913,41140,0
15,4759,41053,0
66,4860,41810,0
6,5418,36437,180
6,5418,6583,50
6,611,38622,4
15,2621,30888,0
13,826,37421,2
6,945,6537,10
2,1960,21358,0
6,611,38621,21
6,670,4974,0
17,5416,24028,0
3,2860,27715,0
9,860,8617,0
6,1066,40223,11
8,1958,11018,0
1,1245,13060,0
8,5423,16347,0
6,948,44244,8
8,4727,15569,0
13,3862,9905,0
6,583,34758,8
8,4699,41901,0
6,599,42173,23
15,1608,18471,2
15,3452,23372,0
6,1815,2235,12
66,2691,39977,0
6,4000,1591,10
5,873,31383,1
5,873,22226,9
6,571,6511,7
4,4758,40442,0
66,4862,36788,0
15,3008,41047,0
4,3082,4218,0
66,1172,43573,0
6,6115,43988,0
6,4878,6324,10
6,576,6303,7
5,3922,43956,0
9,1158,8617,0
66,2357,44151,0
5,1307,22226,0
3,3011,5152,0
6,2242,45148,5
13,2537,9852,0
6,5550,2235,0
8,4456,39832,0
6,1477,6551,12
3,2466,5647,0
3,2860,5647,0
8,1958,40974,0
8,2332,15675,0
2,1841,2151,0
6,5483,1591,4
3,2860,40382,0
43,3613,27964,0
15,4762,29566,0
4,4886,35327,0
9,860,19806,0
8,1823,11067,0
9,1156,36762,0
6,631,40223,7
1,5802,13060,0
5,4659,28975,0
13,4950,42003,8
4,5218,40441,0
8,2424,12000,0
6,606,14534,8
6,644,6519,2
6,573,42770,8
8,4234,11235,0
6,4538,44514,2
2,88,38531,0
17,6003,38050,6
13,2540,18880,0
2,5342,38203,0
4,4362,22080,0
6,599,15619,3
6,640,42173,13
6,4272,33851,0
13,4245,9890,0
2,5997,34835,0
8,3332,42157,0
2,6082,41190,4
8,4388,11055,0
9,2791,34106,0
6,644,22242,8
6,634,14960,1
6,642,32117,12
6,1892,6359,2
6,628,6680,2
6,630,22245,15
6,2546,14506,34
6,1476,33852,27
6,942,33853,14
6,589,34346,10
6,663,1978,2
6,605,22244,5
6,1815,19644,17
6,636,32054,10
6,2545,24960,3
6,618,35328,10
6,675,24820,15
6,1814,33852,20
6,2545,35636,1
6,611,35636,9
6,652,6423,49
6,580,34757,15
6,650,32117,63
6,620,14506,7
6,4620,1703,39
6,589,6459,30
6,642,6999,39
6,4540,38623,7
6,664,7091,20
8,5492,11420,0
8,5496,11068,0
6,5206,6537,3
8,2459,11235,0
6,640,33204,10
4,3782,23316,0
13,5519,37839,0
17,3888,14722,0
6,620,40611,25
66,4985,36824,0
6,626,1707,12
6,4001,36437,23
8,5496,40921,0
8,1789,24833,0
6,2052,17976,78
6,589,21466,0
6,673,6555,0
6,4272,6613,6
6,595,40782,3
8,1958,37285,0
13,5165,10319,0
66,4981,38066,0
6,567,38622,6
3,2429,23956,0
6,4971,14822,7
6,618,6322,17
6,4710,1645,1
8,4699,37493,0
6,599,40782,21
13,5165,9866,0
6,630,6304,8
13,4093,10202,0
8,5867,11427,0
6,3184,6985,0
15,2614,41053,0
2,2828,42102,0
5,1058,7593,0
6,608,6324,4
5,1182,41808,0
4,5384,41424,0
8,2424,12001,0
8,5605,44604,27
6,606,24820,4
6,650,42172,11
8,2425,33863,0
15,3004,25593,0
6,580,6265,8
6,630,6324,8
8,4967,12000,0
13,3429,9866,0
8,5492,11253,0
6,4539,35375,2
6,594,1708,10
6,615,40223,1
3,3426,24880,0
3,5731,27715,0
8,5425,42261,0
9,2788,31553,0
13,3496,15668,0
8,4976,11427,0
16,3275,31938,0
13,4584,32336,0
9,921,8626,0
8,5231,11182,0
6,617,40611,2
8,1258,11021,0
9,2057,8671,0
15,3180,32169,0
6,667,40611,17
9,2794,8952,0
66,1633,36942,0
4,2483,4141,0
16,5552,41642,0
6,576,1708,7
3,1332,37779,0
3,2860,27716,0
6,567,1712,12
3,2767,42219,0
5,5913,24739,0
5,5084,37038,0
6,652,4974,29
6,619,1712,30
6,649,6246,2
2,5340,42942,0
15,4763,37521,0
2,4847,4967,0
1,5439,39812,0
66,5379,39542,0
66,5379,37369,0
6,4273,24819,39
8,5296,40084,0
3,3340,17972,0
8,2459,36360,0
6,4970,2235,22
66,4860,39542,0
6,669,42771,17
15,2621,41906,0
66,1634,37368,0
4,5252,22080,0
3,1077,29748,0
1,6216,12793,6
6,879,6319,1
6,582,6309,22
3,3017,35395,0
9,2794,8627,0
6,581,34347,10
6,583,6379,4
6,2190,1914,1
6,632,14823,15
6,2547,2013,10
6,577,22242,22
6,608,33204,13
6,665,34755,25
6,620,32116,7
6,4000,2236,9
6,629,22244,10
6,616,22245,12
4,1735,4309,27
6,574,19644,1
6,1078,21468,2
6,601,14507,12
6,628,14821,22
6,2546,24820,8
6,639,34757,2
6,644,6699,10
6,4275,6423,22
6,568,21465,15
6,626,15658,36
16,2648,16536,3
6,4878,35372,2
6,567,21468,11
6,4272,15620,7
6,592,24820,6
6,4710,1713,2
6,649,19644,16
6,460,24820,8
6,610,7165,28
6,617,35375,4
6,633,7091,14
6,2543,33204,17
6,2543,15620,12
6,4620,2511,25
6,608,15658,28
1,2010,23639,2
15,1277,39529,0
6,1815,2018,91
8,5157,25517,0
4,1480,19323,0
17,2770,14722,0
9,1160,33995,0
6,627,15393,8
6,672,36437,4
5,1306,27767,0
6,616,1707,3
6,606,6309,8
6,3184,1707,9
1,2009,30820,0
6,610,34754,24
66,2691,36942,0
8,3921,40909,0
6,588,7144,24
9,1155,23274,0
8,1260,24834,0
1,5784,41965,0
13,5164,10202,0
9,1069,42625,0
5,1397,42672,1
66,1659,39983,0
3,3031,30189,0
15,4766,41593,13
15,4766,41045,2
8,5493,15675,0
6,591,6686,8
6,4970,38162,8
5,5923,8042,0
6,653,6281,9
8,3023,15675,0
3,5386,34992,0
66,4859,36805,0
8,4234,27209,1
8,4668,11523,5
6,673,6324,7
4,3427,36092,0
8,2745,11427,0
8,2782,36503,0
13,5164,37269,0
13,4245,9852,0
1,4053,37045,0
2,5391,40491,0
15,2613,18935,0
6,942,6304,3
15,2608,31616,0
3,3407,5647,0
2,3948,38531,0
66,5975,37027,0
6,611,6379,12
6,5719,43987,0
6,5418,43980,26
6,1477,6304,6
6,667,14533,10
1,5565,36305,0
13,4136,10233,0
6,989,42787,0
2,1840,43382,0
6,615,42769,12
9,2789,33994,0
4,4758,43219,0
6,989,32054,36
3,3031,26044,0
3,2471,26044,0
6,4000,2216,12
6,631,6555,12
6,5479,43980,7
6,5550,17976,0
8,3346,12000,0
6,647,33853,31
15,1272,38211,0
5,1613,27709,0
8,4682,11021,0
22,1795,38554,35
6,571,15007,16
16,4445,36066,0
8,5496,24214,0
8,2783,36301,0
17,5079,36317,0
13,3429,9852,0
6,617,40610,7
15,4911,40000,0
3,3426,23956,0
4,2678,37275,0
4,3014,38999,0
15,3005,14565,0
6,5418,38622,28
6,636,38621,1
4,4401,22080,0
6,675,40611,24
15,1277,14260,0
6,4849,40604,9
13,2410,40772,0
6,2541,2125,14
6,2551,40224,0
8,2854,40972,0
6,663,6686,13
6,607,6281,5
13,5519,39738,0
6,5483,2216,11
6,4620,2053,34
13,5164,42987,0
5,2212,24870,0
8,4485,40909,0
15,4761,25098,0
1,5565,12327,0
66,2695,36815,0
9,855,8627,0
4,988,40707,0
13,4584,26463,0
1,5527,37311,0
6,1628,40604,5
13,4047,9852,28
16,3562,42766,0
66,1632,38687,0
8,3056,37493,0
9,2788,41034,0
5,4027,40895,0
8,3385,40974,0
2,5341,31449,0
2,4940,43672,0
9,857,8675,0
2,5313,41334,0
4,5528,43219,0
4,6177,4141,0
1,479,37832,0
4,5966,4458,0
66,2433,36803,0
3,3341,4,0
6,2168,43287,39
4,3307,4457,0
3,3743,5899,0
3,3743,40381,0
6,607,6361,1
6,613,6379,14
6,616,6442,3
6,944,22242,11
6,989,19644,27
6,603,24819,12
6,638,34758,8
6,594,21466,19
6,638,21468,9
6,613,30442,16
6,2942,22244,2
6,1078,6389,13
6,611,34753,41
6,652,35372,10
6,2543,33851,4
6,592,34757,5
6,652,35373,1
6,4620,14821,15
6,1815,14821,28
6,4849,7091,30
6,4849,2258,27
6,617,6613,1
6,648,38162,11
6,942,1707,6
6,589,32053,2
6,654,6427,76
6,4088,36563,14
6,2242,2216,42
43,3255,27968,0
6,615,7150,5
8,3870,37697,0
6,4539,17976,61
3,2767,24880,0
15,3181,14213,0
6,588,1636,24
6,641,6322,32
15,4761,14711,0
66,2695,37026,0
6,595,40781,23
66,4862,37369,0
66,4939,38927,0
6,2190,7047,14
4,3855,19323,0
6,1476,14823,0
6,627,6686,14
1,5381,13060,0
3,4946,37049,0
13,4135,18880,4
66,1636,36943,0
9,953,8595,0
15,4762,30888,12
6,4000,1728,6
17,4087,37280,0
66,2692,37025,0
2,1960,40827,0
6,601,2216,9
3,1077,24879,0
6,666,41084,10
6,626,6433,7
9,920,33995,0
9,4612,32151,0
6,579,2449,6
66,4853,36943,0
6,5717,6324,0
2,5447,31448,0
6,568,6281,2
15,2609,14567,8
6,624,41085,6
4,4758,42776,0
66,5795,36801,0
6,2551,1712,4
4,3911,14532,0
6,4849,6686,10
6,608,33851,4
3,1077,4,0
1,5565,42316,0
13,3862,43454,0
5,5082,24870,0
15,3180,30579,0
6,5550,6613,0
8,1139,11523,0
8,5025,11145,0
15,2609,32169,0
15,5539,25136,0
3,3743,40383,0
5,4110,22229,24
6,460,6999,28
6,601,6423,24
2,2286,4967,3
3,3012,32506,0
15,2621,30945,0
5,3490,37416,0
8,527,36400,0
3,2095,37837,0
4,1196,16587,0
66,2354,39962,0
17,5333,40061,0
6,669,40606,23
8,5157,33863,0
3,2767,26669,0
6,615,40611,7
66,4851,36804,0
5,5285,8042,0
4,939,37275,0
8,5422,15569,0
8,4400,15569,0
8,4699,22237,0
13,4584,41072,0
6,666,6507,4
6,582,19569,4
3,3011,29748,0
66,2691,37026,0
66,4853,41812,0
66,4853,37370,0
6,603,14533,13
6,652,6686,13
6,5418,2125,26
5,1397,30187,4
13,4047,29887,10
66,1659,36797,0
17,4396,37195,4
13,3496,40692,0
8,2105,36503,0
8,5378,24834,0
6,617,6322,1
8,5296,10977,12
8,4826,11427,0
8,5492,15675,0
4,3915,15629,0
9,858,31555,0
6,4620,42172,13
6,568,43282,34
1,5179,16,0
6,4001,43987,0
6,5418,45157,24
2,4448,44551,0
6,4540,14961,10
6,595,40224,3
6,5482,7165,9
66,5819,36801,0
4,4300,4141,0
6,4539,38621,4
6,5419,6303,8
1,3148,37994,0
6,6115,17976,0
6,573,17110,6
6,620,1591,2
6,1815,32053,2
6,650,15168,14
6,604,22245,10
6,649,32629,6
6,2550,33852,17
6,629,35329,4
4,1735,34394,7
6,945,22244,8
6,603,33851,8
6,665,22244,16
6,668,1645,11
6,617,14925,16
6,594,35372,38
6,944,6433,7
16,2648,19709,4
6,646,34753,5
6,2942,32053,2
6,1814,34754,19
6,4539,6389,13
6,1814,6507,15
5,1012,37038,0
6,5418,6321,11
6,666,7165,9
13,3546,10135,0
22,1797,32164,5
4,4905,36092,0
6,1815,1833,9
6,587,6281,8
6,1939,2235,6
6,647,33204,27
6,2243,33852,8
6,944,6583,8
6,5207,41083,10
6,946,6427,1
8,1705,37493,0
15,3004,33103,0
9,2057,37098,0
6,674,6309,0
13,4046,42003,20
5,2375,27709,0
3,3516,22934,0
8,1699,11235,0
8,5100,36301,6
6,620,6309,8
6,4971,1709,23
3,2767,5647,0
15,4760,18471,0
6,618,6620,2
8,5497,21490,0
9,2793,18001,0
15,4761,14569,0
15,2607,22280,0
6,646,1703,8
9,854,41775,0
6,628,43281,1
8,2716,11055,0
9,2788,34083,6
2,5612,40529,0
8,1254,36301,0
1,4798,12795,0
6,2543,6265,13
15,2612,40145,0
8,4534,15675,0
66,1174,37577,0
6,600,6322,7
4,3427,4627,0
6,598,41083,3
2,5652,41179,0
6,5481,42768,16
66,1620,44151,0
8,2745,44116,0
4,1486,41424,0
66,4981,41810,0
8,1697,24118,0
5,5240,37274,0
6,2541,1645,1
6,607,44516,14
9,860,33995,0
16,3561,31940,0
6,612,6459,3
2,5044,43382,0
6,2190,6321,17
9,2790,35497,0
15,3016,25140,0
4,1105,4625,0
9,2026,8626,0
8,5424,34452,0
15,4762,28458,4
5,4837,22081,0
15,1278,14568,0
17,4838,40061,0
9,852,40436,0
6,2541,4974,13
9,2791,23274,0
16,5036,19710,0
8,4952,11224,0
8,4952,19956,0
1,2012,12792,0
13,4583,27005,0
66,1174,36821,0
5,2902,36483,0
8,4400,11523,0
6,2244,41083,0
6,5717,6423,0
6,5419,6324,44
6,632,2053,31
8,5428,24834,0
8,2850,37493,0
2,5447,40503,0
6,2190,6319,61
6,649,6601,13
66,4853,40705,0
2,5447,31456,0
4,3914,28212,0
3,5731,17972,0
4,417,36356,0
6,665,2125,17
9,1152,8675,0
6,2245,32054,15
5,5790,42750,0
5,2212,28333,0
8,5558,37493,0
3,5922,4,0
5,5913,37830,0
13,4584,27005,0
15,2959,37983,0
1,5565,42309,0
13,4047,10233,9
15,5540,14407,0
15,2621,22280,0
6,593,1591,3
9,1160,31555,0
8,5427,36301,0
6,4001,1712,17
6,5207,4974,6
13,2533,9905,0
6,4001,6304,9
1,4808,38049,0
8,3350,42741,0
6,5483,6555,28
43,3254,44894,0
8,6155,11427,0
4,1784,43946,0
3,2860,41659,0
4,4757,4141,0
8,5429,45661,0
6,613,6614,4
6,577,6379,3
6,946,32054,11
6,581,14507,24
6,647,34754,52
6,2244,32629,18
6,673,2018,15
6,675,21465,8
6,3719,24820,23
6,668,6863,10
16,2648,34361,2
6,616,2216,9
6,637,14821,22
6,879,7146,6
6,649,32117,6
6,587,34754,12
6,606,6393,6
6,672,34752,18
6,652,6555,17
6,568,7000,9
5,4110,27712,10
6,595,15619,3
6,4270,36563,18
6,1815,7146,1
6,4001,38622,4
6,621,14963,7
6,666,24820,1
6,591,2235,3
6,608,1591,3
2,4018,24779,0
6,622,6999,4
66,4850,40823,0
5,1306,34364,0
13,4584,22129,0
4,3706,34417,0
6,2551,1833,0
17,4396,37200,1
6,629,6999,3
3,2194,36404,0
6,4710,2449,0
6,941,7091,14
5,1397,37274,1
5,5790,37830,0
6,622,2216,20
6,591,33853,16
15,4767,18815,1
6,642,42769,11
8,5495,39832,0
6,603,6459,18
4,4879,36508,0
4,939,40752,0
9,1155,8627,0
5,4837,36378,0
3,3406,475,0
4,4725,41426,0
6,2190,10836,4
4,5016,4522,0
6,610,40223,4
17,5034,40354,0
1,564,31091,0
6,606,43283,16
15,2608,18471,0
2,6084,37835,0
2,4588,4967,3
4,4723,22080,0
6,617,6620,6
6,4088,36437,34
6,663,24055,12
8,6010,37493,0
6,667,6686,11
6,645,14533,7
6,880,40223,2
9,2792,23274,0
6,4620,45170,3
8,5489,44604,0
6,2244,45148,0
6,581,38162,5
6,602,6324,11
8,5493,11427,0
8,5234,11068,0
6,5481,6278,17
8,5496,11019,0
6,591,38623,15
13,2296,9964,0
13,5244,15057,0
9,1161,33995,0
9,1157,33997,0
15,3214,30835,0
6,663,41392,11
6,666,40224,11
8,4400,40974,0
6,4620,41083,23
6,611,40611,22
3,1491,30189,0
5,5725,37416,0
8,3270,41934,0
17,2203,36097,0
6,4000,6331,3
5,1397,41945,5
2,5389,21358,0
4,5014,30188,0
8,2174,40084,0
6,4088,19569,7
1,5527,34202,0
15,2959,29566,0
4,2044,22080,0
6,5717,32052,0
6,4003,40223,0
3,1489,37779,0
8,1822,15675,0
6,5482,14534,1
5,3349,41651,0
6,4614,32054,12
8,4234,21490,8
8,2174,43737,0
6,1892,6278,13
4,4301,40442,0
6,648,6555,10
1,1246,13060,0
6,5418,7091,34
3,3426,41660,0
2,5447,40539,0
6,608,6325,15
6,1447,7146,2
6,639,22244,31
6,603,33852,6
6,601,32117,12
6,945,34755,4
6,640,14507,32
6,2546,34758,11
6,879,1636,8
6,608,34757,12
6,4000,35636,9
16,3923,18278,4
16,3923,36507,6
6,1476,2511,38
6,668,1709,24
6,879,14822,7
6,1814,34757,3
5,4110,7365,4
6,4540,6620,6
6,602,6423,9
5,1904,7374,8
6,1939,2511,4
6,577,2258,3
8,5493,23265,0
15,1600,33104,0
6,2243,40606,10
6,1815,4974,29
13,4120,10135,0
6,595,2097,7
6,2243,6331,17
6,579,34757,14
6,4000,1707,23
6,3184,1728,8
6,2243,6555,23
15,4761,40145,0
13,5244,9934,0
6,602,6459,7
6,570,1703,19
4,2241,4315,0
13,1083,30161,0
17,5034,37280,2
6,5418,1703,40
6,570,33204,1
15,4759,41300,0
8,5088,11224,0
6,630,1591,4
3,2194,5799,0
6,576,15620,15
3,5921,4,0
8,4616,39832,0
5,1306,7676,0
9,3036,34106,0
4,2282,24825,0
5,2727,37416,0
8,1259,36499,0
8,1912,11068,0
66,1173,37027,0
6,5418,6324,74
6,581,40610,1
6,943,2053,10
8,5422,19956,0
6,582,40224,5
6,2546,6309,0
13,5434,10041,0
8,4456,40972,0
8,5396,11427,0
5,5517,30187,0
66,2819,37577,0
8,2780,11235,0
13,4047,29651,15
8,3350,33863,0
8,4395,11427,0
6,630,6620,11
2,6084,4967,1
8,4567,16347,0
6,577,43288,2
15,3007,39429,0
1,2012,42780,1
5,4110,7390,1
9,2789,41779,0
6,636,6265,5
15,1600,30580,0
6,4003,24819,15
6,5419,7165,8
15,1739,43877,7
3,2194,37837,0
6,576,2450,10
6,5419,7091,31
6,4614,24820,9
3,3516,34313,0
15,1043,15199,0
15,1272,18221,0
6,648,15658,49
6,565,6319,16
6,610,19569,8
5,1306,27843,0
15,1273,15608,0
6,5418,14822,44
8,2559,16347,0
8,4161,11427,0
15,2611,25094,0
6,606,35375,7
5,4561,34510,0
8,4359,15569,0
6,4620,40223,12
6,5479,33853,19
6,5207,6573,16
8,1254,22237,0
6,648,36563,12
8,1247,11427,0
4,5347,40659,0
66,1632,37033,0
5,5203,28857,0
1,4053,33768,0
1,4324,37993,0
13,4135,25058,17
6,1078,42769,0
4,5217,40659,0
8,4749,16347,0
15,1739,41593,0
9,2792,34106,0
6,631,6304,14
9,857,32735,0
6,4539,42769,1
9,2793,40435,0
8,4699,42157,0
5,5272,28857,0
6,2546,33851,11
9,1069,19805,0
15,3213,22278,0
3,5748,40385,0
17,5811,14722,0
13,2298,10725,0
6,581,6442,5
6,668,32629,1
6,2168,1633,1
6,647,22245,34
6,603,6365,1
6,942,34347,11
6,2243,33855,2
6,621,32116,2
6,627,34755,11
6,601,14991,6
6,569,33853,7
6,574,14507,1
6,946,6389,11
6,948,34754,22
6,565,19644,32
6,588,2053,13
6,637,32629,6
6,946,21466,13
6,628,14507,9
6,639,1591,1
6,944,1647,3
6,616,25602,8
6,2541,33851,18
6,2242,1841,7
6,600,32054,2
6,579,14968,5
6,571,34753,17
4,1735,23393,5
6,2243,1707,6
6,944,33852,5
6,583,34754,7
6,587,34752,13
6,652,6985,13
6,598,2258,4
6,653,38622,5
4,2282,38139,0
9,2057,33775,0
6,641,7095,11
6,5549,2053,4
15,4762,25097,1
6,620,1728,6
5,1306,28297,0
8,4952,36498,0
13,2292,9890,0
6,460,14533,10
6,460,6278,9
6,4710,7151,0
6,610,1713,8
6,879,34754,2
6,648,40607,14
6,579,19569,7
6,4710,33204,2
8,4907,11523,0
6,4273,6452,15
6,649,1645,1
8,5100,12001,6
5,5065,7365,0
8,5496,11021,0
6,591,6325,7
6,1078,24820,0
16,5858,41194,0
6,4614,7165,10
66,1807,36792,0
6,665,1708,22
66,4852,37025,0
6,2541,1833,6
9,1154,8627,0
4,4725,27210,0
6,674,32054,0
66,4859,37369,0
8,1698,40052,0
8,4871,11523,0
6,640,6687,19
3,3925,19635,0
8,3350,15569,0
17,4087,37420,0
8,3758,11068,0
1,2012,43990,1
8,3641,11235,0
6,606,30445,2
6,581,42172,8
8,3350,42262,0
5,4949,41809,0
6,2547,44514,12
6,2545,45221,0
4,4669,44561,0
6,5720,42173,3
6,1066,1713,2
6,641,38623,1
6,624,39891,21
6,5207,6325,10
66,1805,39962,0
15,4762,33047,2
5,2864,8042,0
6,579,38622,6
5,1307,37274,0
6,568,40777,7
6,618,40610,5
5,4488,28810,0
6,617,34754,12
6,5418,7144,48
66,2691,37369,0
15,1043,22280,0
6,5206,15620,1
13,3558,32245,0
6,603,40777,6
6,603,6462,12
1,789,38750,0
3,3406,18370,0
66,3532,37027,0
5,4361,41264,0
13,4047,38988,2
13,2532,9964,0
8,3271,41578,0
13,3597,38988,0
15,4760,32167,0
8,1699,10990,0
66,1659,37025,0
15,4766,20749,1
6,2545,1841,8
6,609,6309,11
17,1333,37836,0
15,2635,40796,0
2,3239,27702,0
8,3421,39832,0
6,4088,43281,4
6,619,42769,12
15,2635,28459,0
17,5857,16549,0
6,6115,18611,0
8,3346,43727,0
13,5286,26984,0
1,6040,13060,0
8,2716,39832,0
2,5511,31449,0
1,2012,42920,3
6,4620,45157,4
6,607,6687,1
13,3965,10233,0
3,2194,5647,0
13,2538,41106,0
6,1938,33853,2
6,667,6389,7
6,652,15168,3
6,4001,22242,18
6,2545,34346,13
6,593,24819,9
6,616,24960,12
6,644,34346,4
6,611,6389,30
6,650,6389,43
6,4540,14821,4
6,630,21465,7
6,946,22242,6
6,586,33852,8
6,949,35330,5
6,672,7091,7
6,606,1728,8
6,2546,35375,13
6,613,2053,40
6,583,21465,8
6,635,35373,20
5,4110,7778,5
6,5549,7150,4
8,5493,33627,0
8,5157,11182,0
8,2462,35334,0
5,5062,37416,0
6,601,14823,3
6,640,6985,29
5,5083,36510,0
6,4849,7144,6
6,5206,34754,16
6,629,34758,14
4,3914,19322,0
4,417,19322,0
8,3758,40921,0
4,3514,28263,0
6,4000,7095,6
66,1319,37365,0
9,2057,33989,0
3,3405,32506,0
6,632,15619,2
17,5333,37271,0
4,2638,29710,0
9,2789,34083,0
6,571,1843,0
8,5869,41969,0
8,5100,24833,6
66,2433,40823,0
4,3912,3950,0
16,5625,25427,0
6,652,6280,5
13,826,9920,5
13,3557,32336,0
6,4274,1591,2
8,1254,36503,0
8,5396,37493,0
6,619,42172,5
5,1397,27709,5
13,6112,10373,0
6,4621,38621,2
6,607,42770,7
66,4985,36791,0
9,1152,40316,0
9,3040,33995,0
66,1659,41810,0
66,4987,42807,0
17,2737,43686,0
4,4723,4315,0
1,2010,12795,0
4,5950,4141,0
6,573,40223,7
3,3337,40645,0
13,6017,36094,0
2,5554,43672,0
5,4110,7592,5
3,3708,40383,0
6,669,45167,8
6,651,14333,4
2,4707,4967,1
6,601,14821,20
13,3429,10135,0
3,1489,5612,0
15,1046,22280,0
4,1314,30188,0
6,2190,38623,8
6,663,38162,11
6,989,1841,17
5,1306,37274,0
8,4952,16347,0
4,5529,22080,0
8,3327,36498,0
4,5487,36508,0
4,3307,4627,0
13,2298,16142,0
6,600,40611,7
15,2614,30580,0
17,4396,38358,1
5,1307,24739,0
3,3406,38992,0
3,3405,37276,0
6,595,4974,2
8,3272,40909,0
2,5655,27702,0
6,1447,1636,2
6,649,42172,17
66,4988,37027,0
6,645,6322,12
6,640,42771,18
4,247,4522,0
9,2788,15246,0
4,2378,40441,0
15,1600,17162,0
2,4623,42721,0
8,2716,42262,0
8,1820,15675,0
8,5577,40921,0
16,4609,25721,0
13,5700,26463,0
9,2790,37098,0
4,417,44561,0
6,947,6512,24
6,603,32054,5
6,647,6614,16
6,946,6693,4
6,667,21468,24
6,606,32629,3
6,1939,2018,35
6,652,32629,12
6,949,1632,6
6,570,34752,14
6,641,22245,3
6,621,24820,6
6,644,21466,9
6,579,17110,8
6,672,32053,2
6,2543,38621,8
6,946,35636,4
6,4878,22242,16
6,607,34757,17
1,5159,28229,0
6,629,39891,5
15,4911,19023,0
6,601,14822,18
6,608,7151,15
6,3719,6555,8
9,860,40436,0
8,4952,11253,0
6,565,6985,13
5,5083,32349,0
5,3253,37416,0
6,642,7144,6
2,2575,384,0
6,4614,34753,21
6,666,6537,0
6,2550,2093,23
2,1266,41571,0
15,1278,14565,0
6,606,30447,2
2,3515,3079,0
6,2242,14533,41
43,3612,27959,0
6,611,40223,14
2,5313,41257,0
9,3345,8626,0
9,4612,34083,0
13,3172,37839,0
4,4991,37035,0
8,4234,33864,1
8,5395,40909,0
6,571,6999,1
13,3862,32174,0
13,5244,9920,0
66,4850,36791,0
8,1699,11019,0
6,622,1591,2
8,3350,40972,0
4,2125,4528,0
3,2767,26044,0
6,664,2511,20
66,5972,40826,0
1,3873,36635,0
17,5130,14635,0
6,880,42172,3
66,1621,42144,0
6,628,2449,4
13,4045,9906,10
5,4110,30187,3
2,1720,21347,0
6,675,38622,7
6,645,36563,19
17,3992,18191,0
6,651,39891,8
3,3031,40383,0
8,5493,36303,0
6,5479,2053,6
66,2819,39972,0
13,2369,37829,0
3,3003,37837,0
6,644,40223,6
1,4203,26060,0
17,1913,18191,0
6,606,6281,10
6,4614,19569,1
13,4779,9866,0
2,5389,40398,0
6,668,7095,2
3,3012,38992,0
15,2608,32926,0
8,1260,21490,0
9,2792,41041,0
5,2464,8042,0
1,4324,38747,0
3,3032,42229,0
15,1278,30888,0
6,2547,40224,0
8,5507,15569,0
8,4682,39832,0
13,3597,29645,0
4,1661,15629,0
8,5558,37838,0
3,3031,41845,0
6,674,6280,0
6,4620,1645,14
6,4088,7091,1
8,4668,11145,10
17,5857,41068,0
5,4366,39433,0
1,479,13060,0
8,3350,24834,0
2,3445,41190,0
13,5464,29654,0
8,1820,11420,0
6,669,6304,8
8,1344,11018,0
6,612,40223,1
6,576,6389,12
6,948,6379,10
6,630,34347,11
6,4001,1591,6
6,607,14507,1
6,615,22242,7
6,651,21465,17
6,630,1645,16
6,573,14914,7
6,4002,19472,5
6,630,35372,9
6,667,33852,20
6,646,22244,14
6,633,6278,14
6,4275,6427,19
6,622,34757,7
6,629,6452,6
8,5100,36503,6
6,607,6433,11
16,3923,30185,1
6,4878,6445,10
6,4275,1636,6
6,647,7091,0
6,669,36563,16
16,3923,27233,6
6,593,34757,5
8,4952,12000,0
8,4534,16347,0
8,1257,11523,0
6,605,2216,6
6,610,2053,7
15,4767,37983,0
6,589,23099,2
6,624,6265,25
6,624,6613,22
8,1342,24834,0
8,5497,39740,0
6,637,33853,10
1,5527,34098,0
6,663,15619,16
15,4911,17162,0
13,4584,31301,0
1,5565,24843,0
2,5516,42942,0
16,5036,19709,0
13,1082,10821,0
6,626,38621,12
15,1271,41054,0
15,1276,14800,0
5,4291,30187,0
8,2782,11523,0
1,4320,14017,0
1,4204,36635,0
13,4135,26463,9
13,3557,44001,0
16,5721,32144,0
3,3405,27716,0
6,2550,1846,23
6,2545,44516,36
13,5164,29663,0
6,672,2125,0
6,666,32054,0
6,611,1591,3
6,606,6433,7
6,645,24819,8
5,2212,42750,0
2,5271,40350,0
6,2242,1636,15
13,5700,17735,0
3,2599,43630,0
3,1490,37780,0
4,1742,16587,0
6,4620,45172,3
2,1492,42758,0
13,826,38140,0
4,1196,38139,0
8,5492,11315,0
17,5079,30200,0
4,5487,35327,0
6,568,34758,13
4,2344,38999,0
2,1103,40400,0
4,3427,40707,0
2,5336,31449,0
4,4832,30188,0
3,1396,32505,0
6,650,7150,20
66,1805,36791,0
5,3030,28857,0
1,2009,12795,0
4,5014,22928,0
8,5168,37493,0
1,4204,16037,0
1,3148,38750,0
6,4003,1645,0
8,3055,42744,0
8,5733,36503,0
6,594,2125,6
13,5464,10041,0
1,2012,21894,2
1,2012,17889,3
5,2212,27767,0
8,1698,41578,0
4,5457,34416,0
6,608,7091,13
4,4757,40441,0
5,2213,28313,0
9,920,41782,0
15,3452,14575,0
17,4250,24216,0
3,5748,17972,0
16,1689,41193,0
1,1830,36637,1
9,1069,8646,0
1,4888,12795,0
6,595,6512,22
6,654,6442,5
6,651,2236,5
6,599,1722,8
6,653,34758,13
6,628,23137,10
6,624,21465,6
6,632,7146,10
6,946,6365,6
6,941,14821,8
6,622,32053,3
6,613,33204,1
6,581,35330,3
6,573,6862,6
6,635,1703,26
6,592,21465,10
6,4274,19644,21
6,628,32053,3
8,5496,39832,0
6,600,6507,19
6,4538,40609,0
6,672,14821,4
6,4272,35329,7
66,4853,38683,0
6,1478,6459,19
1,5527,39817,0
8,1698,10990,0
8,5518,11427,0
6,604,6462,0
17,3888,24853,0
13,4198,18883,0
8,5601,11427,0
9,2792,33997,0
6,3719,6331,22
13,4584,40692,0
16,5569,38493,0
6,2243,40611,42
6,621,40777,3
6,617,40782,3
13,1082,27005,0
17,1913,35398,0
8,5026,27209,0
9,4612,33995,0
8,3175,38990,0
8,4668,24118,10
3,1179,5647,0
5,4232,36483,0
6,1628,40611,1
15,1274,14567,0
4,3542,41426,0
6,596,1843,13
4,5528,23393,0
6,2244,1728,1
6,602,4974,10
2,5655,26011,0
6,2545,45170,0
8,5504,41969,0
6,4538,43977,0
6,941,2216,12
8,3572,11523,0
3,1396,36365,0
4,4746,4522,0
2,2826,27702,0
8,4399,11427,0
13,6017,9964,0
9,1155,40319,0
1,179,13060,0
13,6017,43754,0
66,1172,38069,0
6,460,40611,12
4,4059,32672,0
13,6108,43756,0
6,2551,14506,74
6,654,19569,14
15,4415,25140,0
6,5480,14821,11
8,5496,11315,0
6,591,7165,3
6,601,19644,6
2,4884,2075,0
6,2243,40610,15
8,1995,11018,0
6,607,7144,14
4,3622,36508,0
6,4272,6321,23
8,1257,40972,0
15,4764,25094,0
2,5368,40587,0
2,5336,40491,0
15,4911,33102,0
3,1179,34450,0
2,5447,31460,0
13,4583,41816,0
6,627,40610,11
2,5533,4967,0
4,1011,28212,0
6,460,41085,20
4,3911,22928,0
3,5750,29748,0
15,4764,37981,0
66,5834,36799,0
8,4668,40974,8
6,600,6265,7
6,1447,1703,1
4,3123,40659,0
6,624,42786,9
8,1822,37493,0
13,5464,41106,0
8,4992,24834,0
3,2598,43629,0
2,5270,24867,0
1,5565,14017,0
66,1659,42145,0
6,576,42771,11
66,4851,41810,0
4,3968,16587,0
8,1697,15569,0
6,1892,14534,7
6,5550,6313,0
13,2299,26982,0
8,5025,42261,0
15,5896,41048,0
6,634,2449,6
4,3802,4621,0
6,576,14961,4
6,2541,19576,6
6,571,34346,5
6,2545,2236,15
6,4001,33205,6
6,654,33854,35
6,630,33204,7
6,611,33854,19
6,642,6985,20
6,2549,33854,12
4,1735,4561,3
6,631,21468,6
6,592,14821,7
6,673,14821,8
6,665,22242,14
6,2549,35636,6
6,579,1916,12
16,2648,24650,6
6,880,38622,5
6,945,32054,5
16,2648,24831,3
6,1078,38622,7
6,568,23139,63
15,4911,28459,0
9,2791,8639,0
9,852,32735,0
6,5549,35375,5
6,4540,2097,5
8,5496,33864,0
2,4884,19506,0
8,4826,15675,0
6,2543,14821,17
6,623,7144,8
6,620,40610,4
8,2435,25517,0
8,5025,11427,0
1,5525,39828,0
5,5517,27709,0
1,5826,13060,0
6,1814,2125,14
15,4761,30945,0
4,2631,3965,0
3,3406,17183,0
17,5811,27753,0
6,665,1833,11
6,4088,1709,1
6,3719,35375,4
15,4760,22364,0
66,1805,41810,0
13,4244,9905,0
1,2010,41998,0
6,4620,14823,17
6,4614,6309,15
6,652,36437,5
4,3782,36419,0
4,5158,28212,0
8,4234,11523,4
6,652,1709,1
66,1620,36797,0
6,628,41084,1
9,1155,41041,0
6,573,43287,2
4,2344,37275,0
15,2621,39851,0
6,2244,6573,0
3,3003,40389,0
5,1397,22081,16
13,4047,42003,4
5,5083,39433,0
6,568,44516,8
1,2012,35316,5
6,599,1711,4
2,834,42721,0
3,3405,44048,0
8,3333,15675,0
4,3427,15629,0
4,797,40732,0
9,1158,8680,0
6,635,35375,36
8,5284,42262,0
2,6009,4967,0
17,2473,36944,0
6,645,42771,5
9,2057,36762,0
13,5434,10725,0
6,5483,43988,6
4,6178,44468,0
13,3863,43741,0
6,2550,38622,3
4,5012,37275,0
3,2598,17174,0
3,141,26044,0
3,3516,30189,0
3,658,32505,0
4,4080,23316,0
9,852,40378,0
5,3357,37274,0
8,1254,11523,0
6,5479,15020,3
5,3349,40895,0
6,4710,41083,0
6,4621,32054,4
4,1735,30188,0
8,2714,37493,0
6,634,6583,3
4,3951,34035,0
1,5453,36636,0
13,4584,26984,0
15,1043,41593,0
6,628,2018,12
5,3490,28975,0
6,1892,42768,7
1,3646,13060,0
13,2296,16055,0
5,4363,8042,0
66,4858,42145,0
8,5892,37270,0
6,626,43283,5
6,5717,6613,0
5,2212,41814,0
5,1237,24739,0
2,3506,41573,0
4,5014,4522,0
5,5711,41738,0
6,674,44244,0
6,1078,6518,0
6,600,6365,3
6,601,14996,4
6,646,32117,5
6,2543,14507,6
6,942,6442,17
6,942,1890,4
6,1939,14821,19
6,568,15394,6
6,2242,6338,7
4,1735,22080,10
6,605,14506,4
6,943,14823,9
16,3923,19711,2
6,1939,35329,4
6,2244,34752,42
6,601,2053,6
6,601,35329,1
6,593,1829,1
6,654,6686,16
8,4637,35394,0
6,1815,19472,68
6,5480,14822,8
6,4540,6321,13
15,2611,32119,0
6,580,6433,6
6,576,38162,6
4,1742,4627,0
1,2010,30820,0
8,3870,16347,0
6,663,41396,17
6,604,14961,2
2,5557,23965,0
13,3537,32336,0
66,1635,39962,0
66,2291,39976,0
8,5088,24877,0
8,5157,34452,0
9,1158,41039,0
8,3055,33864,0
66,5795,36802,0
2,5391,39338,0
15,4764,38085,0
8,1699,27209,0
6,593,14533,13
6,568,42173,10
6,1078,17976,35
2,5447,31437,0
66,1620,41810,0
16,5858,16383,0
8,1139,36360,0
2,6093,4967,0
5,5729,22081,0
6,640,44516,7
6,4878,6423,3
8,1139,41969,0
16,6124,21807,0
17,5812,19069,0
9,5228,34949,0
3,6011,4,0
13,3862,9934,0
6,624,42771,9
6,573,14533,1
8,5291,11021,0
66,5973,38930,0
6,672,2235,5
5,5405,41140,0
15,1043,37521,0
6,4088,39891,7
6,626,38622,15
6,617,6507,7
6,2243,40608,28
6,944,40610,5
16,4609,15956,0
13,4333,10041,0
4,3935,22928,0
1,5526,39821,0
66,1807,39983,0
8,1142,37270,0
13,2707,29657,0
6,5549,6687,4
17,4396,38340,1
66,4978,40705,0
66,2432,41811,0
2,5446,31451,0
6,596,7146,6
5,5203,27709,0
8,2600,11189,0
6,607,6324,10
1,5565,41968,0
8,2333,36503,0
1,5564,13060,0
6,606,42173,17
4,4300,44387,0
17,5811,41069,0
6,623,2093,6
6,610,32116,1
6,610,34346,6
6,2243,6361,6
6,946,19472,11
6,569,34346,7
6,4274,33854,27
16,2648,21807,10
6,613,33854,24
6,610,33854,4
6,1814,1841,8
6,667,32052,15
6,2546,2511,13
6,670,6985,10
6,618,14333,7
13,3558,30161,0
4,1480,24845,0
6,2543,7095,6
5,1904,27709,1
6,651,1728,8
4,4959,19323,0
8,5604,11427,0
15,5191,36054,0
13,826,16055,4
15,1043,15633,0
6,619,42173,5
6,5418,4974,6
17,3992,30821,0
17,5333,18189,0
15,4762,25094,1
6,460,6309,7
8,3287,40084,0
8,4952,11068,0
3,523,23956,0
8,4405,36095,0
6,1814,1708,11
8,1802,36303,0
5,4291,27709,0
6,653,6999,17
3,5386,17174,0
6,642,2450,4
6,880,38623,8
6,1892,30445,3
13,4120,32178,0
9,2792,8662,0
6,4538,1713,0
13,4045,26982,4
6,880,15658,13
1,2011,18105,0
66,4981,37025,0
3,3407,24204,0
6,589,6304,1
6,631,6246,16
8,5395,45536,0
6,594,38622,16
5,5241,43046,0
8,1912,44957,0
6,5418,6519,14
3,1491,36504,0
2,3000,38531,0
6,641,36563,5
8,5493,11420,0
4,1725,4309,0
17,4838,18191,0
8,3175,39832,0
4,4979,23393,0
66,4858,36795,0
5,4770,7656,0
4,3307,37036,0
2,374,41573,0
3,3743,41664,0
16,5155,38997,0
1,5526,40504,0
6,4710,42172,0
17,1333,40353,0
66,4986,39542,0
6,5550,32052,0
4,2125,4627,0
5,5710,40939,0
13,2299,26463,0
5,5936,22227,0
3,3405,43621,0
6,610,36563,11
4,4824,32262,0
2,39,42759,0
8,4733,37493,0
3,2599,32506,0
5,5059,28297,0
9,2788,41044,0
1,4797,18106,0
6,942,1848,2
6,1477,14996,1
6,571,33852,12
6,648,14507,24
6,948,32116,5
6,579,14922,5
6,2242,32629,78
6,589,6519,12
6,460,6389,7
8,5100,30186,12
6,879,34347,2
6,640,1843,18
6,610,34755,12
5,4110,35134,1
6,1477,35329,1
6,607,6266,2
66,1173,37583,0
8,5496,35393,0
3,4236,18370,0
6,1066,19472,1
13,5432,36500,0
13,3558,32345,0
6,569,6999,9
15,4760,41046,0
9,2071,8627,0
5,3349,27709,0
66,1632,36791,0
6,2546,38621,4
17,2739,14456,0
4,3934,19322,0
4,4338,19323,0
17,4838,27483,0
13,4046,38988,4
15,2959,31616,0
5,1306,28333,0
8,4952,10977,0
66,2693,37370,0
4,4832,35327,0
66,2321,36821,0
1,2008,13235,0
15,4912,41595,0
6,645,6304,6
5,5055,42671,0
6,2547,1645,8
6,588,15620,11
16,5946,39086,0
6,5549,1839,0
8,4234,24118,20
4,4725,4458,0
8,1709,34701,0
13,5464,29657,0
6,619,6507,1
6,576,6519,5
4,2649,4470,0
15,1043,32119,0
6,2242,38623,16
6,1814,36563,5
6,620,14821,18
3,1396,18370,0
4,2241,23393,0
13,4244,16142,0
1,5179,13060,0
4,939,40441,0
4,939,40877,0
13,2532,9890,0
8,4423,39832,0
2,5389,40400,0
9,4612,41775,0
6,594,6519,2
15,2981,14565,0
15,3015,30888,0
13,4046,26463,7
4,4362,40659,0
6,4970,33851,23
4,3514,19322,0
3,3406,34992,0
6,647,38621,3
6,569,40223,4
6,596,41085,5
1,2379,37994,0
66,4851,38930,0
9,1157,41034,0
5,5517,35134,0
8,5558,11236,0
1,6029,13060,0
8,2716,42741,0
13,3537,29657,0
8,3641,40972,0
5,5241,40895,0
8,5296,11189,6
5,2213,41814,0
6,1814,6246,23
5,2212,32349,0
6,570,6309,24
6,640,6537,28
13,1080,9905,0
6,576,32116,20
6,569,6614,1
6,571,22242,5
6,571,22244,7
6,599,24960,21
6,627,34754,14
6,669,34755,10
6,654,35373,1
6,946,6361,6
16,2648,15956,7
6,653,21466,11
6,4878,6985,14
8,5100,34452,6
6,675,22242,5
6,632,35329,10
16,2648,34941,2
6,2551,2236,21
4,1743,4309,0
16,3923,15956,2
6,591,6519,6
8,3270,11067,0
6,4539,6433,1
15,4761,37983,0
13,5385,36094,0
4,1706,38999,0
13,4298,29651,0
66,2432,37025,0
1,4204,24843,0
17,5034,14486,2
5,5053,33747,0
5,5285,37830,0
6,629,15658,33
8,5100,16347,0
17,3992,40354,0
66,1621,37027,0
6,646,1645,10
6,571,43287,6
6,598,6613,8
5,1182,28086,0
5,1397,28297,7
13,3965,43749,0
66,1620,37577,0
66,6218,36875,0
13,2297,29654,0
13,4583,42735,0
1,2008,17889,0
1,2012,15110,1
15,2609,20325,0
6,604,14823,30
13,4584,10191,0
6,5549,14821,2
13,4045,26463,7
66,4855,37025,0
5,1293,28819,0
6,4275,6324,41
3,5386,32505,0
8,3359,36503,0
9,2900,39193,0
4,1895,3965,0
6,2541,41084,2
66,1188,36942,0
4,2383,40441,0
6,611,40606,2
8,1914,11067,0
8,2559,25517,0
2,374,41334,0
4,3897,4627,0
5,1397,28857,1
6,610,33853,11
5,5712,27709,0
15,1043,32851,0
15,2609,30580,1
3,141,27715,0
6,649,6322,8
66,1806,38687,0
8,5491,11189,0
8,1047,11018,0
5,3349,41808,0
6,599,6423,5
4,6080,40732,0
2,3506,4967,0
3,3407,26669,0
1,6039,36630,0
13,826,42736,0
4,1661,43219,0
3,2429,40645,0
6,607,45167,8
6,629,19472,10
6,663,6389,8
6,1939,25602,7
6,4540,33204,6
16,3923,24875,1
6,4621,1843,7
16,2648,16238,5
6,640,14915,3
16,3923,18279,2
5,1904,28084,4
6,645,7095,1
6,4274,6693,12
6,1939,36437,26
8,3298,37493,0
6,588,2449,9
6,570,2449,3
6,5480,2053,18
6,630,1632,4
6,622,24820,14
13,4045,36094,10
6,573,1591,4
9,3042,32152,0
8,5427,24833,0
4,2646,32350,0
6,612,35375,6
16,5412,35331,0
3,658,37837,0
1,2010,15430,14
1,3158,23639,0
6,946,39891,6
8,5491,40909,0
5,1317,7373,0
6,2942,2258,15
4,1784,36356,0
8,5395,37285,0
13,5286,10202,0
16,2786,36491,0
1,4053,30169,0
8,4400,16347,0
6,2942,6537,0
6,633,6322,10
3,3012,5152,0
4,2043,16587,0
6,586,42770,5
4,5768,40442,0
15,1272,38928,0
15,1268,41045,0
13,4334,10529,0
13,3536,9905,0
8,5235,11189,0
1,6039,37832,0
6,594,6512,4
16,6124,37282,0
4,6177,4627,0
5,1140,28313,0
6,639,38622,5
13,2539,10707,0
3,1490,34313,0
6,2545,38621,9
6,5479,14823,16
8,4952,37697,0
6,1078,6613,0
4,4401,28176,0
3,3995,17972,0
6,2545,41085,12
3,3405,40381,0
1,5526,34104,0
16,5625,38997,0
6,1892,1591,1
2,1720,41334,0
66,1224,38687,0
8,2175,25517,0
6,617,14533,9
3,3406,5612,0
6,595,6686,5
15,1277,41046,0
13,4244,29651,0
4,2090,41425,0
17,5811,40059,0
13,4663,37042,0
15,1271,41903,0
15,4912,41593,0
8,5029,11427,0
1,2010,18105,0
6,4540,44516,7
6,628,42771,3
13,5244,43756,0
1,5948,38746,0
3,2194,44036,0
4,3779,41427,0
1,3652,32179,0
15,2980,15632,0
6,4540,19644,7
66,1806,43574,0
6,948,14959,15
6,2541,32053,19
6,3184,1890,11
6,4002,2093,21
6,565,22245,5
6,647,19472,32
17,2267,14635,9
1,4200,13060,4
6,608,22245,13
6,4620,1713,20
6,669,32053,3
5,873,28857,3
6,632,6985,8
6,570,2053,3
16,3563,24212,3
6,573,1916,5
6,4275,1632,1
66,1188,35403,0
6,5207,2097,10
6,460,35375,5
13,2539,26983,0
6,665,15619,4
8,2112,24834,0
6,3719,40611,14
16,3562,36417,0
6,620,38621,5
2,5375,40474,0
66,2692,39986,0
8,2105,36499,0
6,1447,34752,19
13,4663,10821,0
13,3537,36094,0
5,3922,40895,0
4,5014,34417,0
9,2791,33998,0
66,3532,38929,0
1,5159,13060,2
6,4970,32052,2
9,2794,42651,0
8,5576,42835,0
6,652,15619,3
6,630,7095,7
1,2799,37273,0
6,652,7146,2
8,4908,10977,0
5,1791,28975,12
66,2691,37370,0
6,646,40224,1
6,568,42770,11
15,4415,17162,0
1,1137,38750,0
8,4967,37493,0
2,5374,40485,0
5,5082,40443,0
2,5706,40269,0
15,3207,25147,0
8,5536,11021,0
3,4437,19635,0
15,2611,41046,0
8,5234,20863,0
4,4288,42774,0
13,3558,38140,0
4,4746,22080,0
5,5726,28857,0
6,949,6303,12
5,4771,40895,0
9,1161,8560,0
9,1161,31553,0
4,2821,36508,20
2,4861,41572,0
5,5084,27709,0
1,2009,39002,0
9,1160,40436,0
3,3032,26044,0
8,5497,44378,0
5,2968,24870,0
6,989,2216,12
66,5903,37026,0
6,608,6462,2
13,3546,10353,0
1,2798,35224,0
3,1490,37779,0
4,3009,3915,0
9,3038,8639,0
1,3656,34413,0
6,637,43977,8
2,3190,37272,0
16,3561,27691,0
66,1805,36824,0
17,1335,34858,0
2,3948,38530,0
6,673,19644,6
6,4001,42173,0
2,1103,38530,0
4,5158,19323,0
16,4609,37040,0
66,1172,36791,0
66,1806,37577,0
9,2791,41043,0
15,3015,41143,0
5,5332,37830,0
6,5720,45166,0
6,606,33851,7
4,4959,15629,0
5,5615,7373,0
15,2611,37981,0
6,5717,42172,10
16,5721,39015,0
5,5615,28975,0
5,6127,28857,0
9,2789,8665,0
2,5342,42425,0
4,3513,41424,0
9,950,40422,0
15,2612,41593,0
6,2546,1708,0
2,6037,43385,0
6,4878,14822,27
17,5416,27684,0
8,3385,43995,0
6,629,32116,6
6,607,14821,10
6,879,32629,1
6,941,2018,7
6,4088,1839,1
6,949,24960,3
6,667,32053,6
6,1476,19644,14
6,581,32053,12
17,2267,25979,11
17,2267,27062,3
6,1628,35374,10
6,460,21468,7
6,621,35329,9
5,873,20514,5
6,627,32054,9
15,3453,15633,14
6,600,35374,4
6,587,6427,6
6,646,2258,6
6,570,2258,20
6,5207,34755,10
6,608,2450,2
6,944,6393,3
6,880,34752,18
9,4612,33338,0
15,1270,28464,0
8,5504,36498,0
8,5504,11253,0
6,2547,32052,1
1,5571,24838,0
4,5219,19323,0
2,5224,19507,0
8,5551,24833,0
6,949,7150,9
66,4987,36943,0
6,2243,6537,11
16,5156,38997,0
4,2363,36508,0
6,571,2053,9
17,5131,36097,0
6,5419,2018,26
6,622,40611,4
6,598,38162,3
5,5729,36428,0
4,5020,40442,0
6,3719,14533,43
1,4205,26061,0
15,4763,41906,12
17,4827,30200,0
9,860,18001,0
66,1172,37370,0
2,5474,41179,0
13,2533,10707,0
4,1302,22080,0
6,645,42769,3
8,3023,36499,0
4,3307,3966,0
13,2292,10478,0
22,1798,45446,16
66,4857,36793,0
4,4973,37833,0
2,1492,24779,0
8,3350,25517,0
5,3700,41808,0
5,5332,22081,0
8,5157,11523,0
8,4423,11235,0
6,648,7151,14
15,2614,28459,0
6,570,6512,2
16,5320,31938,0
9,2794,8560,0
15,2609,25147,0
6,4273,6278,25
5,4363,37039,0
6,5419,6614,13
13,5464,16142,0
6,633,43977,33
8,5493,37838,0
4,3751,40441,0
6,4970,1645,6
15,1275,38085,0
9,2787,31704,0
6,2245,2093,0
13,4835,18883,0
16,4090,19710,0
8,3789,35334,0
5,3493,41651,0
2,2335,40653,0
8,3857,37493,0
8,5493,40974,0
3,3010,43593,0
4,3375,4627,0
5,5084,41736,0
6,621,40781,9
6,577,42787,6
4,1485,43679,0
13,4584,38140,0
4,3082,36653,0
9,1160,42652,0
8,656,36503,0
15,5895,39834,0
6,606,42770,7
15,1739,30891,15
5,4365,43607,0
6,2541,7165,10
66,4981,37391,0
5,5083,41808,0
13,3536,10041,0
5,4027,8042,0
3,5922,44036,0
4,2641,40877,0
9,2787,8629,0
6,567,2125,1
5,1140,28316,0
3,2466,32505,0
6,628,6423,10
6,629,33853,44
6,629,22242,29
6,945,22242,10
6,3184,14823,16
6,637,19576,2
6,582,24960,5
6,666,2013,2
17,2267,16549,5
6,1476,24960,8
6,4003,21466,2
6,1939,1636,7
6,942,25602,2
6,598,35328,2
6,638,6452,1
6,652,1639,1
1,4809,20519,14
6,1447,34754,7
16,3563,24849,1
6,648,6433,7
6,942,15620,7
6,581,6620,7
15,2613,14575,16
6,637,7095,2
6,640,33852,37
9,1158,39194,0
4,2821,3965,22
5,2514,37416,0
8,1139,10977,0
13,3639,9866,0
15,3213,14800,2
13,2537,9920,0
6,611,15020,6
4,2448,36092,0
9,852,18001,0
6,580,36437,1
6,4088,7095,4
9,1158,35497,0
6,1478,40223,3
2,4084,2151,0
17,4249,24216,0
4,3782,40877,0
4,1710,40442,0
5,5084,28313,0
17,2846,15296,0
5,5203,29708,0
13,3597,36094,0
6,648,40608,7
6,1892,40607,16
6,5482,40224,3
15,1276,41143,0
5,3349,28975,0
8,4662,11523,0
4,5347,3965,0
6,565,6551,3
2,4018,23965,0
13,1083,9905,0
6,3719,2216,1
3,1034,4,0
6,5419,38623,7
6,576,35375,18
6,652,6321,5
15,5191,42960,0
8,2703,11523,0
6,2550,6309,14
6,4539,6322,2
6,4971,45157,4
5,1791,40895,14
4,5223,37036,0
3,1463,5898,0
15,4415,44579,0
13,2535,27006,0
4,2821,3950,32
5,4027,30181,0
9,2057,42793,0
15,4764,44578,0
17,1845,37281,0
6,2551,45148,0
16,4445,36526,0
1,2062,25609,0
8,5504,37838,0
8,5577,16347,0
15,4911,15604,0
66,2357,38068,0
1,3652,13134,0
6,6115,1591,0
66,1619,36824,0
15,4767,32119,0
6,576,4974,6
2,5375,40485,0
6,630,41085,8
6,642,40608,8
4,4080,28176,0
15,1268,41656,0
8,3870,40390,0
15,4763,40880,18
13,5408,9852,0
3,3709,5647,0
15,1280,22364,4
6,595,6303,4
5,5084,24739,0
2,2829,23965,0
6,607,41396,1
5,4110,37416,0
6,665,42786,14
6,2942,6265,9
5,1058,27710,0
2,5917,4967,0
15,1276,42330,0
13,5244,9852,0
6,634,2018,8
4,2044,37036,0
13,2534,30161,0
1,3654,25610,0
15,5449,40000,0
8,3710,40974,0
3,3011,40382,0
13,3172,9964,0
66,4983,37579,0
5,5084,37274,0
15,1609,18471,0
43,3255,27960,0
6,573,32054,11
6,623,24820,3
6,948,22242,16
6,579,1650,5
6,645,34347,1
17,2267,15491,7
6,2190,2515,14
6,4620,14822,20
6,606,35636,4
6,2243,34759,4
6,604,1890,7
1,4809,30940,6
6,5207,14821,4
6,631,14533,16
6,620,39891,28
2,1755,37930,3
6,565,14821,5
8,5551,11253,0
13,4022,38140,0
6,5207,2235,3
6,583,39891,8
8,5551,10977,0
8,5395,11067,0
6,671,40223,10
1,3656,12461,0
6,598,39891,7
1,4672,24865,0
8,5288,15675,0
5,4770,29708,0
9,3345,31831,0
2,5808,39746,0
9,852,8952,0
5,5272,41140,0
16,5156,23408,0
8,4674,36498,0
3,1463,24204,0
66,2355,37026,0
6,1478,14919,2
66,4806,40825,0
2,4958,40269,0
66,1188,23512,0
15,2981,22280,0
5,5509,7656,0
6,2547,42786,7
15,4765,25094,3
17,5130,36505,0
15,4764,41595,20
13,4045,41816,28
1,4229,33772,0
6,675,34758,4
6,4273,21466,41
6,1478,2125,6
3,4437,17972,0
8,5431,11427,0
6,6114,17976,0
5,5083,7365,0
6,2243,42173,6
8,5497,33627,0
8,5551,11067,0
4,2821,38999,8
8,3347,24877,0
15,1272,25094,0
6,648,40610,7
6,2942,44244,0
3,4236,34992,0
3,6012,5647,0
17,1845,15389,0
9,1159,8657,0
13,4583,10041,0
13,4584,10821,0
15,4764,43881,0
66,1632,36824,0
3,1179,26669,0
6,673,41085,5
15,2110,25094,0
13,6109,10725,0
6,674,40224,2
2,5335,40496,0
6,5549,6423,0
4,5219,36508,0
5,5710,40370,0
2,2335,2075,0
4,5528,22080,0
9,1155,19141,0
13,3220,32178,0
66,2354,37577,0
6,5717,6687,6
13,4072,9964,0
6,5717,17976,0
4,1196,41424,0
9,1152,8952,0
8,4556,16347,0
3,3925,41664,0
6,594,6309,16
6,4614,17112,5
8,4182,33864,0
13,4584,30161,0
6,5717,6304,12
4,3946,3966,0
4,3123,4315,0
2,5204,42758,0
13,4015,10373,0
6,614,1914,7
6,577,6452,2
6,942,6680,9
6,613,6993,6
6,642,6379,4
6,663,6359,3
6,598,34346,11
15,1039,17463,5
6,1939,1839,5
6,2546,32629,15
8,3373,11427,18
6,2052,14507,2
6,640,22245,3
6,614,33851,12
6,670,32052,2
6,636,34347,6
6,598,21468,8
6,600,33852,2
6,4270,34347,13
6,941,35636,3
6,667,33854,18
6,4620,34753,42
6,4005,1703,20
6,636,34754,3
22,1798,21010,15
13,4044,29654,8
16,3312,32229,3
6,583,14506,13
6,647,6423,12
6,4273,22242,20
22,1795,31710,3
8,3868,11068,0
15,2610,14711,0
15,1741,31616,0
6,631,34758,25
13,3432,26983,0
6,604,33204,17
66,4987,36824,0
2,5391,40586,0
6,622,40610,7
13,2710,17735,0
15,3213,41595,0
1,401,37273,6
1,2010,33527,0
4,3751,41824,0
6,989,42173,14
6,944,6262,4
6,642,42172,6
66,2819,36795,0
5,3493,22226,11
13,5408,36094,0
6,629,2097,8
2,5658,41257,0
6,4002,6309,0
6,648,34757,7
13,2538,29650,0
8,1705,22237,0
4,5013,40707,0
2,1744,42107,0
15,4760,22278,0
6,2942,32054,1
6,989,1712,0
3,3405,23267,0
15,2613,28464,8
17,2770,16736,18
6,1078,14534,6
1,2012,30820,0
6,4614,32053,6
9,3038,34106,0
15,2609,21615,0
16,5946,24831,0
66,4985,36800,0
4,2822,23316,0
66,3532,42807,0
2,5885,43384,0
1,2009,18105,0
8,5399,45371,0
3,1263,29748,0
1,1137,38745,0
9,3345,41035,0
2,1222,43384,0
6,615,14533,4
1,4800,12795,0
4,3968,42775,0
6,666,35375,5
5,1295,43046,0
3,4547,43621,0
4,5016,4309,0
17,2846,44017,0
1,5456,38749,0
8,3868,11235,0
3,2429,18367,0
15,1273,38211,0
6,946,15658,2
6,639,40610,1
8,5107,12000,0
15,5191,17527,0
5,5517,28096,0
8,4617,11427,0
15,4764,14569,0
66,2321,36824,0
8,4460,11067,8
9,1159,23287,0
6,664,38623,10
22,1799,18589,1
4,5352,36092,0
6,644,6999,2
15,1607,22530,0
9,3035,8639,0
6,592,41396,1
6,5419,15620,6
22,1799,32162,17
3,3743,40385,0
6,1078,34758,4
2,5373,40588,0
9,2071,40318,0
4,1485,40440,0
6,674,6512,21
15,3007,30891,0
8,4456,36503,0
6,626,1591,0
13,826,43754,0
13,3536,10373,0
17,5857,44017,0
9,858,8601,0
6,587,2216,0
1,4717,37832,0
4,2376,16587,0
15,1740,38901,0
66,1224,40706,0
6,600,22245,1
6,567,14506,6
15,1039,30636,1
6,601,6551,7
6,651,34346,5
6,1815,14507,6
6,623,32054,5
8,4453,10995,8
6,4539,2459,4
6,2547,34758,12
16,3312,24652,3
6,652,25602,6
22,1798,18589,10
6,568,14914,8
6,629,21466,22
6,945,35329,8
3,1179,4,18
6,615,24819,5
15,1741,15633,14
6,612,34754,6
5,1239,28308,0
6,670,2216,8
13,4583,9906,0
6,671,32629,10
4,4630,38139,0
6,1939,1707,28
6,943,6686,0
6,1478,15616,4
6,5418,24839,27
16,5721,16383,0
5,2727,40370,0
3,3426,5647,0
22,1799,36186,6
13,3496,32244,0
6,669,6321,26
4,2344,38139,0
1,5801,42725,0
15,1599,14261,6
6,665,40610,2
8,2851,15569,0
2,1222,27702,0
2,5617,4967,0
6,4273,41396,16
6,2545,24840,5
6,568,41396,10
17,2770,15249,3
15,4765,41658,0
5,2213,29708,0
13,4835,29651,0
6,6115,36437,0
66,5839,43309,0
5,4223,41264,0
4,5767,43219,6
15,3208,14213,0
3,3925,4,0
13,5164,9890,0
13,6109,42987,0
6,2190,15620,10
1,3392,13060,0
6,944,14333,3
6,664,6686,8
9,1158,33997,0
13,1082,9866,0
8,1495,36301,0
66,1173,39977,0
15,4764,32169,0
8,3870,30730,0
6,946,40606,14
6,1938,41084,0
5,4137,37416,0
6,614,42172,8
6,588,40604,8
66,5795,36811,0
4,5352,36508,0
66,1224,36824,0
15,4759,30580,0
6,672,4974,0
66,5379,41564,0
3,658,23956,0
13,4583,10373,0
1,4227,39002,0
2,5474,43383,0
15,2622,29566,0
4,4401,14532,0
8,5491,41934,0
6,669,15620,4
13,2709,38140,0
5,5062,29504,0
3,3405,5152,0
66,2694,37370,0
4,4669,30188,0
9,2787,33994,0
6,4849,45157,8
6,673,6313,22
6,2549,45166,0
3,1463,40385,0
17,6003,44017,0
2,3520,45159,0
8,2332,38990,0
15,4765,42960,0
4,1895,30188,0
15,1039,25095,6
6,646,14996,3
6,649,6993,1
6,942,34755,12
6,663,22244,20
6,644,32629,12
8,2773,10944,14
8,2773,32143,5
22,1798,34109,6
6,1447,24960,1
15,1741,14711,6
6,623,35372,4
6,673,7091,2
6,571,6519,9
6,650,1710,15
6,4540,33853,8
1,4798,30482,0
3,3017,32505,0
4,4879,34400,7
15,1270,20187,0
4,2996,15629,0
5,4488,35407,0
8,4183,24833,0
15,1598,41050,0
2,5373,40503,0
6,3719,6687,10
9,2791,42719,0
9,1161,40318,0
5,4027,30187,0
17,3334,14722,0
2,4051,40400,0
3,1463,17174,0
5,4681,41808,0
66,2432,41810,0
6,4540,6427,11
66,1806,37370,0
8,4460,40509,8
1,5802,15209,0
6,942,35375,5
13,1080,29651,0
8,2458,37285,0
8,5157,40921,0
6,573,41395,6
6,2549,24840,0
1,2008,13744,0
66,5822,37369,0
66,4744,36653,0
6,4275,6459,22
4,4784,38913,0
8,5967,23265,0
2,3226,37272,0
15,1274,39835,0
2,3778,43382,0
6,621,35375,6
66,2355,36943,0
4,2445,43679,0
13,4136,10135,0
3,6245,5647,0
9,4612,31831,0
2,2192,2075,0
13,4584,9866,0
6,589,14823,14
9,955,41038,8
5,5404,40370,0
15,4767,32851,2
15,3453,41053,0
8,3023,11021,0
5,1140,29708,0
6,638,39891,8
22,1795,39115,35
8,4907,11721,0
13,3429,10392,0
66,1806,39976,0
9,1156,40436,0
6,670,32054,0
15,3212,30887,0
5,3493,33747,14
5,1219,37274,0
13,5385,22480,0
66,4978,36805,0
4,5252,38913,0
8,4079,40390,0
6,674,40223,0
6,628,40604,5
8,3870,11253,0
6,5549,41083,0
66,2289,36805,0
8,1997,39832,0
1,4227,24841,0
22,1799,40426,12
2,1348,37835,0
2,5885,39746,0
2,4707,2151,0
1,2012,40664,0
3,4946,39741,0
15,4911,41595,0
2,5270,42102,0
1,5547,22944,0
15,1039,15632,7
13,5244,32346,0
3,1332,27716,0
1,5802,42001,0
6,5419,1636,15
15,2622,30888,0
3,2598,5612,0
16,5738,37283,0
1,2010,43990,3
66,2692,36797,0
66,4850,34035,0
1,2009,21894,0
6,570,6281,3
15,1274,30888,0
4,3147,32262,0
8,4556,42742,0
13,3965,41554,0
8,4457,42157,0
17,3419,14417,0
8,3710,37285,0
9,851,8627,0
15,1272,44618,0
13,4044,10135,1
15,4766,18471,6
9,854,33990,0
6,613,6680,4
6,3184,24820,12
6,1938,2235,5
6,614,21466,10
6,665,33854,4
6,4539,21465,7
6,948,35373,11
22,1798,34111,4
6,570,1713,4
6,1628,6423,10
6,1477,34347,7
22,1795,18739,8
22,1798,34110,7
8,4698,34452,6
6,616,32052,10
6,1628,14821,10
66,4850,36797,0
6,948,1591,1
15,1741,25140,0
13,3432,10144,0
5,3493,28810,28
8,5122,40084,0
9,2793,40316,0
6,4878,1632,2
6,622,38162,10
6,943,1636,2
8,2332,36301,0
6,628,1645,8
4,4261,36654,0
4,3802,25424,0
1,4227,33768,0
66,4989,38683,0
13,3496,32274,0
13,5165,35391,0
4,3934,37833,0
1,3653,21463,0
15,1739,31616,4
1,5802,36955,0
15,3213,37983,4
6,653,40779,4
4,5767,43679,12
6,946,6999,10
8,1227,37285,0
15,2608,41905,6
6,4970,19569,8
6,629,6433,7
8,5088,40084,0
15,2611,42960,0
15,2610,41595,0
6,648,42770,1
13,5287,41554,0
15,2622,15598,0
8,5892,22237,0
6,941,6304,16
4,3915,30188,0
5,1686,22081,0
15,4912,29566,0
5,5241,42747,0
2,5335,43540,0
9,1153,42796,0
15,2614,18935,0
6,581,44516,6
13,826,10191,0
4,2364,32262,0
8,5291,16347,0
3,1263,42751,0
22,1795,34110,6
22,1795,28626,5
13,4017,9964,0
6,638,38622,3
15,4765,25097,4
1,3902,23639,0
8,1495,36499,0
1,5040,13060,0
8,4617,37270,0
9,859,32154,0
4,1895,4315,0
4,5698,4141,1
5,2863,41140,0
22,1799,38591,4
4,5352,14532,0
15,2608,39851,10
8,1697,15464,0
9,2790,40318,0
8,4398,42826,0
3,3012,42219,0
2,4940,41190,0
8,1699,38391,0
2,1841,42721,0
2,2192,37312,0
13,4636,41106,0
2,39,37272,0
13,3862,29657,0
6,5720,42787,10
6,617,6511,6
2,2398,24779,0
1,2011,35316,4
6,576,2449,5
6,947,40224,2
6,2551,42771,0
16,5569,45265,0
9,1158,8629,0
1,2010,17889,1
8,1698,44385,0
13,5070,9921,3
5,5082,41738,0
6,588,22245,18
6,598,6389,9
6,603,6507,19
6,1892,6361,4
6,2243,6359,3
6,2551,1650,2
6,649,22245,6
2,4404,18571,1
6,651,22242,7
6,601,35373,3
6,4270,21465,20
6,2052,6359,1
6,568,35328,2
6,569,35373,5
8,2773,24878,2
6,2244,35374,12
6,640,1632,2
6,4272,34755,4
6,1478,30443,9
22,1798,27915,7
6,4538,33854,18
6,617,1636,5
6,626,32117,12
5,1945,27843,0
3,3031,32506,0
8,1697,25517,0
4,2822,3965,18
15,2621,32924,0
8,1139,12000,0
8,4162,40390,0
5,1564,7592,0
1,4489,4,0
15,4761,32167,0
17,2203,18192,0
1,4936,13060,1
3,2095,40642,0
15,2608,41904,4
15,1280,14213,0
8,2703,23265,0
4,2822,38999,20
9,860,8560,0
4,2821,37833,0
2,5389,38530,0
6,5479,6280,6
3,1463,30189,0
4,3855,30188,0
4,1726,40877,0
8,3921,40390,0
8,4409,41901,0
6,592,6309,3
6,670,6324,0
6,4710,14822,7
6,1814,2258,8
2,3500,41571,0
1,2010,12358,3
6,2942,6507,0
6,634,7150,3
8,4180,25517,0
5,1233,41398,0
6,4539,6507,4
15,2957,23372,0
6,4003,41083,0
6,607,42173,1
2,5335,40501,0
4,4111,40752,0
6,595,38623,6
8,4992,15569,0
6,633,7095,6
15,1268,32166,0
16,4611,16383,1
13,5329,38988,0
66,4850,36787,0
6,5480,19644,25
6,570,38623,1
5,3357,37038,0
4,2090,23393,0
5,3493,8310,4
4,3330,27719,0
8,5494,35334,0
8,4179,39832,0
6,631,6322,28
8,4460,11018,23
8,4460,40972,16
8,1825,14211,0
2,2826,36780,0
22,1799,30683,28
8,5396,37838,0
4,4670,22080,0
17,2724,14447,0
15,1608,38615,0
6,645,2053,14
6,667,6427,9
2,1134,34698,0
4,3897,40732,0
6,630,6331,3
16,3959,14398,0
6,948,6277,6
8,4682,11235,0
2,5515,42942,0
3,3017,36365,0
6,579,42768,2
2,3778,38531,0
15,4417,41593,0
15,5896,14711,0
4,2822,42919,0
8,4457,37493,0
15,4765,44584,0
4,3013,41426,0
3,4547,41663,0
5,3700,27709,0
13,4016,10041,0
66,1621,44151,0
1,2010,28229,6
4,5011,37833,0
6,596,45170,7
2,3520,43383,0
6,588,22242,13
6,611,6359,1
6,602,23139,5
6,1814,34347,3
6,2243,22244,7
6,675,6389,22
6,571,6693,9
8,4453,33864,6
8,4453,11235,8
6,628,35372,3
6,4620,34754,3
6,565,1713,8
1,4941,13744,1
6,606,6324,8
4,4879,4315,6
6,2942,24820,13
15,4765,28464,11
8,2502,11420,0
6,4849,19472,7
5,5053,40445,0
8,5493,11523,0
6,631,40608,6
8,4343,11182,0
8,4180,35393,0
6,630,42173,1
8,656,27225,0
15,4765,32119,8
6,650,15620,15
5,5517,7365,0
4,4811,24825,0
13,4663,38988,0
6,673,42770,3
6,5717,42771,2
6,4275,33851,7
6,631,38621,2
13,3640,9920,3
6,4614,43285,4
3,3017,26957,0
66,4989,40705,0
1,4229,42314,0
8,5507,37493,0
6,567,14533,10
4,1486,37833,0
15,4765,36054,14
2,5446,31450,0
15,2608,40818,0
13,826,29673,0
8,5444,11427,0
66,2291,40823,0
3,3032,40382,0
8,5396,16347,0
1,3656,14694,0
6,5720,1712,0
3,143,44048,0
6,610,6686,3
2,3953,18977,0
6,664,7165,2
15,4763,15199,5
4,5012,35327,0
15,1270,14565,0
6,616,40605,1
16,2786,37751,0
5,5403,36378,6
3,3011,37276,0
8,4460,10977,6
8,3287,40390,0
15,3213,38085,0
6,581,40604,10
6,4275,7047,7
6,4540,6246,2
8,527,24833,0
4,4670,22928,0
2,5336,40483,0
15,2610,41656,0
66,5839,36875,0
8,2459,15569,0
8,2703,41578,0
13,2298,26982,0
4,417,43219,0
8,2703,15675,0
3,1463,41663,0
9,2071,19804,0
8,3347,27209,0
4,5011,44022,0
9,955,8670,5
15,1278,29566,0
1,2151,36639,0
2,333,44792,0
6,583,6246,14
6,946,40223,1
6,1476,45170,0
6,613,6693,9
6,942,15168,7
6,663,6699,7
15,1039,15199,5
6,1447,15168,5
6,3184,32053,3
6,571,32116,3
6,582,34753,6
6,629,21465,14
6,610,34752,6
8,4453,14500,8
6,611,34346,1
6,671,7150,7
6,626,21466,3
6,666,21465,13
6,4273,35328,10
6,989,35328,7
15,4765,25093,6
15,3453,22279,0
13,5286,37042,0
6,948,41393,12
6,1938,6512,0
8,3921,39832,0
8,2460,37493,0
6,2242,15620,7
6,624,6309,2
2,5265,21358,0
6,942,33204,2
6,648,7047,7
17,3707,24854,0
13,5164,9866,0
15,4763,26465,2
13,3537,38140,0
8,2592,11021,0
6,5549,40604,5
3,3295,17972,0
6,1892,6246,2
3,1034,37620,0
6,648,14821,5
15,4761,19017,0
8,5427,16347,0
4,5767,42774,6
8,4682,40921,0
15,2608,41593,5
13,3558,32244,0
8,1247,20863,0
6,567,14534,5
6,669,6686,11
13,2299,43454,0
1,2010,42783,2
4,4262,22080,0
6,2942,35375,3
1,4229,27064,0
4,3911,43679,0
9,3345,31553,0
4,4784,30188,0
4,825,14532,0
4,5457,24825,0
15,2622,43877,0
13,3640,43756,8
5,5729,28086,0
13,5408,9890,0
13,5070,9852,3
6,624,14821,8
3,1490,29748,0
8,656,24834,0
8,2780,35393,0
4,2344,3966,0
15,3007,15199,0
17,5033,36505,0
6,1478,40607,3
5,2863,28297,0
6,568,40224,2
13,4047,37269,0
8,4460,11021,16
4,247,15629,0
15,4763,37983,0
5,2863,36429,0
66,4978,37370,0
4,4880,41321,0
8,5493,41969,0
15,4764,41906,6
8,2703,10990,0
15,3213,30891,13
6,605,41396,1
6,636,6613,2
8,1804,12001,0
8,2782,11145,0
6,4878,15620,3
4,1486,22928,0
4,4669,22080,0
6,668,7091,12
4,4285,41424,0
15,1272,44579,0
5,3493,44549,0
2,3239,4967,0
8,3023,11068,0
6,647,6613,8
6,611,6361,3
6,629,2459,1
15,1039,31616,7
6,630,1839,11
6,1477,6693,7
6,634,6614,3
8,4453,10890,10
6,618,35636,7
6,613,35329,5
16,3312,24650,3
6,649,25602,7
2,4667,4967,2
6,665,35329,5
6,580,22245,2
6,665,6518,6
15,1741,17463,3
6,4088,19472,9
15,1608,31616,7
6,4540,6462,2
6,589,38162,4
5,5055,27709,0
4,5365,24825,0
6,568,6518,4
8,5492,36303,0
6,947,7165,7
6,947,14823,11
13,4135,38141,14
9,1161,33338,0
4,4630,34433,0
5,1293,27813,0
6,583,6433,5
8,4460,33864,6
5,2902,31383,0
8,527,35334,0
6,604,6423,8
22,1799,31710,23
5,1239,27843,0
6,2546,1843,8
2,3226,40653,0
15,2635,14259,0
8,5497,35393,0
4,1011,4218,0
3,4946,23267,0
15,2607,19019,0
3,3017,5647,0
9,2789,31704,0
2,5372,40482,0
5,4217,28086,0
2,2192,37835,0
8,3921,40084,0
66,2290,38929,0
9,1160,42796,0
4,2282,29710,0
6,1814,1591,0
13,2859,9905,0
5,4363,37416,0
5,5710,28857,0
6,570,1654,2
6,649,44514,1
2,3506,43675,0
5,5083,28810,0
3,5744,5152,0
15,4767,28458,3
4,5384,4141,0
6,4539,14533,1
5,3493,28320,1
1,5508,13060,0
5,1232,8042,0
8,2781,11235,0
6,609,40610,5
8,5025,15569,0
1,3655,13743,0
2,5391,40589,0
8,4568,40909,0
22,1799,28626,6
1,390,13060,0
6,580,41395,5
5,4028,24871,0
13,4245,40693,0
1,5456,37992,0
66,2356,41908,0
5,1237,37039,0
13,3965,9920,0
3,5921,41244,0
8,4826,11253,0
66,2357,36942,0
13,3639,9890,0
6,620,42771,2
6,5483,42173,8
6,579,6701,1
6,653,32629,2
15,1039,28350,4
6,663,6442,10
6,948,33855,7
6,3719,32054,14
8,4453,24877,7
6,2168,22244,7
8,2773,24877,1
6,634,35329,4
6,943,32117,3
6,609,14913,5
22,1795,34618,3
22,1798,32933,2
22,1798,18588,5
6,595,34754,5
6,1447,15021,2
8,3128,35393,0
13,5071,9934,0
6,641,6266,6
13,2299,27005,0
6,607,14533,1
8,5291,36301,0
1,3727,12854,3
8,3921,41578,0
6,592,6512,5
15,1608,25098,2
6,644,6583,11
4,3622,19322,0
66,1659,36490,0
6,624,36563,7
6,1477,14822,5
9,1160,42651,0
15,1274,41048,0
1,5802,37491,0
6,949,6551,13
6,4001,42770,0
6,644,2013,4
6,673,42771,10
15,4911,41048,0
5,5273,27709,0
17,2724,18190,0
2,5513,31438,0
6,632,6686,8
13,4245,10707,0
66,2289,44151,0
6,2242,1839,0
1,5802,40321,0
4,5344,22080,0
9,955,32152,2
6,1447,6462,8
13,4044,16472,1
13,4044,41554,2
13,4583,36094,0
17,6284,14417,0
4,3540,37275,0
4,2649,14532,0
5,4659,27712,0
2,2192,18977,0
8,5233,37270,0
66,1223,25115,0
8,5497,33864,0
66,5379,36804,0
8,1139,11068,0
5,4646,40445,0
16,5154,18277,0
5,1306,28308,0
66,4870,36824,0
8,4617,24877,0
8,4079,24834,0
17,3301,34857,0
8,4726,41578,0
8,5852,33864,0
2,5263,37272,0
1,2008,21894,0
15,2609,42959,0
4,5352,3950,0
1,5802,23638,0
15,2611,38085,0
2,2192,21358,0
8,5852,12001,0
5,3700,41140,0
15,2622,18471,0
15,4764,39429,8
2,5372,42395,0
6,948,45157,16
13,3557,10041,0
8,5968,11189,0
3,1332,37780,0
4,2385,44387,0
6,2190,44516,22
3,6012,40645,0
6,626,45221,4
5,3493,44761,0
6,2244,32053,10
6,4000,21466,2
6,567,21465,6
6,576,34347,4
6,617,1841,6
6,4539,24819,4
22,1798,36179,7
6,599,62,1
5,1239,28298,0
6,4275,1645,9
3,1463,35395,0
15,2957,32119,0
6,989,7095,5
6,617,40777,5
15,3452,25140,0
6,612,6309,2
9,3345,23724,0
43,3613,32358,0
15,4767,25093,2
6,595,38162,16
6,672,6309,0
6,1628,42173,8
1,3655,25610,0
6,624,6322,3
8,5122,40509,0
5,4028,35407,0
66,1634,36875,0
6,4878,1633,10
6,4620,4974,4
15,3015,41595,0
66,4860,41564,0
13,3496,41093,0
6,4000,41085,9
5,4073,28086,0
3,5731,5612,0
66,2354,38929,0
8,5026,24118,0
13,2296,32174,0
6,5482,6280,1
1,2010,41567,3
6,1477,44244,1
66,4858,39985,0
8,5396,40974,0
3,3405,39741,0
13,3640,32178,10
4,2376,4470,0
9,851,41779,0
8,5395,29576,0
9,2789,35497,0
2,5265,20165,0
66,4850,39542,0
6,603,38621,8
66,1173,15629,0
66,2693,4458,0
9,2792,8670,0
2,5265,36304,0
5,3493,34364,15
6,582,33853,8
6,579,40606,7
4,5487,40440,0
15,1271,17162,0
8,5431,15569,0
5,1057,22226,0
5,2863,28086,0
4,2649,30188,0
4,3257,19323,0
8,1996,37285,0
15,1277,39851,0
5,5273,41651,0
6,2545,1712,8
8,4392,36394,0
1,2010,20391,0
22,1799,18588,4
6,5549,2018,0
66,5839,42144,0
9,1154,32152,0
13,5165,37269,0
66,4858,36943,0
15,4763,42960,0
66,2433,36815,0
6,604,33851,4
3,3406,27715,0
3,5748,41663,0
5,4361,22081,0
8,2856,40909,0
4,4711,37833,0
8,4908,37285,0
17,4249,37836,0
6,880,7150,1
6,583,45221,2
1,3652,17889,0
6,4710,15620,0
5,5710,28089,0
15,1039,42960,0
15,1741,14568,0
3,3925,41244,0
4,5013,43219,0
3,143,32506,0
9,1155,8657,0
15,1039,18936,1
15,1039,31834,4
6,3184,14507,2
6,612,22244,4
6,1938,14822,12
8,4453,11439,18
6,614,24819,8
6,573,1713,3
6,646,34752,1
6,573,14922,3
22,1798,18740,5
6,4539,7150,6
6,642,34753,6
6,460,22244,3
6,642,6620,4
6,565,35372,5
6,947,6369,0
3,3012,5647,0
15,2609,19019,0
3,1463,37837,0
13,4015,29654,0
6,942,1636,3
4,3994,19323,0
8,2597,24878,0
5,4837,40370,0
5,5066,40443,0
8,4180,40909,0
13,3863,10135,0
66,4745,36801,0
8,1912,12000,0
17,4683,14722,0
2,4839,23965,0
17,3146,24028,0
4,1026,41825,0
6,949,2235,6
5,4027,42749,0
1,2010,34351,4
15,3180,42332,0
4,2641,28212,0
13,5165,41554,0
6,2168,6680,4
3,3010,40381,0
13,5070,10135,4
2,5375,43304,0
4,5767,42776,4
13,3640,17735,2
5,997,41808,0
9,1157,37098,0
66,1566,41908,0
6,2168,12171,6
6,4003,14822,1
8,5428,16347,0
4,3545,15629,0
66,2356,43573,0
4,3331,15629,0
9,852,35497,0
66,4850,36804,0
3,3405,23956,0
6,1892,14333,7
8,5492,11067,0
8,5492,27209,0
8,1997,11420,0
15,2979,17527,0
4,4990,16587,0
8,5496,21490,0
8,1709,25517,0
2,5373,40474,0
2,5373,31448,0
4,5457,4218,0
3,3011,18368,0
6,592,6246,5
3,4964,36365,0
2,3501,40057,0
66,2291,36821,0
8,4376,11420,0
6,2242,42771,1
4,3802,28176,0
1,3651,14894,0
1,4229,24469,0
1,5801,41620,0
3,2429,26669,0
4,4630,22928,0
6,652,45157,3
2,1240,44551,0
15,1039,25147,0
15,1274,44578,0
15,1039,15633,7
6,3184,19472,5
6,2551,1914,2
6,2168,6365,10
6,945,34346,6
6,631,19644,5
6,460,24819,8
6,624,21468,6
6,642,6442,3
6,3719,21468,8
6,588,1713,3
6,627,2258,6
6,4270,7151,2
6,675,39891,0
15,4763,28457,7
5,2212,8294,0
6,2245,38622,6
8,5289,22237,0
6,573,34752,4
6,1477,40779,1
9,2793,8639,0
66,1632,37027,0
6,2543,7091,1
9,3036,40425,0
4,3695,24846,0
9,852,8560,0
6,639,6393,8
8,4388,11021,0
6,2242,7151,8
4,1786,29710,0
15,4766,22531,6
8,5495,37270,0
8,4183,11523,0
66,2291,42145,0
1,4227,12355,0
13,5408,10041,0
43,3612,33719,0
13,4047,43741,4
2,2192,40713,0
8,4457,42261,0
4,3330,3966,0
3,3925,43629,0
5,5084,41140,0
1,6043,39002,0
15,4417,39529,0
5,1239,7656,0
5,1239,37830,0
4,2276,4625,0
5,3681,37038,5
8,4637,39832,0
4,4725,30188,0
16,5127,18277,0
8,3350,21490,0
22,1799,18740,1
4,4286,22080,0
9,2788,42651,0
4,1726,22928,0
2,1957,40903,0
1,5802,38922,0
4,247,40659,0
6,673,6613,22
4,3307,15629,0
66,2355,36942,0
13,2531,29650,0
8,3350,42743,0
4,2376,43943,0
8,4162,37493,0
13,4044,9890,4
3,5731,41662,0
8,3481,42262,0
1,6061,30820,0
6,612,33853,2
15,1039,32996,4
6,1628,1722,6
6,3184,32052,19
6,1815,22245,8
6,2551,34346,8
6,2551,33852,28
6,640,32629,1
8,2773,21812,10
6,587,21468,3
22,1795,32934,2
6,617,34757,3
6,606,1707,7
6,600,7095,8
6,631,30447,2
4,4879,28240,8
15,4760,24625,0
6,595,7151,5
66,4853,37025,0
4,1314,37833,0
66,4870,38065,0
1,5848,35079,8
8,3600,41969,0
66,1172,36790,0
15,2111,14410,0
6,647,2018,1
15,4418,22279,0
8,5289,11019,0
15,3213,39851,0
17,3372,34858,0
15,2613,41048,0
6,620,34757,1
15,3004,41923,0
3,2429,37276,0
9,3244,41041,0
4,3779,37833,0
1,5801,41618,0
9,2071,41039,0
3,3017,37779,0
8,5496,11067,0
9,851,41044,0
3,5750,41663,0
8,3234,16347,0
2,3520,41572,0
17,4249,24028,0
17,5608,36369,0
8,5422,37493,0
13,4697,9866,0
6,4002,24820,0
6,668,36563,1
15,5894,45141,0
4,4111,44561,0
2,5265,36414,0
66,4850,37366,0
66,4862,36802,0
3,5227,23956,0
1,3408,36486,0
16,5098,36415,0
15,4765,38928,1
17,5126,38993,0
6,573,39891,6
15,1739,29918,5
5,4366,37038,0
8,4674,41934,0
15,2608,30891,7
66,2354,37365,0
13,1082,22129,0
1,2011,37491,0
8,5851,24833,0
6,5482,6419,5
2,1841,41179,0
17,5302,40353,0
4,2363,37275,0
15,4760,25136,0
1,3656,40662,0
5,2213,36089,0
13,2710,9964,0
66,2694,43573,0
2,5737,41334,0
1,2011,13953,1
15,4765,40880,12
6,596,6304,10
4,5966,4522,0
8,4485,43727,0
4,2822,42775,0
1,4800,43639,0
6,642,6338,1
6,608,1839,17
6,614,6365,7
6,580,22242,8
6,652,1633,1
6,667,32116,11
6,602,14961,2
6,1815,35372,2
16,3312,15955,8
6,1066,35636,1
6,606,40610,5
6,1892,40611,10
6,604,14925,1
5,5053,37038,0
3,3031,5647,0
6,587,40610,1
6,5418,12171,6
8,3642,41347,0
6,672,7146,5
8,3870,40972,0
2,2575,20519,0
8,2600,41578,0
15,3452,22280,0
4,1290,34509,0
15,2613,32170,0
8,5852,42262,0
6,5419,2125,17
6,1066,24820,5
6,5480,36437,7
16,3959,40655,0
13,5329,10392,0
6,879,4974,1
4,2276,15629,0
8,3788,41969,0
8,1227,11253,0
3,3032,40644,0
3,5731,18369,0
13,3595,42003,0
5,4028,37416,0
4,3552,28176,0
2,5264,42107,0
6,611,44514,2
66,2289,43573,0
15,2621,33047,0
13,5840,26982,0
6,620,42770,5
9,860,45552,0
9,2794,41780,0
1,4228,42001,0
8,4682,24118,0
16,5035,16670,0
6,1066,38622,1
1,92,4,0
1,3651,36087,0
17,3888,38050,0
9,2788,34106,0
6,947,32054,7
15,2611,33047,0
66,4986,38930,0
6,605,34758,7
13,3639,10707,0
5,2213,20514,0
13,5165,10732,0
5,2514,28086,0
66,1620,37369,0
8,3385,37838,0
15,5539,17527,0
2,5373,40477,0
8,3921,11021,0
15,4760,30579,0
5,2212,40939,0
8,2332,11182,0
66,2357,36943,0
8,4992,11235,0
5,1140,41814,0
9,2789,40319,0
8,4699,15675,0
66,1806,44151,0
15,4760,14569,0
13,4334,29646,0
1,2011,34351,2
9,851,8650,0
2,3520,44551,0
6,651,6359,3
15,1039,32166,2
6,626,6551,16
6,636,34346,5
6,598,21466,13
8,2773,34452,6
6,2545,34757,1
8,4453,14211,7
6,879,6985,7
8,2773,24852,5
2,2279,32140,2
15,1741,35800,7
3,1491,4,1
6,577,21466,2
6,630,6462,12
6,567,32054,6
6,1476,7091,10
6,586,21465,3
3,3012,23956,0
5,5285,35134,0
8,4617,39832,0
5,5055,40443,0
6,665,6280,12
2,2575,16383,0
6,2545,6266,5
17,2770,40353,2
8,4631,36503,0
5,4408,28300,0
8,5289,11021,0
4,2282,40659,0
6,570,38622,5
4,4758,23393,0
8,2780,40390,0
1,1830,41997,0
5,2212,7593,0
2,5391,40588,0
8,5025,40974,0
4,3706,30188,0
8,4405,40084,0
6,2547,41083,0
1,4322,37994,0
5,2863,24739,0
15,4760,14567,0
66,4858,43030,0
15,1274,29566,0
16,6122,24653,0
6,577,6511,8
3,1263,43626,0
13,5070,43741,2
2,2192,42758,0
4,2932,44051,0
13,5070,29884,11
6,628,6303,2
8,3481,12001,0
66,1621,36091,0
3,1491,37837,0
15,1043,37983,0
17,3144,30200,0
15,5191,32851,0
13,3537,22129,0
8,4712,23265,0
66,4857,38684,0
22,1797,40431,0
4,4869,28176,0
5,2863,28312,0
1,2008,12208,0
15,2608,30888,5
4,939,41424,0
17,5302,14635,0
6,1478,41085,1
4,5347,40442,0
15,2622,41046,0
8,1227,37270,0
8,1247,11021,0
3,1034,42219,0
4,5365,42919,0
6,596,45221,7
8,5496,40972,0
8,5496,43737,0
6,948,45166,10
5,1345,40370,0
3,3012,40645,0
6,622,6325,8
15,1039,30944,6
6,665,34347,6
6,602,34757,1
6,636,33852,4
6,4539,34754,4
16,3312,24832,1
16,3312,21188,14
6,4539,22245,4
6,565,35329,8
22,1795,32936,3
6,637,36563,4
6,634,19644,3
6,593,6427,5
6,2242,6813,7
6,632,34753,4
13,2410,9852,0
8,3019,12084,0
6,3719,40610,9
1,4227,14017,0
6,1892,39891,7
15,4766,41595,4
6,600,40223,4
3,3012,32505,0
6,594,42173,12
8,2007,24833,0
4,3968,41424,0
8,4347,24834,0
8,5233,11523,0
4,2996,32262,0
15,1278,30579,0
8,4662,33863,0
6,1066,24819,7
5,5729,41945,0
66,1635,41811,0
2,3000,24779,0
9,3041,33994,0
8,3352,11253,0
5,5710,28312,0
6,644,14534,5
8,4682,27209,0
4,2821,41825,0
13,1085,32174,0
13,2536,10792,0
5,5084,22081,0
15,1598,14255,0
17,4249,27684,0
1,3159,37993,0
6,949,6324,3
6,579,40611,7
5,3030,22226,0
5,4365,34510,0
17,2203,37271,0
6,607,40610,2
8,1257,37285,0
5,5695,28857,0
1,5805,35326,0
66,1806,39977,0
5,3489,28810,0
2,4078,27701,0
13,5069,35392,0
2,76,4967,0
15,2610,40817,0
6,588,36437,2
5,5067,28975,0
15,2609,14213,0
16,5098,16383,0
4,244,28176,0
5,5279,37830,0
6,1477,6573,7
1,2009,33527,0
2,3778,3079,0
6,588,32052,10
6,595,24960,4
6,943,24960,5
6,1939,24960,5
6,620,34752,1
6,646,24960,6
6,623,34752,11
17,2267,27483,2
6,946,1643,10
5,4680,8042,6
16,3807,24850,1
6,605,1707,8
16,3807,31940,2
6,5207,7091,9
15,2613,30580,2
15,3180,25097,0
5,3700,37830,0
6,5480,33853,18
8,5551,15675,0
9,2794,33989,0
6,5480,7150,12
8,5551,11523,0
15,2607,39834,0
6,604,33853,15
15,4759,41048,0
9,852,8629,0
6,619,35375,5
13,3864,26462,0
6,5549,33204,0
4,4630,35327,0
17,1333,30200,0
6,589,6265,21
4,1661,40877,0
4,4262,19323,0
4,4914,19322,0
5,1791,37038,1
8,656,10977,0
6,5550,6319,1
6,880,1645,1
4,1707,22080,0
4,5960,4522,0
15,3453,20325,0
3,6011,27716,0
2,5808,40350,0
9,922,31831,0
13,2292,31401,0
6,4538,45129,0
6,4971,1712,12
15,3005,25593,4
9,858,31553,0
8,2559,37285,0
3,5537,5647,6
17,5126,36505,0
2,5446,4967,0
2,1392,37312,0
5,2969,34364,0
6,3184,33851,4
17,5707,40059,0
13,2299,10041,0
66,4846,36799,0
3,3031,38826,0
6,4003,42172,0
1,2062,13060,0
4,5365,22928,0
2,806,41257,0
15,1273,38085,0
4,4957,15629,0
4,4670,41424,0
17,5812,38050,0
8,2703,11420,0
4,1706,41427,0
5,2864,36432,0
5,5273,42747,0
13,4015,9866,0
6,604,6303,8
3,3426,43593,0
6,569,22242,4
6,636,1839,3
6,611,2018,2
6,617,14507,1
6,943,19472,12
1,4200,13007,1
6,1447,32116,1
6,586,32052,2
15,3453,35801,4
6,569,35374,1
15,2613,22364,1
6,674,33853,2
6,4002,24819,2
15,4766,24625,0
17,3334,37503,0
6,674,38623,1
8,656,36498,0
2,5224,27208,0
8,5551,12000,0
6,606,41396,15
6,603,7151,1
6,666,40611,0
9,3042,23274,0
9,4612,41041,0
16,2786,41193,0
66,2290,37370,0
8,5494,11253,0
2,3431,27702,0
5,4073,36483,0
66,4981,37392,0
9,2071,8657,0
4,2363,42774,0
9,2788,40317,0
5,5082,27767,0
17,3057,30200,0
3,5748,41664,0
6,5549,42172,2
4,2678,29710,0
17,1913,14417,0
4,3514,44387,0
5,1791,37830,11
2,5596,42732,0
13,5433,42987,0
66,4981,38683,0
8,5551,11068,0
9,1152,33989,0
8,5504,15569,0
8,4359,12000,0
8,3789,36095,0
4,2925,40442,0
6,3184,14821,10
8,1699,24878,0
8,2783,33863,0
2,3948,37272,0
8,5741,11427,0
9,3043,32152,0
6,1478,40610,1
5,4232,28810,0
6,949,41392,8
5,5711,32349,0
5,1791,22081,7
8,5929,11055,0
5,5403,28975,0
2,2666,40539,0
2,5594,4967,0
4,2631,40442,0
66,2289,36793,0
15,4418,31834,0
66,2692,39551,0
9,857,42796,0
5,1791,28857,5
8,2779,37493,0
6,604,7150,8
5,5083,24225,0
8,1260,37285,0
2,5657,42762,0
6,669,6303,6
5,1777,28084,0
13,2711,26982,0
3,3925,43626,0
6,669,15168,2
6,637,6993,6
6,3184,33204,7
6,1939,19644,10
6,947,32116,3
1,4200,18105,1
6,4620,35374,6
6,674,33854,5
6,654,21466,3
6,580,35328,3
6,1815,34755,2
6,640,1890,7
5,873,28297,7
6,608,35329,2
6,666,6512,6
6,589,1843,4
8,1912,22237,0
6,5207,2053,6
6,645,35375,12
3,1332,22934,0
3,523,5612,0
8,1139,16347,0
13,3864,17735,0
6,615,33852,1
6,596,40611,6
6,595,15620,8
66,5253,36801,0
1,5571,24843,0
9,2790,32230,0
66,1634,37027,0
6,617,33851,2
8,5496,36499,0
66,1806,37026,0
4,3915,23316,0
4,5352,24208,0
8,1912,24833,0
8,4387,22237,0
6,5719,38621,0
5,1944,28086,0
8,4180,41578,0
6,641,42769,7
5,2969,8310,0
6,942,6686,8
5,4365,27709,0
15,1277,41051,0
13,3597,10373,0
9,1160,14496,0
6,4538,15620,1
15,2958,25593,0
8,3346,36095,0
6,4614,6482,5
15,1270,28456,0
8,2781,36499,0
6,2545,40611,0
1,1830,12633,0
6,580,6555,6
15,4762,18935,0
66,5822,44899,0
4,3123,34417,0
6,5717,10836,6
15,1276,14259,0
5,5203,28975,0
6,642,41393,14
4,4262,32262,0
4,5158,24208,0
15,3871,28464,0
8,5851,44116,0
2,5477,36781,0
4,1026,29710,0
17,2721,34858,0
15,2981,25593,0
66,5821,37025,0
66,2693,36791,0
13,3595,29654,0
6,4614,40224,1
13,3536,26988,0
15,2622,22531,0
6,570,6379,4
9,1155,41043,0
4,4905,44468,0
13,5519,9964,0
13,4015,9964,0
6,623,1650,6
6,1938,35329,4
6,625,6693,2
6,2052,33852,1
15,3453,14255,10
6,2168,25602,5
6,645,21465,1
6,621,21465,8
6,595,7165,5
6,630,6433,2
4,3009,34694,0
13,2539,36232,0
13,2538,16471,0
5,3358,29504,0
16,2219,38996,0
8,4181,38990,0
2,5346,21358,0
8,5491,11068,0
1,3148,38747,0
8,2783,33627,0
5,3357,28312,0
13,4584,29657,0
2,5808,23965,0
8,4178,15675,0
3,2860,30189,0
66,1319,37370,0
15,1739,14568,3
6,648,42173,11
6,592,6462,5
6,666,6686,0
15,1609,25136,0
4,3308,41424,0
4,1213,23393,0
2,66,3079,0
6,618,39891,8
6,1478,6537,3
5,5055,28857,0
8,5496,40084,0
8,4712,11067,0
8,1142,11182,0
6,5719,40223,0
8,4485,40972,0
5,2968,28298,0
4,2445,23393,0
9,919,34106,0
17,5131,38993,0
6,571,40224,10
8,5426,19956,0
66,2290,37026,0
66,1172,39977,0
5,1307,7593,0
8,2345,35334,0
16,3961,36415,0
3,3743,26044,0
2,5314,40903,0
16,5156,31940,0
5,4232,8042,0
1,2437,38746,0
17,3707,14722,0
8,1699,40972,0
66,1224,39977,0
6,665,4974,7
4,4832,16587,0
2,5314,2151,0
6,604,42771,5
6,4849,42771,40
6,650,42769,55
5,5710,41807,0
13,5164,27006,0
15,5895,25136,0
2,6037,40057,0
8,5129,42261,0
6,4272,2018,0
66,4860,42145,0
1,5800,39821,0
15,2621,40880,5
13,5840,37269,0
6,663,42787,10
6,663,14822,22
6,5481,6321,28
6,5719,1833,0
3,4260,5612,0
6,4614,44516,8
9,857,40316,0
6,640,6309,26
1,2012,13060,2
6,644,45157,18
6,593,6512,9
5,4646,28810,0
6,5481,34758,39
6,641,43283,17
4,4301,42774,0
6,879,6507,17
13,4298,26984,0
6,587,6304,16
6,4878,6304,3
6,880,7091,17
6,4003,45170,0
1,6216,21851,6
8,4182,11021,0
15,3208,20325,14
2,6082,43664,8
13,4046,10733,20
6,615,6246,7
6,565,6573,3
6,569,14924,4
6,622,17112,27
6,638,14506,35
6,642,6423,87
6,569,20059,4
6,623,1636,18
6,628,22245,11
6,665,19472,62
6,665,32629,65
6,636,24820,11
6,944,32116,9
6,653,6361,3
6,944,6379,5
6,628,1826,6
6,629,7165,28
6,633,14506,57
6,570,2236,19
6,650,6324,78
6,594,33851,76
6,619,2018,70
6,1939,33852,32
6,631,14506,35
6,1447,15394,2
6,645,34758,15
6,654,34347,1
6,1938,33851,45
6,603,14920,38
6,2168,19644,105
6,2245,33854,58
6,623,19472,47
6,596,24819,17
6,633,21466,14
6,641,14506,27
6,1628,24819,26
6,603,32116,2
6,631,6512,50
6,569,6985,2
6,620,6693,13
6,2550,14506,66
6,629,17976,172
6,579,7165,33
6,617,22242,12
6,2243,21466,14
6,601,23097,84
6,1078,2235,18
6,1478,23134,12
6,4540,24819,7
6,612,7165,8
6,4000,1841,17
6,620,35329,28
6,666,33852,29
6,2168,34752,42
6,646,14910,7
6,645,33854,1
6,1939,22244,34
6,2245,34753,63
6,640,21465,12
6,608,14507,17
6,611,32117,25
16,3313,18278,2
6,2168,1645,20
6,646,14823,32
6,582,1645,17
6,4270,32054,18
6,4538,36437,39
6,571,6985,5
6,609,7091,65
6,606,33852,12
6,2549,1703,28
6,613,2097,12
6,593,17976,155
6,573,19472,12
6,638,7091,52
6,2551,34752,13
6,4000,15658,214
6,948,7151,4
6,599,7151,37
6,593,6519,22
22,1799,36966,2
6,1477,1707,6
6,632,15394,92
6,633,1707,12
6,4614,1645,2
6,624,34754,11
6,1892,2097,16
6,634,7095,10
6,583,38162,5
6,645,6278,8
6,599,35375,62
6,603,34754,43
6,618,6999,22
6,665,1709,5
15,1740,35130,4
6,668,30447,90
6,5206,17976,42
6,4849,6555,82
6,4849,6324,34
6,1628,6507,40
6,597,30447,72
6,616,23138,84
6,460,6512,82
17,4250,24854,0
3,3010,36096,0
8,2007,19956,0
6,635,1713,62
6,641,34758,44
6,4971,6246,29
4,5018,40441,0
6,611,15658,101
6,628,6537,6
6,641,40779,11
13,2292,10707,0
6,571,6319,20
2,5335,40476,0
6,2550,39891,21
15,2607,25097,0
6,1477,38621,16
6,616,39891,10
66,4985,38683,0
6,4088,40224,7
6,2190,6309,45
4,2481,28212,0
6,671,14533,5
6,2543,6322,2
5,4778,27712,0
66,4989,36811,0
6,4003,1636,40
6,635,6319,174
13,826,32177,3
6,948,6583,13
6,5480,6462,11
6,2190,6601,59
6,5418,41084,25
6,880,33204,18
6,2543,1591,4
6,4003,2013,42
6,949,6309,30
6,650,14822,127
8,5426,11068,0
13,4583,9962,0
6,568,6459,68
6,5418,1707,43
6,620,6999,19
6,4270,6278,32
13,5071,38140,4
13,4134,10821,13
6,2942,14823,7
6,5549,1636,0
6,1892,43284,18
15,2621,38085,10
6,5717,14533,0
13,4134,29651,12
6,633,43283,40
13,5464,9964,0
1,145,40663,0
13,3558,37839,0
6,675,42768,9
6,630,14533,9
5,2212,34408,0
8,5953,11068,0
6,581,43281,9
6,649,33851,47
6,4621,40223,0
6,5418,33851,51
3,3405,29748,0
6,5418,6512,163
6,4710,6246,0
6,611,33853,79
6,5418,42173,56
6,669,6537,27
3,5537,26044,0
6,611,14926,42
6,4272,41396,12
6,5482,23134,44
6,629,6319,53
6,1814,33853,4
6,611,6321,16
6,580,43288,21
6,644,32052,66
6,667,6687,19
6,2549,33853,15
4,4879,4141,0
8,4699,40972,0
15,2609,41595,7
15,2609,40000,11
6,2245,19569,0
2,1392,36184,0
4,2638,4625,0
6,620,6537,14
2,1960,42761,0
13,6017,9907,0
6,675,6512,11
6,668,34758,16
13,3496,43754,0
6,607,6555,16
6,634,6246,13
6,2242,38622,13
8,5394,40974,0
6,621,43287,47
6,4710,42769,11
4,2822,41823,0
3,3017,26044,0
6,674,6423,6
4,5221,36091,0
9,857,8619,0
6,646,2053,10
66,4978,36799,0
5,3700,7390,0
13,4119,9890,0
17,4838,16549,0
5,1306,7656,0
13,1085,9964,0
6,2168,1709,36
6,2243,38621,37
6,3719,6278,16
8,5495,33627,0
8,5497,11427,0
13,2369,10392,0
13,2299,37829,0
6,2244,6246,0
6,667,14822,18
6,589,38623,6
6,626,4974,23
6,570,23139,86
6,989,14823,27
6,639,6601,1
6,4000,24819,48
6,593,6280,1
6,2550,40223,11
9,4612,8675,0
6,2190,6322,26
1,4921,30820,0
15,2612,14565,0
4,5528,4315,0
6,652,6551,17
6,619,6583,5
16,5552,39086,0
6,2541,1890,70
8,5394,15675,0
6,5480,23097,11
8,4682,37493,0
8,4162,11018,0
4,4973,4315,0
1,4209,14860,0
1,4209,36635,0
2,5705,3079,0
8,1699,37285,0
5,4366,22081,0
6,588,40782,13
6,568,35921,176
6,648,6537,24
6,2168,36437,59
6,608,40777,26
2,1222,36099,0
13,5069,29654,2
6,1477,6613,50
6,5419,14533,60
6,943,1645,1
6,614,6583,8
13,5164,9852,0
2,307,4967,0
6,4272,6319,39
15,2609,28457,6
15,2609,41300,18
15,2621,29566,2
15,4762,40818,0
9,857,42719,0
3,523,43627,0
2,6082,42721,6
2,6082,40713,4
13,4133,43756,3
6,5481,23134,190
13,2531,43741,0
6,2168,6304,15
6,989,2013,43
5,4232,41739,0
6,941,6246,5
3,1489,24204,0
3,658,40382,0
5,5084,37830,0
8,5494,11427,0
6,632,43281,7
15,4761,41300,0
6,4878,7150,10
8,5497,45047,0
6,2545,2013,64
6,581,6324,23
6,598,14823,46
6,619,32117,21
6,574,1650,1
6,609,32116,13
6,620,15168,1
6,634,33851,3
6,943,14821,37
6,3719,6389,11
6,599,14506,107
6,630,24819,6
6,3719,32629,10
6,2168,19472,62
6,574,15395,10
6,652,2235,8
6,629,32053,6
6,623,34753,31
6,588,14914,19
6,663,34755,23
6,944,6389,12
6,2242,33205,23
6,622,19472,8
6,663,33204,35
6,652,15004,31
6,569,33851,16
6,4273,34754,30
6,569,14989,35
6,651,17109,7
6,645,14506,6
6,948,14963,135
6,609,35372,32
6,2245,14507,76
6,631,34753,10
6,645,15020,7
6,1476,32054,3
6,623,14964,103
6,989,22242,43
6,946,14506,8
6,576,19644,29
6,599,21465,94
6,587,14962,33
6,989,15658,33
6,666,34754,35
6,2242,21466,103
6,2545,33852,20
6,627,32117,35
6,1814,34753,8
6,941,14506,2
6,634,36563,6
6,620,33854,12
6,4000,22242,22
6,651,15658,146
6,2551,2013,27
6,638,6512,29
6,569,1645,14
6,603,6999,5
6,623,2097,33
6,606,1645,3
6,645,7091,12
6,2547,14822,7
6,603,6613,16
6,4849,6423,38
6,949,33204,19
6,565,14961,87
6,669,6518,13
15,1740,32981,6
6,594,2258,61
6,631,15393,93
6,616,20055,41
6,4272,7091,7
6,4000,14506,37
6,879,6687,6
6,672,1707,19
6,649,33204,9
6,618,1703,13
6,4272,19472,23
6,4849,38622,11
6,5482,17976,345
9,2793,8560,0
6,4275,6507,32
6,4878,15394,58
6,944,6537,48
6,654,14822,12
6,569,7091,12
13,5464,9890,0
6,653,19569,8
6,4275,14506,15
8,4726,36400,0
6,611,40779,16
6,570,1728,16
6,4003,2018,61
6,606,2097,13
6,2550,2013,114
5,1306,24739,0
6,670,14533,5
6,624,2258,19
6,652,6507,149
6,598,33853,18
6,2168,38623,26
8,3998,11235,0
6,637,6507,84
6,665,6555,51
2,5346,23965,0
6,2052,33853,8
6,608,6620,31
6,5480,24819,6
6,5482,2141,6
13,4697,10233,0
6,989,1591,124
1,1137,38746,0
17,2841,27483,0
9,921,33989,0
6,5419,33853,99
4,5365,19323,0
2,5392,40503,0
13,5385,9920,0
6,595,23139,40
15,4763,41046,8
15,1037,41054,0
6,5550,14823,0
1,2010,19311,0
6,648,14533,38
15,2611,41045,0
6,569,23133,32
3,4547,27715,0
4,4713,25114,0
6,580,14968,10
6,646,35919,24
13,4048,18880,15
2,5041,19098,0
6,2190,1708,14
3,3426,22934,0
6,4621,19569,8
6,5719,19569,1
6,4274,7165,19
8,5235,12000,0
6,569,2511,2
6,4970,2216,54
6,4878,14823,27
1,5800,35326,0
1,5800,41955,0
6,5716,6324,0
6,635,6573,86
66,1806,36797,0
6,2549,24839,0
6,674,36437,24
5,5083,25455,0
2,5388,40653,0
6,3184,17976,48
6,946,14963,86
6,594,2013,30
6,616,6687,7
6,577,19569,3
6,5549,6459,13
6,460,15658,56
6,650,36563,24
6,645,6507,76
8,5604,40110,0
6,2190,42769,17
8,4682,10990,0
8,5603,40110,0
6,642,6555,3
6,581,32052,39
6,2168,2125,20
6,4710,1841,9
6,5479,6321,15
3,5744,17972,0
3,5227,5612,0
6,5483,6265,29
6,632,6462,15
6,567,33853,5
15,4761,40355,0
1,6216,41817,16
4,2044,37833,0
5,1182,30187,0
13,4133,9964,2
8,5488,40110,0
15,1277,44618,0
15,2608,25136,0
6,5481,42786,8
15,2614,39429,0
6,598,34753,29
4,2445,43930,0
15,4764,20749,18
6,650,6319,167
66,4870,42143,0
17,4249,36097,0
6,5482,2053,10
6,630,42769,1
6,626,15021,226
6,2244,32054,15
5,4837,30187,0
8,5495,36499,0
6,628,7151,9
13,4045,10041,16
6,597,43287,35
6,669,38621,39
6,2541,7151,4
13,5287,9920,18
6,570,6519,8
6,2243,34758,23
8,1248,35393,0
13,5287,9852,5
6,596,38621,11
6,591,17976,49
66,4978,38684,0
6,581,1636,46
6,4849,6246,6
5,1944,36347,0
15,4763,41903,7
6,611,2093,12
6,604,36437,8
4,4959,28212,0
8,2853,15569,0
9,1159,35497,0
13,4950,38140,7
6,1628,36563,2
15,4765,30891,37
4,4881,41424,0
6,645,6309,17
8,5929,11427,0
6,599,40223,38
16,5037,19709,0
15,2607,28464,4
15,2609,36054,8
13,5840,29645,0
5,5726,37416,0
9,2791,40317,0
8,2717,25517,0
6,2545,24820,17
6,4273,6512,35
5,4646,40896,0
66,2354,36800,0
2,5374,40491,0
6,652,23138,46
9,3040,40316,0
6,602,6519,5
6,608,14533,13
6,653,2053,12
6,674,15620,5
6,4000,40223,24
8,4877,41578,0
8,1344,15569,0
6,5549,6507,18
6,618,14924,133
6,649,42771,11
4,1503,40731,0
3,3011,43630,0
1,6216,43346,6
6,635,42787,47
4,5768,3966,0
2,1103,38531,0
6,653,19644,20
4,5158,44022,0
8,6171,11427,0
6,589,33851,1
9,3043,40318,0
6,611,1645,16
15,3005,14213,0
8,3385,15675,0
4,2282,4522,0
8,5394,15569,0
6,5481,19644,25
6,570,42771,4
1,5473,36630,0
6,588,43282,10
8,5122,41969,0
6,621,35921,67
6,5419,42173,33
13,5164,10135,0
15,2981,14213,0
15,3212,44579,0
2,6082,34424,3
9,1154,31555,0
13,4045,9934,28
15,1270,15608,0
1,2081,37993,0
15,4765,19728,0
1,2010,13060,0
6,944,19472,32
6,647,23097,25
6,603,6389,18
6,613,24960,14
6,879,14962,2
6,629,6680,15
6,635,33851,92
6,606,6512,34
6,606,24819,6
6,4005,22244,1
6,4003,19644,6
6,631,6420,1
6,605,32052,5
6,594,14506,53
6,2541,14507,17
6,2551,21468,47
6,2551,24820,42
6,617,14922,27
6,630,14912,44
6,945,32052,6
6,625,7165,1
6,615,6512,8
6,600,30447,2
6,1938,14821,39
6,4272,7144,8
6,619,23099,12
6,573,14968,5
6,948,35329,10
6,669,34757,3
6,4539,22242,19
6,599,35330,5
6,669,14507,13
6,2245,34755,20
6,1478,35372,15
6,2242,35328,3
6,609,34753,59
6,2245,24820,26
6,4540,6452,2
6,573,6389,6
6,942,32052,2
6,593,35373,9
6,611,30446,131
6,4710,2018,15
6,2242,6613,97
6,2242,34758,58
6,579,32053,2
6,650,2018,10
6,2242,24819,111
6,579,2235,27
6,652,2097,11
6,649,6462,24
6,1892,6427,83
6,668,1707,59
6,616,6620,16
6,577,34753,17
6,609,19472,89
6,635,6699,1
6,615,6321,6
6,638,14822,11
6,670,1707,15
6,565,1890,15
6,587,1703,24
6,949,6459,80
22,1799,34111,6
6,608,35920,185
6,941,2258,21
6,587,14970,95
6,4878,36563,20
6,4614,20059,28
6,591,2097,20
6,1078,14823,8
6,604,17976,49
6,583,2097,14
6,4970,17976,80
6,648,2097,11
6,1892,34754,18
6,1892,34752,7
6,568,23099,119
6,570,1707,50
6,4540,6278,14
6,5481,15658,44
15,1038,37983,0
8,5492,10977,0
6,607,34754,14
6,2243,40223,24
6,628,14989,40
6,579,2013,64
13,4119,30346,0
6,577,40782,10
9,2788,8560,0
9,4612,8627,0
6,668,1843,75
8,4682,24878,0
6,949,38621,15
6,599,40611,9
5,2212,28298,0
8,5492,36394,0
66,1659,39551,0
6,642,34758,31
6,2545,38622,6
8,2007,11182,0
16,1337,36093,0
8,1958,36301,0
4,2822,19323,5
6,2550,24820,25
6,639,7165,41
13,826,10816,0
13,2369,10135,0
8,5031,11523,0
5,2212,37039,0
13,5286,10041,0
15,4759,25097,0
3,4964,27715,0
13,4950,25058,8
13,4135,9920,19
66,4870,36795,0
4,1902,38913,0
8,3355,40909,0
6,946,43283,17
66,4845,37370,0
6,5549,42769,8
6,632,40777,32
4,3457,22928,0
4,5950,43219,0
6,649,24819,14
6,949,6265,22
6,675,40223,8
6,675,40224,8
6,641,24819,15
6,942,6613,59
13,5244,32210,0
6,4849,14822,31
2,4448,27701,0
6,1066,6512,11
13,4244,10202,0
13,3536,9964,0
13,4950,10733,4
8,3788,10977,0
6,641,6321,7
6,3719,6551,9
6,948,6324,80
6,671,6459,7
2,4503,4967,2
6,1814,1843,33
2,5997,43661,0
13,5164,9920,0
9,2788,33338,0
15,3178,18471,0
6,5549,41384,118
6,589,6423,40
66,2431,41810,0
13,4244,9964,0
6,5419,43977,20
13,4583,43756,0
6,568,43287,109
2,6051,21358,0
8,4183,21490,0
6,3184,2216,3
6,594,6452,13
3,5537,41845,0
6,668,42771,8
6,668,33855,6
6,594,35921,160
6,2543,1839,4
6,617,39891,7
6,670,6537,5
6,4621,1713,0
3,3925,44048,0
4,5200,42776,0
6,2550,15619,6
6,670,6507,0
3,3709,40643,0
6,2243,24820,27
8,5233,11235,0
13,2292,10529,0
6,4878,6613,30
6,944,43980,9
15,1600,29566,0
6,2541,1709,20
6,668,6278,8
6,4878,41083,12
6,4621,1703,35
13,5164,29651,0
13,4134,16142,10
6,946,6512,55
6,948,40604,13
13,4048,10233,16
15,5191,25094,0
3,5920,4,0
6,620,15393,89
6,663,44514,33
13,5287,10392,0
6,2190,40606,21
17,4695,19426,0
6,582,40604,8
6,944,6423,110
2,5340,40586,0
13,4135,29654,16
6,5482,6999,10
6,2942,41083,0
13,5164,17735,0
15,4763,41656,6
15,1276,37982,0
6,576,7144,13
6,4538,15619,0
6,5549,6462,0
66,1633,40825,0
17,2847,40353,0
4,825,3965,0
1,2008,13135,0
6,4000,6309,10
6,598,40224,0
15,2621,41045,2
6,647,1591,4
8,2714,10977,0
66,4858,36801,0
6,5419,6507,154
8,5423,35393,0
6,607,15024,310
4,4725,40442,0
15,4765,29566,12
1,5836,13060,0
8,4313,25517,0
13,3864,10041,0
6,644,2053,53
1,4808,13060,0
8,2425,24833,0
6,582,42173,4
4,1706,44387,0
8,5423,24118,0
3,6011,40385,0
66,6078,43047,0
6,587,2053,32
15,4417,30992,0
4,5767,41424,0
6,5482,6379,14
6,1938,41083,0
8,3023,39832,0
6,649,1591,8
4,2636,42775,0
4,1393,15424,0
13,5408,26982,0
9,2790,41044,0
2,6082,3079,20
6,583,15168,4
6,944,22244,7
6,608,6246,17
6,623,7165,40
6,644,6442,19
6,588,1848,3
6,594,33855,2
6,650,14821,121
6,2168,1826,18
6,618,14823,15
6,583,17110,4
6,1938,32629,11
6,632,1839,4
6,2549,24960,3
6,1892,22244,5
6,632,33851,20
6,570,32053,5
6,611,24820,33
6,596,14506,20
6,629,34753,25
6,612,33854,4
6,652,33851,12
6,2168,14822,37
6,641,30443,39
6,2541,35374,12
6,2244,34754,42
6,942,33851,29
6,621,25602,7
6,613,14962,21
6,4273,34753,39
6,618,19472,19
6,573,21468,16
6,2190,1829,13
6,579,1647,9
6,633,6389,29
6,2245,1645,15
6,635,7165,310
6,580,6999,13
6,644,19472,22
6,4275,32054,7
6,4274,34754,51
6,630,33852,14
6,570,2018,106
6,2551,34758,38
6,2541,14821,26
6,604,33852,1
6,989,33852,18
6,4275,33852,48
6,602,14506,4
6,619,30447,9
6,622,14822,21
6,607,22242,9
6,1478,2511,10
6,579,35372,5
6,635,34753,81
6,667,19472,82
6,620,22244,2
6,639,6427,107
6,581,33852,53
6,627,2449,8
6,652,2511,58
6,627,6620,20
6,4004,19472,1
6,620,21466,17
6,618,23098,62
6,665,6985,28
6,651,6278,27
6,588,33851,23
6,2549,34752,9
6,576,2216,17
6,945,38623,8
6,619,33854,12
6,651,34752,13
3,3010,23267,0
6,598,6319,11
6,618,6427,54
15,2612,25136,0
6,4970,1591,37
6,2190,38622,14
6,587,36437,50
6,989,1703,26
6,4970,6319,54
6,581,38623,3
6,4088,40777,10
6,595,6423,22
6,629,6613,60
6,632,6265,63
6,2541,39891,15
3,3337,26669,0
17,4323,36097,0
8,5289,11427,0
6,668,38162,20
13,4046,29657,2
8,3396,16347,0
66,2288,36806,0
66,4985,38927,0
6,634,36437,19
6,989,38162,15
3,2429,17183,0
5,5083,22081,0
66,4978,39542,0
8,5492,16347,0
8,5233,11182,0
6,2052,6459,4
6,5418,2511,22
6,2541,41083,1
5,5726,41809,0
6,640,39891,17
13,5287,10041,12
6,603,15006,13
2,5371,31449,0
2,5392,40493,0
15,2607,28459,0
6,670,6265,4
1,4009,36486,0
6,1938,42172,8
6,5482,40780,4
6,2243,2141,8
13,2707,9964,0
6,626,41084,4
6,5207,6555,37
5,5913,40895,0
8,5428,39832,0
6,599,43287,44
5,5726,41651,0
4,2925,28212,0
6,669,2216,9
6,4270,38621,19
3,5227,27716,0
13,1083,9964,0
13,5244,10202,0
6,586,23099,22
15,2609,18935,0
13,4048,26463,16
6,614,6512,4
9,3043,33248,0
4,825,4522,0
3,1179,5612,0
6,653,6573,14
6,579,38623,9
9,2787,41779,0
6,2551,38622,40
6,577,2097,18
13,2299,16055,0
4,797,41427,0
13,3496,37829,0
2,6082,42108,6
2,6082,40508,4
8,2435,40909,0
15,2610,22280,0
4,4111,15629,0
6,651,6537,8
6,670,24820,5
3,658,18370,0
13,5432,29654,0
6,582,43282,10
6,609,6281,8
15,4761,29566,0
6,5480,33204,0
8,2007,11068,0
66,4985,38065,0
2,4450,40508,0
5,3428,27709,0
6,599,14925,131
13,2710,26984,0
6,946,7165,14
6,637,6537,18
6,642,45565,5
4,3935,3950,0
6,663,6280,28
6,620,6601,35
4,3936,37833,0
6,5419,36563,12
15,4761,39834,0
6,2551,40611,0
13,1080,10821,0
6,627,14822,21
66,4989,36943,0
9,2794,33338,0
4,4824,36508,0
2,5368,39336,0
1,5804,42725,0
3,5537,38826,0
15,3180,14565,0
13,4134,29657,11
6,5479,6999,37
4,5684,19322,0
66,1633,39977,0
6,5716,38621,0
6,1476,1843,10
13,3558,40692,0
6,634,7146,15
6,580,17110,28
1,3696,14017,0
6,669,1712,40
9,1069,40317,0
6,5549,6322,0
8,1698,37493,0
4,1480,25424,0
5,2213,22081,0
9,2793,42625,0
6,663,2053,159
5,5695,39433,0
6,1476,45221,0
6,626,45157,8
6,667,17976,61
4,2925,4458,0
6,599,42769,50
15,2613,39429,0
13,2532,22480,0
5,5710,40895,0
6,669,6322,12
13,4298,42736,0
6,652,43977,3
4,1503,4627,0
13,4584,9907,0
8,5157,16347,0
6,583,6359,3
6,586,6379,2
6,624,6389,29
6,570,14821,13
6,574,6359,1
6,654,6379,4
6,667,6693,8
6,2168,6324,31
6,3719,6699,6
6,635,14507,105
6,4088,24960,9
6,4088,22242,7
6,645,2236,4
6,599,2236,19
6,608,32054,3
6,629,1890,6
6,1477,24960,12
6,647,19644,29
6,2244,33852,36
6,672,1890,1
6,573,24819,7
6,623,21466,10
6,2551,22242,90
6,623,32116,18
6,601,6365,1
6,626,34754,32
6,949,1638,1
6,1892,17109,33
6,989,1713,34
6,666,22242,17
6,570,35372,6
6,4274,32054,9
6,633,35328,1
6,616,32629,29
6,605,35372,6
6,627,1713,17
6,948,34755,11
6,613,35636,13
6,646,33851,5
6,597,6459,7
6,653,7091,9
6,644,34753,20
6,641,7151,16
6,583,2258,7
6,627,14821,13
6,587,17976,78
6,646,32053,4
6,651,1707,35
6,568,34752,6
6,651,34758,30
6,4614,2097,26
6,606,34752,10
6,570,1709,20
6,635,2258,53
6,674,17976,48
6,879,6613,8
13,4046,29643,5
6,649,6265,45
6,639,6279,30
6,2243,6265,62
6,942,17976,169
6,565,14925,34
6,654,6550,5
5,1306,28312,0
6,619,1843,39
6,671,6519,9
6,2243,40224,13
13,4048,37269,10
15,1277,38211,0
6,669,33852,12
8,1139,25517,0
6,596,15658,14
6,2190,40608,14
6,633,24819,15
6,568,40610,1
6,947,33853,16
3,3003,39084,0
15,4418,14565,0
6,5482,14967,51
3,2860,38826,0
13,3598,26462,0
6,650,38623,38
1,5453,13060,0
4,4953,3965,0
6,5549,1709,0
3,3743,5799,0
6,4538,1654,0
8,3355,36499,0
6,665,14823,49
13,2297,9852,0
6,4088,6246,8
6,648,7165,39
6,650,6423,107
6,632,7151,2
6,944,6573,46
6,948,7144,32
6,639,6999,27
6,5481,6551,4
6,2190,41392,15
6,948,6319,75
6,2242,7150,15
66,1621,38687,0
3,3709,40645,0
13,3965,38140,0
6,665,1890,25
6,2545,4974,8
6,5206,15658,19
66,1807,40823,0
66,4986,36811,0
8,5810,11427,0
8,2332,11067,0
6,942,6322,23
66,5822,39985,0
9,858,19806,0
13,1080,9964,0
2,1720,26951,0
6,611,6686,6
6,591,6246,0
15,4418,39529,0
5,5913,28312,0
6,626,43286,52
6,644,36437,31
66,2692,41810,0
2,1354,38995,0
6,2244,7095,10
6,5419,42770,7
2,4025,21358,0
8,5429,15675,0
5,3493,28297,0
9,2071,34106,0
17,2721,37271,0
6,609,19644,17
6,944,6519,30
8,5429,41236,0
6,2168,6459,39
4,3486,23512,0
5,5061,8042,0
9,851,40436,0
6,1814,2053,73
6,667,19569,17
6,5479,7150,58
6,5418,6423,125
6,650,7151,39
6,1447,6322,3
8,2007,36301,0
13,4950,41816,47
6,600,6281,8
6,640,42172,19
8,1248,36301,0
8,5430,15675,0
9,2788,31704,0
8,4459,11427,0
6,2190,24840,33
13,4135,9866,9
5,4949,7365,0
5,5405,40895,0
6,5549,6265,6
4,4953,37035,0
13,5519,32210,0
6,597,40224,5
6,2549,41084,0
8,4457,15675,0
13,4136,37269,0
8,1260,11464,0
6,608,41085,8
6,620,2093,3
6,627,6614,18
6,4538,42173,1
13,5071,26463,4
13,4048,25058,6
6,633,34758,41
6,633,41396,5
6,594,15619,13
6,2190,6265,55
5,5065,37417,0
13,5165,29663,0
6,3184,6265,16
66,4863,40855,0
2,5477,23965,0
8,3353,37493,0
16,4445,38494,0
13,4583,16142,0
8,5577,11427,0
15,4762,40880,0
15,4763,35130,5
66,5795,42809,0
6,663,6687,40
9,3043,32230,0
6,5482,6319,23
6,5481,7150,61
2,1960,27702,0
8,5235,40974,0
66,5839,37026,0
6,2543,6459,11
6,571,6462,26
1,6216,30484,6
13,4046,10041,28
66,5819,45281,0
6,622,40223,1
13,5244,29651,0
6,568,6519,9
6,5479,6379,8
6,4088,1591,8
4,4669,42775,0
1,6216,42000,6
13,4046,41816,25
6,600,23099,7
6,630,6389,73
6,653,6379,20
6,600,33855,3
6,603,22242,27
6,665,22245,15
6,665,6680,9
6,582,24820,22
6,642,6365,6
6,663,6614,37
6,989,32053,11
6,611,22244,8
6,4003,2236,21
6,611,21468,4
6,942,33852,34
6,942,19644,32
6,674,1890,11
6,949,2018,20
6,629,24820,9
6,627,19472,39
6,580,34758,22
6,1478,32117,32
6,602,6985,2
6,1939,24820,26
6,669,1890,4
6,602,34758,13
6,593,15006,10
6,2245,35373,11
6,3184,35330,1
6,622,14970,32
6,667,21466,52
6,2245,21465,25
6,668,21465,16
6,668,34757,10
6,612,34753,2
6,664,21465,7
6,1477,33851,15
6,619,34757,7
6,2168,6423,29
6,623,6319,22
6,651,24820,19
6,949,34758,10
6,567,22242,4
6,577,6686,8
6,621,34753,28
6,651,1703,30
6,615,6999,6
6,4088,15658,12
6,667,6620,42
6,1477,6462,27
6,588,7091,12
6,650,6613,154
6,631,24820,6
6,2549,2097,31
6,948,2511,14
6,647,6324,39
6,570,6319,65
6,603,35375,3
6,674,2013,15
6,4000,1843,20
6,4620,38623,0
6,671,38622,12
6,634,1636,50
9,4612,40318,0
6,640,6262,7
6,632,1636,30
6,654,38623,14
6,641,38621,19
6,628,1636,60
6,4878,14924,21
6,632,15620,10
66,4846,36790,0
6,2545,6246,13
6,2243,24840,6
6,611,2258,91
6,3184,6507,5
6,4274,33851,14
3,3708,4,1
13,3557,9964,0
15,4761,30580,0
6,647,41396,9
4,3935,16587,0
6,2543,6507,5
66,1224,36797,0
6,569,7151,1
66,4978,36802,0
6,608,6613,74
6,596,1833,8
8,4459,11018,0
3,1034,36096,0
6,640,17976,99
5,4601,40443,0
6,576,6322,11
66,4987,36806,0
6,567,2258,20
6,4538,6331,14
6,597,43282,19
2,5447,31449,0
13,5287,9905,11
3,3426,18368,0
6,944,1833,7
6,596,2235,8
4,4804,40441,0
6,1476,24819,5
6,4849,38998,1
4,2044,29710,0
15,3871,37982,0
13,4245,10041,0
9,851,40317,0
6,620,15658,41
4,3751,14532,0
4,3330,14532,0
6,649,42769,32
6,948,42771,14
66,1634,36803,0
6,669,14533,20
13,5164,43756,0
2,6082,42759,6
5,1182,24225,0
9,1152,8670,0
6,611,2013,11
6,612,44514,10
5,4646,7373,0
6,5481,42771,1
3,3708,24828,0
3,2095,24879,0
15,2981,15633,0
6,587,14823,26
6,4000,38622,9
6,587,6319,21
8,6152,10977,0
15,4761,41045,0
13,1083,29654,0
8,2007,40084,0
15,3206,38085,0
6,640,6280,13
6,663,40604,13
6,2190,24051,2
15,3005,15604,4
6,569,4974,15
6,4710,32052,3
6,4000,32054,48
15,1272,29566,0
6,5481,14822,12
6,624,40223,2
6,627,40604,16
16,4006,19709,0
15,2958,14410,0
3,2466,19635,0
15,4765,31616,15
6,2543,6537,9
4,2448,30188,0
6,639,6573,34
6,630,40777,13
6,2550,1708,6
3,3708,36497,0
13,4134,37421,3
6,3719,34758,11
6,570,40782,10
6,665,1636,14
6,633,40223,4
13,2299,31301,0
15,2607,37981,0
15,4760,37982,0
6,2551,24840,0
3,2095,34450,0
5,1306,40370,0
66,4983,36824,0
8,3920,11021,0
13,3863,10202,0
13,4045,29654,20
6,2190,24053,8
5,3700,28302,0
6,645,38621,16
6,644,7091,21
8,2600,15675,0
9,4612,40317,0
13,5164,10022,0
6,576,6507,6
4,5768,40752,0
4,2378,37275,0
13,6108,9930,0
9,858,8560,0
6,1066,6985,10
4,3855,44051,0
2,5341,39746,0
3,4236,37837,0
5,5725,32349,0
4,3009,37275,0
6,569,6512,8
6,640,6389,8
6,647,2053,43
6,2549,7165,64
6,635,32053,50
6,2168,1722,21
6,570,24960,11
6,613,14506,23
6,601,14506,13
6,605,32117,8
6,642,33851,38
6,629,33854,14
6,648,34752,38
6,626,33851,18
6,574,30447,4
6,944,21466,19
6,653,33851,25
6,942,33855,5
6,4088,14506,10
6,4003,1890,23
6,601,30443,4
6,639,32053,26
6,948,24960,21
6,4272,32052,16
6,1478,22242,10
6,1938,1636,69
6,2549,34755,2
6,2549,24820,17
6,2942,21466,7
6,1939,35374,5
6,948,19472,56
16,3313,24831,5
6,633,21465,6
6,637,34757,7
6,589,34755,8
6,628,22242,15
6,593,19472,5
6,652,6620,3
6,2242,34757,20
6,573,14822,21
6,651,2097,16
6,623,34347,11
6,1477,7151,1
6,650,33851,75
6,595,1890,6
1,3720,13060,2
6,583,35921,31
6,4614,33853,18
6,614,38621,1
6,654,6555,82
13,1080,17735,0
6,2242,6278,23
13,2369,9852,0
6,642,6246,17
6,4710,1843,32
8,3298,39832,0
6,645,6246,10
6,1447,35375,3
6,1628,33852,71
6,594,2511,11
66,1806,38683,0
6,616,35375,9
13,4135,9852,14
17,4838,24830,0
17,2771,14456,0
6,2550,33853,23
66,1659,37026,0
6,4878,6322,49
6,614,6537,7
13,4048,30161,4
3,3708,24879,0
6,4710,1839,15
6,5480,36563,35
13,5287,16140,6
2,5371,31437,0
16,5552,37834,0
6,1892,15619,9
6,2550,2125,52
9,1069,40318,0
6,3184,36437,12
4,3457,40442,0
6,2550,41083,6
3,3925,38826,0
8,4235,35334,0
3,3012,17183,0
6,614,15395,2
6,644,2125,7
6,663,6319,174
66,2356,37025,0
6,596,24820,16
6,944,35375,7
2,5041,36781,0
6,4001,1703,38
6,567,7150,24
6,5716,6313,0
6,631,6686,5
9,2900,18001,0
2,2575,448,0
3,2598,38992,0
13,4047,40692,0
8,4460,37285,10
2,5446,40491,0
8,3600,35334,0
6,4273,40224,19
15,2611,14569,0
1,3202,23639,0
3,3003,27716,0
6,618,35375,2
8,5495,40972,0
8,5396,42741,0
6,4001,6309,0
6,622,33853,2
17,5131,39007,0
3,1463,41664,0
8,5396,15675,0
4,5011,40659,0
6,632,43285,3
4,3545,4627,0
6,645,43284,18
6,568,24820,15
6,880,14822,26
5,3494,24739,0
6,628,6555,3
66,4988,38066,0
6,668,1846,13
13,2536,22480,0
6,648,1636,9
66,4860,36801,0
5,2213,41140,0
8,3868,37285,0
13,4298,9852,0
15,4767,14569,0
5,5084,40939,0
13,3496,15708,0
5,4646,28086,0
66,5822,40705,0
6,616,14534,1
9,851,31553,0
6,582,2053,25
8,5394,37493,0
66,4985,38066,0
6,668,14534,15
6,642,6278,14
6,673,24820,12
3,3295,30189,0
6,645,43283,17
6,591,19569,2
6,594,42769,32
6,667,40223,5
6,4000,24820,43
6,5480,6423,34
3,1463,5799,0
6,577,40223,3
2,6082,43384,3
13,4134,18880,27
5,4027,35134,0
3,3743,24828,0
6,649,43977,18
6,2190,36563,40
15,3005,17526,4
3,4260,23956,0
6,949,14821,15
8,4162,15569,0
6,605,6512,6
6,652,41392,14
3,3011,26044,0
9,1157,35497,0
6,565,40782,11
8,1912,40390,0
6,3184,6319,17
9,2792,41779,0
6,5419,41396,51
6,949,40608,8
6,5481,19569,28
6,610,4974,13
9,2791,42652,0
6,2190,6573,34
8,3056,15569,0
6,5719,42786,3
66,4987,38685,0
6,5419,32054,32
6,948,42787,16
13,4048,40692,0
43,3611,32358,0
3,3295,30088,0
6,674,6324,11
1,5804,39813,0
5,4658,28297,0
4,825,4458,0
6,944,2450,6
8,3056,38989,0
9,858,8680,0
8,5394,11253,0
4,3751,24825,0
1,1245,37832,0
6,2168,6519,28
3,6011,5647,0
17,2430,14417,0
66,4986,37027,0
9,1156,41041,0
8,2332,40909,0
4,2448,4522,0
6,611,45157,7
2,3554,44071,0
8,3517,37493,0
13,6017,29663,0
13,5165,22480,0
6,2242,42769,7
66,2433,43573,0
8,4456,43737,0
6,569,44516,7
5,5064,7373,0
13,1082,9962,0
6,583,6442,4
6,598,2053,23
6,613,6613,26
6,611,6442,3
6,621,33854,8
6,607,34346,10
6,599,1650,7
6,595,34755,21
6,632,14912,35
6,619,33852,8
6,565,6361,8
6,654,33851,32
6,2168,32053,12
6,596,21466,8
6,596,34758,15
6,669,1832,7
6,1628,2459,10
6,637,21465,6
6,942,19472,10
6,631,33854,16
6,580,35375,27
6,602,1591,5
6,620,34755,13
6,4088,7146,3
6,639,32052,31
6,651,21468,8
6,640,24819,27
6,1628,1713,5
6,673,35636,5
6,614,33852,28
6,652,6462,40
6,651,21466,10
6,2543,14506,11
6,1477,1728,6
6,608,1632,24
6,2245,7165,33
6,580,1591,24
6,614,15658,50
6,4849,1591,26
6,607,15007,48
6,573,33853,24
6,649,14822,17
6,635,34754,48
6,644,38622,6
6,4849,36437,10
13,4046,35392,14
6,577,23139,32
6,593,34752,38
5,5266,7365,0
6,670,39891,7
6,651,6427,79
6,4000,6246,8
6,612,7091,8
9,1155,8646,0
1,5526,34100,0
3,2860,26044,0
8,527,37285,0
9,2071,33995,0
6,4274,1633,1
6,603,2258,11
6,651,6512,59
6,606,6321,14
3,5323,32505,0
6,673,1728,7
6,945,14964,58
6,945,6999,0
8,4459,35334,4
6,2550,1890,76
3,3011,18367,0
17,4838,37280,0
6,605,40604,14
6,4088,6583,4
6,668,6507,47
8,3657,15675,0
6,620,33852,6
9,1158,41775,0
8,5496,33627,0
6,3184,6555,0
6,5482,32052,8
8,1142,40972,0
5,1232,22229,0
66,4980,40823,0
6,4621,15658,39
6,648,1833,1
4,1026,36508,0
6,948,6614,52
9,3345,42652,0
66,4858,37577,0
6,672,38621,1
6,5481,14823,19
5,1182,40895,0
15,2614,14569,0
6,5207,6613,23
4,413,28176,0
6,646,38623,5
8,4558,37493,0
6,652,43280,3
9,2071,8629,0
8,2425,23265,0
6,599,6459,15
8,4682,38391,0
3,1396,29748,0
6,5482,6601,4
6,5419,1707,63
5,5913,41739,0
4,4881,34035,0
6,2243,14333,6
1,5948,14017,0
15,3208,29936,14
1,1119,42001,0
3,5746,27716,0
6,5418,41085,22
13,3965,10041,0
6,612,6281,1
4,1393,15629,0
6,627,19569,12
6,600,6999,2
13,5519,10041,0
8,4727,24118,0
8,2425,11068,0
6,1815,1846,9
13,2710,26983,0
5,4836,22229,0
6,647,36563,6
1,4053,13135,0
13,3432,29651,0
6,2242,40223,24
15,2959,14565,0
8,4460,11523,28
1,2010,21463,2
8,5232,11018,0
8,3385,11182,0
3,3743,36497,0
6,649,6324,36
8,5507,16347,0
6,608,38621,30
4,3307,22080,0
6,632,41085,8
6,4001,6537,19
6,640,40610,14
1,4209,13786,0
13,5164,10529,0
9,1161,40317,0
6,943,19644,10
5,5913,37416,0
4,4829,15629,0
66,1224,42145,0
1,5453,12327,0
17,4323,34857,0
15,4763,33047,7
3,2599,41664,0
3,4547,23267,0
6,633,42771,6
8,4460,38990,8
66,5823,36797,0
6,5419,44516,16
6,5720,36437,0
2,6049,42761,0
15,2611,18471,0
8,4566,38990,0
6,5481,6303,1
6,663,33854,29
9,860,8662,0
6,581,6555,6
9,2788,33995,0
15,4767,31616,0
1,6216,43641,6
13,4134,16495,17
6,665,6993,6
6,569,7165,12
6,568,6379,5
6,4088,32054,19
6,629,6614,24
6,633,24960,15
6,609,1650,33
6,632,32054,6
6,630,34346,12
6,633,1591,5
6,576,24960,37
6,2243,33854,21
6,646,32052,15
6,597,14506,1
6,613,33851,14
6,949,14507,31
6,576,2236,3
6,1815,21465,18
6,616,22242,4
6,582,32053,2
6,583,21468,10
6,598,7091,11
6,4003,34755,3
6,2942,2013,5
6,2245,21468,46
6,3719,21466,12
6,4273,35373,26
6,640,22242,12
6,638,34753,12
6,946,23097,34
6,602,6512,7
6,949,6613,80
6,4002,1703,12
6,619,2013,31
6,672,33851,3
6,638,15658,50
6,626,1633,8
6,1066,19644,6
1,2799,13135,0
6,4970,1728,25
6,628,15620,0
6,648,6985,5
6,4878,33852,7
16,4611,37834,0
4,2889,40442,0
6,570,7091,26
5,2212,37038,0
8,527,15569,0
4,3782,37275,0
6,638,6427,24
6,622,6280,6
66,1635,37027,0
15,1275,41143,0
4,3915,4309,0
15,4765,22278,6
9,2026,20112,0
5,2727,34364,0
8,5157,11420,0
8,5424,37838,0
6,648,6601,28
6,637,38623,9
8,4632,37838,0
2,5446,31460,0
9,4612,41774,0
6,4849,6507,27
13,4299,9964,0
13,2859,29654,0
6,2190,41085,51
13,5071,25058,5
8,3298,10977,0
13,3496,32177,0
6,674,32117,8
8,5492,11523,0
6,1628,42769,18
8,3916,37493,0
6,616,14533,9
66,5839,36800,0
6,2190,24054,7
4,5057,36508,0
4,3457,4458,0
6,5481,6985,6
5,3700,29113,0
6,607,43288,61
66,2288,36824,0
66,5822,41811,0
8,3870,37270,0
15,2609,15633,0
9,851,41780,0
9,2789,41043,0
6,5479,44244,12
13,3965,31213,0
13,1083,32177,0
15,3015,28464,0
9,857,8680,0
15,2607,18815,0
6,5479,15393,57
6,5482,10836,1
6,576,2053,49
15,2612,25147,0
6,5483,15658,7
3,1463,40645,0
9,2791,33995,0
6,597,33852,3
6,4971,1591,6
6,5480,2097,7
6,565,33851,38
6,5419,40610,19
9,919,8617,0
6,2190,6551,33
4,4953,4522,0
8,4534,11253,0
2,5392,31462,0
6,652,1591,1
9,1157,31704,0
2,5340,40588,0
8,3920,12000,0
6,3719,33853,19
66,5822,42143,0
66,5819,37369,0
4,4953,19322,0
6,573,2141,2
6,2168,43282,21
2,1720,41572,0
6,944,42786,4
6,594,19569,31
15,2613,19017,18
13,2533,10041,0
6,5549,42768,0
6,583,19569,3
66,2819,37365,0
6,941,6459,8
13,5071,29651,1
6,576,6462,4
4,1503,34694,0
6,634,15021,5
6,5483,42787,6
6,587,6519,8
8,3791,33864,0
3,3340,4,0
1,5802,40504,0
6,621,42768,5
6,5482,33853,27
6,581,6319,17
1,6216,15430,16
6,582,6985,5
6,611,6519,14
6,3719,14823,25
3,143,40382,0
6,608,42771,3
17,2430,15296,0
6,640,34758,18
66,1188,36797,0
16,5037,30185,0
8,5231,36301,0
6,649,45221,13
2,5341,42942,0
4,5223,4625,0
6,603,35920,26
6,568,6359,4
6,571,6379,5
6,946,14996,2
6,613,30445,12
6,623,23099,39
6,1892,7165,7
6,647,6507,117
6,624,22245,6
6,594,19472,19
6,651,34754,18
6,2549,22244,24
6,631,6482,2
6,596,1914,11
6,941,21465,2
6,1478,32052,22
3,3032,4,10
6,2550,21466,16
6,2550,21468,33
6,570,2235,40
6,580,15658,27
6,624,21466,3
6,621,35374,15
6,595,6620,8
16,3313,24832,1
6,571,35330,2
6,608,21465,3
6,945,6507,21
6,652,7150,51
6,4004,34758,5
6,598,7095,6
6,598,15620,5
6,674,14822,12
6,628,35920,34
8,1250,15675,0
1,1138,18105,0
6,601,7095,16
1,5526,39812,0
13,2537,10233,0
6,633,6393,2
1,5588,13060,0
6,648,6687,2
66,2819,36808,0
6,4538,4974,12
16,5274,19709,0
6,948,6551,38
6,668,24819,16
6,2242,35375,9
66,1805,39976,0
6,2545,1708,6
9,2791,40436,0
5,1945,28312,0
13,5164,10072,0
1,2343,33527,0
1,4209,36631,0
6,3719,6614,16
9,3043,8617,0
6,665,2450,13
13,3496,9905,0
6,4970,7000,6
5,5726,30187,0
6,4274,40224,29
6,617,1843,0
8,1495,11021,0
13,2539,9958,0
5,4646,42749,0
66,4983,38687,0
8,4699,31263,0
1,6041,13060,0
13,4835,38140,0
5,5510,40443,0
17,1335,37836,0
4,5223,22928,0
66,1634,36791,0
6,944,1839,1
4,5347,4315,0
5,2213,28975,0
8,4410,37285,0
9,2790,41034,0
1,5339,43632,0
6,460,6281,7
6,599,42771,9
6,616,38621,8
6,674,6985,16
8,2113,11427,0
13,3557,16055,0
17,2430,19069,0
6,615,14333,6
6,2541,19569,16
6,3719,6459,94
9,1155,31553,0
4,3545,43679,0
13,4133,29654,4
3,2471,32506,0
5,4680,37830,0
6,600,6459,23
15,3005,17162,4
15,4767,25147,1
8,3791,36503,0
6,1078,6309,3
15,4765,37983,8
8,1789,11018,0
8,5495,11067,0
15,4763,25136,8
6,618,6309,7
1,4425,22124,0
66,2288,36791,0
6,4274,6537,18
6,2190,1890,19
1,5800,34101,0
6,645,40224,13
5,5913,30187,0
13,826,36683,0
6,600,1591,2
5,5711,30181,0
8,5492,11427,0
6,644,6462,45
6,2243,2013,2
8,5494,40974,0
6,5481,6519,40
6,607,43287,71
13,5165,42737,0
4,4784,36419,0
6,615,40224,1
1,3873,37832,0
4,2377,42774,0
1,6216,40664,6
66,4859,37026,0
6,614,6309,12
8,3600,11068,0
3,2095,40381,0
6,663,7165,174
16,5412,36377,0
6,667,6379,47
6,628,34346,10
6,639,6614,32
6,1938,22245,6
6,602,32054,1
6,618,33855,4
6,618,6459,55
6,4005,24820,3
6,615,34754,5
6,941,33852,24
6,941,33854,6
6,594,34755,28
6,599,34755,3
6,609,35373,33
6,1476,1841,2
6,613,35374,8
6,1478,35329,5
6,1478,34754,11
6,613,14507,22
6,949,2236,6
6,623,35921,16
6,4003,32117,1
6,608,35328,6
6,570,1645,21
6,623,15007,14
6,675,34754,2
6,581,1709,4
22,1799,18173,1
6,632,36563,26
6,616,6278,10
6,651,15393,161
6,879,14533,10
6,1478,33853,13
6,2242,6265,42
6,5207,6324,24
4,4811,4141,6
8,2007,11018,0
5,2727,36089,0
6,665,33204,4
3,4236,5592,0
6,5483,6246,28
3,2095,24828,0
15,3004,32169,0
6,5419,6322,29
5,3428,28302,0
6,5549,6537,0
6,4971,24819,16
6,638,2053,25
6,583,6519,14
16,5320,18277,0
6,1628,39891,28
6,669,6601,18
6,949,6537,18
9,2789,8952,0
66,2356,36791,0
6,668,40610,17
1,4209,39002,0
1,4209,16037,0
6,569,38623,3
66,1621,37026,0
1,4808,24865,0
9,858,42796,0
66,1633,37579,0
15,2607,30580,5
66,1805,36797,0
6,633,32054,19
2,5446,31455,0
8,4966,11420,0
1,2008,12632,0
6,4274,6321,79
8,5394,16347,0
6,2243,6309,12
3,2466,32506,0
3,1179,23267,0
15,4760,40000,0
5,873,7374,11
4,3375,41424,0
6,674,2450,7
13,2533,16142,0
1,3663,38751,0
3,3010,32506,0
1,4717,18581,0
15,5897,31616,0
1,6230,14017,0
8,5424,11420,0
8,5497,11523,0
6,5549,6613,7
6,581,2018,5
4,2678,4625,0
3,3295,17174,0
15,2959,28459,0
6,599,1841,26
6,630,6537,11
5,873,35134,6
3,3516,24204,0
3,2429,37782,0
1,3654,15194,0
66,4870,38683,0
15,2621,16698,0
2,4023,42108,0
8,3347,11235,0
3,2429,18368,0
66,4851,36801,0
8,5494,11018,0
6,644,6304,12
5,1237,22229,0
17,4552,37053,0
8,1698,44957,0
4,3935,40732,0
13,3496,39737,0
15,4759,30888,0
13,826,10821,0
13,4279,29651,0
3,3925,37778,0
13,3965,10392,0
8,4459,24833,0
9,852,31704,0
4,2448,22080,0
8,5733,36301,0
6,944,24820,40
6,582,40782,10
8,5850,39740,0
9,2057,41779,0
8,3298,36301,0
66,4987,37368,0
6,616,41396,7
4,2636,19322,0
6,571,7165,13
6,641,32054,24
17,6003,36369,4
17,6003,19069,6
6,665,33851,19
6,610,6555,16
13,4244,10233,0
4,4362,40442,0
6,2190,42771,29
6,633,42770,2
6,608,43281,7
6,2551,6537,4
8,1139,42262,0
6,4614,15620,2
6,634,6324,10
66,1635,43573,0
9,857,8952,0
6,2242,45221,9
6,2168,6246,21
4,1706,4627,0
8,3791,12001,0
6,4614,43286,20
8,4699,24834,0
1,6216,33772,6
2,3226,44067,0
13,4133,41554,3
13,4134,10733,4
6,619,32116,9
6,638,33853,22
6,618,6693,10
6,3719,24819,19
6,580,34752,9
6,4005,6680,1
6,1628,2236,11
6,612,24960,5
6,604,6507,8
6,602,21465,7
6,640,35636,21
6,617,21465,10
6,2545,22242,1
6,626,14507,11
6,606,21465,3
6,623,2235,12
6,2242,21468,120
6,629,6423,11
6,654,2097,3
6,601,7091,17
6,665,7144,34
6,635,6601,81
6,618,6265,20
6,1477,15620,3
6,645,19644,13
15,1740,20565,4
6,2547,2200,3
6,4540,1591,11
8,5492,12000,0
13,4583,10732,0
8,5602,11427,0
6,597,40777,3
4,2282,37035,0
6,610,6319,14
6,632,35375,6
1,7,12473,0
6,2245,24839,0
6,2168,32052,18
8,4347,12084,0
8,5492,23265,0
15,3214,14249,0
6,5419,7144,45
2,1134,25430,0
66,5819,36797,0
1,2009,12792,0
2,5392,40350,0
15,4763,38085,8
6,650,12171,18
1,5849,13060,0
6,949,1890,9
4,1710,43679,0
16,5098,41642,0
8,5518,37493,0
6,1078,40224,5
6,4614,6423,4
6,607,7000,7
8,1257,24118,0
3,1263,42229,0
13,6108,41106,0
15,4761,40000,0
1,5800,41962,0
1,6216,44077,6
6,5481,10836,4
15,2610,42960,0
9,2794,33994,0
6,569,19569,11
6,569,6303,6
6,5719,1846,0
6,597,6519,4
9,2788,8617,1
8,6147,11427,0
6,649,6537,18
66,4806,36787,0
6,616,6555,31
3,1332,18368,0
1,6216,33770,6
6,635,6985,65
4,2989,16587,0
2,6082,43383,3
9,2789,8619,0
8,4234,36400,0
13,1085,43741,0
5,5083,8310,0
8,4398,11018,0
5,4020,8042,0
5,5062,29708,0
8,5496,27209,0
6,569,41084,7
66,4860,40823,0
13,4279,26983,0
3,1263,37837,0
4,4953,25447,0
6,5418,6573,90
6,588,7146,3
2,5374,39424,0
6,627,12171,8
15,4767,41054,0
6,670,6322,0
1,4209,14017,0
6,1892,6999,20
6,568,4974,20
6,581,41395,7
6,460,14823,25
6,1938,1645,5
13,3546,32178,0
1,4809,38244,0
6,649,34758,41
3,143,27715,0
6,587,6512,35
8,2425,11018,0
6,673,6246,0
6,573,42172,9
66,4845,37027,0
8,656,40909,0
6,595,42172,1
9,1158,34106,0
6,4878,44516,7
6,635,44244,20
6,1938,42771,1
8,1705,11523,0
66,5822,37370,0
6,1628,6613,19
6,2168,6686,2
6,630,6322,8
6,1815,42769,6
13,5165,43749,0
3,2598,5647,0
9,2787,34032,0
8,2113,40974,0
6,628,6246,21
6,1938,45170,0
6,603,34346,7
6,619,14506,7
6,674,32053,4
6,1628,22245,8
6,4000,2459,1
6,646,6680,5
6,624,6680,3
6,2190,15168,7
6,626,32053,4
6,633,6365,4
6,2551,35375,9
6,596,34752,17
6,946,34755,3
6,1814,21468,3
6,1478,6319,7
6,620,2258,15
6,634,35372,3
6,607,21468,12
6,635,6462,57
6,567,19472,27
6,944,34753,19
6,620,30446,66
6,595,6319,9
22,1799,34113,4
6,1078,2053,12
6,634,6423,4
6,4849,6278,13
6,2550,7165,67
6,945,7091,6
6,1477,7091,6
8,5129,25517,0
1,1285,13060,0
6,2541,1839,15
3,2095,32505,0
13,5286,9964,0
15,1268,14568,0
15,1598,31616,0
9,851,33995,0
5,5266,8042,0
1,4798,13060,0
6,2190,6550,6
15,3178,32495,0
6,665,40604,7
6,650,35375,29
66,1633,37027,0
6,5418,6246,103
6,589,6321,21
4,1166,4627,0
6,3184,7151,0
13,5165,10529,0
6,667,15620,16
5,5202,28857,0
8,1705,25517,0
5,4836,32185,0
9,2791,20112,0
8,5423,40909,0
13,3640,9905,7
8,4347,37493,0
4,4362,34933,0
5,5710,28313,0
6,576,42172,3
4,2932,42774,0
13,5244,26984,0
8,3791,33863,0
6,645,38998,19
6,4878,42771,1
13,5519,10233,0
6,580,32054,3
4,2889,42919,0
5,1140,43607,0
8,1912,40972,0
6,595,2053,18
66,1807,37391,0
8,4398,24118,0
6,588,6246,7
6,2543,42771,2
6,4878,39891,13
5,3428,28810,0
6,2543,6246,11
9,2787,33338,0
17,5300,38050,0
6,581,1712,10
5,5064,7656,0
15,2610,39429,0
6,5479,40604,15
6,5483,40610,11
6,589,2258,0
8,4726,15675,0
6,665,41393,8
6,602,38622,1
2,5371,31452,0
2,5652,41334,0
8,5295,36503,0
2,66,34835,0
2,5340,40474,0
13,4119,10202,0
8,4235,24833,0
6,669,32054,20
6,577,40781,10
15,4765,32169,16
4,2641,3966,0
2,3500,27702,0
66,4855,39985,0
5,5082,40939,0
13,2292,26983,0
9,2788,40316,0
6,944,14533,22
13,5165,26988,0
6,616,36437,8
6,587,14822,12
6,2545,6309,3
8,2600,42741,0
1,6216,15110,6
2,1960,43384,0
6,4088,6555,7
6,2168,6321,20
6,1938,33204,8
5,4646,37830,0
66,5822,37027,0
6,2190,6518,6
6,594,40224,16
9,1158,8657,0
1,6061,23638,0
6,644,15620,11
6,633,14533,23
13,4950,9934,2
6,598,33855,8
6,640,33855,7
4,3855,4458,0
6,607,32054,5
6,652,1839,5
6,574,15024,14
6,639,6359,2
6,668,24820,7
6,942,14507,23
6,613,14989,33
6,570,6993,9
6,2543,32054,3
6,622,23133,37
6,647,6389,37
6,571,34752,7
6,567,33854,20
6,616,33852,37
6,621,19472,12
6,946,32117,7
6,601,32629,10
6,638,19644,37
6,946,22244,12
6,1939,22242,25
6,2052,14506,2
6,607,33854,10
6,1939,21465,7
6,1938,25602,26
16,3923,21807,1
6,618,21466,7
6,2545,1843,47
6,673,1645,2
16,2648,25427,2
6,570,35330,2
6,586,15658,15
6,4970,2511,80
3,2095,36096,0
6,567,17976,16
6,4000,32117,21
4,5012,38139,0
6,2546,15658,19
6,668,7151,19
6,4621,32117,1
6,646,2216,6
6,636,1591,11
6,671,34752,1
8,1995,22237,0
6,624,6319,50
66,4860,37370,0
8,4534,40909,0
6,5482,7144,13
4,5528,40718,0
6,5418,6614,18
5,4110,27709,7
66,2288,37577,0
13,5165,9934,0
6,5418,38623,14
66,1632,36797,0
66,1172,38687,0
4,1902,16587,0
1,2012,12633,0
16,5625,15936,0
13,5327,9964,0
6,1476,38623,6
66,1566,36797,0
13,5433,36094,0
6,642,6433,17
4,1784,30188,0
8,1789,10977,0
15,5539,41595,0
8,1912,32738,0
9,2794,23274,0
3,2095,41845,0
13,5519,29651,0
13,2531,9852,0
8,4907,37493,0
66,4859,39542,0
66,1174,36797,0
4,2241,35327,0
6,672,6319,21
1,5527,34100,0
5,1397,7593,6
1,4204,14017,0
6,2244,6331,0
9,1156,40435,0
6,648,1712,17
6,665,6573,26
2,3515,4967,0
6,565,32054,10
66,1174,37370,0
17,4695,16549,0
2,4940,43384,0
66,6218,36800,0
6,5482,6303,10
6,667,6303,11
6,945,17976,18
8,1789,40974,0
1,4324,38750,0
8,5429,11427,0
66,4856,34417,0
6,5481,6601,27
3,3407,41663,0
8,5296,11523,16
6,4878,42769,11
8,5492,37285,0
6,1814,1713,0
6,624,6452,9
6,573,2125,8
16,6126,43725,0
17,4827,19069,0
3,2598,44048,0
5,4027,7390,0
9,2792,8557,0
15,3179,33047,0
6,1814,19569,44
6,580,14533,1
15,4762,32119,12
6,3719,40223,24
13,4198,9964,0
15,2959,28103,0
6,5481,1890,1
15,4911,15607,0
6,5419,39891,36
8,4952,37285,0
6,1815,38621,9
4,3257,34035,0
4,4723,4522,0
1,5588,30485,0
6,636,40223,0
3,143,38826,0
6,5418,6331,78
8,5424,11182,0
8,1912,25517,0
8,3921,11018,0
4,4953,40440,0
6,5717,6322,6
5,5509,28312,0
3,5537,27715,0
13,4047,26463,8
6,586,43287,3
17,4396,35983,1
4,4059,4627,0
66,1621,42142,0
5,873,28086,12
1,2009,30484,0
6,5418,2235,24
2,5887,4967,0
6,663,6985,52
15,3016,35130,0
6,2168,4974,23
2,5374,31449,0
6,5482,7091,2
6,4538,44516,1
17,4390,43034,0
6,587,6686,1
17,5857,18596,0
6,570,2125,16
8,4668,37270,6
6,669,42770,6
6,604,2053,15
66,5904,36875,0
5,3780,8042,0
4,2363,43946,0
13,2538,26462,0
6,576,42769,15
2,5204,43384,0
13,4298,27006,0
6,645,6281,11
6,602,45221,12
16,1689,27691,0
6,4710,41085,3
15,3180,45141,0
6,4849,43977,9
6,569,6423,9
6,598,6614,6
6,613,6423,21
6,629,24960,15
6,577,6389,4
6,581,34346,8
6,639,6993,2
6,667,22245,7
6,2168,2510,18
6,650,22245,64
6,2942,6389,2
6,945,6614,7
6,2546,2013,27
6,599,14914,37
6,607,17110,86
6,600,24819,3
6,579,24960,5
6,635,6452,38
6,648,32116,19
6,610,6693,6
16,2648,24652,7
6,620,6985,2
6,651,6693,13
6,1892,24819,6
6,945,14821,11
6,579,34752,15
6,622,32052,11
6,1939,32054,16
6,616,35328,13
6,672,33852,23
6,2942,33854,8
6,569,34752,40
6,632,6613,24
6,613,7146,25
6,616,7095,5
6,610,23135,23
6,947,14822,12
6,948,2097,5
6,672,34755,14
6,594,35329,12
6,2543,6620,8
6,638,33854,6
66,1174,38139,0
15,4762,15199,6
8,5425,11021,0
5,1140,33633,0
66,2290,39977,0
6,620,34754,5
6,2190,6620,137
8,4534,37285,0
15,2607,15633,0
3,2095,17174,0
66,4862,38683,0
6,2190,41396,18
6,5206,6555,29
6,652,7095,3
6,573,2449,7
1,5784,41964,0
6,2168,42172,16
1,5527,40504,0
16,2786,30309,0
15,2959,15608,0
6,1476,1712,0
6,5549,34758,4
6,653,6985,2
6,595,6339,2
3,1396,24855,0
4,5251,15629,0
15,1273,38928,0
9,3035,25508,0
2,5313,40713,0
4,249,36653,0
9,1155,33998,0
17,5131,40353,0
22,1797,18184,0
9,3039,33997,0
6,1815,6246,30
15,4759,15608,0
2,1840,39746,0
6,5207,2511,33
8,4234,11189,10
8,5296,42741,6
6,2543,34758,11
6,5550,42769,0
8,3641,44378,0
1,5784,34006,0
4,1026,15629,0
13,5464,10732,0
5,1397,7656,7
1,4204,38049,0
6,645,2216,29
8,1912,35393,0
3,2466,40382,0
6,5418,1636,16
6,4540,35375,8
6,594,1636,78
66,4745,37370,0
66,1621,37369,0
66,4806,36788,0
8,5428,42262,0
15,4766,40880,16
6,599,42768,10
8,4668,16347,0
4,5384,32262,0
13,5519,9920,0
13,3965,27006,0
6,4970,42173,14
6,4614,6304,6
4,3514,4141,0
6,601,6324,26
6,5479,6281,23
6,667,43977,12
6,581,6304,3
9,1154,33968,0
3,141,37837,0
6,588,14822,12
6,581,14822,16
4,3751,3950,0
5,2863,8042,0
6,611,40224,15
6,2168,14821,12
8,1912,11021,0
6,630,39891,17
17,5079,36505,0
4,1706,24208,0
4,5529,24825,0
9,1153,40316,0
8,4358,36301,0
1,5471,25610,0
5,3349,28857,0
6,2546,1833,0
2,374,23965,0
13,5164,9958,0
13,5070,9934,14
9,920,8597,0
6,635,6321,24
1,1672,38745,0
5,3700,34364,0
4,3457,14532,0
66,5860,4141,1
13,4047,10733,20
8,5284,12000,0
8,2501,11018,0
6,641,14534,1
13,6109,10373,0
1,1285,13786,0
66,1632,42145,0
6,4000,40224,13
9,2792,33994,0
8,3641,11420,0
9,1159,8560,0
1,4324,38749,0
17,5709,14417,0
8,5284,39832,0
3,6012,29748,0
6,5481,12171,10
6,581,43977,3
2,5373,45222,0
13,2298,26462,0
5,5273,41815,0
6,622,6319,1
4,4804,43219,0
9,2790,31555,0
13,3965,29651,0
6,576,22245,32
6,613,15394,28
6,592,33852,6
6,4088,34346,2
6,603,14912,33
6,639,22242,27
6,2243,15168,3
6,594,32053,8
6,1938,2053,47
6,620,32053,12
6,594,32116,8
6,3719,34754,23
6,2546,34754,23
6,4275,24819,45
6,621,22242,11
6,633,34753,10
6,577,6512,8
6,2550,35329,2
6,619,21466,5
6,670,35636,19
6,4273,33854,10
6,2543,14533,17
6,1078,34754,13
6,587,15658,14
6,616,15020,4
6,587,34753,9
6,663,6620,19
6,4273,7091,8
6,675,34753,4
6,652,7151,12
6,609,23138,4
6,1815,1709,33
6,1477,40606,6
6,942,7151,8
8,1802,33863,0
4,1026,40877,0
66,1621,37577,0
6,582,36437,17
8,5394,11018,0
1,4053,40660,0
5,4562,7365,0
5,1399,27709,0
16,4293,41772,0
2,4623,42102,0
6,602,39891,6
15,4762,20749,5
13,5868,9890,0
9,2790,36762,0
3,4260,32506,0
6,666,6319,3
8,4952,36401,0
8,4952,36386,0
1,5565,26060,0
6,5418,40606,10
1,5565,42314,0
3,5731,40642,0
6,5479,6551,7
8,5296,23265,3
6,583,40604,2
16,3562,34702,0
6,668,6613,4
6,573,2013,41
66,2694,36824,0
6,565,15620,5
17,5034,38050,3
6,880,40224,2
13,4047,41816,28
6,2543,44244,8
6,4621,1708,7
5,5083,7656,0
17,4294,15406,0
1,5565,34351,0
6,460,42787,8
6,637,10836,4
4,3427,28176,0
13,4663,10041,0
4,3542,16587,0
6,5482,1713,3
8,4558,40974,0
5,5055,7656,0
8,6148,11427,0
6,596,32054,7
15,1270,39529,0
6,652,6601,4
3,2767,37837,0
16,5087,38997,0
6,591,36563,2
4,4746,15629,0
9,1161,40378,0
6,669,40611,21
9,1159,32151,0
2,5391,40475,0
9,920,4,0
4,2932,15629,0
6,4620,7095,1
6,4538,41083,2
6,666,14823,11
6,5418,6601,123
8,2176,30730,0
4,1784,27210,0
15,5540,41595,0
6,5206,6551,3
9,1159,31553,0
17,4396,37204,1
6,668,6309,13
4,4080,19323,0
1,4053,24841,0
6,2551,19569,2
5,4109,8294,0
6,583,43287,5
6,633,38621,13
8,5122,11018,0
66,5958,42807,0
66,5839,41907,0
1,2008,15430,0
4,3307,22928,0
13,5165,9852,0
13,4047,10041,13
17,2846,14486,0
4,3934,19323,0
4,3855,34509,0
9,3036,40436,0
6,609,44244,7
3,3407,29748,0
13,3536,16055,0
6,460,44514,6
8,5296,15569,0
3,3708,44048,0
16,6124,36507,0
8,5422,24833,0
5,2800,34408,0
2,21,42721,0
6,4538,45172,0
1,4888,13060,0
8,3350,44378,0
6,5419,41085,34
6,629,34347,27
6,2550,32116,34
6,569,6442,5
6,647,32054,7
6,635,22244,36
6,2243,32054,23
6,667,6680,5
6,942,22245,3
6,610,6614,6
6,1815,22244,19
6,2546,22242,8
6,2546,32053,16
6,648,22242,10
6,2550,35373,7
6,652,35636,8
6,2243,22242,23
6,630,21468,1
6,944,34752,11
6,1066,32117,2
6,631,6427,21
6,569,14822,30
6,622,6985,1
6,1066,34758,5
6,603,22244,9
6,583,34755,9
6,627,6687,4
6,4088,38622,1
6,629,7091,2
17,4683,14417,2
6,5418,7151,25
5,5082,36483,0
8,4616,11420,0
9,852,33989,0
9,852,36762,0
6,2245,1833,0
5,4770,8042,0
6,622,34752,37
13,3172,29651,0
6,641,34754,1
2,4051,40539,0
3,658,34313,0
1,2730,25609,0
6,5207,33851,24
1,5527,39822,0
17,2930,40353,0
13,4334,26984,0
17,3992,27062,0
8,5496,11420,0
5,2902,24739,0
66,1619,37370,0
6,631,15658,52
6,5418,32052,80
9,3041,43449,0
6,5418,6462,38
3,3031,30088,0
6,2245,2511,74
6,4621,2013,13
6,651,14533,4
66,4978,37369,0
6,5418,14821,31
6,628,42173,21
4,1011,32262,0
6,4274,32053,14
9,857,41774,0
15,4763,29566,11
6,599,6322,24
6,4849,6687,8
6,577,7051,5
3,6245,5612,0
4,3307,4621,0
17,5709,14635,0
8,4234,41934,1
8,4234,40972,7
6,675,2053,10
6,460,24055,6
6,631,44244,10
15,1280,38928,0
4,5457,41823,0
6,583,2053,10
6,4538,45170,0
4,1026,37583,0
6,1814,6537,44
2,3000,37835,0
6,4088,14333,6
6,943,6265,0
8,5491,11427,0
6,1815,39891,25
1,2010,38244,5
66,1223,39972,0
5,3490,27712,0
5,5166,8042,0
6,599,39891,25
1,4203,12792,0
6,640,40223,21
1,2011,37811,0
1,2010,26061,0
6,666,41083,3
2,4622,40398,0
17,4396,37187,1
6,582,6246,9
6,673,33204,7
6,614,34758,7
13,5165,29654,0
6,642,7047,9
66,2693,40822,0
5,1397,24739,3
1,4204,36509,0
13,5868,9905,0
4,1784,4315,0
8,4181,27209,0
13,4663,9964,0
13,3597,29657,0
4,2925,40707,0
66,2693,38687,0
8,4234,11068,7
8,4457,41901,0
8,4359,11189,0
6,648,1708,5
6,2550,1713,23
2,5341,42947,0
4,3914,42774,0
8,6010,11253,0
8,5296,10975,10
9,2794,34106,0
4,5966,43679,0
8,3920,40084,0
13,2711,29654,0
6,5419,14534,8
6,5483,24819,16
8,1820,39832,0
13,3558,16055,0
6,635,6686,20
9,860,41782,0
15,1274,44584,0
9,2057,40319,0
6,632,6442,6
6,582,32116,14
6,632,14507,20
6,623,33854,10
1,4550,13060,1
6,589,32117,5
6,4274,22242,20
6,582,34752,6
6,599,6863,8
6,1066,2236,1
6,648,22244,13
6,624,35329,15
6,599,61,1
6,594,35330,7
6,4274,35329,7
6,624,33852,1
6,653,14821,2
16,2648,31938,14
6,593,35329,7
8,5100,37047,6
6,583,23099,16
6,613,34755,2
6,2190,6393,14
6,4540,17976,91
6,2190,34759,25
6,628,2511,4
15,1043,38085,0
15,1043,39428,0
17,2770,19069,0
6,460,2053,2
1,2009,18106,0
6,637,33852,1
6,675,41084,5
6,644,15658,48
6,664,2018,7
6,652,38623,4
8,5423,39832,0
8,2853,15675,0
8,5497,37493,0
1,3398,4,0
5,4231,37416,0
6,4273,34755,12
5,4291,37830,0
3,2194,19758,0
1,1305,13060,0
8,527,24834,0
15,3452,38549,0
6,667,6281,54
6,601,6265,17
15,4766,25593,0
4,2282,36508,0
6,630,40611,4
6,666,33853,13
2,1348,38531,0
15,2621,19017,0
3,4260,32505,0
2,5337,40500,0
9,1155,23724,0
8,1254,40390,0
6,4538,41085,0
9,2788,8629,0
6,1477,41085,7
6,669,33851,16
6,4000,2258,8
13,4135,17735,6
8,5492,24833,0
6,624,44244,2
4,4669,28176,0
6,640,42787,13
6,1628,6322,10
6,4275,41396,0
6,672,6265,0
6,607,33853,18
13,4584,16055,0
4,5966,37583,0
6,2190,1839,24
6,989,44514,0
8,1820,11235,0
1,4888,44027,0
9,854,41780,0
15,2612,28464,0
6,948,33204,15
4,1026,4625,0
6,2550,42787,13
8,4183,44047,0
6,2546,6537,8
6,2190,7144,17
3,4236,5612,0
3,3011,30088,0
13,2535,9965,0
8,5490,11427,0
3,1491,37049,0
13,4120,15057,0
16,4444,36056,0
8,5493,24834,0
2,4884,37141,0
15,4762,31616,12
17,1845,27483,0
1,30,23639,0
6,604,38621,6
8,4617,35334,0
6,941,6555,16
6,581,19644,27
8,5423,36503,0
6,5483,2141,6
8,1789,11523,0
16,5098,41551,0
9,1154,41774,0
8,4456,11021,0
5,3349,28302,0
13,5519,16055,0
1,4053,24843,0
2,66,30517,0
13,4047,38140,11
5,2464,41398,0
15,4912,35130,0
16,5721,39013,0
8,5378,41578,0
8,4907,11021,0
5,4027,41398,0
5,1397,41736,4
15,4766,41904,0
4,2282,41824,0
2,3521,4967,0
6,5482,40223,8
6,5549,14533,2
6,1066,19569,5
6,640,42768,13
1,2012,28229,6
8,4821,40974,0
8,5284,11523,0
6,2244,44516,0
6,2550,43980,12
8,4558,16347,0
66,4846,43574,0
8,3350,39832,0
15,1607,14711,0
6,612,40224,1
6,576,1848,13
6,650,6365,14
6,607,32116,12
6,2245,2235,13
6,1477,14821,7
6,635,15168,18
6,3719,6693,17
6,2244,33851,9
6,669,34346,6
6,606,21468,1
6,652,14910,12
6,603,21466,9
6,594,21468,18
6,668,32054,4
6,1892,2258,15
6,592,7165,6
6,598,32053,6
6,460,14506,14
6,651,35636,3
6,2168,35329,7
6,4270,35636,38
6,4273,14506,15
6,636,35375,2
6,596,6537,16
6,4270,34758,24
6,4849,6279,15
6,595,7150,1
6,4002,2013,3
8,5100,24877,6
5,2212,27712,0
8,5422,11427,0
4,3622,40440,0
6,942,1632,3
6,941,1728,2
2,5389,2151,0
9,860,35497,0
6,5418,6551,80
6,673,6423,1
66,2694,40823,0
13,5164,10707,0
6,652,14822,8
2,5474,38994,0
6,669,6433,6
15,1043,35130,0
6,665,15620,17
6,594,2449,4
6,642,41396,18
5,4681,27709,0
6,3719,33852,14
8,3347,36095,0
8,3788,24878,0
8,5088,37046,0
13,2297,29650,0
13,2292,9852,0
6,4621,42786,3
4,5217,36508,0
15,1274,18935,0
9,2057,35497,0
13,4584,9964,0
8,4234,11067,6
9,2792,40422,0
9,854,19804,0
5,4658,40895,0
13,5327,17735,0
1,1780,13744,0
6,2543,35375,14
6,645,6999,18
6,642,2236,2
1,2081,38747,0
1,1246,37311,0
8,2716,11067,0
17,2724,30200,0
3,6168,4,0
2,5263,40903,0
6,650,6322,38
6,617,43288,11
66,4858,37370,0
66,2693,41811,0
6,579,40223,29
1,1137,37992,0
6,989,45170,0
8,4668,12001,1
6,2550,42786,1
13,4583,30161,0
6,2545,1846,2
6,949,6687,7
6,4540,42769,3
66,4859,41810,0
4,1485,41824,0
15,4417,37983,0
3,658,26957,0
6,565,38623,5
17,5333,14486,0
1,1305,23639,0
15,4911,15605,0
8,4952,36301,0
9,1161,32151,0
6,4878,40611,16
6,622,6583,1
4,1742,32350,0
4,5487,19323,0
6,5418,7165,23
1,2127,37490,0
6,4849,41396,21
4,2678,30188,0
2,5224,2075,0
4,1661,37036,0
1,5735,13060,0
3,3003,4,0
6,632,4974,9
66,2357,37577,0
13,3965,9958,0
3,1179,22934,0
9,857,36762,0
8,2174,10977,0
1,5565,42318,0
6,674,19569,0
2,1840,40363,0
1,5527,27207,0
8,5296,15675,7
2,5655,41179,0
66,5906,36875,0
8,2850,11427,0
6,5419,42769,22
8,3920,44378,0
1,5565,26061,0
6,945,33851,3
3,4547,17183,0
13,3558,29673,0
6,675,42172,6
8,5394,11420,0
4,1026,44074,0
1,2081,37992,0
8,3600,15569,0
4,2091,43930,0
6,599,32116,36
6,618,15005,3
6,594,6389,15
6,639,6442,3
6,653,6614,3
6,589,22245,3
6,571,19472,8
6,651,6551,1
6,601,24960,5
6,580,6512,29
6,4273,34752,15
6,1066,2053,8
6,644,35373,5
6,1066,33854,5
6,1447,2053,2
6,619,1591,4
6,595,25602,12
6,2243,6519,18
6,1066,25602,2
17,4838,14417,5
6,613,2235,3
6,626,14910,6
6,634,35374,5
8,5100,24852,6
6,2244,15620,1
6,587,7091,4
6,583,34753,23
6,2190,6433,26
6,4003,2511,38
6,568,6427,3
6,669,2511,17
6,460,34753,9
22,1797,34111,3
8,5100,11235,8
6,593,35920,6
6,619,19644,7
6,5481,6614,13
1,2012,18106,2
6,605,14822,5
6,671,2097,4
15,3179,37981,0
13,4047,10392,7
13,4047,29884,24
66,1806,36791,0
4,4669,4458,0
6,664,33851,2
13,5164,38988,0
5,3349,27712,0
5,2968,22081,0
4,1480,41424,0
6,2543,39891,1
4,3913,41427,0
6,4620,36437,9
6,2550,2258,22
6,616,40780,14
6,593,6999,2
9,1155,40435,0
4,4905,32262,0
4,1480,41425,0
4,4670,42776,0
15,2110,14568,0
9,854,8657,0
4,244,41426,0
6,587,1636,4
2,5393,42570,0
66,1634,37391,0
6,668,6246,8
8,4347,37270,0
4,2362,30188,0
8,4668,36503,8
9,3041,40422,0
6,2546,2235,0
5,5517,37274,0
2,6084,36099,0
5,4658,40370,0
6,2545,6772,6
8,2716,43730,0
4,4758,37833,0
6,611,15619,12
3,6168,38992,0
13,4045,31213,8
5,4231,36510,0
6,5549,38621,3
5,1239,24739,0
3,3031,18370,0
6,1078,1703,1
15,4761,19019,0
15,4765,39851,0
15,2607,32924,0
6,580,38622,4
5,4601,22226,0
22,1797,14213,0
3,2860,17174,0
6,606,6537,16
6,607,39891,30
6,607,34758,14
6,675,6309,10
6,648,41084,19
4,4953,40442,0
2,3896,23965,0
66,2695,37027,0
9,1155,15246,0
9,1155,40422,0
9,2793,41774,0
13,4047,18883,0
3,3406,19635,0
8,5492,36503,0
9,852,42625,0
43,3255,37347,0
66,5821,36875,1
3,658,37780,0
1,4204,24841,0
15,4766,42959,8
15,3005,22280,6
2,5313,27702,0
66,2356,40826,0
13,3597,9905,0
2,5448,42401,0
9,2788,27384,0
4,4262,35403,0
5,3490,41651,0
13,3863,38988,0
4,4758,22928,0
5,5711,42748,0
13,2533,10725,0
8,5029,15569,0
2,2952,35332,0
6,949,36563,5
6,582,6519,8
9,857,34032,0
15,4763,19728,0
13,4299,22480,0
17,5299,34857,0
8,4181,11067,0
6,4088,24819,14
1,4320,13060,4
6,2543,6389,2
6,648,21468,11
6,621,6693,5
6,619,2459,9
6,671,32116,3
6,647,22244,7
6,611,17109,20
6,1447,35636,3
6,582,35374,3
6,648,21465,28
6,639,21468,1
6,654,14821,13
6,622,21466,4
6,880,33854,3
6,663,32117,45
6,3184,19644,5
6,565,35330,7
6,4621,34754,2
6,587,32052,13
6,2243,32117,19
6,944,33204,7
6,626,6427,14
9,2026,37098,0
43,3072,28438,0
6,627,6680,2
6,599,6365,14
6,674,32052,16
6,948,6993,12
6,2551,2093,10
6,4002,14823,6
6,597,6693,5
6,614,6389,18
6,943,14507,12
6,1476,21465,13
6,1447,6680,1
6,641,1591,16
6,1892,21466,16
6,608,6389,28
6,576,14507,4
6,568,32053,6
6,570,34755,5
6,599,2459,23
6,1478,6452,7
6,1938,35374,35
6,672,2018,12
6,4620,19644,12
6,602,6705,1
6,570,35329,11
6,619,21468,6
6,596,1713,17
6,674,34755,7
6,2052,2013,6
6,648,6427,30
16,3563,30185,3
16,3563,34361,6
6,4005,2097,25
6,943,36563,21
6,600,1843,3
6,673,2216,3
5,4027,37416,0
15,1035,37981,0
6,943,2097,3
6,1938,1890,34
6,4539,33854,2
2,5224,19506,0
8,5353,11427,0
8,5429,11182,0
4,1480,36356,0
17,5119,40354,0
8,4637,11427,2
6,628,1707,4
6,5481,16895,0
13,3172,9852,0
9,1069,8639,0
6,4971,14506,16
6,4614,6321,12
1,1830,16037,0
6,1814,1636,35
6,5480,6459,35
16,3313,36093,0
13,4583,9866,0
15,1280,28103,4
3,2599,29748,0
1,5801,13060,0
6,4614,34754,8
2,2575,412,0
4,3779,4458,0
6,5480,6246,23
15,3005,40817,0
8,1912,21490,0
3,658,27715,0
5,5082,41814,0
2,1103,36184,0
2,1112,37835,0
1,2008,40664,0
4,3552,19322,0
9,1160,34083,0
6,624,6999,30
6,646,6601,21
5,1791,39433,11
13,4333,9964,0
8,5953,39739,0
9,2791,35497,0
13,2535,32178,0
1,3398,13060,0
2,4958,40539,0
4,4746,37275,0
8,4456,36400,0
8,3347,40972,0
15,5540,41048,0
6,608,43285,4
6,606,6379,10
6,2550,1839,19
6,2551,40223,0
6,1628,1712,19
66,1188,36791,0
6,629,6687,8
8,4389,11253,0
1,6214,28229,12
6,595,43282,2
1,2012,13205,0
17,5299,40353,0
13,2535,9905,0
6,942,42770,1
1,6041,37832,0
15,4766,29566,7
8,5504,15675,0
3,6012,27715,0
6,639,42768,9
3,3032,29748,0
13,3863,29651,0
6,596,1708,1
8,2462,15675,0
2,4051,33002,0
13,6112,41816,0
4,2649,23316,0
2,3266,23513,0
9,859,8639,0
4,2889,24825,0
8,5394,12001,0
4,5487,27719,0
22,1798,43432,1
6,567,1636,24
9,1160,8629,0
6,1628,40223,5
17,5521,14486,4
6,595,14821,8
6,4088,41085,9
8,3997,24877,0
4,3182,3965,0
13,3598,26982,0
4,4723,38913,0
1,3663,37994,0
6,614,40224,6
13,2535,22480,0
15,3016,38615,0
1,5439,42725,0
66,2695,39994,0
13,4015,17735,0
8,6010,11427,0
15,1599,32166,0
4,5158,41424,0
15,4763,39834,6
8,5929,35334,0
1,6214,15430,16
6,647,6322,3
2,4882,41573,0
9,1157,8617,0
6,5482,43977,12
8,2424,44378,0
16,4883,41551,0
1,2008,30485,0
6,631,6379,6
6,634,6462,15
66,1633,44151,0
15,4760,39834,0
6,583,24820,7
6,674,2459,13
6,570,1722,8
6,573,22242,5
6,629,2053,5
6,626,17112,50
6,4088,33852,12
6,665,32117,18
6,2551,21466,26
6,672,19644,3
6,1078,33854,6
6,2168,34347,5
6,640,21466,13
1,4809,20848,14
15,3453,14711,7
6,943,6613,6
6,636,24819,7
16,3563,23408,6
6,947,6620,4
6,4970,33852,20
6,577,2013,2
6,611,6433,3
6,5207,14823,7
6,629,2511,64
6,880,1703,24
6,666,1636,1
3,3012,34992,0
6,4539,34753,4
6,941,1843,11
2,5224,36304,0
8,5497,23265,0
15,3213,19017,11
8,3789,40509,0
15,2613,25093,5
9,2794,33995,0
3,3011,36403,0
9,860,8629,0
4,2925,36356,0
15,1600,39529,0
1,2009,36641,0
66,4860,38927,0
8,5026,24878,0
13,5165,4,0
2,1841,27734,0
8,5496,37838,0
8,2332,24878,0
2,1720,28622,0
13,4583,37269,0
5,4110,24871,0
3,5227,22934,0
8,2424,11427,16
6,673,32054,0
8,3332,36503,0
17,5812,14417,0
1,3158,35326,0
66,2357,36800,0
6,4001,32054,5
6,589,32052,1
9,3040,40435,0
9,1069,8680,0
66,4859,40706,0
2,5393,40476,0
6,652,6537,17
6,600,14533,7
3,4547,5647,0
6,629,6686,11
6,941,2125,0
66,1807,34035,0
4,3855,3915,0
8,1259,19956,0
66,1634,23512,0
1,655,19501,0
13,826,30161,0
6,591,6613,21
8,1822,10977,0
4,4869,19323,0
6,615,6459,2
8,4395,11145,0
1,2010,12632,0
5,2213,40444,0
6,642,1839,2
9,951,8617,0
6,880,2053,18
4,1105,41424,0
17,4828,40353,0
6,665,2235,8
6,944,2235,9
1,3651,21463,0
8,3642,43738,0
5,4110,27767,8
5,4110,34364,12
6,616,42173,8
6,4614,14823,2
6,4540,14533,11
2,3500,37272,0
6,569,7150,2
2,5556,2075,0
8,6010,42157,0
5,5272,34409,0
3,3003,19758,0
15,1274,15633,0
6,603,39891,5
66,1319,39969,0
66,2357,39976,0
5,4028,28300,0
6,2541,2053,22
3,3295,24879,0
6,2541,33853,7
17,2721,15249,0
9,2791,31553,0
17,2846,18192,0
3,2466,36497,0
17,5130,40059,0
8,1260,11067,0
8,1912,37285,0
66,4853,37027,0
6,593,6583,1
16,5721,39011,0
4,2364,25114,0
1,4203,36632,0
66,1632,39983,0
6,570,4974,6
15,2614,33047,0
3,4260,5647,0
4,4670,29710,0
1,2010,41997,0
13,3537,18883,0
66,1659,37365,0
16,4898,37277,0
8,1697,16347,0
1,3297,25610,0
6,591,41083,4
6,570,6324,8
6,620,6686,9
5,5083,28297,0
3,3743,30088,0
6,4614,6462,16
5,2213,37274,0
3,5731,4,0
6,616,1591,2
5,2212,28313,0
16,4184,41551,0
66,1620,43573,0
13,5244,32211,0
13,826,16495,0
4,2631,40752,0
6,581,6359,3
6,653,32053,1
6,597,34757,7
6,2547,22245,11
6,631,32054,10
6,1938,14507,57
6,627,1636,18
6,1078,34753,10
6,611,35373,3
6,2942,34754,6
16,2648,24651,3
8,5100,34429,22
6,4000,34753,2
6,573,35374,12
6,612,32117,1
6,3719,22242,5
6,641,14333,2
3,1463,23956,0
6,580,6427,19
6,610,6423,17
6,630,36563,17
6,606,14533,7
6,2243,6459,36
6,4088,38621,3
66,4745,37027,0
13,3558,16142,0
6,595,41396,2
6,571,34754,9
9,1156,42651,0
6,880,2097,2
6,460,6321,12
6,604,6322,5
15,1273,18935,0
2,5313,40712,0
6,2243,6280,24
66,1659,42144,0
4,3307,38999,0
4,1743,37833,0
8,2780,40972,0
6,4620,38621,11
5,5517,40939,0
17,4248,34390,0
66,4851,42142,0
4,4713,4315,0
2,2286,23261,0
8,3023,40972,0
6,5550,6423,0
1,5527,35326,0
8,4358,42261,0
66,5958,36788,0
6,648,40224,23
1,1830,14017,4
6,648,7051,2
13,4045,27005,13
6,4614,33204,5
6,615,45221,11
6,638,38623,8
6,642,42771,10
3,3407,44036,0
6,608,6687,12
13,2299,10725,0
9,3041,32230,0
1,2012,30484,5
6,642,45221,12
4,4111,4141,0
6,1814,17977,0
2,5513,31455,0
6,675,1703,11
3,3405,22934,0
3,3406,17972,0
66,4987,36942,0
4,4338,23393,0
8,5088,22237,0
15,4417,37982,0
8,3336,11067,0
5,2213,27709,0
8,4952,35731,0
4,3082,30188,0
66,4860,37027,0
8,4180,35334,0
3,3516,26044,0
6,666,40223,12
9,1159,32152,0
6,4620,6322,3
3,658,35395,0
15,2609,22280,4
1,5791,13060,0
6,570,40604,8
4,4635,25114,0
4,797,29710,0
1,5565,33770,0
66,4981,42807,0
8,1248,11019,0
1,4053,26060,0
4,5528,4621,0
8,3385,42261,0
1,5802,40852,0
1,4875,42779,0
8,1698,41969,0
8,2345,15569,0
8,4484,15675,0
6,668,42768,7
8,4726,37493,0
3,1263,4,0
15,2613,25136,0
6,1939,1591,2
4,3123,44387,0
66,6218,44615,0
6,460,42786,8
6,4621,6309,10
6,594,1722,12
6,593,6389,4
6,663,34752,21
6,664,32054,2
6,947,35329,2
6,619,1713,8
17,4683,15718,7
6,583,22244,11
6,614,32054,8
6,667,6452,4
6,2942,1713,4
6,634,35330,2
8,5100,11820,8
6,617,6999,7
6,4273,6321,26
6,581,6687,2
16,3923,24849,1
6,586,34757,3
15,1043,25147,0
5,5082,20514,0
2,257,26011,0
8,5157,21490,0
4,1480,3950,0
6,1476,6246,0
6,2550,40224,10
13,4120,9890,0
4,2282,40439,0
4,1895,4627,0
6,650,2216,30
6,2550,35375,10
4,1784,3950,0
66,2691,39983,0
6,4614,1636,15
66,2321,36815,0
6,646,14822,8
9,2792,8937,0
1,4204,15110,0
4,4670,40659,0
4,2276,4218,0
6,4614,36563,13
6,570,19644,16
15,4911,15608,0
13,2536,9852,0
6,4001,6246,19
3,5922,29748,0
9,860,8619,0
6,632,1632,3
8,5494,23265,0
3,2598,37276,0
6,624,40224,2
5,1057,27712,0
6,5717,6507,0
6,620,6427,32
8,2332,11021,0
15,4767,20749,16
4,2125,4458,0
6,599,24054,7
13,2297,10707,0
8,893,23265,0
5,4110,34510,3
2,5341,42945,0
6,595,6322,8
3,5921,5647,0
2,5996,40508,0
5,5615,27709,0
15,2979,38085,0
1,4875,25609,0
2,5554,43674,0
6,5720,14823,3
6,598,6303,1
15,1043,25097,0
9,1161,8680,0
6,596,1703,15
13,5070,16495,0
9,1154,8626,0
3,2095,37778,0
3,3406,26044,0
6,588,2511,18
1,4032,33824,0
66,1635,39542,0
6,651,35375,1
6,2543,6613,1
66,1223,39973,0
8,4557,11427,0
6,5418,40604,11
5,5272,40444,0
6,675,33853,13
9,2057,40316,0
2,1957,23669,0
4,3540,23316,0
9,854,33902,0
8,4079,11021,0
9,922,8627,0
66,1188,36824,0
9,855,19806,0
3,2471,37837,0
66,4858,36800,0
4,2241,40440,0
66,1566,37577,0
8,3055,40909,0
13,4584,10732,0
8,3023,11253,0
66,1223,40822,0
6,2052,40224,0
8,2332,40921,0
1,3646,30484,0
6,4878,42770,2
8,2716,40972,0
13,2533,31213,0
8,3055,40972,0
15,3872,15633,0
66,2355,36824,0
13,3496,10309,0
1,6214,13060,0
4,4669,41825,0
4,3123,36508,0
15,4765,20749,17
6,607,6537,1
6,1078,6280,0
8,4726,40974,0
2,4493,23261,0
8,5497,15675,0
6,4878,2216,17
6,5720,2053,3
8,4558,42262,0
6,2242,44516,12
2,5044,36414,0
2,3190,36099,0
8,5395,43737,0
4,2445,41427,0
6,597,21465,6
6,638,6985,3
6,2546,32054,14
6,4273,24960,18
6,568,22244,2
6,565,34757,3
6,648,6699,10
6,613,14821,9
6,613,35328,2
6,943,33204,3
6,592,35375,6
6,4275,35636,15
6,617,35329,3
6,579,23135,14
6,586,21468,5
6,2168,35374,4
6,646,7095,11
3,2347,36406,0
6,2168,35372,13
15,1277,37982,0
3,3405,36403,0
66,2433,39986,0
6,610,38623,1
6,591,6324,7
16,5320,24653,0
17,4249,14423,0
6,4003,1709,10
9,1154,33998,0
3,3003,24880,0
8,4358,22237,0
1,5339,24838,0
6,2244,38621,19
6,603,6322,10
6,672,6324,0
8,5394,23265,0
3,1034,5647,0
6,1628,42172,16
6,583,14533,4
13,4047,30161,5
66,1633,36793,0
13,4584,29654,0
8,5492,24214,0
8,5493,12000,0
9,857,41775,0
6,670,1843,0
3,3743,37837,0
4,3427,40659,0
6,989,1639,14
66,2693,37025,0
5,1239,22081,1
8,2333,37493,0
6,1815,40606,6
6,618,6482,7
8,2856,37285,0
8,2425,12000,0
4,4758,4141,0
9,1155,41774,0
16,5859,16383,0
6,5482,1703,8
8,4967,40972,0
6,624,7165,38
8,4712,37285,0
5,4110,28084,14
5,1564,27710,0
13,3597,10041,0
3,6245,44070,0
8,5576,37493,0
4,3951,36356,0
3,4964,44036,0
6,5483,32054,4
6,633,44514,13
2,5516,40350,0
1,1830,42920,3
3,2194,27715,0
5,5403,41808,0
6,663,43977,22
4,4338,44387,0
6,2242,6304,7
6,2242,6537,10
6,942,6555,5
5,1295,34364,0
9,3345,37098,0
5,4494,33747,0
15,1274,38928,0
2,5368,40474,0
9,3241,19465,0
5,3349,7390,0
6,672,41083,0
9,3038,23274,0
6,673,6265,13
4,4723,40440,0
3,3925,27716,0
1,4053,30484,0
9,852,41783,0
6,2052,6583,2
8,5395,34701,0
5,5082,7656,0
6,945,40604,1
1,4204,12327,0
2,834,32999,0
6,4849,33851,7
15,4764,43880,0
8,3385,37493,0
6,4849,14534,6
4,2638,22928,0
6,460,33854,13
6,4614,6613,12
15,1272,31834,0
2,5513,38203,0
8,4457,10975,0
17,2724,20869,0
6,608,2459,4
6,587,6359,6
6,2543,6324,8
6,612,6490,1
6,568,15168,1
6,592,21468,6
6,574,23139,3
6,4088,35373,11
6,593,35328,4
6,943,33851,1
1,3351,12854,6
6,586,6999,2
6,569,35330,5
6,613,1841,1
6,948,6620,9
6,2543,38622,13
6,942,2511,13
6,568,35329,3
6,618,24820,2
5,1904,22229,1
6,577,38162,0
8,5424,36301,0
16,3923,32144,2
6,1066,15658,1
5,4647,8042,0
6,580,24820,10
6,1939,2216,14
6,628,32052,12
4,4670,31649,0
6,581,2511,8
6,1478,1703,1
6,5482,1636,6
8,4176,34405,0
9,1158,33775,0
66,2354,44151,0
9,2790,33989,0
6,650,44516,8
15,4767,44618,0
8,5497,36303,0
13,6109,16471,0
15,1280,15608,4
3,1491,5612,0
6,654,4974,4
8,5496,36303,0
6,669,7151,24
8,1142,40390,0
8,4967,36095,0
8,5431,37809,0
8,2703,11268,0
6,5418,19644,29
9,919,31553,0
6,567,42769,8
6,642,41392,7
13,4120,43749,0
8,5494,37285,0
6,591,42771,0
6,2546,2093,0
1,6214,42783,8
17,5416,18191,0
6,630,6309,1
8,5551,37285,0
6,663,15620,26
6,944,1708,21
16,5946,16383,0
2,5342,42421,0
2,5655,37272,0
2,4588,37272,0
6,4275,1591,0
15,2622,41300,0
6,1066,40224,0
6,637,1632,4
9,954,8670,1
6,949,41085,12
5,1791,28086,11
17,5299,14722,0
1,5560,13060,0
2,1112,27701,0
5,6127,40939,0
13,3558,43756,0
2,5705,40653,0
4,4804,4141,0
6,619,6323,4
17,4828,43724,0
6,633,14996,4
6,669,6361,4
6,948,6442,7
6,663,14821,17
6,595,22245,11
6,2549,2235,3
6,624,6693,4
17,2267,24028,6
17,2267,15389,7
6,942,32629,10
6,653,35329,6
6,4273,22244,22
6,582,34755,6
6,670,33852,12
6,612,14822,5
6,673,1841,1
6,4620,24819,22
2,4318,4967,10
6,623,1713,2
6,567,21466,2
6,941,1707,20
16,3563,34941,2
6,673,34758,6
6,670,24819,11
6,628,6620,15
6,604,7095,8
6,2190,34757,8
6,947,6321,20
6,589,33853,6
66,1620,39962,0
9,855,40436,0
4,4670,34417,0
8,4967,15569,0
9,2789,40316,0
6,631,2013,4
13,5464,37839,0
6,570,2450,4
6,5207,14822,6
15,4765,24625,0
6,4971,40611,8
15,1600,37983,0
8,1342,36503,0
5,5273,40443,0
4,5487,4629,0
9,4612,19141,0
43,3613,37347,0
8,4181,36095,0
5,3541,36483,0
4,1105,4141,0
9,3034,31704,0
2,5341,40491,0
6,644,1636,4
9,852,33995,0
8,3270,11523,0
6,460,6551,10
13,4134,26463,3
13,4583,40692,0
6,620,41392,13
8,4976,37285,0
2,992,40398,0
2,5808,38995,0
6,1815,6331,9
2,1341,24779,0
15,2980,14565,0
4,3897,36344,0
6,570,7146,5
6,640,42769,21
66,1634,39977,0
6,2942,1636,4
4,3855,23393,0
6,632,38621,6
6,674,33204,24
6,5480,6555,6
66,4855,40705,0
17,5857,37281,0
6,630,42768,1
15,1274,15608,0
6,948,42786,21
2,3000,4967,0
4,2649,15629,0
2,5224,36780,0
6,1447,36563,1
9,2794,40436,0
6,949,14533,14
13,3864,38140,0
6,568,14533,8
4,2631,37275,0
6,4001,1833,6
6,571,6573,4
17,2842,30200,0
6,4001,24819,0
8,5129,16347,0
17,2473,14722,0
3,2095,37049,0
5,4658,40443,0
3,2466,26044,0
6,652,40608,5
8,5031,27225,0
6,569,14823,17
6,2543,41396,7
6,5549,19644,0
9,1154,42625,0
8,5507,36301,0
5,5241,40443,0
16,5215,31938,0
66,4860,36811,0
8,5294,11427,0
3,1332,42229,0
8,5491,45536,0
1,5802,42725,30
15,1271,41142,0
9,2791,41044,0
4,1661,41424,0
5,1943,8042,0
6,609,6379,2
66,5999,38683,0
66,4980,40705,0
13,5464,9934,0
5,1792,40370,0
9,858,8627,0
66,1633,43573,0
6,5717,6555,12
4,1314,44074,0
1,6214,30484,6
66,1319,44151,0
6,621,14507,6
6,948,6389,23
6,614,2236,7
6,653,24960,3
6,666,21466,10
6,1814,2093,16
6,2551,32116,18
6,621,34755,2
6,1938,21465,14
6,633,22244,1
6,2550,34755,8
6,631,34752,12
6,594,1713,3
6,3719,34752,24
6,948,6452,11
6,587,35374,1
15,3453,17527,4
6,944,2013,1
1,4717,12327,7
6,613,6462,3
16,1324,15936,2
16,3563,36093,2
6,615,14506,6
6,646,7144,8
6,4849,6433,11
6,4274,6427,15
6,3184,1709,1
6,618,14506,7
6,617,6389,2
6,653,14822,3
6,653,24054,3
15,3180,20749,0
6,670,1846,12
5,4027,36090,0
17,4825,14722,0
8,5431,38990,0
6,639,6309,5
8,5551,15569,0
4,1486,36508,0
6,674,1728,3
6,5482,15620,6
3,2429,22934,0
6,5207,36437,8
3,4946,36504,0
6,642,6551,20
6,5482,2093,8
6,2243,6551,16
4,4057,38999,0
5,5729,34408,0
5,5332,34364,0
9,1152,8646,0
66,2357,37026,0
8,1912,11067,0
8,4967,35393,0
3,3708,17972,0
4,4264,24825,0
1,5883,13060,0
6,4540,6322,4
6,2243,6583,8
15,1274,14263,0
66,4853,39551,0
4,2996,34694,0
4,3009,4625,0
6,579,43287,4
6,593,1645,23
8,2745,40974,0
6,633,6281,11
4,2344,40707,0
6,4273,38621,14
15,1740,20749,0
1,6214,18105,6
5,1791,25455,1
6,5550,42172,0
66,1319,43573,0
3,4547,26669,0
3,3032,17972,0
9,1155,8560,0
6,949,35375,13
66,2354,36808,0
8,6076,11427,0
6,642,7151,6
8,5431,23265,0
6,4970,40608,6
8,5551,36301,0
16,5320,37834,0
6,947,19569,9
6,648,40611,13
16,2463,24650,0
4,2641,27707,0
1,4320,30482,0
8,1227,40390,0
8,1250,16347,0
9,860,40316,0
16,3959,39017,0
6,565,6511,2
6,5418,6427,15
66,1807,44151,0
5,5332,28857,0
13,3862,42003,0
6,5481,40780,4
13,5436,37839,0
66,1188,37369,0
2,2575,30484,0
5,2902,8042,0
66,5839,36791,0
17,4906,38050,0
9,858,37098,0
15,1739,25593,5
13,2297,42987,0
6,595,6551,3
8,5288,39832,0
6,5418,1645,6
13,4134,25058,9
17,2842,20869,0
4,4832,43219,0
4,1742,36653,0
6,1478,10836,4
15,4912,41046,0
17,5608,14417,0
6,2242,42787,1
6,4540,6555,6
6,617,17110,9
3,141,17972,0
6,1628,6309,20
4,5252,40440,0
6,4539,40224,10
6,591,6620,3
16,3959,39013,0
17,1333,43034,0
4,3914,34416,0
66,5379,39551,0
4,2889,19322,0
8,3023,40909,0
2,3500,39746,0
6,673,6507,25
5,4771,39433,0
2,374,27701,0
4,2821,41276,0
15,3005,37982,0
66,4978,39551,0
4,3968,35404,0
13,4334,10041,0
6,5481,15619,3
4,1707,3950,0
4,1784,41426,0
6,632,44516,4
8,1709,40972,0
6,2545,44514,6
6,4614,6324,8
1,1830,12356,1
3,2194,40643,0
6,5418,43988,1
15,1275,39529,0
13,3536,16495,0
16,4444,38495,0
17,5333,39007,0
5,4601,28297,0
6,5481,2013,9
8,4183,11427,0
5,5084,35134,0
66,1621,36942,0
3,177,32505,0
9,2186,34106,0
4,413,40478,0
1,5441,38751,0
6,620,6573,11
8,5378,11235,0
5,1294,8042,0
13,5700,42987,0
1,3651,12209,0
4,2448,41825,0
2,5263,42108,0
8,1822,37285,0
4,2363,15629,0
6,5550,4974,0
3,5537,29748,0
13,4298,10072,0
6,569,6379,3
6,2541,2459,6
6,571,22245,5
6,621,32117,5
6,2244,14507,5
6,611,35372,2
6,4000,34754,11
6,946,34754,11
6,567,2013,22
6,629,7144,7
6,4274,34753,24
6,4614,1632,12
4,4669,7768,1
8,5100,24878,6
6,586,17976,29
5,1237,29084,0
3,4236,5673,0
66,4806,37369,0
8,527,36498,0
6,615,6265,8
17,4838,36505,0
4,3123,40442,0
16,5099,31938,0
6,663,12171,7
6,569,1709,2
17,3992,37271,0
16,4611,36093,0
6,668,41395,3
4,1706,19323,0
1,5527,39828,0
3,1263,37620,0
6,591,22245,2
5,4027,28346,0
6,2244,1709,2
13,4584,16495,0
8,5493,10977,0
13,2710,36232,0
66,1632,36821,0
8,4558,15675,0
9,2793,19141,0
8,527,24118,0
4,4758,3950,0
6,5418,7047,2
5,5064,30181,0
8,5088,27209,0
13,4245,16471,0
2,1744,26011,0
66,4855,36791,0
6,619,6309,12
8,3350,33626,0
8,3600,43727,0
1,5976,37992,0
15,1739,44578,0
2,4448,43385,0
4,5966,36091,0
15,4765,41045,6
8,2105,40974,0
13,2298,10041,0
17,2737,17098,0
6,1078,40223,3
13,6108,42003,0
8,3264,11021,0
8,3600,15675,0
6,669,35375,6
6,4621,5017,1
6,1814,32052,73
8,4682,19956,0
5,2864,28318,0
6,577,32052,17
9,3345,33998,0
1,1118,25610,0
4,5221,4625,0
8,5028,11427,0
3,3709,22934,0
66,4939,36797,0
15,4766,22279,8
3,3012,30189,0
3,5750,4,0
1,5828,13060,0
3,4946,5612,0
66,1188,40826,0
8,1789,35334,0
8,2105,11427,0
9,1159,27384,0
66,1632,37025,0
1,3801,36088,0
66,5795,37026,0
6,4001,45221,4
3,2429,41662,0
8,5168,42157,0
4,5950,28212,0
1,2012,22124,6
6,602,6537,4
15,1274,40000,0
13,2859,43756,0
6,460,45565,6
6,592,6507,1
6,645,6361,1
6,1447,1839,2
6,2541,34347,8
6,619,34758,26
6,989,32629,10
6,594,22244,4
6,626,6519,1
6,948,35372,2
6,597,6321,1
6,644,34752,21
16,2648,32229,12
6,587,22242,2
6,638,32117,22
5,4110,22081,1
6,1476,1643,7
6,664,36563,1
6,1892,23098,3
66,2289,37833,0
5,5404,30181,0
5,3490,40264,0
5,1904,27767,1
9,3345,36762,0
13,5286,38140,0
15,2613,32851,8
15,1038,30992,0
66,4853,36808,0
66,4803,38683,0
6,2190,6277,6
13,4119,9905,0
6,1814,24839,4
6,1477,7095,2
5,5241,32349,0
6,604,6687,2
4,2631,41427,0
2,1753,36493,0
16,5455,27691,0
15,1270,14259,0
6,591,7144,13
5,1140,39004,0
66,1224,37025,0
4,939,29710,0
6,675,24819,10
8,3175,24878,0
8,3333,10977,0
4,1290,40718,0
15,2110,42959,0
3,3012,40382,0
6,642,1843,6
4,5365,15629,0
1,4053,12327,0
8,4358,40974,0
3,3010,5647,0
3,3032,40642,0
9,858,27632,0
8,5088,24878,0
8,5488,45371,0
4,4973,44561,0
15,2980,45141,0
9,953,8675,0
8,4699,37285,0
9,2791,34032,0
66,1807,23512,0
5,5083,34436,0
3,3406,29748,0
3,3295,37837,0
3,1489,37837,0
8,4392,40470,0
8,4556,11021,0
5,4027,34408,0
4,1302,34035,0
15,4913,14711,0
6,616,38623,2
6,663,41393,7
8,5028,11523,0
6,595,1707,10
2,5447,31452,0
1,4053,19435,0
1,3653,36486,0
8,3642,42262,0
5,5403,43933,0
8,4460,40974,16
8,5928,11523,0
1,3652,35316,0
13,4334,42736,0
2,39,40653,0
8,1699,40974,0
4,2282,4458,0
4,2282,4315,0
17,3057,14486,0
1,2012,42783,1
2,5655,42108,0
8,5396,10977,0
6,611,14996,3
6,1447,6993,6
6,949,32116,14
6,624,32054,2
6,949,34755,5
4,1735,3915,4
6,2243,1713,6
6,592,21466,5
6,639,35373,1
6,568,34754,5
6,623,15619,2
6,649,6278,6
6,1478,14821,12
8,5100,11182,16
6,663,34753,8
22,1797,36966,1
6,588,7151,10
6,2243,14506,11
6,460,34758,6
3,2767,18367,0
6,605,6519,7
6,587,7165,8
3,2767,5799,0
8,4952,37270,0
13,3862,16495,0
66,4983,38684,0
6,633,40606,6
17,1913,30200,0
6,4970,33204,14
6,945,34753,3
6,568,33853,7
1,2012,12854,0
6,576,14822,21
9,859,8680,0
8,4405,24833,0
8,5494,41969,0
2,415,26011,0
1,4053,38049,0
6,4001,40224,0
43,3073,27103,0
66,4988,37369,0
16,5320,24832,0
8,5100,36499,6
17,4250,40061,0
15,2621,32169,0
66,2694,37026,0
6,5207,6322,13
66,4851,27102,0
13,6109,17735,0
13,3557,10732,0
1,2010,13265,1
4,2378,4522,0
6,628,43977,3
5,5517,41738,0
6,648,42768,3
6,2546,24819,6
15,3213,15599,0
5,5403,43950,0
9,3345,20112,0
15,5895,14711,0
6,5481,44244,24
1,4900,37832,0
6,571,6303,1
6,1477,34758,11
6,577,6519,3
6,945,6321,7
66,4855,38065,0
16,2220,37751,0
15,4911,15633,0
6,4002,19569,0
6,593,40224,3
15,4764,19006,0
8,5429,22237,0
6,5207,6551,5
6,1477,1591,1
8,2854,15675,0
13,5164,40772,0
6,596,40224,2
8,1698,39740,0
6,602,42173,2
6,4970,1712,15
4,244,16587,0
17,4396,37194,2
8,2105,27558,0
6,642,2235,1
66,4858,39551,0
2,6008,4967,0
2,6084,42732,0
13,5868,10135,0
66,2691,37025,0
15,2958,30580,0
8,4234,39739,2
8,5493,27696,0
66,4988,36791,0
6,5479,6304,11
6,6115,2018,0
8,5396,24833,0
2,4839,43385,0
8,2332,44378,0
4,4758,43946,0
6,581,22245,10
6,648,6359,1
6,1938,1839,33
6,1628,32629,3
6,629,6442,8
6,460,19644,14
6,621,32053,2
5,4646,31325,6
6,652,1645,9
6,592,34754,2
6,1814,15620,3
6,628,21468,3
4,2365,21805,6
5,1904,31383,4
15,2635,25140,0
15,3180,26859,0
8,5423,11021,0
8,5100,27209,6
17,3992,24216,0
3,3709,5199,0
5,873,41809,6
66,2819,39983,0
66,1633,38687,0
13,4046,38140,17
6,943,38621,2
2,5313,41573,0
6,621,4974,8
15,2110,41045,0
6,2550,33204,20
2,1720,27702,0
3,1463,37778,0
9,1155,8619,0
8,4534,35393,0
1,5527,39821,0
4,417,40707,0
13,4135,29887,6
6,604,42769,25
4,5960,34416,0
1,2012,15430,1
6,5719,1703,11
5,4110,7593,6
6,649,34757,1
1,4875,30482,0
8,3333,24833,0
13,2299,15708,0
8,4617,37493,0
16,3562,31940,0
6,583,6686,4
6,589,34754,11
15,2958,17162,0
5,4110,32349,2
5,4110,28284,1
5,4291,7365,0
15,1043,18471,0
8,5424,22237,0
9,2791,32230,0
15,4417,25140,0
6,5418,34759,6
2,5313,24779,0
8,4179,37493,0
4,1784,24825,0
15,2608,37521,0
8,3997,23159,0
66,5253,37370,0
1,2011,19311,0
15,2609,41656,5
17,5857,42729,0
4,3308,25114,0
8,4907,40921,0
3,5746,29748,0
3,141,40644,0
6,569,43281,2
1,3689,28229,0
8,1789,12000,0
9,1069,30888,0
3,5731,30943,0
13,2707,43749,0
66,2321,39551,0
2,5515,41190,0
4,3013,30188,0
15,1274,17162,0
4,3782,15629,0
6,5717,7051,6
8,1699,43736,0
6,946,43980,2
2,6320,4967,0
6,629,6993,2
6,649,6361,1
6,671,22026,2
6,2543,22244,5
6,613,34758,1
17,2267,19069,5
6,583,34346,4
6,597,34758,1
6,2547,1636,12
6,632,35328,2
6,627,17976,64
6,636,35328,10
6,629,6693,9
6,632,35374,6
16,1324,18279,4
6,629,2216,15
16,1324,32416,6
6,577,6985,1
16,3807,24876,1
16,3563,36417,1
16,3563,15956,2
6,651,6519,3
6,604,6620,15
6,4275,6613,15
6,1892,6519,7
6,4621,6537,10
8,1139,22237,0
4,1105,40707,0
6,5549,40223,0
1,2008,22124,0
15,4765,25098,3
6,4273,32117,21
4,3935,3965,0
15,2612,40817,0
6,606,38622,7
1,3390,24865,0
8,5551,35393,0
66,4850,36801,0
3,658,27716,0
1,1017,13060,0
9,2794,18001,0
13,3862,10725,0
6,607,40611,10
6,880,6583,1
66,1805,37369,0
3,2599,26669,0
2,5335,31462,0
16,5721,39014,0
1,2009,12632,0
9,2900,42796,0
6,944,1890,18
2,5885,40653,0
8,1699,36400,0
2,4839,38530,0
17,2739,44257,0
4,1503,41424,0
22,1796,18588,0
8,5577,40909,0
5,4659,28810,0
3,2466,34451,0
9,918,39194,0
13,3863,36094,0
1,3653,20770,0
8,3789,15569,0
22,1797,28626,3
4,1902,37833,0
8,1912,44384,0
4,1113,23395,0
6,609,44514,6
9,1160,33338,0
8,3858,25517,0
66,2694,39551,0
4,2448,41824,0
8,1047,11182,0
6,607,1712,0
4,2823,19323,0
4,417,41426,0
8,1227,43677,0
6,2543,2216,1
6,631,45157,1
17,3618,41069,0
16,6122,40254,0
13,2707,17735,0
5,1791,7373,5
5,4771,28297,0
4,2044,41824,0
15,1280,23372,13
5,1777,43607,0
3,3426,5153,0
8,6195,11427,0
15,1600,44618,0
2,5902,4967,0
6,674,6246,9
4,2823,15629,0
66,5999,42143,0
1,3656,13848,0
6,1814,42787,14
1,3652,15194,0
4,4991,4309,0
1,6202,40665,0
6,4538,45148,0
6,613,6324,9
6,638,14996,3
6,1814,22245,5
17,2267,18189,8
6,636,14506,5
6,945,19472,13
6,639,35372,10
6,602,14968,2
6,627,22244,7
6,651,32054,1
6,667,25602,18
6,4620,2018,18
6,600,33854,9
1,4809,25609,8
15,3453,15632,6
6,941,15658,20
6,4005,6512,14
6,604,2018,8
6,569,6427,4
6,641,6278,4
6,2547,38623,13
6,4002,32052,5
6,4270,6999,6
15,1271,28464,0
66,5253,38930,0
6,5480,6278,6
4,3307,3950,0
13,4120,39085,0
8,1912,36503,0
6,2245,41084,0
4,3330,23316,0
3,3708,26669,0
13,4299,39022,0
8,5491,11021,0
6,621,6620,1
15,2612,32924,0
6,646,6324,7
1,3392,23639,0
6,1814,4974,3
66,3532,36801,0
6,4849,6551,6
5,5403,41809,0
6,670,6555,0
4,5200,32262,0
8,2783,40909,0
1,5561,33527,0
15,1271,38085,0
6,641,35375,3
8,1825,11523,0
15,2610,40880,0
1,1830,30485,0
6,589,6319,5
6,609,6380,1
4,5218,41425,0
6,1628,42770,4
4,2481,40441,0
6,603,43285,2
15,3214,38901,0
8,4674,37285,0
8,1342,16347,0
5,1791,42672,5
3,6167,4,0
15,4415,44618,0
17,1499,37052,0
6,942,2216,10
66,2354,39983,0
3,3032,17174,0
66,2291,36801,0
6,4614,1633,8
6,5480,40606,6
6,5482,40604,4
6,4621,42787,2
3,1179,40645,0
13,4333,37839,0
66,1619,42808,0
6,4849,45221,8
6,3184,6613,7
6,5418,33204,12
66,2357,37369,0
5,5332,27710,0
66,5819,7768,1
17,5130,40353,0
2,1103,36099,0
2,125,4967,0
2,5808,24779,0
3,1077,41244,0
9,1153,8675,0
3,4437,43593,0
5,5063,25455,0
6,4621,45166,20
8,2745,11523,0
6,948,19569,12
6,624,42770,2
8,4558,37285,0
6,2942,19569,4
13,6109,43753,0
2,459,24779,0
8,2424,42262,0
8,1820,11427,0
15,1280,38084,3
6,4538,6304,3
15,1600,15605,0
6,2244,42769,0
1,6214,31091,16
3,2466,27715,0
6,571,6361,1
6,629,15168,3
6,614,2013,8
6,610,22245,5
6,649,35330,7
6,632,34347,5
6,1814,34752,1
6,2546,34752,7
6,627,7091,19
6,604,7091,1
6,569,15620,5
6,633,6433,2
15,1035,37983,0
1,789,37992,0
15,4765,37521,12
5,3358,37038,0
8,5491,36303,0
9,860,33997,0
13,3864,29651,0
15,2613,16698,2
13,4663,16142,0
15,1272,39851,0
43,5245,27121,7
2,5375,40476,0
15,1269,39834,0
6,672,6313,0
13,826,9866,0
6,634,19569,8
3,3012,22934,0
17,1333,35333,0
13,4134,17735,5
4,4829,28212,0
8,4534,40972,0
4,4973,30188,0
16,3806,37834,0
17,4827,31655,0
4,2422,41824,0
1,5899,37491,0
3,1332,29748,0
66,4985,42145,0
6,588,6423,3
5,5241,22081,0
5,5272,37830,0
4,4979,19322,0
22,1797,34109,1
4,4288,43219,0
6,2547,19569,0
13,3536,42737,0
9,857,8670,0
1,4875,30820,0
4,4723,37583,0
17,4828,41069,0
6,1447,44516,2
3,3708,44070,0
2,3500,24779,0
6,5549,32054,0
15,2609,44579,0
2,5313,40539,0
3,6012,41242,0
6,636,6319,6
8,5431,11253,0
8,5504,35394,0
4,2276,36508,0
8,4976,40084,0
4,2363,3966,0
66,3532,36943,0
4,3968,4458,0
6,2243,12171,8
4,1725,37036,0
4,4881,37833,0
6,5549,41085,0
1,4678,23639,8
8,4423,10977,0
9,851,42651,0
9,857,32152,0
13,2532,36232,0
8,5169,11427,0
15,3211,41593,0
3,3010,41845,0
6,4970,32054,7
4,3375,41824,0
9,1157,40319,0
13,5436,17735,0
4,5384,22080,0
6,571,10836,7
8,4727,42742,0
4,2996,4627,0
13,2711,31213,0
6,5717,2053,5
6,949,6304,7
6,599,22245,5
6,628,1832,2
6,608,35636,8
6,2551,6985,6
6,613,34757,5
6,3719,33854,12
6,623,35374,3
6,4000,35373,1
6,4001,1841,8
6,4878,33205,15
6,666,2097,5
6,4274,15658,14
6,2052,21468,1
6,601,33851,3
6,946,33854,2
6,581,1632,6
8,5493,11253,0
6,653,38623,1
13,2536,36232,0
15,1280,14247,7
15,3179,20749,0
6,621,38162,4
6,4614,4974,7
8,5551,36302,0
6,646,6686,2
5,1182,40445,0
6,616,6322,12
15,3008,38085,0
6,5419,24053,18
4,1503,37275,0
13,4636,10202,0
3,3032,41242,0
66,2357,39551,0
66,2356,42145,0
5,5509,36347,0
15,2613,28459,1
17,2848,19426,0
6,618,38622,0
2,1744,27701,0
66,6118,37370,0
6,642,1591,1
13,5244,38140,0
9,2791,8560,0
13,2292,32336,0
6,644,6573,3
15,2980,39834,0
6,943,6304,10
15,1269,32167,0
17,5416,19069,0
8,2703,11145,0
16,2786,36415,0
4,5950,41824,0
17,5126,15250,0
6,5480,6601,11
2,5655,43672,0
15,2959,28464,0
6,669,40610,10
5,1904,34364,0
5,1317,37416,0
2,1341,27701,0
8,3600,11018,0
13,5385,9905,0
16,5569,42077,0
6,2551,42786,0
3,2095,42751,0
8,5968,11427,0
2,5335,40502,0
3,2767,27715,0
8,3641,40909,0
4,5365,42775,0
6,648,6281,12
6,3719,6519,29
5,1791,7593,3
6,624,6281,3
6,593,1712,5
6,633,42173,22
13,4584,39737,0
16,3561,36348,0
9,1158,33998,0
3,1490,30189,0
66,6078,44389,0
22,1798,33968,1
4,6080,41825,0
5,4028,7390,0
8,4398,41901,0
6,629,33855,2
6,2168,1914,4
3,2193,4,6
6,646,34347,1
6,2549,2093,10
6,1628,6863,4
6,1938,34755,9
17,2267,14721,5
6,568,14963,8
6,617,21466,1
6,654,33205,8
6,944,6985,7
6,604,21465,1
6,673,33852,21
6,573,35636,7
6,613,35330,5
6,1815,35636,7
6,2168,15619,7
6,576,1709,16
6,675,34752,1
6,601,38621,1
8,5129,12000,0
6,594,15620,10
8,5504,11182,0
17,4251,15389,0
66,2357,36801,0
13,3537,26462,0
13,4584,9934,0
13,3558,32272,0
6,588,7095,8
6,648,6686,4
17,1333,36037,0
4,4080,40877,0
2,5224,37050,0
4,4669,38999,0
8,4908,36386,0
6,617,14968,2
6,942,6537,7
3,177,37276,0
17,3260,41067,0
4,3946,22080,0
5,1944,37830,0
17,1845,24216,0
1,5963,13060,0
15,2608,14711,0
6,620,6281,8
9,2057,41041,0
4,3936,23316,0
6,4620,42769,1
9,2787,40319,0
8,527,15675,0
9,857,40435,0
5,1791,37416,1
15,4418,25136,0
6,5479,6303,5
13,1080,37839,0
17,1499,41068,0
6,2547,45170,0
1,2009,12854,0
9,855,37098,0
17,2930,14722,0
66,2694,37027,0
9,1157,27632,0
8,1254,11464,0
4,4301,4141,0
8,1699,44392,0
8,5604,45371,0
1,5553,36639,0
1,1091,37993,0
8,5426,32738,0
17,2739,18596,0
8,2850,15675,0
5,5332,27767,0
5,4199,40445,0
15,1600,44579,0
15,4764,32167,0
6,2244,2018,22
9,1154,40318,0
66,1224,39983,0
8,1698,31803,0
66,4985,36797,0
2,5447,42942,0
8,4566,15569,0
6,579,6309,11
5,5241,22226,0
8,5232,41236,0
3,3925,5647,0
1,5559,41960,0
6,4970,6322,4
3,523,17183,0
15,4765,44579,0
6,619,6280,1
6,619,4751,2
1,2500,13060,0
4,3542,3950,0
6,647,6993,6
6,644,6361,11
6,579,14821,2
6,628,6613,14
6,627,32629,6
6,602,17110,1
6,2244,35375,13
6,579,1713,7
6,616,35636,11
6,642,6705,12
6,4273,35329,16
6,946,24820,4
6,946,7091,2
6,632,34757,8
16,3807,24653,2
4,4262,35327,0
8,5551,21490,0
6,637,6687,16
66,4978,36787,0
5,1232,40444,0
2,5375,40491,0
4,4723,24825,0
66,2354,36801,0
6,622,2449,6
66,4870,37027,0
2,5374,39338,0
8,5423,24877,0
8,1912,39832,0
66,2321,40822,0
5,5711,41945,0
5,4771,28857,0
8,4877,11189,0
6,674,6482,10
6,989,42786,0
5,5711,37274,0
6,5418,15620,6
66,1636,37027,0
9,2186,8647,0
17,4251,14417,0
4,3542,41272,0
15,1739,25140,10
13,3863,10392,0
8,3699,15675,0
9,860,34083,0
13,4835,36385,0
66,1636,36824,0
6,5482,6266,2
1,5624,30485,0
13,4093,9905,0
2,2826,26011,0
9,851,25508,0
2,415,24779,0
8,1804,11182,0
3,4547,45706,0
1,2008,12792,0
17,5521,16549,2
8,4966,40974,0
6,597,6309,6
5,5240,44498,0
6,1892,40224,2
6,5717,42173,5
6,597,42771,5
66,2356,40822,0
6,2550,42768,1
22,1795,32774,19
13,5464,15708,0
5,3309,27709,0
6,945,6462,3
17,5538,15250,0
6,949,42173,6
6,5419,6555,4
6,627,45157,8
6,646,6365,3
6,1478,22245,3
1,4329,13060,1
6,2052,32116,1
6,654,32629,7
6,598,19472,4
6,651,35372,9
6,1938,35375,6
16,1324,24652,1
6,617,14506,1
16,1324,35401,10
6,4088,6433,5
6,4003,33204,17
6,565,6462,31
6,947,34347,1
15,1269,37983,0
1,2799,35326,0
15,2613,32166,14
6,1078,24819,1
13,3558,9964,0
6,628,40611,4
8,3920,36095,0
8,5497,27209,0
6,571,2097,9
6,4710,38623,0
6,4088,34758,0
8,3270,15675,0
2,5375,40498,0
8,656,11021,0
15,1268,14569,0
6,4971,40606,4
6,4970,35375,25
66,4987,41811,0
66,1635,37370,0
6,668,1708,10
6,654,7144,6
5,3490,27710,0
6,634,41085,9
5,5272,28313,0
1,5382,13135,0
15,2608,21615,0
15,4912,41048,0
1,5547,13060,0
8,2716,11019,0
13,3536,37839,0
13,3536,35392,0
6,5481,6449,2
6,667,42172,15
6,668,42173,8
15,2981,32119,0
13,3597,40692,0
4,4669,40442,0
4,3330,30188,0
13,3596,9921,0
2,5474,27208,0
2,5374,40476,0
4,249,30188,0
1,5571,40662,0
8,3601,11235,0
13,4048,18883,0
6,4971,40223,10
8,5425,27771,0
6,641,42770,1
6,608,41396,6
6,880,19644,9
15,5449,41658,0
1,2500,42725,0
2,3000,27733,0
2,5374,31462,0
6,606,40224,2
4,1743,3950,0
6,609,6459,1
16,3561,16670,0
5,6127,8042,0
66,1188,41811,0
2,828,41190,0
5,5711,28297,0
13,6109,43741,0
1,6214,43639,6
8,5168,16347,0
15,4912,25099,0
9,851,27632,0
6,567,40223,15
6,1814,44514,2
4,4723,41427,0
1,6214,40715,12
1,6214,15110,6
4,5222,4458,0
6,574,6459,2
6,2942,32629,1
6,2545,32053,1
6,2242,6693,8
6,608,24960,26
6,672,22245,1
6,618,1713,4
6,1078,21466,3
6,610,32117,5
1,4809,22926,7
6,2242,34759,15
6,4005,2235,7
6,629,14821,1
16,3563,21188,18
6,4275,6620,8
6,675,1713,15
3,523,23267,0
17,3146,34857,0
6,637,6555,11
6,642,12171,6
9,859,34106,0
9,2071,8560,0
3,3017,23956,0
13,4663,30161,0
8,5491,11253,0
6,665,24054,4
8,2105,11067,0
15,1041,32119,0
13,2711,9852,0
8,3868,11018,0
17,5521,14722,3
6,989,2125,0
13,5408,18883,0
1,3322,32555,0
3,523,5592,0
8,5423,40390,0
13,3546,32274,0
8,4668,36301,0
8,4682,40084,0
6,593,15619,12
9,1154,31553,0
13,4835,26462,0
15,2613,15506,0
2,333,40713,0
2,3500,36184,0
8,2703,42157,0
4,2631,4309,0
17,4251,24216,0
15,2610,14569,0
6,608,1712,2
3,4236,30189,0
4,3946,30188,0
8,1139,36503,0
6,649,14333,8
6,5480,7151,6
4,2276,38999,0
13,1083,37839,0
2,5706,4967,0
8,4387,37270,0
8,5495,39740,0
6,4621,2125,0
6,648,24819,7
6,1477,7144,4
6,949,24840,5
6,944,2093,3
1,4205,16037,0
3,2194,17183,0
3,3032,41664,0
13,4583,9907,0
1,5526,38049,0
43,3255,27989,0
2,5204,40350,0
6,5481,44514,1
6,597,42768,5
3,5744,26044,0
8,5429,36301,0
4,2631,43943,0
6,650,6686,7
6,644,14822,19
6,668,1650,1
6,646,14821,8
6,603,34758,7
6,640,2018,10
5,873,24739,4
6,577,14506,5
16,3807,31630,3
16,3807,18277,2
6,1447,14822,3
6,591,21465,3
6,628,1632,1
6,673,24819,0
6,880,1839,7
8,1139,36499,0
66,1619,36788,0
13,2711,10707,0
66,1620,36821,0
15,1269,14568,0
2,4084,34698,0
6,615,6309,7
6,5481,33204,6
6,642,15619,1
8,1804,36498,0
43,3256,37347,0
13,5070,41816,22
8,4389,23265,0
5,4217,41809,0
15,3179,41047,0
6,588,6322,15
15,1739,22364,4
13,5464,31301,0
5,5241,7656,0
6,1938,44516,0
4,4757,3950,0
8,1821,40084,0
6,605,44514,6
4,1486,37275,0
8,5491,21490,0
8,5551,36503,0
66,3532,43573,0
15,1739,25136,3
6,577,24820,1
8,4662,36302,0
15,2958,22279,0
6,4878,42768,6
6,631,1591,4
4,3968,4522,0
1,2011,13744,0
6,1938,10836,0
3,5323,5647,0
43,3254,27998,0
5,5332,41808,0
2,5335,40482,0
17,5521,40059,3
4,1503,36356,0
5,5083,28313,0
13,2709,16142,0
8,4727,16347,0
5,5285,28086,0
4,1314,43219,0
8,1257,37493,0
17,4683,27684,0
5,1685,28810,0
2,5335,40477,0
13,5165,42987,0
6,666,42172,2
3,3012,26957,0
9,855,40317,0
4,5768,44387,0
1,4717,38750,0
8,4358,24833,0
8,5395,15569,0
66,5903,41810,0
66,4744,39551,0
6,2190,43987,39
13,3536,41816,0
6,674,42172,12
3,5922,41242,0
6,613,6403,5
6,618,24819,4
17,2267,32183,18
15,3453,14247,7
6,624,35328,8
16,3807,17512,5
6,947,6519,1
16,3807,18279,1
9,860,33989,0
3,1490,37837,0
6,2052,7091,2
6,5483,40224,15
6,611,7144,20
4,1026,19323,0
5,3541,28297,0
15,5539,41593,0
13,3639,9958,0
6,581,41085,1
4,3542,30188,0
3,5744,26669,0
66,2431,36797,0
4,1302,30188,0
17,5538,14722,0
1,5526,42001,0
66,5019,36791,0
6,587,10836,4
4,3009,24825,0
15,3213,25136,0
5,4027,28318,0
9,919,8687,0
2,123,37835,0
9,1157,8629,0
3,3405,24204,0
2,5224,42762,0
8,1139,36301,0
13,2298,43454,0
13,4299,9852,0
17,4251,14635,0
8,5422,15675,0
4,2932,36508,0
66,2694,39977,0
4,3123,40440,0
6,5549,40611,0
8,1705,10977,0
15,3015,23372,0
5,5710,43958,0
2,834,2151,0
5,5509,37830,0
8,3023,11067,0
1,145,13060,0
15,3006,32169,0
4,5020,41424,0
15,2959,43091,0
16,5721,39016,0
2,5337,40483,0
5,3309,42672,0
6,663,15168,4
6,629,14507,18
6,632,19644,2
6,601,23138,2
6,628,20059,1
6,641,35636,4
6,601,1707,13
6,4620,7146,4
6,667,32629,25
22,1798,36186,6
6,4088,34757,4
16,3312,24875,4
6,593,33854,6
6,945,6620,2
6,644,2258,5
66,4850,37026,0
5,3681,22226,6
4,3307,30188,0
17,3419,37280,0
8,2717,39832,0
2,3266,19507,0
15,2979,33103,0
4,3257,4309,0
6,668,35375,18
6,617,17976,8
8,5493,37285,0
3,2860,35395,0
3,658,37779,0
2,415,40903,0
6,609,38623,1
6,947,38623,18
2,5656,40827,0
6,5549,43564,18
2,5556,4967,0
6,633,40777,2
6,576,14821,1
1,2009,36628,0
1,5802,36088,0
15,1599,15632,14
5,5403,30187,0
22,1799,32774,7
3,1463,4,0
1,3655,21313,0
6,636,34752,3
1,4227,24866,0
6,571,33851,11
6,673,1846,1
4,3457,3950,0
2,1134,40363,0
5,3253,44549,0
6,567,39891,8
13,826,9930,0
6,632,6423,6
4,5013,37583,0
4,4953,41825,0
6,593,44514,7
1,5802,30642,0
2,2192,37272,0
8,4567,40909,0
15,4760,22531,0
8,4409,25517,0
9,3345,8560,0
66,4978,37026,0
6,944,44244,3
8,3385,43730,0
13,4048,16142,18
4,4057,4309,0
8,6170,11427,0
6,645,14333,3
1,401,23638,13
8,1139,37270,0
13,2707,36232,0
16,2648,37282,0
5,1293,33747,0
4,5014,23316,0
15,4415,33103,0
8,2113,15675,0
8,1177,11427,0
5,2513,28810,0
1,2012,36628,0
8,4460,33863,6
8,4460,23265,6
4,4709,4627,0
4,2925,19322,0
13,2410,41093,0
6,947,2053,5
6,2547,14821,0
1,3652,24866,0
6,624,6573,14
6,635,1636,10
1,4229,24841,0
1,4229,42312,0
66,4855,38069,0
6,5550,43564,11
15,1270,41048,0
6,593,14966,147
6,565,6459,98
6,568,15007,87
6,944,6613,97
6,460,32629,7
6,618,20059,90
6,627,6324,16
6,650,6459,315
6,570,33852,48
6,588,14968,92
6,609,20061,36
6,652,14963,778
6,663,6324,11
6,2168,14961,262
6,2190,24819,150
6,3719,22245,7
6,2547,2235,7
6,573,2235,11
6,588,23139,79
6,645,19576,2
6,635,14821,54
6,1078,32117,9
6,623,34758,29
6,568,14964,743
6,629,34757,20
6,2190,32054,136
6,626,14989,221
6,641,23134,78
6,2190,21466,53
6,2168,1839,77
6,2190,34754,178
6,2190,6614,55
6,2242,6459,116
6,604,32054,10
6,654,32054,22
6,4005,22245,3
6,609,34752,60
6,4272,21466,35
6,592,6389,7
6,2242,6389,313
6,624,14823,14
6,579,2018,77
6,2549,14823,79
6,2168,1636,72
6,4003,24820,26
6,632,30445,65
6,597,22242,5
6,599,19472,79
6,573,14964,95
6,665,6613,142
6,2190,6389,306
6,626,22245,2
6,2243,14822,53
6,599,34753,48
6,594,14964,833
6,632,14966,357
6,2546,32116,19
6,580,14990,38
6,2550,34753,52
6,2541,19644,19
6,599,6389,10
6,948,14823,97
6,633,15020,4
6,1628,34758,77
6,607,14964,543
6,593,14821,19
6,569,34757,8
6,654,6423,132
6,944,17976,255
6,581,21466,10
6,623,14990,34
6,2168,14990,368
6,2551,25602,14
6,460,6423,30
6,4272,21465,46
6,570,30444,54
6,654,21465,33
6,946,17976,152
6,989,7165,51
6,599,35636,7
6,573,2018,99
6,1478,14823,41
6,601,15023,81
6,1628,1591,6
6,628,30445,46
6,665,17976,423
6,652,17109,33
6,599,2013,231
6,611,35329,61
6,2245,35374,20
6,628,21466,16
6,594,23135,165
6,669,24820,32
6,4538,14506,67
6,1892,14991,94
6,3719,6462,19
6,1477,32054,7
6,582,15007,42
6,640,15393,84
6,1892,14963,310
6,2545,19472,16
6,646,23138,34
6,580,17976,51
6,639,34755,17
6,4001,2093,28
6,652,20055,30
6,608,22242,29
1,4719,32597,1
6,4614,17976,120
6,651,14963,510
6,4614,23137,55
6,4710,15658,88
6,1892,6462,26
6,989,34754,46
6,1938,17976,418
6,668,14964,245
6,576,15658,211
6,947,33851,5
6,599,35329,4
6,602,6319,3
6,568,2053,15
6,4275,35373,33
6,608,24820,21
6,1628,2013,111
6,608,14970,152
6,607,23099,106
6,609,14961,107
6,654,6507,205
6,649,14963,360
6,2190,34752,75
6,4878,32117,94
6,4275,34752,23
6,4614,14962,33
6,4878,30445,43
6,4614,14920,155
6,570,15024,149
6,609,6319,281
6,579,7150,90
6,609,2258,69
6,630,14970,165
6,942,14967,67
6,609,34757,82
6,645,14963,313
6,609,33204,7
6,627,36437,61
6,654,15023,164
6,650,33852,232
6,609,1890,76
6,620,34753,12
6,654,6278,5
6,639,30446,148
6,640,7091,31
6,579,2097,89
6,651,2258,51
6,650,14533,45
6,649,6459,33
6,630,23098,120
6,2547,17976,88
6,617,2053,11
6,4620,1591,5
6,568,6319,27
6,640,6433,7
6,594,6319,79
6,614,2258,13
6,4621,17976,189
6,1477,2258,16
6,665,36437,118
6,632,22244,11
6,628,14970,25
6,4878,34753,117
6,608,30445,106
6,603,14823,10
6,1628,34757,81
6,2168,6319,228
6,4088,6265,36
6,879,30445,23
6,588,1591,3
6,641,6686,9
6,593,14924,11
6,640,38621,15
6,1447,14966,43
6,582,2018,116
66,1319,3965,0
6,2168,2511,264
6,581,15394,178
6,2550,1703,129
6,632,23137,180
6,652,14959,177
6,594,7150,166
6,2244,1843,42
6,588,1890,72
6,637,34758,35
5,4232,28284,0
6,642,6613,55
6,989,38623,12
6,1892,6686,12
6,595,14922,65
6,2543,15658,61
6,637,6265,68
6,634,1843,25
4,4747,38139,0
8,5398,11427,0
6,942,15658,37
6,633,14821,13
6,2190,40610,16
6,653,6423,58
6,5207,38622,28
6,5481,6423,33
6,635,17976,260
13,5165,37839,0
6,2541,2018,47
6,642,6331,39
6,5419,6537,206
6,5419,40223,108
6,5550,39891,3
6,617,14964,140
6,4614,35920,111
6,608,36563,9
6,611,7165,135
2,5335,40485,0
6,596,2097,30
6,568,6999,15
6,649,15393,182
9,857,8627,0
9,2787,8626,0
15,2621,25098,0
6,5481,38998,6
6,1815,1703,84
6,1815,6537,43
6,611,35919,25
6,2942,17976,98
6,611,6601,34
6,616,30446,110
3,3017,24879,0
13,826,26462,0
6,671,19569,8
6,5479,23097,35
8,3350,11427,0
6,641,14967,61
6,669,40223,28
3,2095,36497,0
13,3863,41093,0
6,573,1636,45
3,4260,18368,0
6,4540,14822,7
6,599,1843,229
13,2537,10041,0
6,637,6512,82
13,4584,9852,0
9,1157,33998,0
13,5287,10707,13
6,2168,40782,30
6,4000,6537,14
6,4878,38622,14
6,581,6309,34
6,2942,6462,6
16,5552,27691,0
6,667,6613,211
6,4273,33851,15
6,652,15393,274
13,826,9962,0
6,5482,6462,12
6,588,1843,44
6,604,1591,13
6,597,14964,330
6,611,6319,110
6,4540,14922,30
6,570,14922,133
6,599,30447,152
6,571,39891,4
6,4878,34758,6
13,5435,10529,0
4,2282,36419,0
6,5483,6551,19
6,582,1707,47
6,641,6999,29
6,2243,6427,128
6,663,6309,97
6,3184,1843,4
6,2550,17976,501
6,879,14966,60
5,5913,27709,0
6,1814,17976,409
4,2646,30188,0
6,2545,1636,24
4,4953,41424,0
6,652,43283,53
15,2607,40229,4
2,5389,41334,0
6,631,33853,32
4,3457,40707,0
6,599,15395,210
13,2710,18883,0
2,5340,31449,0
6,599,23099,129
6,617,42172,5
8,5398,40110,0
6,2168,19569,51
16,5552,15937,0
6,5481,23138,97
2,4909,21359,0
6,2545,32052,18
8,4682,42261,0
6,2168,7150,199
3,4547,41242,0
6,5481,42172,9
6,595,15395,99
6,674,2053,27
6,4538,2018,63
6,944,42172,16
6,588,6507,8
6,586,34754,7
9,3036,40316,0
6,616,15023,232
3,5406,18367,0
6,644,24054,6
6,2242,1846,21
6,626,43281,9
6,579,15024,63
6,582,7150,97
6,624,19644,16
3,2095,37780,0
4,3540,22080,0
8,5929,37285,0
4,3935,4315,0
6,2242,6999,112
6,2550,2511,141
6,2550,2053,65
13,4119,29651,0
6,594,14925,81
1,6216,38244,8
6,635,42769,55
6,618,6519,23
6,942,15023,221
6,628,40223,12
13,4046,29884,17
15,1740,41923,0
6,626,14823,21
15,4765,41300,15
5,4027,28975,0
6,667,6265,89
6,5483,6512,51
1,5473,41842,0
66,1806,39973,0
6,595,6507,36
6,649,6512,100
6,673,6537,12
6,1892,6452,7
6,2545,7165,24
16,5037,18279,0
6,645,14991,94
6,583,20061,29
8,527,11068,0
6,626,14920,304
6,652,34758,41
8,5088,11427,0
22,1797,43432,44
2,4019,4967,1
8,5536,35734,0
6,573,38623,25
1,2009,582,0
2,5885,36373,0
6,1628,38621,70
6,5206,2018,27
15,3208,30891,14
17,5400,44017,0
6,626,36437,51
66,4745,36797,0
13,4950,29884,4
5,2213,30187,0
6,617,30447,39
6,4272,38621,17
6,616,6309,87
8,527,25517,0
4,417,40442,0
6,944,2053,65
6,2551,32117,15
13,3496,10707,0
6,628,6309,32
16,1337,31938,0
6,663,41085,163
6,2168,14925,159
6,2190,24839,26
15,4765,28459,8
6,565,14968,33
6,565,14922,80
6,4614,23133,98
5,5272,40895,0
6,647,6459,107
66,5795,36875,0
6,581,6537,17
6,1938,1843,85
6,4878,38621,75
6,582,14925,79
6,4878,1843,142
6,645,40779,15
66,4852,41812,0
3,1463,36096,0
6,4538,38621,7
17,4696,40353,0
13,4135,10733,38
6,645,1591,6
6,649,2216,36
13,2369,41816,0
9,2788,40319,0
6,582,7095,4
6,618,33204,9
6,637,6309,36
5,4363,42672,0
6,616,6999,32
6,640,6323,9
6,576,6459,16
6,611,6512,180
6,581,40777,17
6,5481,7165,33
8,4490,11523,0
6,599,41395,18
6,607,40781,67
4,2282,40440,0
4,5014,4627,0
8,5428,11427,0
66,4859,42145,0
6,5479,6573,18
8,5851,11427,0
6,942,43283,37
13,5164,29657,0
6,635,12171,31
6,649,24820,26
6,4088,23098,93
6,576,1712,22
6,4001,33204,7
4,5767,30188,7
6,644,33851,34
6,644,17976,68
6,5479,6462,48
5,5913,32349,0
5,5710,41809,0
8,5490,40110,0
6,595,42787,5
6,618,43286,48
1,5846,30820,0
13,5519,32178,0
6,616,43283,36
2,1841,42958,0
6,5418,17976,291
6,626,1839,14
6,5419,1712,35
6,595,15024,123
6,597,14961,73
9,1156,34083,0
5,4494,8310,0
17,3334,37836,0
5,5241,7593,0
2,67,27702,0
6,4088,6512,43
13,4134,29884,30
6,646,43283,29
6,669,6459,118
8,2425,40974,0
8,2425,11523,0
6,4000,1890,31
2,4051,33001,0
66,4859,37025,0
13,6017,10373,0
6,652,6309,31
6,644,6687,11
8,5575,23265,0
6,597,6303,1
6,609,14990,110
6,609,2018,126
6,611,15168,4
6,628,22244,4
6,576,1846,3
6,577,6324,14
6,635,14823,121
6,616,14959,139
6,639,14822,114
6,665,14822,42
6,598,14821,63
6,600,14964,17
6,2168,6507,131
6,2549,32629,8
6,665,19644,21
6,669,33853,53
6,2190,14506,225
6,4088,22244,4
8,3249,11427,14
6,668,1914,1
6,642,6459,72
6,577,14964,77
6,568,32052,9
6,609,23135,94
6,613,14966,71
6,653,22245,9
6,649,14959,76
6,594,23139,132
6,604,34346,8
6,639,14823,74
6,616,17109,39
6,641,24820,72
6,651,2013,35
6,651,32117,26
6,663,6507,252
6,608,14506,39
6,629,22245,22
6,4005,14507,3
6,605,6705,1
6,652,6613,104
6,1477,34754,8
6,622,14989,44
6,609,33851,191
6,669,22242,19
6,570,32054,12
6,613,32054,19
6,633,34754,39
6,642,34752,15
6,568,14821,6
6,626,20059,82
6,630,17112,55
6,616,23097,125
6,2545,2093,22
6,605,17976,21
6,640,14506,68
6,602,23099,49
6,626,33204,16
6,1478,2053,35
6,4540,34757,10
6,599,22242,24
16,3313,19709,4
6,630,30445,117
6,609,6423,75
6,1892,6423,32
6,623,1890,23
6,2547,22244,3
6,586,30447,32
6,2541,14506,46
6,2541,35375,19
6,609,7165,171
6,4275,22244,13
6,2168,1890,345
6,663,6423,199
6,1892,17976,217
6,2245,1636,64
6,2245,32117,64
6,651,35329,40
16,3313,31940,3
6,568,6452,6
6,2550,32117,37
6,626,35374,8
6,653,17976,222
6,613,21465,7
6,649,7165,24
6,628,14912,10
6,620,22242,15
6,1939,24819,24
6,941,7165,6
6,579,33851,24
6,651,33851,22
6,665,21466,23
6,597,25602,7
6,942,30443,35
6,948,6985,23
6,4001,1645,20
6,568,32117,11
6,2242,32117,117
6,2190,33852,149
6,654,34755,9
6,609,35921,78
6,669,6999,67
6,652,34755,16
6,576,34757,10
6,616,6459,105
6,4275,21465,32
6,1628,22242,15
6,616,33854,27
6,616,14926,88
6,989,7091,19
6,4878,14962,26
6,949,34752,11
6,599,2258,40
6,652,15023,370
6,989,34752,26
6,639,7150,72
6,603,15658,22
6,4273,6427,12
6,2551,34753,73
6,2549,14821,30
6,606,14963,147
6,654,23097,143
6,599,33854,52
6,614,1890,37
6,593,30442,2
6,4878,1707,41
6,608,34754,21
6,577,17976,19
6,989,36437,27
6,1476,15658,48
6,609,7144,60
6,4088,15006,25
6,588,30447,89
6,1814,15658,173
6,4003,38622,12
6,674,1707,86
6,626,17976,264
6,1078,19644,11
6,4274,6620,16
6,649,15023,233
6,594,2216,34
6,632,24819,8
13,4046,9934,8
6,581,15006,42
5,873,34364,4
6,576,1843,62
6,4004,2013,24
6,600,14822,7
6,571,14961,58
6,588,14990,121
6,5481,2018,10
6,634,32054,31
6,576,34758,34
6,604,1703,2
16,4444,16383,0
6,2243,6319,37
8,5495,36498,0
6,642,6512,93
6,2243,7091,15
6,635,36437,282
6,880,17976,34
1,5526,13060,0
6,603,34752,40
6,593,14823,11
6,945,34757,1
4,417,38999,0
6,664,1591,0
9,2026,40436,0
6,565,23139,36
6,606,6423,30
6,4000,2511,178
9,2790,8670,0
6,4849,6281,5
6,639,7144,22
6,5481,6265,86
6,582,6537,7
6,579,38621,67
6,634,1707,4
6,646,15023,170
6,674,19644,12
6,645,19569,29
6,4620,1967,0
4,3855,38139,0
6,1628,2018,224
6,5206,1591,4
6,5716,6322,0
6,595,34758,12
6,610,14968,24
16,3312,19710,1
6,587,6459,28
6,636,15658,2
6,650,6246,109
8,1139,35393,0
6,5483,6309,18
66,1807,40822,0
6,599,2141,23
15,4764,14213,0
6,1628,30447,80
6,2190,6280,32
6,641,39891,24
13,826,9852,24
5,5060,7365,0
5,5241,24739,0
4,2925,30188,0
6,2245,1703,72
6,2545,1839,24
16,5552,30185,0
6,641,14963,160
13,826,9921,3
9,1160,8627,0
4,2282,4218,0
6,5483,14963,120
6,606,6999,48
6,626,32052,23
6,645,14919,114
4,4804,31649,0
6,4088,40778,13
6,1938,2216,27
1,5804,35326,0
6,645,24820,20
6,1477,14533,3
6,2551,19644,13
6,652,6322,33
6,571,19569,5
6,649,35375,15
6,2551,1703,86
15,3210,37983,0
6,5481,6319,42
6,652,14533,31
6,619,1707,29
9,2026,40316,0
6,2245,1839,12
6,5483,6324,14
6,589,17976,26
6,1628,14533,55
6,4621,2511,31
5,5726,41140,0
6,582,33851,26
6,949,24820,24
16,2463,39281,0
2,88,4967,0
9,857,41043,0
6,644,19644,17
3,4547,26044,0
8,2717,23265,0
6,632,6459,63
6,2245,2053,21
6,653,1591,6
1,5976,37273,0
6,4849,6512,72
13,5071,29884,2
6,2168,15620,55
6,4000,42787,11
6,618,4974,16
4,5863,41427,0
15,4760,18815,0
15,1273,14568,0
6,640,15023,107
9,2057,31553,0
6,2242,1703,37
6,5481,36437,29
6,642,6309,16
6,2242,7165,126
15,2621,18471,3
15,1607,20325,0
6,633,42787,4
4,4286,37036,0
8,5494,10977,0
3,3516,4,0
6,4540,43288,18
13,4044,40692,0
6,569,6322,3
6,3719,45565,6
6,945,36437,6
8,3128,44116,0
6,5481,1707,15
4,5960,4457,0
4,5966,14532,0
8,4637,40974,0
1,5976,13060,0
6,571,14533,16
2,1841,23965,0
6,673,6482,0
6,594,14822,6
6,639,17976,315
3,5744,43626,0
8,3298,36503,0
6,651,19569,17
6,671,38623,11
6,4621,2097,33
6,565,38621,6
4,5013,43970,0
6,1477,33853,27
13,3433,9964,0
6,652,35375,33
6,5206,6613,3
9,2792,8646,0
2,6082,21358,8
6,2545,14823,31
13,4046,18880,36
66,2431,39983,0
13,4048,37829,21
13,3496,43753,0
6,632,14333,7
6,565,6265,48
66,2819,36942,0
6,627,6246,26
9,2792,8619,0
6,5483,15393,70
1,5571,13060,0
13,5244,10392,0
6,633,24820,15
6,626,23137,236
6,611,2053,53
6,583,14964,109
6,579,33853,54
9,3041,40425,0
6,577,4974,1
66,1633,37369,0
5,1338,8042,0
6,635,6324,113
6,5479,6423,40
66,2694,36793,0
4,3330,40438,0
6,626,1636,89
6,4849,6309,5
6,4270,19569,8
15,3180,18471,0
6,5482,41393,15
6,5483,6459,49
13,2859,10202,0
3,5227,37837,0
3,1332,17972,0
13,5165,10373,15
3,2095,40389,0
8,5289,11253,0
66,1634,37369,0
8,1823,40972,0
6,597,14922,64
6,5481,14821,18
6,675,32052,13
15,4763,41045,12
6,1815,1712,31
5,5509,30187,0
13,5081,10732,0
6,5418,38621,95
6,4270,6512,42
6,1938,1712,6
2,1222,38995,0
6,611,6573,54
6,948,36437,79
6,5479,6601,71
6,611,14991,42
6,460,6319,41
6,645,14926,57
4,5252,36653,0
8,5397,40110,0
15,1739,44584,0
13,4950,18880,8
6,665,1712,30
4,2649,4621,0
1,5800,39815,0
17,2841,37836,0
6,4270,40223,7
17,2842,41067,0
6,5419,45221,12
6,948,6555,11
5,5082,37830,0
8,3333,36301,0
15,3208,28455,10
2,6082,43661,8
8,5604,44604,0
6,606,6322,13
9,858,36762,0
5,5710,36347,0
8,2424,11253,0
15,2609,25140,0
6,5479,6319,28
6,673,6512,22
6,670,6512,0
3,2598,37779,0
13,3965,16495,0
6,5481,6304,12
6,880,6613,3
1,2012,34351,0
8,3347,10977,0
6,599,14968,149
6,570,1846,2
6,571,20061,24
6,588,30444,70
6,616,6379,27
6,665,6324,38
6,588,2013,45
6,2190,24820,111
6,648,6693,24
6,944,14821,21
6,3719,19472,20
6,641,22242,9
6,623,20061,8
6,618,7146,10
6,635,14822,96
6,650,6507,300
6,597,34752,3
6,673,32052,31
6,574,17110,3
6,638,24960,12
6,588,21465,12
6,616,14506,37
6,597,15007,2
6,2242,34752,65
6,629,6507,50
6,588,14961,87
6,2549,14507,14
6,596,33851,21
6,638,32053,7
6,624,17976,117
6,946,14910,10
6,568,19472,12
6,582,15024,193
6,573,24960,5
6,611,14910,13
16,3313,21807,10
6,631,14963,156
6,4270,34754,24
6,651,19472,43
6,4275,35329,6
6,601,35328,5
6,609,35374,26
6,670,22242,6
6,2245,1713,40
6,4272,33852,63
6,606,17976,277
6,654,14910,46
6,599,1713,20
6,4000,33854,6
6,635,32052,79
6,2244,1841,13
6,609,35329,18
6,1476,34752,31
6,640,14823,75
6,638,6423,47
6,579,1636,52
6,654,14506,41
6,651,7165,85
6,945,35636,3
6,640,34752,27
6,626,14962,135
6,579,23139,7
6,589,6620,8
6,611,6462,60
6,583,6321,6
6,633,2258,25
6,666,17976,18
6,627,6507,134
6,665,7150,22
6,573,1703,34
6,644,21465,37
6,669,34758,54
6,651,34753,20
6,638,17976,153
6,4614,14533,3
6,2549,7091,10
6,2546,17976,45
6,640,7165,93
6,4004,1703,61
15,1740,19005,18
6,603,32053,4
6,595,14533,10
6,626,6266,19
6,651,7150,54
6,582,14533,2
6,4000,1703,61
6,4621,7165,4
6,579,33852,15
6,606,7150,52
6,2543,34752,18
6,668,2258,44
6,581,30445,134
6,598,17976,137
6,4274,7151,5
6,621,14964,308
6,608,2216,8
17,1913,19102,0
6,598,2097,35
6,2243,6321,44
6,601,15393,88
6,4004,34753,4
6,4878,6265,55
6,665,1591,37
13,4048,26462,19
6,2550,14823,78
8,5395,11420,0
6,645,34754,20
6,641,2258,14
6,641,6319,64
4,4723,36508,0
8,1248,23265,0
6,2245,33204,3
4,5020,4141,1
5,873,22229,3
2,5335,40480,0
6,569,7095,18
6,611,14823,48
3,2598,26044,0
8,1709,37697,0
8,4821,21490,0
6,592,6319,10
6,2942,19644,10
6,595,14925,25
6,637,34752,25
66,4985,36787,0
6,674,6265,0
6,665,6278,21
6,2543,6583,2
8,2425,40972,0
6,651,17976,328
6,5479,19569,52
6,652,23097,221
8,5399,11427,0
6,622,15021,57
6,5419,24819,69
6,5419,14823,113
8,1248,35334,0
6,627,6423,78
13,3597,9934,0
2,5446,31457,0
6,607,40782,26
6,628,6322,33
6,663,36437,107
6,5418,2018,22
9,2791,18001,0
1,4209,26060,0
13,4048,39737,7
3,2860,36096,0
4,3545,40659,0
4,4953,37275,0
4,4758,16587,0
6,663,19644,26
5,4363,22081,0
15,2607,41595,5
3,1490,17972,0
15,3871,25593,0
6,5419,38622,10
6,663,6265,190
6,5419,24820,101
1,5835,13060,0
6,5483,14959,43
2,5373,31449,0
6,648,19569,44
17,5857,36505,0
6,4003,1591,4
6,587,15021,92
9,858,40319,0
8,2425,10977,0
6,5481,6613,117
8,5157,40084,0
15,3180,14263,0
13,4048,9852,15
8,3997,24118,0
6,4274,6423,49
6,3719,45157,8
15,1739,43091,0
6,4849,40224,30
6,944,43977,19
6,635,6423,161
6,663,42769,54
8,4457,11021,0
5,3700,29708,0
6,598,14962,4
2,4025,39746,0
6,4272,34758,46
15,2621,20031,0
6,594,2053,47
17,6003,16549,6
6,616,43284,29
5,1306,28346,0
6,5481,23097,74
6,2550,1709,19
3,3995,39741,0
9,1157,8657,0
6,1477,15023,57
6,633,7165,26
6,948,2053,75
15,1280,39429,0
6,582,19644,24
6,2550,32052,56
1,5453,40662,0
6,5481,42770,4
6,650,36437,308
15,4763,25098,9
6,5206,38621,3
17,4552,19426,0
6,5481,43284,90
5,5084,41808,0
13,5164,10041,0
8,5397,44604,0
8,1699,38990,0
13,4584,42987,0
4,4059,41825,0
15,1274,15604,0
6,5419,40224,105
5,5084,42749,0
66,4989,37054,0
13,3597,9962,0
4,5222,36653,0
1,2011,12327,0
6,571,35921,39
6,5206,6423,20
13,3863,9959,0
4,4784,23393,0
6,4878,40777,8
6,4274,19569,21
6,645,15393,118
16,5552,23407,0
8,2780,16347,0
6,620,7144,10
6,634,1591,54
6,594,19644,18
3,5323,30189,0
2,1720,40508,0
6,4621,6331,0
6,614,6319,5
9,851,36762,0
6,4970,40223,3
6,633,19569,6
6,580,35921,32
6,634,1839,1
15,2607,41300,4
15,2607,14569,8
4,2889,40707,0
6,641,6512,97
13,826,16472,4
4,1113,30188,0
5,5084,40443,0
6,606,30446,61
6,633,6423,56
15,2614,15632,0
8,5394,42261,0
6,652,30443,48
1,5439,41961,0
13,3640,29651,0
3,1263,37276,0
6,599,6537,29
6,580,43287,23
66,1634,37577,0
2,992,34698,0
17,5131,30200,0
15,2609,39429,24
9,2787,41774,0
6,947,17976,29
15,1274,38085,0
8,5427,11427,0
9,1158,8627,0
6,2168,6393,8
13,4045,9920,23
6,627,6322,42
6,667,42771,39
5,4646,30187,0
5,5710,42748,0
15,4765,14213,0
6,5719,17976,20
6,644,43977,12
6,2242,45157,4
3,177,42219,0
5,5084,43607,0
6,576,1841,1
6,601,14959,51
6,644,6993,15
6,944,14822,24
6,581,6380,6
6,644,6614,17
6,2549,1839,23
6,2242,14506,204
6,2245,32629,29
6,2551,7165,59
6,640,30446,34
6,941,2013,10
6,631,7165,40
6,2168,20061,129
6,2242,24960,66
6,573,14990,6
6,948,34347,18
6,670,6389,15
6,1628,14506,61
6,1628,34753,30
6,2168,2236,21
6,654,14507,16
6,4003,14506,34
6,4540,21466,11
6,616,35373,12
6,633,33852,29
6,636,1713,8
6,640,19472,64
6,2168,2459,18
6,2190,21468,115
16,3313,32229,6
6,651,14967,77
6,646,14507,5
6,4540,32117,9
6,640,6512,151
6,640,32117,46
6,2541,14823,20
6,2245,1890,6
6,667,35636,16
6,616,21466,34
6,653,6620,10
6,606,2258,29
6,3719,7165,56
6,645,30443,44
6,640,14963,142
6,573,1645,6
6,634,32052,42
6,644,6613,56
6,1476,1707,35
6,1938,24819,61
6,567,34759,5
6,569,17976,157
6,576,35636,11
6,633,30446,150
6,654,6462,50
6,627,33204,22
6,630,22244,10
6,1628,33854,22
6,612,6512,14
6,596,32053,8
6,4004,2097,60
6,2168,1632,2
6,599,2216,86
6,633,2053,40
6,618,34753,16
6,586,14963,2
6,650,6265,158
6,599,30444,79
6,646,6265,48
6,608,1703,15
6,651,30446,133
6,634,14533,7
6,633,14823,25
6,638,6519,5
6,577,14961,46
6,2168,2450,68
6,626,2053,25
6,2541,1703,58
6,577,7150,6
6,4878,6459,10
6,665,39891,12
6,594,2018,124
6,5481,6324,47
6,573,2258,16
15,2635,17162,0
6,2543,6427,47
6,618,34752,7
6,5207,6265,53
6,948,40606,14
6,633,14959,114
6,673,2013,10
6,640,6281,20
6,942,14919,33
6,619,7165,29
4,5223,38999,0
6,1815,24820,25
13,4136,36094,0
6,598,32052,5
6,638,14821,19
6,627,6551,18
6,4878,40778,7
5,5084,26195,0
13,4134,29654,20
15,2959,15633,0
4,2043,4309,0
8,5492,24834,0
8,5494,27225,0
13,3557,10233,0
17,4919,32897,0
8,2007,22237,0
6,650,6433,26
6,4849,24820,20
4,3994,14532,0
6,568,6507,127
6,637,40607,3
6,2190,40607,14
8,5234,15569,0
9,859,8675,0
9,1157,40435,0
9,2026,33995,0
6,5481,4974,96
6,603,1703,39
6,628,24820,7
6,945,34758,12
6,626,7095,25
6,667,2053,60
1,4209,24841,0
13,4950,26462,6
5,1140,7373,0
6,645,15023,138
13,2296,9906,0
4,5223,4458,0
6,607,6309,10
8,2112,35334,0
16,5321,16383,0
15,3213,41050,0
6,4000,2450,1
6,649,43283,42
1,2011,24841,0
16,5037,41551,0
6,2168,42771,54
6,2168,1591,37
6,5481,33851,9
6,604,6459,19
6,1477,19569,14
2,5446,40501,0
15,4763,20749,14
6,573,2450,6
6,627,33851,16
6,616,14967,80
9,1152,41039,0
6,4849,6462,14
6,4849,6265,72
6,941,1703,7
6,4538,24819,44
2,4448,40827,0
4,4362,40440,0
13,2298,16055,0
8,3346,40974,0
6,648,17976,266
1,4209,36509,0
3,1034,5612,0
6,2243,6686,10
6,5481,42173,5
6,4971,6309,5
6,2190,44514,18
6,4849,42173,32
8,5606,45371,0
4,2638,41825,0
6,633,42768,18
5,5403,7390,0
1,6216,40504,50
6,665,43977,5
8,5495,11420,0
13,4134,29887,32
9,1152,42719,0
8,5422,24834,0
6,569,35920,14
6,4849,38621,41
6,1815,7095,14
15,5191,25097,0
9,851,33677,0
3,3341,17972,0
6,672,6537,0
6,651,1890,7
6,571,23139,35
6,5482,19644,39
13,3557,10529,0
2,2031,36099,0
6,609,43282,1
6,5479,2216,5
6,4000,7165,34
9,2790,32735,0
1,5883,38244,0
6,3719,6601,39
6,5206,38622,2
6,653,23097,87
43,3254,27931,0
15,3208,28458,6
16,5552,16383,0
6,569,41083,12
13,2859,9866,0
17,3334,37420,0
6,5480,14963,22
8,5493,40972,0
6,5483,24820,49
13,1080,9890,0
6,5481,7144,19
6,596,41083,12
6,618,12171,4
6,639,6551,19
6,637,38621,12
5,1140,28297,0
17,4696,16549,0
6,577,14925,31
15,4765,14569,20
5,4342,28284,0
4,4953,14532,0
5,5404,41140,0
6,649,23097,128
13,826,9890,0
6,5482,6423,37
6,2168,33851,106
6,5418,24819,46
6,669,1843,12
6,5482,6246,19
6,944,33853,48
66,1319,36791,0
17,2721,34431,0
6,610,14990,26
6,2190,2216,155
6,642,40607,7
66,4863,38927,0
3,2599,30189,0
8,2435,37493,0
2,1960,38530,0
15,2608,37982,0
6,668,43287,34
6,5481,38621,21
3,3295,40389,0
13,4045,25058,10
6,633,6686,13
6,614,4974,2
13,3597,39738,0
8,5494,37493,0
5,5710,35134,0
6,608,24819,24
6,593,4974,3
3,3925,26957,0
6,587,6324,29
3,1077,27715,0
66,2692,42145,0
6,616,6246,25
8,4388,40974,0
6,1892,7150,7
4,1503,40659,0
4,5020,42776,0
6,5481,6462,53
6,649,42173,4
8,5431,36503,0
6,942,40223,1
66,2692,43573,0
6,644,7165,66
2,1230,32999,0
5,4646,41808,0
6,663,45157,7
2,5511,31441,0
4,5487,30188,0
8,5953,43737,0
13,6109,43755,0
1,6216,33768,6
15,2111,15605,0
15,3208,15633,14
6,5419,43987,80
3,177,5899,0
6,946,7150,21
6,609,1839,3
6,627,23097,6
6,620,22245,21
6,624,22242,16
6,646,23097,97
6,944,14507,22
6,587,30445,105
6,1628,19472,52
6,2190,14507,79
6,644,6680,10
6,641,32053,2
6,569,23137,19
6,989,32052,40
6,609,32053,24
6,603,30442,35
6,2190,21465,149
6,673,34752,7
6,603,17112,28
6,601,34754,20
6,594,14507,12
6,637,24819,27
6,627,24960,12
6,606,7165,26
6,1478,19472,18
6,623,2018,42
6,623,14961,34
6,618,30442,146
6,651,6614,9
6,630,34754,16
6,601,15020,7
6,606,32052,6
16,3313,31300,2
6,586,6512,6
6,620,32629,20
6,646,6462,15
6,1939,14823,56
6,600,6614,9
6,4088,24820,24
6,664,34754,29
6,639,22245,37
6,654,17109,40
6,2547,33852,20
6,4273,32053,22
6,580,2013,8
6,4275,22242,24
6,596,35372,3
6,609,35330,10
6,4275,6693,19
6,4274,32052,43
6,614,35329,4
6,568,34753,22
6,665,35636,1
6,650,34757,25
6,2547,1707,23
6,639,2053,65
6,567,1703,30
6,581,6427,13
6,634,33852,17
6,595,19644,11
6,949,34754,9
6,599,21466,62
6,651,2235,6
6,2547,2511,34
6,674,2216,46
6,1814,14823,38
6,4004,2235,5
6,674,1636,20
6,609,15620,23
6,616,34753,27
6,597,23099,100
6,4275,6452,18
6,650,34758,79
6,1938,2018,75
6,2551,33204,31
6,570,1636,48
6,644,7150,43
6,598,6266,7
6,624,7091,11
6,652,14919,82
6,599,14533,14
6,611,6423,101
6,654,38621,7
6,650,6555,153
6,582,6319,21
6,619,1703,26
6,581,38622,5
6,583,6319,13
6,1938,7091,13
6,603,34753,45
15,5191,15632,0
66,1806,39962,0
6,654,15004,47
6,598,38623,5
4,3911,4141,0
6,2243,7165,19
6,617,20061,10
9,854,40436,0
6,582,1709,10
6,4614,6507,34
6,5480,30446,9
6,1815,2216,10
6,3184,38623,2
6,948,38623,8
6,670,14506,26
6,626,7091,10
6,2545,2097,32
9,851,33989,0
6,571,14990,40
6,569,15394,104
3,1332,32505,0
6,667,40606,12
6,610,6265,30
6,1078,7091,4
6,567,2053,36
6,618,6512,76
15,2622,36054,0
6,634,6507,10
6,2242,38621,5
2,5346,40269,0
5,5272,37416,0
6,2550,4974,30
6,2551,24839,0
6,668,15658,88
6,599,19569,53
17,2203,40353,0
6,2541,38621,24
6,4273,6319,50
4,5016,24208,0
16,5858,14398,0
9,852,20112,0
6,4540,30444,12
6,2547,1712,5
15,4765,32167,16
5,5084,30187,0
4,4953,4627,0
6,4970,6309,27
6,634,38621,16
6,3184,6322,15
13,826,40772,0
8,5493,11235,0
2,5340,40485,0
6,1814,36437,103
6,4540,23099,53
8,1698,16347,0
6,4000,1839,26
2,5392,31449,0
8,5493,24118,0
6,569,43285,10
6,579,1839,78
5,4646,8310,0
66,1188,37577,0
17,6003,15296,6
13,3965,18880,0
6,5716,14533,0
6,1066,38621,9
6,5719,44516,0
6,4088,6519,14
6,2541,7095,7
6,635,42172,27
6,627,6462,38
6,644,2018,33
15,4760,40817,0
8,6152,43738,0
6,570,7144,21
66,1223,42145,0
1,2012,41997,0
6,2168,7144,43
6,652,2216,23
6,5418,39891,176
6,1938,45221,0
8,2174,12000,0
6,4710,43987,0
6,2243,38623,5
9,1154,8629,0
15,2610,19728,0
15,3004,14568,3
8,5296,11068,14
6,569,38621,13
66,1806,39972,0
6,667,33204,23
5,873,32185,6
6,2242,6309,14
6,583,23135,28
6,2052,6512,9
3,3405,30088,0
15,2957,31616,0
6,620,2053,35
5,3428,22081,0
6,2942,32117,6
9,2792,41044,0
6,642,39891,7
13,5287,26983,10
6,5419,40611,76
13,2297,26982,0
6,594,4974,8
8,1177,24834,0
15,2611,41048,0
5,4223,36483,0
8,1698,15675,0
15,2608,41906,0
6,602,14964,119
66,2291,36800,0
6,637,40223,10
13,2369,41093,0
8,4699,10990,0
6,5482,24819,8
6,942,6999,16
3,3340,5647,0
13,5071,29654,6
6,565,34758,5
6,5549,6309,0
6,634,40611,4
6,668,2141,24
6,665,2216,13
6,577,14990,41
15,2607,37521,0
8,1142,11067,0
4,2678,32262,0
6,611,2450,3
6,944,33851,20
2,4208,42106,0
8,5892,11427,0
8,2425,16347,0
2,5375,40496,0
4,1503,3950,0
6,5418,40223,113
8,1789,25517,0
6,5550,41384,56
15,2611,25147,0
6,609,36437,13
66,1632,41811,0
17,5857,37836,0
6,5419,2053,142
9,1158,8646,0
1,3652,12355,0
13,4950,9964,3
6,598,7146,39
6,627,14534,8
6,1066,2125,5
6,640,7051,9
6,663,6555,104
1,5976,43638,0
15,5191,40880,0
8,2600,42157,0
3,3017,43621,0
6,2190,45221,33
6,4538,2013,8
6,946,6304,8
15,4766,19728,0
6,634,6402,11
6,604,14506,9
6,1477,6389,12
6,654,6246,8
6,2541,2093,37
6,570,1826,27
6,613,33852,42
6,597,6389,2
6,635,2053,135
6,635,19472,114
6,574,14964,33
6,654,24819,25
6,646,6613,65
6,647,33854,6
6,1892,19472,12
6,619,33851,19
6,2190,33855,6
6,4005,6324,4
6,2168,32054,14
6,613,24819,2
6,605,22245,4
6,607,14506,15
6,569,14506,44
16,3313,24849,6
6,1892,2013,3
6,613,22244,13
6,3719,34755,17
6,638,33851,5
6,599,34752,46
6,4270,21466,19
6,581,34757,19
6,631,17976,88
6,669,19472,35
6,637,35636,4
6,634,6985,20
6,1939,35636,43
6,639,19472,27
6,567,14823,18
6,2546,19472,18
6,637,30446,49
6,1477,6452,6
6,1814,32117,36
6,627,35636,14
6,573,32052,7
6,593,6985,5
6,4275,35328,14
6,653,2216,22
6,602,6389,1
6,653,2511,87
6,4001,2013,38
6,630,1703,21
6,629,6462,9
6,599,1916,24
6,638,23097,69
6,2547,1843,31
6,596,7165,41
6,648,19472,51
6,4004,14506,7
6,627,19644,20
6,620,19472,24
6,631,2258,9
6,639,6687,20
6,4000,2053,27
6,632,34754,12
6,4004,7091,6
6,570,17976,366
6,634,35375,13
6,2551,1636,41
6,581,15658,35
6,635,1890,85
6,632,6999,24
6,619,2449,4
6,2551,2450,9
6,5206,2097,50
6,598,6620,8
6,615,2053,7
5,4836,27709,0
6,5482,15023,221
6,944,6687,5
6,944,14823,33
6,617,6427,5
6,654,6433,17
6,5207,6459,43
6,653,2097,1
9,1155,40317,0
6,4878,19644,4
6,5483,6537,35
16,3933,41193,0
2,5340,40475,0
6,577,15007,36
5,3700,8310,0
4,4784,40441,0
15,4765,25147,16
6,598,36437,59
8,5234,19956,0
6,2052,6324,10
6,2243,6601,43
8,2007,37270,0
6,5482,23138,30
1,5526,39825,0
4,383,36092,0
4,3935,30188,0
4,2631,40441,0
6,4971,1833,8
6,637,39891,4
2,5371,40499,0
4,4723,15629,0
6,626,40777,29
5,2212,20514,0
8,4180,16347,0
6,944,1703,41
6,627,6613,52
6,614,7165,24
8,1705,11068,0
8,5493,19956,0
17,1499,18192,0
3,3405,34992,0
6,635,6687,51
6,2549,2053,31
6,948,6331,29
6,5716,6265,0
6,674,2018,65
15,2609,38085,30
5,5203,40443,0
6,637,6452,2
6,4000,2013,62
3,3708,40645,0
17,5334,24028,0
8,2425,36503,0
1,4519,37832,0
8,5576,11427,0
6,2190,1707,152
13,5069,38140,2
17,5857,40058,0
6,599,43288,35
13,5244,10373,0
6,5549,41580,48
4,2989,42776,0
8,4821,36503,0
6,595,6265,39
6,5418,43977,34
6,3719,2053,31
6,2550,14822,71
6,2550,2018,86
6,2550,19644,50
5,5084,30181,0
5,4646,40895,0
6,639,40223,18
9,2793,8626,0
6,597,17110,38
6,582,15395,155
6,669,39891,31
6,4878,44514,5
6,665,43987,52
13,1083,26462,0
6,587,4974,30
9,1155,8680,0
6,569,14821,21
6,460,36437,37
13,2859,27006,0
6,1447,36437,10
8,4490,15675,0
15,3208,41048,6
6,663,6303,11
5,5405,24871,0
6,989,1636,49
13,4048,38141,10
6,581,39891,7
4,2822,40438,0
6,581,34758,18
6,4971,39891,14
8,5353,20863,0
66,2288,39983,0
6,653,6613,46
6,5419,6459,142
6,640,24820,51
8,1250,12000,0
6,2244,24840,0
9,859,37098,0
17,3146,41068,0
2,5335,40493,0
6,603,7095,3
6,620,33853,33
6,670,40224,0
6,948,36563,27
6,614,2053,10
6,2168,6537,18
6,5482,7150,78
6,4614,6999,12
6,642,6537,10
13,3965,26463,0
8,3175,35334,0
8,4359,10990,0
6,605,7165,3
6,599,7000,7
15,2607,41046,5
6,4710,32054,17
6,5482,4974,51
6,610,24819,5
6,668,4974,21
6,5481,2125,24
15,2613,36115,0
13,5244,32275,0
6,2545,42786,15
6,4970,34758,22
1,4009,12792,0
6,944,2449,6
5,5055,43607,0
15,3871,38928,0
6,2245,42769,0
13,5164,9905,0
6,665,1843,13
66,2288,37025,0
6,5419,42768,16
16,5274,30185,0
15,2608,39429,9
1,3652,42725,0
6,648,42769,3
8,4727,36503,0
8,5489,40110,0
6,1066,6423,11
6,2545,1890,29
15,2609,41658,0
9,2788,33994,0
6,2244,45221,0
15,3872,42960,0
6,580,14961,18
6,619,32054,11
6,636,14823,7
6,653,33853,9
6,603,20059,7
6,944,6442,7
6,1628,6389,10
6,945,1591,13
6,571,6442,4
6,645,6389,10
6,2549,34347,8
6,653,32052,5
6,594,1826,15
6,629,6324,25
6,649,6389,15
6,633,32116,11
6,603,14970,45
6,627,35330,3
6,613,23137,24
6,616,21468,7
6,620,6614,16
6,2244,22244,8
6,1477,21465,1
6,1478,14822,15
6,2543,24819,6
6,669,21466,15
6,666,34755,26
6,2549,25602,12
6,630,32117,10
6,3184,35636,4
6,2942,6338,5
6,638,25602,2
6,4001,7165,53
6,620,17976,266
6,613,22242,23
6,593,32052,8
6,581,35636,5
6,599,6319,54
6,624,32117,9
6,654,1707,7
6,611,2511,170
6,4710,24819,1
6,949,6507,108
6,2168,7151,5
6,945,32117,10
6,633,6512,63
6,665,6265,86
2,2102,4967,1
6,638,2511,17
6,1066,1636,3
6,1939,1843,22
6,565,14533,9
6,626,2097,84
6,624,33853,16
6,567,2018,37
6,593,1703,65
6,989,2097,36
66,2354,25115,0
6,667,19644,11
6,604,6265,9
5,4217,27709,0
6,635,2216,36
13,4583,10233,0
6,668,1636,66
6,5482,14823,12
66,4856,37366,0
6,672,1843,1
6,581,1707,10
1,5562,13060,0
6,2190,40611,58
9,2900,8680,0
6,599,1591,3
6,4620,1843,20
6,2052,15658,12
8,2007,37047,0
6,4538,6246,4
6,597,38622,1
6,641,4974,19
5,1317,8310,0
6,644,38621,25
43,5246,27121,1
6,4273,33853,21
15,4763,25147,72
6,644,2511,85
17,4390,15296,0
6,653,1632,5
6,622,2097,23
3,3407,36096,0
3,3012,37837,0
4,825,4309,0
6,944,24054,11
6,606,6319,32
6,631,6462,27
13,5700,38140,0
16,3561,24212,0
6,582,2216,57
6,619,6537,9
4,3695,31649,0
66,4987,36791,0
6,577,6423,13
15,5191,14213,0
2,1960,41190,0
6,639,42769,10
6,617,40781,9
3,658,29748,0
6,4003,38621,19
6,674,6313,0
6,2545,6319,5
13,5164,42735,0
6,944,6686,7
6,640,43283,26
3,3340,5707,0
13,4048,16472,30
2,1134,4967,0
6,1478,6687,7
15,4762,41045,0
8,5424,10977,0
6,636,42172,3
6,595,42769,1
6,580,7165,5
6,653,6322,22
2,6082,44067,10
2,6082,34423,3
8,5424,11427,0
15,2635,33103,0
4,2649,35327,0
15,3004,39835,1
6,640,33854,12
6,944,42769,7
6,2541,45148,5
6,630,43281,4
15,1046,28464,0
6,674,6462,21
1,5976,43639,0
4,5767,4522,10
6,633,6379,7
6,2243,2449,12
15,5191,42850,0
6,946,6324,5
15,2959,15605,0
6,653,6324,16
3,3011,44566,0
8,4182,15675,0
13,4950,16472,3
15,4759,19728,0
6,565,6322,10
6,626,14822,19
6,634,15394,18
15,1271,22279,0
6,4878,40607,1
6,641,7144,68
13,2534,10144,0
6,633,6537,9
3,3012,17972,0
6,623,17976,34
17,3888,18191,0
8,4558,21490,0
8,2332,37285,0
4,4802,37833,0
9,1157,41775,0
9,3043,21412,0
3,3426,26044,6
3,3340,37276,0
1,3656,39893,0
6,5418,42771,22
6,1628,23099,72
66,1634,41810,0
9,2790,19806,0
5,5726,8310,0
6,946,6423,20
6,4273,24820,41
4,1895,40707,0
8,4534,11067,0
13,4048,10202,6
6,571,1591,12
15,4760,44120,0
15,3212,29566,0
6,641,44244,5
8,6152,43735,0
8,1705,24834,0
8,1789,23265,0
6,5418,42769,5
1,1830,17889,0
6,666,42769,6
4,3009,41276,0
6,582,1636,44
15,3208,44578,18
5,4646,28313,0
6,948,42173,10
13,5700,9905,0
15,2611,14213,0
6,576,6265,4
6,640,45157,17
6,576,15395,20
6,651,6613,38
6,652,6389,16
6,571,14964,73
6,595,33855,4
6,603,24960,8
6,624,6442,5
6,634,22245,7
6,595,14507,3
6,648,6614,41
6,665,6614,41
6,595,30447,65
6,618,1839,2
6,635,19644,46
6,623,32117,51
6,638,34347,9
6,647,33852,30
6,2168,34757,39
6,2243,33851,7
6,632,33852,33
6,603,14924,17
6,652,14506,22
6,2547,21468,7
6,609,1636,49
6,948,6680,14
6,626,30442,108
6,633,34752,17
6,945,19644,5
6,614,22242,15
6,4540,14506,8
6,4539,35372,7
6,576,21465,13
6,608,33852,22
6,640,34753,13
6,568,14924,2
6,4274,25602,36
6,599,22244,7
6,1476,32117,6
6,616,15004,22
6,666,35636,25
6,586,7165,7
6,669,17976,190
6,667,33851,14
6,2242,33854,30
6,4614,2018,13
6,4621,19472,2
6,577,1636,4
6,615,7091,6
6,573,2097,37
6,4849,7120,3
6,4540,30447,32
6,587,7151,24
6,2551,15620,3
6,593,23133,6
6,608,34753,35
6,591,24819,15
13,4046,27005,7
6,573,32117,21
6,652,38622,6
6,4849,34758,31
6,4970,15658,97
6,608,38622,9
6,4878,32054,16
6,4878,35920,37
9,2787,31553,0
15,2609,25094,0
6,646,6459,49
6,5481,1591,0
8,5493,11068,0
9,1155,33989,0
6,642,38621,45
6,642,24820,8
5,2212,28297,0
6,581,24819,47
6,589,14533,4
2,5340,40476,0
6,1477,33852,4
66,1807,39969,0
6,642,35375,6
6,671,33853,10
9,2794,41779,0
6,4971,1708,7
13,4583,9964,0
13,2296,29651,0
16,5154,37419,0
3,3516,5898,0
6,667,40604,7
6,644,2450,10
4,2241,19322,0
6,674,14533,8
66,5821,37370,0
6,594,38623,33
8,5235,37270,0
15,2613,40145,0
6,616,42787,6
66,1621,41810,0
16,5274,41330,0
6,599,1712,55
9,2026,18001,0
6,570,42769,13
15,2607,41593,7
15,2609,15608,2
6,668,19569,25
2,5392,37312,0
2,1960,41573,0
6,5483,40779,24
6,2545,6537,9
5,4646,42672,0
5,4646,7365,0
6,650,6281,20
13,5519,26983,0
8,2586,11018,0
6,653,42172,6
2,4208,27734,0
5,5203,41809,0
9,855,8937,0
4,1707,19322,0
8,2600,37270,0
9,2788,42796,0
6,647,45221,7
6,2168,14533,43
1,6216,20848,16
6,2242,44514,3
3,2429,5898,0
6,2541,6537,31
3,1396,40382,0
6,607,6321,14
6,4710,40223,0
13,4132,9920,0
6,650,38621,59
6,5482,14991,48
6,2242,40224,23
6,634,6322,4
6,4710,44514,11
6,946,36563,5
5,5203,32349,0
8,1912,27209,0
6,1477,6278,7
6,942,6281,6
6,1938,19472,62
6,671,6686,4
16,4945,24653,0
6,4614,15394,39
3,3925,22934,0
3,2598,43630,0
6,4970,39891,14
13,5287,16471,6
6,579,32054,22
6,2168,40608,8
6,663,40606,11
13,2297,9905,0
6,4538,1843,56
6,1628,32054,16
6,2545,40223,13
6,3184,39891,0
6,619,15658,29
6,571,41396,6
6,577,40604,9
9,852,40318,0
13,4583,36683,0
3,3337,37837,0
3,1034,30943,0
5,5061,24739,0
6,616,15619,2
4,5529,40441,0
6,4540,24820,1
4,4991,40877,0
3,3011,30189,0
6,598,41084,2
15,5894,14213,0
5,5711,40896,0
6,642,6772,12
6,5479,6324,8
6,1476,19569,0
9,2900,34083,0
6,610,6322,9
9,2791,19806,0
6,617,43287,9
6,675,6324,11
6,604,6246,8
6,4273,6324,23
6,602,6281,1
4,3914,36654,0
6,589,14961,4
6,674,42769,8
17,2724,14803,0
13,4245,36683,0
1,5800,39823,0
8,1912,37493,0
15,3005,28455,0
13,4950,41554,4
15,4912,17463,0
6,610,6462,26
6,2190,44244,19
15,1277,19017,0
15,1609,44579,0
6,1476,1591,1
6,4270,40224,5
4,6177,4315,0
3,3031,39084,0
9,1160,33998,0
13,2292,32177,0
6,609,6324,13
6,609,32052,4
6,460,6324,45
6,580,33854,9
6,609,22245,22
6,624,6993,1
6,668,32116,23
6,570,22242,12
6,615,32053,6
6,582,32629,4
6,648,6389,9
6,587,14989,91
6,632,33855,3
6,617,23135,21
6,630,33854,44
6,610,14961,36
6,1815,14506,95
6,582,14507,37
6,630,21466,6
6,616,32054,7
6,608,33854,27
6,574,7165,12
6,665,24960,34
6,941,34754,20
6,631,32117,3
6,2550,14507,51
6,4272,22242,38
6,651,22245,25
6,593,2053,15
6,4000,19472,36
6,4540,6389,23
6,2545,1645,12
6,669,6389,14
6,941,34753,6
6,4274,24960,15
6,3184,24819,9
6,1939,34754,52
6,1478,6507,23
6,597,6452,9
6,651,6462,59
6,651,34755,14
6,615,6519,10
6,567,7165,20
6,641,15619,25
6,609,2235,72
6,642,7165,30
6,1938,7146,11
6,627,6555,38
6,2243,1636,8
6,5207,1843,31
6,570,2511,13
6,1628,38622,26
6,5206,1890,4
6,629,19644,43
5,873,27767,1
2,2575,386,0
6,621,1634,1
66,4852,37370,0
8,5489,11427,0
9,854,31553,0
6,608,35375,10
6,2545,19569,9
66,5019,37025,0
1,5339,15430,0
6,4003,6537,8
6,4275,33854,23
6,583,14821,0
6,612,6423,1
13,4120,29651,0
6,646,6507,73
8,1705,39832,0
13,3862,9852,0
6,667,34758,19
2,1341,27735,0
8,4376,37493,0
6,4878,6246,32
6,637,40779,3
9,2794,40435,0
2,5371,37312,0
2,5392,39338,0
6,4270,6537,11
6,606,7144,5
4,3330,36508,0
66,4852,39551,0
13,1080,29650,0
8,1247,40974,0
6,638,1707,29
13,1083,9852,0
15,2607,15199,0
13,4046,9890,5
6,642,38162,8
9,2026,8617,0
6,5549,6999,8
4,4829,22928,0
15,2609,37982,10
6,5717,43564,6
9,852,41044,0
4,3911,28212,0
4,3911,40441,0
66,1621,36797,0
6,5550,32054,0
6,671,7144,4
13,2533,22480,0
8,5495,37285,0
3,4964,40381,0
13,5071,42003,6
6,1892,19569,3
6,587,6423,12
6,1815,44516,1
6,948,6687,36
5,5913,27712,0
6,4878,6999,35
6,1814,1703,93
6,2168,6322,61
17,4377,43722,0
66,1633,41811,0
66,1634,41908,0
5,3349,7656,0
5,1317,28975,0
6,581,38621,14
15,3208,39428,8
15,3208,31834,18
2,6082,43675,20
13,4046,16472,9
6,5550,6507,0
6,649,6613,61
6,640,41085,23
5,4646,42750,0
6,614,7144,9
13,3638,29651,0
8,3346,40972,0
4,5487,40659,0
6,4272,6459,29
6,4000,42786,17
6,614,6573,7
13,5164,42003,0
9,950,36112,0
15,1741,25136,0
6,2549,33204,16
13,5069,9890,0
3,2598,19635,0
6,4275,35372,11
66,1635,44151,0
6,5482,42769,11
9,4612,35497,0
6,4275,34758,36
2,5346,40363,0
8,5491,15675,0
16,4945,37751,0
13,4134,37829,12
13,4950,26988,7
15,1268,14213,0
5,5083,28284,0
8,6147,10975,0
3,3405,41845,0
4,249,3965,0
6,577,35921,48
6,618,40778,24
5,5055,37416,0
6,627,41393,7
13,3546,10392,0
6,608,6309,9
2,5413,23669,0
8,4183,40909,0
5,4778,27709,0
4,3913,19322,0
2,5371,31455,0
6,670,40223,0
6,4274,6324,59
13,4135,10041,3
6,1476,34758,6
6,2942,6313,0
6,603,14822,9
4,3914,24881,0
6,4538,42771,5
8,3642,11236,0
6,649,40779,11
8,4966,36301,0
6,611,1636,2
1,4209,24843,0
6,637,6999,5
4,5223,19322,0
5,5913,37417,0
6,1066,2450,12
16,4090,36415,0
8,5496,40974,0
17,3225,18191,0
6,615,24820,8
13,3496,29654,0
6,649,42770,18
6,633,43980,29
6,5482,12171,1
6,4538,42768,2
1,5339,13060,0
5,4646,41807,0
6,609,1591,4
6,594,42770,17
66,1636,37369,0
4,3935,4458,0
6,588,1826,6
6,593,6613,6
6,631,6389,5
6,581,6379,10
6,583,6680,3
6,612,14507,9
6,3719,15168,6
6,611,6680,11
6,635,33204,8
6,618,6680,7
6,667,34753,18
6,641,34752,20
6,633,33854,13
6,576,6365,12
6,2168,22245,18
6,626,32629,2
6,634,14507,6
6,591,24820,2
6,573,23135,4
6,668,32052,15
6,2551,32052,21
6,942,6693,5
6,667,32117,101
6,4274,21465,35
6,2547,22242,14
6,631,35372,3
6,4088,1707,13
6,3719,32117,23
6,989,19472,48
6,615,33204,2
6,674,33851,19
6,2190,33854,22
6,4004,32117,2
6,647,6265,8
6,942,6278,3
6,638,6613,19
6,880,36437,15
6,603,33853,3
6,2243,15658,89
15,1740,38084,4
6,569,1839,7
13,4046,9964,2
6,594,7091,27
6,628,24819,26
8,3298,11235,0
6,570,1591,15
6,668,6537,26
6,2243,14823,27
8,3055,11420,0
6,672,6687,1
8,1699,36498,0
6,642,6265,62
6,5482,7151,12
6,582,15620,1
2,4159,23513,0
8,2113,22237,0
6,648,15620,21
5,4601,40445,0
5,4223,36484,0
13,4299,17735,0
66,1174,39977,0
6,2551,41083,0
15,2609,32851,0
6,639,38623,4
6,1628,1708,6
13,2859,10529,0
4,4953,19323,0
8,5026,11236,0
6,663,42173,64
13,5287,36501,5
13,5287,16142,12
4,2631,40438,0
6,638,1591,4
15,4766,15633,0
66,1224,36800,0
6,4001,33853,1
6,640,6999,93
66,2290,38687,0
6,944,38623,18
4,3330,40707,0
5,1237,8042,0
6,618,38623,7
5,5403,40895,0
6,949,2216,25
9,859,33995,0
6,948,6322,41
3,2194,17972,0
6,5717,6452,0
5,5332,28313,0
6,5418,32054,28
6,570,34754,7
15,1276,38615,0
6,4274,33853,41
13,4697,9852,0
6,948,40611,10
6,641,6573,27
6,5719,1890,0
6,644,4974,10
8,4821,10992,0
6,5207,35375,12
8,6151,43995,0
6,3719,43988,8
3,3743,22934,0
9,857,40318,0
6,4540,43287,25
4,4914,41276,0
6,627,42769,23
9,2791,8629,0
1,5283,38049,0
15,1038,35130,0
6,2549,32052,11
6,4275,24820,49
6,629,6555,17
6,582,35375,4
4,2996,16587,0
13,4245,16055,0
5,3700,33747,0
6,5483,14821,29
6,639,36563,28
6,944,10836,4
8,5495,24878,0
2,6082,40350,3
6,663,36563,31
6,944,40604,16
6,2551,33853,12
4,5223,37275,0
13,2532,29651,0
8,5232,40509,0
6,4088,6309,8
6,595,32054,6
2,5335,31456,0
15,4759,18471,0
6,880,6246,15
15,4765,40145,8
6,3184,40223,12
2,5335,31449,0
13,4950,26463,10
4,4953,3966,0
4,3914,36092,0
6,5479,6322,54
1,5439,41960,0
13,3597,39737,0
5,5913,42672,0
6,946,2053,12
4,4832,36653,0
6,626,6304,8
6,644,42769,11
3,5731,30088,0
6,576,36437,9
15,2607,40000,0
15,2609,40880,7
6,648,6452,7
1,4797,30485,0
5,2213,37416,0
8,2779,36303,0
6,2545,2235,19
15,3208,29918,4
6,946,14823,20
8,5495,37493,0
5,5241,30187,0
8,5423,11189,0
6,587,6555,29
3,3341,5152,0
6,604,45221,9
6,5481,43980,14
15,3208,37982,5
3,3743,27716,0
6,628,6389,12
6,2190,32053,92
6,635,33853,66
6,638,7165,31
6,1892,6389,4
6,653,6680,10
6,653,34347,4
6,620,34347,25
6,606,19472,11
6,624,14822,10
6,641,6389,11
6,652,14507,16
6,2244,22242,42
6,646,32629,11
6,647,24819,18
6,1938,19644,5
6,593,35374,3
6,2242,34753,32
6,621,1636,6
6,626,21465,10
6,669,22244,5
6,588,14507,14
6,641,19472,21
6,670,21466,9
6,989,2018,51
6,645,22242,7
6,614,33854,2
6,4540,22244,12
6,593,32117,5
6,602,6452,1
6,637,1643,46
6,642,14506,32
6,2244,24819,21
6,582,62,5
6,644,15619,21
6,634,6537,24
6,1938,36437,48
13,5287,26982,6
13,5287,9906,6
4,2631,36356,0
13,3496,9890,0
6,2543,1703,18
6,624,40604,8
6,1628,7091,51
8,4178,39832,0
6,4620,40224,25
2,5346,24779,0
6,568,7091,9
6,633,40779,21
3,3017,30189,0
4,2043,19323,0
5,5082,34510,0
6,5479,6265,28
6,607,6519,11
1,2011,13743,0
6,5206,19644,16
6,5483,14823,44
13,4584,29663,0
8,1789,37493,0
9,1161,23274,0
6,663,15617,6
6,669,6280,9
15,2607,20749,3
4,3919,22080,0
6,5419,1843,38
66,4852,40706,0
6,639,42172,24
6,5419,42787,17
8,5504,35393,0
66,4983,38683,0
3,3708,18370,0
1,5440,42000,0
9,3040,40318,0
13,4045,17735,13
13,4048,29654,10
3,658,17972,0
2,3431,3079,0
4,3513,42772,0
1,5800,41613,0
15,4762,25136,16
1,6001,38747,0
15,1274,28464,0
13,3496,37839,0
6,648,42787,5
2,6089,4967,0
13,6017,22480,0
13,5164,36094,0
6,5482,6321,23
6,4878,40224,18
5,1945,24870,0
1,6216,43638,6
8,5492,36499,0
6,2052,7144,12
13,4134,41554,7
4,3937,19323,0
8,5422,43727,0
9,1154,8680,0
13,2537,9905,0
8,5231,24877,0
13,2298,10732,0
3,2599,40382,0
8,4712,11182,0
6,597,14533,1
6,5550,38621,1
13,4022,10707,0
66,2693,36821,0
8,4359,37270,0
1,2010,20518,0
3,3341,18368,0
3,1463,27716,0
6,614,7000,12
5,5913,27767,0
6,579,14961,14
2,2963,40508,0
15,1276,29566,0
13,5840,9905,0
4,5365,23316,0
4,2445,16587,0
2,5371,39338,0
15,4763,18471,11
4,4362,15629,0
6,880,1636,8
6,642,6323,7
1,2012,25610,0
1,655,38750,0
1,3652,13265,0
2,6082,42762,6
6,1814,41083,1
17,5416,38993,0
15,4764,40000,6
15,5191,31616,0
66,2695,37025,0
8,5497,42261,0
6,4621,1645,0
1,3044,25609,0
6,586,33854,7
6,626,6359,7
6,619,32053,15
6,623,1839,26
6,2549,1636,50
6,647,24820,16
6,638,32052,10
6,571,14507,8
6,594,1848,6
6,582,33852,2
6,653,33852,23
6,667,14507,1
6,1628,15395,101
6,588,34758,24
6,1477,22244,9
6,949,35329,4
6,941,21468,10
6,570,21465,32
6,595,33852,6
6,949,1832,4
6,611,6985,6
6,989,1645,15
6,636,32053,13
6,667,6462,72
6,4540,15658,14
6,581,6265,17
6,567,32117,7
6,648,6319,110
6,653,7144,7
6,638,6319,32
6,4270,6452,6
6,630,6321,5
3,2429,24879,0
6,621,1632,1
6,5482,6555,21
6,629,23097,66
6,2543,40224,5
6,577,14823,18
6,577,2053,9
6,1477,6459,21
6,2245,15620,10
6,635,4974,14
6,5479,40777,2
6,654,7150,23
17,5300,19426,0
6,598,41085,1
9,1153,34594,0
6,649,38621,14
6,5206,2511,5
4,3513,40440,0
6,4710,24840,0
66,4989,38684,0
6,4000,14823,15
6,646,1712,2
1,2010,19501,0
6,616,40611,16
6,620,19569,15
6,565,39891,8
6,571,40604,4
6,4538,33204,0
8,4699,11021,0
6,4270,24820,26
8,1247,11523,0
6,1066,1890,6
3,4946,37837,0
4,1565,37833,0
66,1659,36942,0
13,3496,39738,0
6,4540,40610,1
6,1938,38621,12
8,1495,15675,0
66,2288,36797,0
17,4323,14803,0
8,2425,38390,0
6,5719,1645,0
66,5821,41812,0
6,593,14822,12
6,631,6324,19
5,4231,41398,0
66,1634,40826,0
3,3017,37837,0
13,5244,29650,0
4,2649,4627,0
3,1179,18369,0
8,4398,11021,0
6,589,6507,9
6,1478,6322,13
6,581,6323,8
6,588,33204,12
6,4621,12171,0
6,5418,6687,18
3,143,37837,0
6,675,4974,17
6,1477,14959,12
6,1066,6319,15
2,5138,41571,0
6,570,6507,30
15,2613,25094,2
6,645,6379,20
66,1319,31290,0
6,587,6462,15
66,2288,39982,0
3,3017,36497,0
15,3209,14262,0
66,2695,36806,0
6,568,19644,23
8,3055,37697,0
6,603,6512,30
13,3753,43454,0
8,5492,36301,0
8,5233,33627,0
8,5929,42261,0
8,5494,15675,0
2,4493,4967,1
66,4980,42809,0
15,3212,44584,0
2,5043,40712,0
1,144,34697,0
3,2767,18370,0
1,3655,13116,0
9,1160,8675,0
16,3275,32144,0
6,641,40223,20
6,582,42172,24
6,649,6309,1
6,587,14821,9
6,4270,6321,28
6,1477,6687,3
13,3863,10725,0
15,4760,41053,0
15,2621,20749,6
15,2621,39834,1
15,1277,22531,0
15,2613,14569,0
6,595,33851,4
6,633,6309,25
66,5822,42144,0
6,4621,24820,3
9,1069,41775,0
3,3340,5199,0
8,5576,11145,0
15,5191,44579,0
4,6116,43940,0
13,5464,22480,0
15,2607,41906,6
1,3654,13134,0
3,4260,40385,0
13,4583,10725,0
6,639,44516,4
8,2435,11018,0
13,4950,10732,2
5,4949,42749,0
13,3546,27005,0
13,5244,32174,0
6,599,14534,5
6,5482,1645,1
1,5784,41567,0
8,5558,37285,0
2,5611,40527,0
1,6216,14167,6
2,6082,42958,3
9,1158,19805,0
6,665,6361,2
6,567,6365,6
6,944,7165,36
6,570,22245,4
6,632,6389,9
6,944,32117,16
6,587,32054,11
6,622,6365,9
6,645,22244,7
6,635,34347,25
6,2549,1890,61
6,599,17110,65
6,613,35920,7
6,4272,33854,24
6,2547,21465,9
6,2551,32053,27
6,593,14507,5
6,675,14821,9
6,582,6863,8
6,651,23134,22
6,594,6423,20
6,670,22244,3
6,569,14962,15
6,1477,14506,2
6,651,2511,3
6,609,25602,6
6,2541,24819,29
2,3948,36099,0
13,2537,9866,0
1,3285,41567,0
5,1943,27710,0
4,1113,40441,0
1,1119,15209,0
3,6011,17972,0
2,1753,44551,0
8,1699,45055,0
6,587,6325,8
6,647,6680,4
6,3184,14822,7
6,618,32054,6
6,576,32053,7
6,653,35373,6
6,673,34755,5
15,3453,15599,6
6,651,6262,2
6,626,22242,8
16,3807,16670,2
16,3807,19710,6
6,601,1709,2
4,1302,23393,0
5,4659,29708,0
6,942,36563,8
3,1179,35396,0
1,1091,38746,0
13,2539,37317,0
2,5336,4967,0
8,5423,11523,0
8,3641,40390,0
5,2514,7365,0
6,653,42786,1
4,4746,40438,0
13,3558,32177,0
5,5695,41140,0
15,4763,40000,6
15,2608,41045,0
22,1797,38571,0
4,4262,37036,0
66,3532,40823,0
6,1478,6518,1
13,5436,9905,0
3,6167,41664,0
66,1619,38139,0
15,5540,23791,0
6,3719,36563,4
66,4860,45420,0
66,5819,42144,0
16,3806,23407,0
8,4556,36503,0
9,857,40436,0
8,3346,24214,0
4,5347,38999,0
3,658,40386,0
6,648,6331,14
6,667,41084,2
13,3965,10707,0
15,2958,41593,0
1,4875,30484,0
13,5464,41421,0
4,2932,41427,0
2,4958,27734,0
2,5374,31443,0
4,2932,41823,0
15,3181,22364,0
4,4758,4627,0
8,5507,11523,0
8,1177,37270,0
6,4621,41085,0
17,4827,37836,0
1,2012,18105,0
9,1161,8639,0
66,2433,36943,0
6,641,6304,1
6,668,7146,2
4,2276,41276,0
4,3779,29710,0
17,5538,14417,0
6,606,6265,18
66,5834,43030,0
1,2012,41817,0
2,4588,43384,0
1,6214,38049,8
4,5057,41824,0
16,3910,39281,0
66,2321,42145,0
8,1958,44116,0
3,3426,32506,0
8,1260,38390,0
6,565,44516,3
5,5240,7656,0
6,638,21466,1
6,666,21468,8
6,2549,21468,1
6,623,22244,2
1,2010,12792,1
8,4662,37285,0
1,1830,33527,0
8,4567,23265,0
6,583,6537,1
4,5767,41427,10
13,2299,9964,0
66,2288,43573,0
13,3640,39738,2
3,4260,43627,0
6,600,34755,6
6,618,6278,4
1,179,36628,0
6,653,14333,3
9,2791,8626,0
5,2969,8294,0
66,4846,36943,0
9,918,19465,0
66,4859,38684,0
6,669,40604,7
4,4288,36508,0
6,949,6326,7
6,5480,32052,13
6,631,6281,7
2,1103,41190,0
3,4964,26044,0
2,1341,41190,0
4,2649,42919,0
6,615,6322,1
15,2612,30891,0
2,4882,24779,0
9,858,41782,0
8,5431,11018,0
9,857,8665,0
4,5487,34035,0
4,5217,38139,0
13,2537,9934,0
13,3429,10144,0
6,646,6452,2
4,1113,4627,0
2,3266,43382,0
4,2822,37833,0
13,5464,41093,0
13,5069,29657,0
2,5335,37312,0
5,5240,34408,0
8,4662,10977,0
9,4612,42796,0
2,5808,19098,0
8,5928,11427,0
5,4137,7365,0
8,4395,42815,0
9,1161,8617,0
15,3004,43880,0
8,2854,40974,0
5,3922,41809,0
9,2026,41300,0
1,5559,23260,0
1,4205,33768,0
3,3516,5152,0
17,4248,37053,0
9,3041,33621,0
6,5481,5017,4
1,2437,37993,0
6,2550,14534,1
8,5491,39832,0
8,1699,10953,0
4,5528,40707,0
6,627,15168,3
6,588,6338,1
6,594,1914,3
6,665,32116,12
6,670,34757,2
6,2551,1841,1
6,568,21468,1
6,4849,32117,6
6,610,34753,3
13,1085,26462,0
15,1271,32166,0
8,5551,16347,0
66,4855,36795,0
6,2244,38623,6
8,2783,11224,0
16,4898,37834,0
6,675,15658,3
2,5224,40827,0
6,1478,35375,3
8,5497,25517,0
13,3864,26983,0
66,2356,36802,0
13,3429,9890,0
4,5352,40438,0
8,3789,10977,0
9,2026,8619,0
8,1821,37270,0
1,5437,38746,0
3,4260,35396,0
5,5273,43607,0
8,2778,12000,0
6,5418,15658,17
6,1815,1645,6
4,5352,27719,0
8,4399,33863,0
1,4421,25452,0
13,1085,29654,0
13,5464,26982,0
66,1173,38068,0
1,564,21463,0
6,4001,45172,4
8,5496,24834,0
8,5551,24834,0
8,5495,42741,0
8,4974,19956,0
13,4015,41616,0
6,624,6537,8
5,2669,27709,0
15,3179,25093,0
5,5936,41808,0
15,2614,41300,0
6,5481,6280,7
2,5375,40475,0
8,3518,43730,0
13,4584,36959,0
4,5219,40877,0
5,1345,28086,0
17,1333,31655,0
5,5241,37416,0
66,2691,37577,0
4,4057,3965,0
4,3307,40438,0
5,5509,28313,0
8,5027,11236,0
6,588,6985,3
6,5419,45167,6
6,1938,2125,0
6,583,38621,1
5,1791,41807,7
4,4957,24208,0
9,2186,23724,0
15,2613,15608,0
13,6108,10072,0
13,6017,37839,0
6,1478,33855,4
6,4003,2235,8
6,597,19644,3
6,880,19472,1
6,574,24960,8
6,4002,22242,12
6,609,2093,8
6,595,36437,5
2,2279,4967,1
6,581,15620,4
6,652,7091,4
16,3807,18833,2
6,4849,1890,6
6,3719,1707,1
6,879,33853,1
9,857,31704,0
6,2242,6601,5
3,2095,30189,0
13,3597,29651,0
3,3405,24828,0
4,3009,36092,0
8,5431,11067,0
15,1280,14800,4
6,5419,40605,7
6,3184,4974,7
9,2791,41039,0
6,1478,1708,4
1,5310,18106,0
6,2052,35375,11
2,1103,38994,0
13,4333,38140,0
5,1791,28312,4
8,5928,37493,0
66,1319,42143,0
15,1269,15199,0
9,3042,18001,0
13,4583,38140,0
5,5061,37416,0
6,5717,7165,12
66,1635,36791,0
5,1791,30187,12
6,949,6246,6
66,2433,42145,0
4,5768,22928,0
15,1280,45141,0
8,2097,37493,0
8,5431,37838,0
17,3064,14417,0
15,2614,28458,0
4,2484,22080,0
3,1179,41663,0
9,851,34106,0
4,2925,4141,0
3,2194,43626,0
1,6214,34413,6
6,609,1708,5
66,2692,37578,0
4,797,41824,0
17,4818,15296,0
6,611,41085,6
3,5746,40389,0
1,4322,38747,0
6,4614,40223,1
15,1599,20327,0
17,4906,14635,0
66,4981,40855,0
9,3042,40316,0
6,645,42770,3
5,3494,41398,0
6,627,6389,2
6,593,32054,3
6,647,32052,4
6,652,14996,6
6,653,14996,3
6,615,6361,1
6,671,6365,5
6,641,33205,8
17,2267,15296,5
6,597,38623,1
16,4445,38493,0
5,5405,30187,0
6,949,41393,6
15,2613,29936,18
13,4583,10392,0
3,5406,40642,0
2,5611,40523,0
4,5767,32350,0
13,1082,30161,0
3,3341,36096,0
6,2545,1967,2
66,2288,37027,0
1,2011,41997,0
8,5425,39832,0
3,2095,41242,0
2,4958,35332,0
66,4981,36792,0
8,3332,24118,0
3,3407,34992,0
1,2009,15110,0
15,3453,14213,0
8,5536,11189,0
1,1090,36641,0
9,3035,43449,0
6,641,42172,7
8,4877,11182,0
13,4045,40692,10
6,1478,6309,10
15,1269,37981,0
13,2538,26983,0
66,4870,38066,0
66,4851,36787,0
3,2095,24827,0
13,3965,22480,0
4,2821,23316,0
9,854,8675,0
4,4630,4621,0
6,653,10836,1
66,4859,36802,0
15,1274,41300,0
5,1058,7676,0
6,5549,15620,2
8,4682,40390,0
66,1619,41908,0
2,3500,40350,0
66,2692,36824,0
9,1160,18001,0
3,3426,27716,0
15,2621,19728,0
5,5711,34408,0
2,2897,24777,0
5,5241,36089,0
6,603,6537,2
4,4285,42776,0
6,4001,34347,22
6,617,2097,3
6,2550,7095,26
6,2547,7095,6
6,644,34755,43
6,593,14970,4
6,601,6278,6
6,665,36563,10
6,879,36563,1
6,571,34755,8
3,1179,36504,0
6,612,6321,8
6,630,6999,18
6,668,2097,67
6,638,14964,6
3,2471,17174,0
2,3867,24779,0
6,4878,35375,11
66,2431,37025,0
15,1740,30579,4
6,2942,7165,10
8,4457,37285,0
6,632,6507,46
4,3779,30188,0
6,565,41396,7
6,605,7144,7
8,3396,36499,0
6,583,15007,16
6,579,33204,10
13,4583,9852,0
13,3496,26983,0
9,854,19465,0
13,2859,9965,0
9,3041,18001,0
6,674,6322,0
66,1633,40822,0
13,4636,36094,0
66,5019,38065,0
6,637,38622,7
8,5494,38990,0
2,358,30518,0
6,5479,33851,25
13,3863,10041,0
6,5418,6613,98
6,596,1645,4
6,674,6537,0
6,595,38621,5
9,852,41775,0
8,1823,37270,0
8,5235,11235,0
2,5393,31449,0
8,5395,11427,0
6,4540,6265,6
15,3004,39834,5
4,4362,25424,0
8,3385,39832,0
3,3743,40645,0
6,594,40604,7
6,576,38621,22
15,4760,18935,0
3,3925,23267,0
15,2110,29566,0
1,6216,21463,8
5,4646,39433,0
6,637,14823,45
15,2614,37982,0
66,4985,36801,0
6,5418,42172,29
1,5846,14017,0
8,4727,40909,0
6,637,43283,16
8,5495,24214,0
6,608,17112,47
1,6216,33771,6
6,2550,38623,15
6,5479,6246,19
8,5492,11235,0
9,1155,33995,0
2,4940,32999,0
6,4088,34753,33
13,2531,10707,0
6,581,40223,13
3,3708,18369,0
6,4971,2013,4
6,649,40777,2
13,5287,18883,0
6,604,40224,4
6,665,6551,29
6,1476,1833,0
66,1807,40825,0
5,5726,27709,0
8,2778,25517,0
6,639,6513,4
3,3708,27716,0
3,3012,42229,0
6,622,14823,19
13,2369,38140,0
3,1179,30189,0
8,3788,11018,0
8,5429,11523,0
15,2607,14711,2
6,948,6339,6
2,5371,40495,0
13,4583,10072,0
6,595,24820,19
66,1566,36943,0
5,5790,41945,0
6,5549,6452,0
8,5733,15675,0
6,2547,2216,17
17,5857,40353,0
6,611,32052,23
6,626,6324,2
4,2821,43940,0
3,5748,27716,0
4,5223,43943,0
5,5083,40370,0
8,5496,37493,0
4,5768,44051,0
13,5164,41106,0
5,5615,7656,0
6,5418,14533,82
4,1485,4625,0
6,4710,42173,3
6,620,14822,8
6,626,34346,2
6,583,6324,15
6,2242,6379,27
6,2242,6365,6
6,2549,33855,6
6,638,6324,6
6,948,22245,8
6,2546,21466,7
6,948,33205,7
6,642,21465,28
6,4088,17112,24
6,607,34752,27
6,609,34347,8
6,2550,33854,7
6,613,24820,4
6,602,22242,1
6,2942,2018,10
6,4003,34757,7
6,672,22244,7
6,639,34753,5
6,1477,22242,2
16,3313,34941,4
6,622,14821,32
6,1476,14506,24
6,2541,1707,9
6,666,34753,23
6,601,33852,23
6,615,6423,9
6,949,33852,10
6,652,1707,6
6,645,15658,89
6,949,21466,15
6,626,6423,33
6,654,7151,15
6,567,2235,22
15,1740,23372,10
6,668,38622,2
6,588,1728,19
6,1447,6265,6
6,633,35375,14
6,4538,19644,1
17,4838,37836,0
6,637,30447,2
66,4981,36799,0
6,2168,40604,21
9,1069,40436,0
13,2297,26983,0
6,4001,24820,6
2,5368,31456,0
6,617,2258,3
6,1066,2216,1
6,653,38621,9
6,565,6613,29
6,568,15620,1
4,3082,24826,0
13,1080,10707,0
6,5419,6583,39
4,3542,29711,0
6,573,19644,26
2,4822,36781,0
8,2780,15675,0
4,4811,40438,0
8,2717,15675,0
6,4970,24048,11
8,5544,23265,0
6,582,40611,10
6,614,19569,5
13,4135,37421,6
66,1621,37025,0
6,635,15619,7
17,2721,41068,0
8,1260,41578,0
15,2621,36054,8
6,649,40224,17
6,666,6452,7
15,4759,25098,0
5,1182,28857,0
1,1830,41998,0
13,5165,38988,0
6,611,44244,9
13,4584,10202,0
3,3010,18368,0
1,6002,13060,0
8,4392,24878,0
6,589,42771,4
6,577,15024,8
5,823,28857,0
22,1797,33968,10
6,607,40223,3
6,621,6462,14
8,5497,44115,0
5,5084,39433,0
15,1268,32167,0
66,4855,36800,0
13,2536,9905,0
3,2598,18370,0
2,3867,19506,0
8,5494,36301,0
6,2052,19569,6
15,2612,15633,0
3,3010,26044,0
13,4299,9890,0
3,4437,37276,0
66,4845,36802,0
6,4000,14821,7
6,4971,2093,6
5,873,40895,2
4,2636,15629,0
6,610,36437,26
4,383,36356,0
17,3260,30200,0
1,2343,13060,0
4,4804,22928,0
6,948,41396,7
4,1743,30188,0
6,675,41083,11
8,1699,37493,0
16,3561,34432,0
5,5936,8042,0
6,4539,6324,6
8,3332,40909,0
6,1938,41085,0
4,5365,41823,0
6,598,1645,31
4,3915,25114,0
66,4744,39542,0
6,644,14821,26
6,949,1712,8
4,3514,3950,0
6,589,14964,45
8,2425,37493,0
2,5597,4967,0
6,948,42769,25
6,609,6322,18
5,4028,27709,0
3,5746,30088,0
1,6216,18105,6
2,6082,12151,6
6,663,6304,50
8,4162,42261,0
13,1085,10041,0
3,3295,40645,0
8,1699,44560,0
6,632,6537,1
6,665,33205,15
6,647,14959,10
6,948,32629,31
6,3184,32054,8
6,639,32117,15
6,571,15168,2
6,645,32117,4
6,599,34758,50
6,620,6551,2
6,879,24819,10
6,611,34347,20
6,1892,14910,18
6,603,2053,15
6,596,2013,23
6,1478,33204,6
6,673,22244,2
6,674,6338,2
6,670,34754,14
6,611,34752,14
16,3313,24651,4
6,4540,22242,12
6,593,34753,14
6,948,21465,7
6,626,33852,73
6,638,2216,25
6,612,34757,5
6,583,6507,2
6,594,7151,7
6,4614,30445,32
6,4088,34752,37
6,2549,1728,8
6,1815,1707,8
6,618,2097,21
6,571,17976,36
6,1078,19472,14
13,4047,9934,10
8,4234,19956,0
6,1477,6246,10
6,640,40606,7
4,3935,37275,0
66,2819,37026,0
8,4698,10977,0
13,4663,35392,0
6,638,15620,4
66,2692,4522,0
6,4001,41083,14
15,4418,28464,0
4,4953,4141,0
2,2575,16,0
6,635,7151,62
8,5493,37493,0
6,668,1712,11
6,1892,6319,21
8,2717,35334,0
6,626,40604,1
13,826,37839,0
6,946,7144,6
2,4448,21358,0
6,606,6601,9
3,523,4,0
15,3180,25147,0
6,594,6322,30
4,2445,19323,0
6,595,6613,10
5,5913,34408,0
4,4953,4596,0
5,5405,39433,0
6,647,34758,21
6,581,32054,20
6,600,6321,1
1,2061,16037,0
15,4763,14567,8
6,944,7150,3
1,6002,38244,0
8,3373,36503,0
13,5071,18880,1
66,2321,36943,0
66,2692,36943,0
8,1822,33864,0
6,944,15620,12
6,589,42769,8
6,1476,6537,0
3,5731,36096,0
6,675,36437,11
4,3802,32262,0
4,2678,4621,0
3,3708,24855,0
66,1619,39983,0
6,627,6304,16
6,1478,42769,1
6,2550,7091,7
6,649,6379,8
15,1598,38085,0
5,5083,41140,0
6,569,6265,9
6,948,14821,7
17,4087,14722,0
6,4540,24063,1
13,4134,9964,8
8,1697,11235,0
17,2844,27684,0
4,3936,19323,0
6,570,19472,30
6,588,1650,6
6,588,15024,164
6,644,32054,32
6,654,6512,179
6,668,32117,40
6,1628,1848,13
6,2168,33855,6
6,668,7165,58
6,2168,17110,140
6,2190,7165,171
6,2190,6512,211
6,2242,6423,85
6,4000,14507,18
6,942,7165,95
6,599,32052,41
6,635,6507,247
6,2190,2053,241
6,652,24819,19
6,587,23137,89
6,599,2053,107
6,2168,33852,71
6,4000,32629,3
6,623,14968,38
6,609,17110,56
6,630,22242,13
6,4004,32052,2
6,2190,22245,58
6,609,6389,57
6,4000,22245,43
6,942,14963,255
6,4003,21468,29
6,612,15024,93
6,2168,34758,85
6,1939,2013,42
6,637,15393,72
6,669,2053,26
6,616,14910,26
6,2168,2093,17
6,654,24820,35
6,570,24819,25
6,588,17110,45
6,1939,32116,22
6,619,32052,6
6,948,30446,68
6,654,21468,17
6,1938,34758,49
6,1938,14506,109
6,2541,32054,47
6,1892,35328,1
6,610,21465,7
6,4538,24820,54
6,611,15004,13
6,613,14823,19
6,2168,21465,41
6,4088,6985,17
6,645,23134,86
6,652,2053,20
6,588,6389,12
6,654,20055,46
6,577,33852,5
6,608,15006,45
6,4540,34754,8
6,641,30446,63
6,2245,2018,82
6,616,14963,355
6,628,2053,52
6,4003,33852,35
6,1478,14506,18
6,611,14959,99
6,2551,1890,46
6,2168,17976,784
6,674,22244,14
6,4273,33852,68
6,652,35329,53
6,654,14963,633
6,567,14821,14
6,599,14964,666
6,4001,22245,23
6,669,14823,25
6,651,35328,6
6,652,14967,100
6,635,33852,176
6,1476,7165,33
6,669,7165,66
6,609,17976,471
6,1628,1645,22
6,667,6459,140
6,4614,36437,53
6,2168,21466,9
6,652,34752,12
6,652,34754,42
6,638,33852,23
6,616,34754,60
6,634,30445,18
6,668,17976,256
6,654,30446,144
6,599,1703,138
6,581,23098,141
6,637,32053,5
6,2168,24820,52
6,944,7091,33
6,4001,1636,49
6,628,14822,13
6,601,6462,2
6,626,35920,194
6,594,30444,84
6,567,2216,29
6,674,33852,41
6,646,22242,8
6,946,35919,70
6,2190,15658,237
6,632,23098,79
6,630,32053,21
6,598,15021,127
6,617,35921,21
6,570,62,1
6,949,14823,72
6,1892,35919,74
6,4088,20059,46
6,609,7150,137
6,460,6433,20
6,649,6427,81
6,654,14919,214
6,1628,32053,28
6,630,23133,246
6,594,1843,157
6,943,22244,4
6,615,6620,6
6,644,2216,22
6,2168,15024,307
6,645,14959,111
6,631,32052,4
6,2242,34755,57
6,593,1843,23
6,949,2053,35
6,599,17976,259
6,622,6459,39
6,611,1707,47
6,588,14922,157
6,651,6319,105
6,4614,1843,5
6,1078,14533,7
6,583,6265,36
6,649,30446,113
6,2547,34754,18
6,573,2216,28
6,4004,34755,8
6,582,15658,54
6,619,2097,29
6,594,1707,83
6,2245,1707,139
6,639,6265,96
6,642,6427,104
6,568,6265,96
6,674,1843,7
6,1815,15658,138
6,601,14963,220
6,2244,1703,140
6,1815,1843,66
6,1477,30446,30
6,2545,2511,83
6,648,38621,38
6,2190,1703,139
6,580,14964,170
6,626,6999,34
6,645,6319,50
6,628,6999,17
6,611,23097,141
6,611,6265,93
6,587,35920,39
9,2787,33250,0
6,946,15023,81
6,626,14966,578
6,599,15658,98
6,577,15395,13
6,631,2053,7
2,5346,27702,0
6,671,6324,7
6,2052,38623,6
6,576,1707,78
6,637,14963,134
6,654,6265,96
6,582,23099,95
6,595,23099,60
6,632,1703,61
6,626,14924,97
6,582,1843,104
6,640,2053,63
6,4004,34754,10
6,5483,2053,56
6,652,30446,205
3,4236,32506,0
6,665,6537,75
6,611,19644,50
8,4632,23265,0
6,5419,6309,100
6,646,6309,23
8,5426,15675,0
6,2190,19569,79
6,606,34753,5
3,4236,22934,0
6,1628,7144,99
6,2543,34753,44
2,5335,4967,10
3,1077,32506,0
2,5335,40587,0
6,2168,1707,169
15,2613,30945,7
6,627,6459,191
6,627,38621,30
6,594,14922,214
6,5483,19569,92
6,5482,15658,45
6,668,38623,7
6,1892,6507,38
8,4459,40921,0
15,4765,19017,16
6,671,1703,11
6,607,6319,25
6,5479,38621,12
6,581,40778,10
9,2791,8952,0
6,573,1839,34
6,653,7150,69
4,3994,19322,0
6,642,33853,36
6,599,23135,171
6,640,36437,92
6,944,6507,95
6,565,41395,10
15,4763,19006,0
4,1026,40716,0
8,1258,11523,0
15,2613,32926,0
2,5336,40474,0
6,668,1839,35
6,607,14961,226
15,4763,28459,17
15,4763,41053,2
6,650,6583,42
6,2942,6423,0
2,5516,39746,0
5,3890,28312,0
13,4298,9964,0
6,941,6319,14
6,582,14922,236
6,626,1843,77
2,5391,4967,9
6,581,15021,165
6,626,6322,28
8,5544,40084,0
6,5549,41405,0
6,638,7150,51
4,4953,15629,0
6,598,6246,8
6,2942,6555,0
15,4762,41595,0
6,601,6319,31
6,2551,17976,245
6,5482,23097,73
6,942,23134,32
5,5084,8310,0
6,5482,34758,36
6,665,1707,22
6,948,6507,152
8,3355,15675,0
8,4974,15675,0
6,598,1843,82
6,654,6459,226
15,2607,29566,9
4,5365,19322,0
6,646,6537,3
6,648,1703,30
13,5164,43454,0
16,5552,23408,0
8,3642,37285,0
6,5481,17976,491
6,624,7150,49
66,4985,37369,0
6,627,42173,22
6,4621,14823,17
5,4646,27712,0
6,2242,33853,56
6,4270,32052,36
6,5483,6507,73
6,612,15395,80
9,2791,8637,0
6,581,6512,80
9,858,35497,0
9,3040,43449,0
6,653,30446,79
6,570,14964,418
1,1894,30820,0
4,5365,40877,0
6,2545,17976,261
6,5479,6507,54
8,5233,15675,0
6,617,14961,40
15,3871,18471,0
6,599,2450,24
15,4760,41905,0
6,580,14823,11
15,4759,43044,0
6,606,7095,1
6,2168,14922,444
6,944,2216,24
6,608,14924,93
8,5232,36303,0
6,5419,14822,50
6,616,6601,54
6,568,14961,333
6,3719,17976,114
6,5483,6462,8
6,5550,14533,0
6,2942,42771,0
2,5393,42415,0
13,1082,22480,0
6,5419,6304,8
5,5241,8042,0
6,664,17976,13
6,645,17109,31
6,568,15395,248
9,2793,8617,0
6,944,36437,81
13,2292,10725,0
6,4710,42787,9
3,5744,5647,0
15,3005,31616,0
5,873,36510,7
5,1237,34510,0
6,4000,17976,408
13,4245,9964,0
6,4878,23133,46
6,652,6459,118
6,654,35375,10
13,3557,38988,0
9,2789,34106,0
6,639,6321,83
13,4134,10041,51
13,1082,10041,0
6,640,6246,59
6,989,38621,15
6,5419,6281,36
4,2282,36653,0
6,568,20061,148
6,5481,7151,16
8,3175,15675,0
6,591,40223,6
6,633,32052,29
6,607,19569,22
6,624,40606,11
2,5340,40477,0
15,3180,14213,0
17,3372,37280,0
15,3212,14410,0
6,640,6519,82
6,2190,40223,70
6,5481,6322,53
6,646,30446,90
15,4763,32851,3
6,645,7144,8
6,2245,33851,21
6,652,14926,115
1,5804,41954,0
6,579,1591,9
13,4048,17735,11
6,4620,2141,0
6,2190,14823,319
4,4725,16587,0
6,602,1703,1
6,2190,40224,84
6,634,14966,39
9,3041,8617,0
6,1938,24840,0
1,5800,42725,0
6,569,2141,2
6,663,34758,45
6,5418,34758,70
6,576,40223,5
15,2621,40000,2
15,2621,41593,7
6,948,6281,20
6,948,41085,16
6,634,6309,22
6,568,23135,124
15,3005,17213,0
8,3347,11145,0
15,3004,23372,6
6,668,2449,14
6,675,6319,4
8,5602,40110,0
6,646,15393,140
13,3864,9934,0
8,5296,10990,0
6,948,6280,5
6,587,6309,6
6,2550,1712,41
3,2767,37276,0
5,5913,7593,0
6,648,42771,28
15,4760,37981,0
6,615,42771,2
6,653,15023,140
1,6042,13060,0
6,630,6319,15
9,2787,36762,0
6,641,7165,45
17,5416,37836,0
6,635,6322,39
2,5375,42399,0
6,626,6613,18
6,4878,15021,53
15,5191,41046,0
8,5494,44378,0
2,1960,27701,0
15,4765,40000,6
6,675,6507,34
2,5368,43674,0
6,640,6303,9
6,607,14990,76
6,3719,42172,19
6,598,33851,16
6,600,6687,6
6,5418,6537,145
6,2545,42787,14
9,860,41043,0
5,5517,8042,0
22,1798,36182,14
6,4878,33851,8
13,5244,29654,0
6,579,15395,53
6,618,15394,111
9,2792,31555,0
9,921,15246,0
6,2242,14823,198
15,3208,25136,12
9,4612,31555,0
15,1277,15608,0
6,4621,45148,17
6,576,30447,19
6,583,14914,2
6,595,33854,4
6,634,22242,20
6,879,6459,24
6,588,1914,9
6,582,17110,65
6,620,19644,44
6,609,14925,44
6,641,14991,88
6,565,14964,112
6,2242,32053,97
6,2168,6389,13
6,2168,23139,325
6,2551,2018,59
6,642,6693,7
2,4196,4967,40
6,618,14507,12
6,1892,23097,121
6,2242,6614,34
6,580,23139,18
6,606,19644,15
6,2549,19644,29
6,582,2236,10
6,629,33852,14
6,674,6389,16
6,4004,7150,5
6,594,33852,118
6,609,14507,20
6,638,14959,35
6,2242,2053,263
6,651,2053,31
6,623,15395,47
6,576,33854,12
3,2599,4,264
6,4540,15168,9
6,654,1591,12
6,647,2013,8
6,574,23099,12
6,618,14962,112
6,626,14912,50
6,1078,25602,5
6,1478,24819,10
6,617,19644,9
6,2547,35375,29
6,2242,14821,131
6,2541,22242,28
6,4003,22244,21
6,4272,22244,42
6,654,34752,23
6,946,23138,57
6,645,1632,2
6,628,14823,25
6,628,32117,24
6,1938,35373,29
6,670,7165,12
6,4003,2258,27
6,616,7165,90
6,2545,19644,43
6,599,32117,56
2,1230,4967,6
6,613,35372,27
6,620,23097,79
6,948,33854,9
6,989,34755,21
6,989,35636,8
6,4620,34752,20
6,568,17976,183
6,582,17976,317
6,2541,24820,35
6,2244,19472,55
6,644,33852,57
6,627,14506,34
6,626,35328,7
6,2545,32117,18
6,4001,19472,40
6,610,30447,56
6,4710,14506,14
6,2168,23099,196
6,576,21468,18
6,652,33852,24
6,641,2511,92
6,611,17976,640
6,644,14506,68
6,668,23099,94
6,624,2511,67
6,1892,23138,78
6,629,15393,65
6,632,15658,63
6,646,32054,5
6,600,34752,6
6,609,1707,150
6,568,6262,9
6,607,20061,93
6,4614,14966,175
6,949,15658,27
6,1628,2097,292
6,623,2013,45
6,644,33854,21
6,630,6427,16
6,639,23097,145
6,949,19472,22
6,648,34758,71
6,4088,34754,4
6,582,30444,112
6,598,6265,9
6,650,6512,385
6,650,34752,87
6,639,19644,45
6,460,15620,13
6,4878,15006,12
6,646,1707,10
6,4878,6321,57
6,594,30447,184
6,4275,19472,18
6,673,34753,12
6,614,1636,3
6,616,14991,115
6,639,35375,49
6,603,17976,77
6,601,30446,69
6,2545,1703,53
6,4970,2449,20
6,595,1591,27
6,4000,1636,33
6,571,38622,1
6,570,1843,121
6,2243,15619,6
6,5482,6613,113
6,645,6427,133
6,946,6319,25
6,4540,7091,17
6,644,1591,16
6,569,30445,88
6,2168,35375,22
6,2545,1709,7
6,639,6613,56
6,633,6555,57
8,4682,25517,0
6,5207,38621,65
6,4275,6999,9
6,607,36437,22
16,5415,16383,0
6,651,36563,45
6,944,7144,29
6,599,15007,69
6,635,1843,23
6,634,40223,15
3,3010,23956,0
9,1161,19465,0
6,5482,14821,18
6,2942,6613,0
15,2613,41300,0
6,4275,6512,31
6,583,14961,40
13,4048,36094,6
9,3041,40378,0
6,5479,7151,19
8,1823,37493,0
8,5157,15675,0
13,826,10707,7
8,5430,19956,0
8,5424,15675,0
66,1633,36791,0
13,5287,9934,12
9,2792,40317,0
1,789,37994,0
6,945,38621,7
6,627,40224,21
15,1277,33102,0
6,648,19644,80
16,5552,16634,0
16,5552,16670,0
13,826,9905,15
6,616,6519,23
6,626,6246,35
6,663,6322,89
4,4804,40442,0
1,5440,42001,0
6,568,38623,22
66,1633,36792,0
8,1698,37285,0
6,652,6614,17
8,1247,11019,0
13,4048,9920,32
6,599,20061,102
6,2243,6613,108
15,1275,42332,0
4,1113,38999,0
17,2846,37280,0
6,583,14990,33
9,2787,19806,0
6,570,43288,24
6,5482,41085,13
17,4248,18191,0
6,4878,1591,30
6,942,15393,140
6,630,30442,132
6,606,42769,14
6,667,36437,58
3,3003,17972,0
6,4538,6537,21
6,576,2258,34
6,597,35921,61
6,667,6331,62
13,2540,32336,0
13,5287,18880,0
3,1491,27715,0
6,599,6379,25
5,5403,41398,0
6,621,15395,152
5,2212,24225,0
4,4804,40659,0
6,611,6613,85
6,948,19644,80
6,582,20061,52
6,614,17976,96
1,5846,13060,0
5,5061,28282,0
6,1814,2097,85
6,4540,36437,7
6,671,6613,12
3,2347,29748,0
1,4201,13060,0
6,1477,15619,7
6,5481,6555,17
6,639,43283,43
8,2007,39832,0
9,2788,8876,0
6,1628,1703,247
6,5482,43987,7
6,2168,1846,15
6,4538,24055,0
6,607,14925,145
13,5164,37839,0
9,3042,34106,0
6,666,42771,12
3,5406,4,7
15,3004,15633,7
6,626,7146,78
3,5921,40381,0
1,2012,30485,0
13,2538,22480,0
17,5300,27062,0
6,568,42769,8
6,2550,36437,108
6,611,6322,48
6,645,6573,18
6,607,35921,125
6,1628,14961,28
8,4234,22237,0
1,6208,13060,2
6,5418,6281,59
6,654,34758,20
6,946,6459,49
8,1139,15675,0
13,2859,38140,0
6,3719,6613,48
3,3743,43627,0
6,944,7151,14
2,5597,44067,0
6,4088,14924,39
5,4342,35134,0
17,2930,15248,0
13,4046,10233,9
6,626,30445,176
6,1628,2258,60
8,1699,25517,0
8,5088,10977,0
6,944,40606,28
8,4698,33864,0
8,4712,11427,0
1,4203,13060,0
6,2190,40604,11
6,621,14533,3
4,2282,36356,0
6,641,14823,34
6,633,6551,8
3,1396,36096,0
6,604,40223,10
6,583,40782,8
6,1815,33853,23
6,577,7095,4
8,1699,12000,0
6,628,6583,4
8,1698,40390,0
6,611,2216,45
66,1807,37577,0
6,880,6537,1
2,2286,24779,0
6,5479,6309,71
66,4803,38927,0
13,1080,26984,0
6,2168,15395,271
66,1172,37026,0
6,5482,6322,63
15,1275,38615,0
6,653,6507,73
15,2614,25147,0
6,616,40779,32
5,5913,28857,0
4,4953,40707,0
5,2213,40895,0
8,1698,11021,0
66,4857,36824,0
6,573,17976,81
6,579,1890,111
5,5405,28857,0
8,4234,11145,10
6,665,6309,57
3,2860,37276,0
6,5418,2053,120
6,628,23098,52
6,599,14823,89
6,582,14968,148
5,5509,7593,0
8,5396,11189,0
6,569,6537,3
6,576,1703,63
6,5418,2216,76
6,586,14964,91
6,633,33853,56
6,942,19569,24
6,2549,1712,16
5,5913,41398,0
6,639,6423,76
8,5395,11523,0
4,4362,14532,0
6,593,6507,17
9,2788,40318,0
6,4000,15620,29
6,627,6281,25
66,1634,36797,0
15,2608,43881,0
6,665,44514,5
8,3175,11018,0
13,3496,37269,0
4,1480,43930,0
2,1230,27702,0
6,667,24055,5
6,671,2511,0
6,667,6555,54
1,3124,41967,0
13,3557,10135,0
8,5395,15675,0
6,635,6246,176
4,5384,42919,0
66,4870,44389,0
4,2989,44387,0
2,6082,42107,6
13,4046,10135,13
13,4134,10233,14
3,143,4,0
6,616,34758,32
6,948,6265,104
5,4361,30187,0
6,571,15395,29
6,4001,45148,34
6,5418,6278,11
9,852,41034,0
6,5720,43987,0
6,611,43977,13
6,2242,41083,1
6,2245,44514,0
15,5191,43877,0
6,580,23135,47
6,622,14962,1
6,583,6361,4
6,613,15006,12
6,639,14996,5
6,644,22244,20
6,648,32117,56
6,632,15006,55
6,669,6379,17
6,2190,6379,40
6,2190,32117,106
6,652,6680,4
6,653,22242,9
6,623,14925,7
6,565,15395,23
6,4088,14970,30
6,620,15023,116
6,638,32054,6
6,650,14506,201
6,665,6389,59
6,617,23139,7
6,633,14507,10
6,605,24819,5
6,880,32054,3
6,2190,22242,116
6,645,33851,18
6,4088,15021,110
6,596,1890,20
6,607,6423,30
6,2242,34754,88
6,2245,34758,66
6,641,14507,9
6,663,14507,41
6,4272,34752,15
6,989,35375,13
6,4539,14821,8
6,616,32117,14
6,633,6507,101
6,667,14506,106
6,606,23097,82
6,942,34752,17
6,631,14823,15
6,587,24819,16
6,630,14823,12
6,4272,34753,16
6,630,15021,162
16,3313,24652,4
6,601,6389,10
6,608,6423,42
6,654,14959,153
6,594,21465,37
6,2244,15658,129
6,2549,34759,4
6,622,15394,73
6,669,34752,14
6,1814,34758,9
6,637,7165,60
6,4540,6985,21
6,597,17976,49
6,635,1841,9
6,2545,33854,9
6,599,35372,15
6,642,6507,76
6,609,21468,106
6,603,14821,17
6,654,14926,77
6,579,22244,1
6,942,14991,38
6,2547,14506,48
6,632,23133,217
6,4003,15658,37
6,596,19644,18
6,1814,33204,29
6,619,2053,35
6,601,6427,61
6,650,2235,21
6,607,17976,48
6,613,19472,39
6,1628,32117,47
6,649,2258,18
6,583,24819,5
6,949,6620,12
6,641,6613,32
6,594,15395,237
6,565,1703,21
6,582,1591,8
6,628,6459,17
6,579,1709,3
6,598,6459,37
6,616,6985,30
6,2551,36437,90
6,588,1707,45
6,2543,34754,14
6,639,7091,21
6,586,38162,6
6,1939,14506,122
6,628,1703,124
6,2245,1843,26
6,639,2511,94
6,879,15658,14
6,616,6512,146
6,654,6519,25
6,1938,15658,179
6,576,2097,52
6,989,17976,237
6,663,6613,243
6,594,20061,53
13,4046,9920,15
6,583,6423,18
9,2788,39194,0
13,3536,32336,0
6,633,6427,149
6,608,6512,42
6,570,35375,11
6,5482,6459,51
6,2541,38622,6
6,1628,2450,22
9,2793,37098,0
66,4985,36805,0
6,2244,32117,33
6,5479,36563,5
6,4275,40223,12
6,948,40223,23
6,1628,15658,16
6,576,23099,14
15,1275,18471,0
6,651,23097,156
6,1814,2511,114
6,641,2097,14
6,641,40604,9
6,645,40780,8
6,627,14963,23
6,4849,7165,69
6,595,6459,26
6,879,6999,6
6,583,23139,30
6,624,6423,69
6,593,6246,25
5,4027,22226,0
6,2243,2450,9
6,944,39891,20
6,667,41085,66
6,2244,2097,83
6,641,2053,32
8,3396,24877,0
6,1478,19644,11
6,576,7165,57
6,593,7146,12
3,2095,18369,0
6,650,38622,40
3,3295,5647,0
6,611,6687,3
66,2432,37026,0
6,604,14964,4
9,2792,33338,0
6,595,30444,13
4,249,4627,0
6,635,6555,158
2,5371,31453,0
17,4377,14417,0
3,2095,40645,0
8,1698,37270,0
6,5481,35919,190
6,1892,6322,3
15,2610,30580,0
4,3457,4309,0
2,4208,40057,0
1,4209,40662,0
13,4135,18883,8
6,663,6459,229
66,1621,37365,0
6,4970,7165,55
6,640,23097,32
4,3014,19322,0
6,622,6246,16
6,577,6265,15
6,581,40224,7
6,631,6266,11
8,2459,37493,0
6,948,6323,17
6,618,40777,39
8,4234,40974,26
8,3175,16347,0
1,2011,22556,5
6,949,19569,2
6,593,6459,26
6,675,17976,48
6,627,6537,16
8,5295,15675,0
6,5479,15023,108
6,5479,14959,34
6,949,1843,7
8,5494,42827,0
6,635,36563,29
6,4849,40223,28
6,653,14959,54
8,3920,15675,0
6,5418,24820,93
6,948,6459,174
1,4209,30485,0
6,2190,2125,45
6,630,43286,49
3,1179,24204,0
6,587,6265,38
6,618,43281,17
66,1636,37370,0
6,608,14333,7
66,5903,37027,0
6,641,35919,73
6,4621,36437,8
9,2026,42719,0
9,2788,8619,0
6,594,43282,14
3,2471,5612,0
8,3332,15675,0
13,3557,9852,0
2,3501,38531,0
3,2767,24204,0
13,826,38988,5
1,3655,38244,0
6,582,43288,34
6,641,17976,538
1,5899,38746,0
15,4763,25094,8
6,2242,2235,15
6,945,15395,13
6,1814,7165,65
6,1815,42787,5
17,2724,27684,0
6,597,14925,39
6,587,34758,8
3,3011,38992,0
15,2635,18221,0
5,4232,22226,0
6,1628,14822,23
6,4275,40224,17
6,587,1591,6
6,2551,44516,0
6,607,6620,14
6,5206,6459,13
6,989,1709,5
8,2779,42157,0
2,5346,27701,0
6,649,45157,8
6,5483,6319,43
6,5479,17976,90
6,587,6507,26
13,4950,37269,4
6,650,40224,81
6,595,15007,14
13,3537,10135,0
8,5497,45536,0
13,2296,27005,0
66,4978,38065,0
4,2631,30188,0
4,249,23316,0
6,5419,6280,67
6,594,40782,16
9,2071,40317,0
6,5479,6613,38
6,626,15394,215
6,4274,6507,72
6,626,24819,47
9,2057,8627,0
8,5575,42834,0
6,606,40611,16
4,5020,30188,0
6,4539,38623,14
2,1341,41571,0
1,3408,38747,0
6,653,41085,21
6,569,14966,243
2,5393,37312,0
13,3496,10135,0
8,5493,37270,0
6,597,6322,6
4,4804,30188,0
9,3040,40425,0
8,3019,15675,0
6,2549,34758,18
5,5913,28297,0
6,5481,15023,239
6,569,40224,3
15,1274,41055,0
15,2609,41045,8
15,4764,41658,0
15,2614,20749,0
8,4359,10977,0
8,3359,37285,0
13,5244,16055,0
6,4538,40223,4
8,4534,15569,0
6,583,6462,13
6,5481,14959,78
6,4088,6423,29
6,2190,45157,79
6,675,42771,6
6,4538,43987,0
6,608,6321,13
6,627,43283,2
9,2794,33998,0
6,569,33855,6
5,5272,30187,0
8,1139,11427,0
6,1892,42770,5
13,3557,32178,0
1,6216,41267,6
6,5419,44514,42
6,3719,41085,17
5,5084,41738,0
1,167,13060,0
6,623,1826,8
6,628,24960,27
6,460,6507,62
6,580,19644,23
6,616,33853,34
6,644,6365,12
6,619,14507,24
6,1892,2053,9
6,942,14822,4
6,2190,32629,49
6,947,34346,10
6,1938,2013,58
6,618,17112,54
6,2549,34346,10
6,4000,33851,32
6,4005,6389,5
6,1814,14506,58
6,4004,22245,3
6,571,14506,14
6,649,33854,15
6,629,32054,8
6,652,14823,29
6,2541,33852,27
6,654,30443,103
6,648,34755,47
6,4270,33854,23
6,576,32054,7
6,629,15023,65
6,605,33852,14
6,601,35372,2
6,2190,25602,38
6,2190,35373,18
6,616,35329,5
6,4270,34753,22
6,635,22242,89
6,3719,6423,58
6,1938,21466,48
6,2168,14914,91
6,637,14506,11
6,651,32629,5
6,3719,24960,3
6,4003,34754,27
6,629,35636,10
6,646,21466,2
6,652,21466,13
6,652,21468,9
6,4275,24960,27
6,638,22242,18
6,652,34753,14
6,2052,6614,2
6,1939,1703,11
6,644,6423,43
6,2242,6519,64
6,637,6985,26
6,4088,34755,5
6,619,1636,30
6,622,35920,12
6,2244,2258,46
6,1476,1645,17
6,4270,6462,39
6,4270,21468,12
6,942,6512,89
6,2242,6427,87
6,641,32117,18
6,609,2216,145
6,623,1707,5
6,946,1707,4
6,946,6507,41
6,4614,15658,23
6,573,1890,33
6,632,30442,114
6,609,7151,46
6,663,7151,19
6,599,14822,46
6,630,15658,50
6,4710,1707,14
6,2245,36437,47
6,628,14506,43
6,637,7091,7
6,611,6507,144
6,587,14920,49
6,611,6555,72
6,2549,36437,32
6,2242,2097,24
6,588,2216,29
6,650,1713,19
6,620,6278,6
6,1628,7146,46
6,631,23097,78
6,652,36563,30
6,616,6427,92
1,3844,16037,0
6,611,7150,101
6,610,35920,2
6,652,33853,73
9,2787,39194,0
6,2243,33853,33
6,946,21465,14
8,5495,36301,0
6,671,6555,6
6,593,36437,40
3,1034,17972,0
8,1698,39832,0
15,4761,25094,0
6,5207,7165,35
6,611,33852,50
6,943,19569,0
6,597,6620,6
6,4539,7165,37
6,943,6280,2
6,570,23099,85
6,620,6324,26
6,598,15394,111
6,665,6583,18
6,4970,2053,56
6,2052,6537,13
8,2007,11067,0
6,646,30443,31
6,669,40224,17
6,1938,32117,54
4,4671,36508,0
5,3541,8042,0
6,1892,6265,35
4,3544,25114,0
5,5510,7592,0
15,4763,41300,7
1,4550,14017,0
6,622,4974,9
6,4538,1708,31
6,4270,6613,56
3,3010,36497,0
17,4087,14486,0
6,627,6512,172
8,1699,37270,0
15,3180,15633,0
6,605,6246,7
15,4759,32926,0
6,652,40611,39
6,944,1707,8
13,4119,9964,0
6,573,33851,17
13,5165,29651,0
66,2288,41810,0
6,5549,33853,9
6,949,6319,39
6,879,6309,2
8,2559,36360,0
4,5223,34694,0
1,2012,16037,0
6,615,17976,37
2,5371,39336,0
2,5371,40475,0
8,5394,27209,0
16,5552,36491,0
8,5429,41578,0
8,5850,11427,0
5,4646,40939,0
9,859,40319,0
16,2219,19710,0
1,2379,38749,0
13,2533,41372,0
9,3043,18001,0
6,650,6537,57
9,858,8952,0
6,2243,17976,261
5,5066,22226,0
3,3340,5898,0
13,4045,29887,20
6,4849,32054,3
6,989,33204,12
6,2190,2450,27
6,630,6555,8
17,1499,14722,0
3,1179,17972,0
6,5481,30443,58
6,665,15658,101
6,569,1703,23
5,5695,41398,0
66,1634,38687,0
5,4363,40895,0
6,607,42769,7
8,5031,37285,0
6,618,15021,111
6,663,42771,58
8,4398,39739,0
6,3719,6319,21
6,2545,45172,0
5,5083,43607,0
6,597,7165,9
3,5323,26044,0
17,2721,43686,0
5,5241,27764,0
5,5711,22227,0
2,6051,37272,6
6,3719,6265,53
1,2320,13060,3
15,2622,25093,0
8,4907,12001,0
4,1742,30188,0
6,4971,1890,4
6,626,6507,22
9,2788,33775,0
15,2958,14568,0
6,654,15393,143
6,669,6512,94
66,4850,36788,0
9,1155,8617,0
15,3006,44579,0
8,3055,15675,0
8,5494,41934,0
3,3003,26044,0
8,4668,11021,0
6,4088,33851,21
6,667,6324,23
6,598,30445,108
6,654,40224,3
6,665,38621,10
6,2052,6555,15
6,588,42173,8
5,2212,28316,0
6,5418,33855,3
1,1165,20519,0
15,4765,15633,10
6,5419,34758,101
9,1159,40317,0
6,944,38621,56
6,610,14922,26
6,949,14822,52
6,5550,40223,2
6,5483,32052,42
6,674,40611,0
9,2790,32152,0
13,1080,9958,0
4,5684,38999,0
6,588,40781,22
3,2466,40645,0
6,571,14922,58
6,602,2053,21
6,5483,33853,41
6,4971,32052,30
9,2057,41774,0
66,2288,38929,0
4,3009,4309,0
6,2942,6322,0
1,4209,12327,0
6,567,1839,28
6,622,1839,4
6,620,7150,51
66,4987,42145,0
15,2607,18471,3
8,3642,40909,0
15,4418,41649,0
8,5425,11427,0
6,648,2018,2
6,609,23139,80
6,606,2216,56
15,4766,39429,8
6,944,1712,20
6,948,7047,9
8,3642,21490,0
1,4209,24865,0
6,949,40224,6
6,650,40223,96
9,1155,18001,0
6,603,15620,2
15,3209,38085,0
17,3225,37280,0
6,948,6309,49
5,1216,40895,0
9,2026,41775,0
13,3558,10135,0
6,568,6324,29
8,4674,11068,0
6,639,43988,4
6,616,23134,103
6,616,15393,164
2,2952,40363,0
1,5439,39813,0
6,675,6322,0
2,6082,44071,6
66,4984,40706,0
6,1066,6507,10
8,5600,40110,0
9,2794,38046,0
4,5487,37833,0
6,460,17976,94
6,587,42769,11
6,637,6379,11
13,4045,29651,21
6,623,6365,11
6,630,2053,8
6,570,15395,177
6,647,14963,45
6,647,6512,55
6,2242,6324,97
6,650,33854,120
6,638,6246,1
6,665,6246,66
6,654,6359,4
6,645,24960,6
6,629,6246,8
6,4005,6365,4
6,613,33853,7
6,638,22245,16
6,648,6613,86
6,639,34758,24
6,4003,2093,6
6,576,14506,16
6,576,24820,18
6,628,6512,53
6,633,32117,18
6,663,14506,71
6,1815,34754,39
6,651,14823,28
6,2550,34758,16
6,596,14507,30
6,1939,21466,31
6,576,34753,16
6,633,19472,33
6,651,14507,14
6,623,14507,17
6,639,33851,38
6,581,6614,12
6,3184,21468,3
6,587,15394,102
6,579,21465,14
6,2549,1841,14
6,2545,34753,8
6,2245,24819,27
6,654,2216,8
6,651,14991,41
6,1939,34758,36
6,1938,1713,64
6,617,15007,4
6,649,33852,17
6,2551,35636,17
6,637,34753,23
6,654,33852,48
6,616,6423,88
6,652,33854,37
6,619,17976,43
6,596,19472,22
6,653,15020,4
6,619,21465,12
6,638,24820,22
6,568,6423,23
6,4088,23133,49
6,1814,2018,49
6,616,15658,87
6,4270,7165,19
6,607,32117,3
6,626,23097,6
6,654,6613,85
6,2546,35374,23
6,946,19644,15
6,672,34753,10
6,4002,2097,14
6,567,36563,15
6,2190,34753,75
6,2242,15619,13
6,2190,6999,184
6,641,6985,8
6,628,34754,31
6,670,2053,8
6,650,1707,69
6,942,6427,38
6,627,34758,17
6,640,34754,45
6,4004,1707,12
6,651,7144,18
6,2550,1843,59
6,4878,34754,27
6,942,23097,116
6,632,33853,12
6,618,23133,264
6,644,6266,8
6,640,14822,41
2,2287,37272,0
6,614,2097,3
6,576,33853,28
1,2799,36628,0
2,5346,37141,0
6,573,38621,24
6,4970,19644,31
9,855,33902,0
6,4970,7091,49
6,4970,1703,53
6,5419,6423,171
6,673,2053,6
6,1628,24820,8
6,620,36563,3
6,5207,15620,5
8,4698,15569,0
5,5084,33633,0
6,1814,1839,47
4,5223,19323,0
6,651,19644,41
6,581,6583,5
6,577,19644,5
6,591,6459,5
9,918,33995,0
6,618,23137,215
13,5244,37839,0
6,652,40223,20
6,611,7151,20
8,5425,15675,0
6,565,40604,6
6,598,1591,2
6,4088,30442,17
5,3541,39462,0
9,859,34107,0
6,641,6620,12
6,947,1591,3
5,4363,25455,0
13,5385,31301,0
6,649,14823,38
6,5550,2125,7
3,2095,29748,0
8,5493,40084,0
6,615,33853,5
6,1814,7095,12
1,4209,37045,0
2,66,4967,0
2,5340,40587,0
6,633,36563,18
6,635,6323,20
9,852,8627,0
6,949,7091,6
6,4540,34753,5
6,626,40223,3
4,4713,4627,0
6,599,40224,31
6,611,38623,9
15,2621,30887,7
6,593,14962,16
3,3708,5647,0
3,2194,40385,0
13,3496,42003,0
9,2789,40317,0
6,675,38621,18
6,627,6772,7
4,4660,41321,0
5,4646,28857,0
6,2543,14822,39
13,5165,16055,0
66,5860,36875,0
15,2609,14569,8
4,4979,24081,0
8,4398,11235,0
9,3041,40319,0
9,3037,40316,0
66,4989,36821,0
5,873,36090,11
4,3375,19323,0
15,1609,28455,0
6,667,6423,141
5,2902,27709,0
6,944,6550,1
6,651,38621,1
1,167,37311,0
6,632,43286,44
66,1806,36803,0
15,1272,40000,0
6,630,6519,19
66,1633,39983,0
6,4088,4974,6
13,4245,31401,0
13,5164,29654,0
4,797,42776,0
6,3719,6324,31
8,5494,35393,0
8,5495,10977,0
2,4861,41334,0
13,4950,10233,12
6,4000,45170,0
15,3734,43880,0
8,3857,36499,0
6,596,17976,130
6,569,6507,38
8,1248,20863,0
6,627,6309,47
66,2289,39983,0
8,3027,23265,0
66,4978,37025,0
13,5244,9964,0
6,4003,1843,8
6,946,6246,9
13,826,29651,0
6,2545,14822,5
6,2543,14823,30
6,2543,1636,4
6,599,36437,56
6,618,6319,12
6,595,14968,36
2,5371,40482,0
6,577,40610,1
6,635,40611,39
6,5418,6459,137
8,3870,22237,0
8,4682,21490,0
6,5481,6246,56
13,5071,9852,4
6,879,1591,4
8,4556,11018,0
66,1634,40823,0
6,621,42771,5
9,2794,40318,0
6,675,6265,7
15,5895,41593,0
6,665,6331,20
6,5418,24840,47
3,3295,5612,0
4,1706,15629,0
2,374,40269,0
66,2692,36800,0
13,4950,10707,7
2,5340,39746,0
6,607,6462,35
2,5598,41253,0
2,459,4967,0
6,587,42173,2
8,3175,24834,0
8,4359,35334,0
15,2609,22531,14
6,670,14823,3
17,4696,14423,0
15,2607,38085,10
6,4003,44514,0
6,2190,6686,26
6,616,43980,8
6,5482,6309,52
1,6216,42724,6
2,6082,44551,8
13,4134,16472,16
15,2621,38549,0
8,4400,35334,0
8,1250,33864,0
3,2767,4,0
2,6322,4967,0
6,621,6265,3
6,2168,6687,13
8,2007,15675,0
6,1478,6281,13
6,607,43282,31
8,4490,10977,0
6,4540,6304,5
6,570,14914,22
6,586,6324,7
6,609,14922,110
6,597,20061,13
6,594,1650,14
6,645,6551,7
6,606,14507,8
6,942,6614,9
6,2242,22244,30
6,665,21468,7
6,2545,14821,5
6,1939,1713,33
6,989,35374,25
6,623,14506,53
6,633,32629,24
6,4275,32117,9
6,640,6423,89
6,565,6614,18
6,593,6423,8
6,4272,24819,48
6,613,20059,11
6,2242,6452,19
6,628,33854,32
6,630,15006,56
6,569,17112,25
6,620,14823,24
6,618,32052,2
6,4001,2235,34
6,2244,14506,51
6,581,35328,5
6,617,6985,1
6,2550,7146,8
6,622,14920,4
6,4088,6389,14
6,595,6999,17
6,598,33204,7
6,650,24819,58
6,623,7151,31
6,4001,14507,21
2,3867,4967,1
6,2551,14821,36
6,1477,6427,8
6,1628,6319,1
6,1939,34752,24
6,4004,1890,12
6,4614,6459,13
6,2541,38162,12
6,588,32054,1
6,617,6265,7
6,5206,2013,8
6,2942,2511,35
6,618,33851,13
6,2168,38621,41
6,651,23138,26
6,646,38622,8
6,630,6686,11
6,647,7165,10
6,674,1846,5
5,1058,22229,0
6,581,35920,129
6,665,6550,5
6,573,38622,15
6,628,15658,8
6,5418,33853,68
8,5495,15675,0
6,4878,4974,17
6,628,34753,65
13,5165,16142,0
8,5605,40110,0
6,614,2511,62
6,634,24819,20
13,826,26983,0
15,4760,25097,0
6,4710,7165,43
6,665,6433,6
6,598,6537,3
6,670,7091,22
6,663,38621,22
6,4000,41083,6
8,5494,24834,0
4,4953,32262,0
6,619,19569,6
6,5480,40224,7
66,4985,37026,0
6,648,40606,15
13,5287,10233,14
13,5287,10135,8
6,598,7150,7
13,5286,10373,0
2,5371,31443,0
2,5392,40496,0
9,851,40318,0
8,3791,40974,0
4,244,41424,0
6,1476,41084,0
5,2213,32349,0
6,949,33853,5
6,595,6519,18
15,1271,40797,0
6,1892,40608,7
6,611,43280,2
6,669,6281,16
15,2609,18471,14
15,2621,22279,8
15,2621,28457,6
9,852,34083,0
8,4952,11427,1
6,610,6459,46
6,2551,38621,38
16,5552,30309,0
15,1600,30579,0
5,3570,28312,0
6,942,40779,18
13,3965,42987,0
3,4946,26044,0
66,1566,39977,0
3,3340,18367,0
1,4209,26061,0
13,4950,17735,3
3,1263,33628,0
1,1244,34697,0
8,1698,42262,0
6,665,34758,27
15,1275,30888,0
13,3965,26982,0
8,1698,40084,0
6,2549,1843,47
66,1172,44151,0
4,3457,43219,0
5,1232,40443,0
8,4410,37270,0
9,2790,41035,0
4,2363,41824,0
6,649,6281,23
6,608,7165,16
6,945,24820,11
15,1600,28464,0
6,627,15658,30
8,1698,15569,0
6,941,33204,4
6,668,2235,31
8,5493,41238,0
4,383,41824,0
6,568,14990,118
6,645,6321,8
6,4710,42786,14
66,4988,37370,0
13,4245,30161,0
6,645,6512,89
8,2007,34429,0
6,2550,6246,51
13,5071,9920,0
6,5419,43980,29
6,944,42770,26
8,5494,25517,0
13,4045,10233,23
6,587,38622,19
6,2168,15617,6
9,2071,41043,0
4,3307,4309,0
4,249,37036,0
6,620,40606,19
6,944,36563,9
6,4849,39891,18
8,4556,36301,0
1,4011,36632,0
6,4621,1636,17
13,2532,16055,0
15,4766,32119,0
6,2244,2125,0
3,2429,40644,0
6,4538,2125,9
6,626,41396,1
8,1260,37493,0
4,3307,41427,0
9,854,40317,0
6,565,40611,5
6,2549,38621,5
5,5913,7373,0
5,5913,7656,0
15,2607,22531,7
17,2841,24216,0
4,2889,41426,0
4,5222,30188,0
13,3558,10041,0
2,5476,2075,0
6,630,36437,13
8,4534,41969,0
4,3457,4629,0
1,4209,30484,0
13,4950,35391,2
6,644,1707,11
17,2724,34858,0
15,4764,30887,16
9,851,40435,0
6,4710,40224,10
6,641,33853,60
15,2607,40880,7
15,5191,25136,0
2,4450,40539,0
6,610,45221,11
6,576,6280,4
66,1806,37027,0
6,3719,45167,8
2,1230,38995,0
6,1938,40223,2
6,608,43286,45
6,2545,41083,18
13,6108,31401,0
3,3925,40385,0
6,4971,41083,43
2,6082,40653,5
6,663,45221,7
6,613,14970,23
6,565,32053,19
6,944,6365,6
6,2242,6512,164
6,2549,33852,44
6,650,32054,85
6,650,33855,57
6,944,6359,8
6,665,24819,17
6,944,6324,20
6,1892,14821,1
6,2168,1841,2
6,637,6614,6
6,4003,33854,26
6,4003,21465,12
6,4088,6613,49
6,4005,6507,3
6,673,14823,11
6,1478,21465,33
6,665,35328,5
6,651,6324,20
6,587,14912,41
6,989,14507,16
6,598,14507,7
6,599,21468,41
6,4272,7165,13
6,645,14910,20
6,1814,24819,34
6,670,2018,12
6,2244,14823,20
6,651,35919,12
6,1478,24960,4
6,1938,32054,21
6,641,35329,1
6,669,14822,24
6,627,34757,12
6,581,32117,11
6,635,24819,51
6,624,6462,21
6,634,23098,15
6,580,6462,3
6,639,33204,25
6,2547,1713,7
6,665,14506,27
6,945,7165,13
6,565,33852,7
6,2168,2216,51
6,648,15619,17
6,606,6266,20
6,624,6555,22
15,1740,14259,6
6,612,1591,4
6,635,6433,23
6,2551,38623,18
4,2282,19322,0
4,3913,25424,0
6,5206,14533,5
6,610,30444,10
6,4272,35372,16
15,3005,37983,19
6,599,33853,99
6,944,6278,2
6,5481,40611,25
6,879,6265,6
6,4538,19569,19
6,605,6459,9
6,5207,33852,10
6,2942,36437,6
8,5234,11182,0
6,639,6246,25
15,1607,33103,0
6,668,21466,14
5,5711,41651,0
9,2794,8617,0
8,1248,11523,0
3,5406,19635,0
6,5480,15393,12
6,4273,6537,10
6,2243,33204,14
3,4946,34450,0
6,645,4974,13
6,5481,6507,74
4,2091,4458,0
6,621,14990,41
6,1476,1636,0
15,1739,39428,0
6,667,6322,59
2,1348,40903,0
66,5821,37369,0
6,606,6613,15
6,5207,6537,12
5,4646,7656,0
6,631,2216,28
6,630,7091,5
8,5493,11021,0
4,2678,3966,0
4,4362,30188,0
5,3922,41651,0
1,4009,13060,0
6,638,36563,1
13,4045,42003,16
17,4087,24216,0
4,1707,4627,0
6,616,6321,31
6,651,14821,15
8,1697,15675,0
6,5482,38621,10
66,4850,41564,0
6,672,2013,9
66,4860,37369,0
5,5711,27709,0
9,2788,8626,0
6,599,1709,17
6,1892,43283,32
2,6082,27701,4
13,4134,9920,11
15,4765,39429,8
6,597,23135,38
6,4878,33855,6
6,946,14959,33
6,670,19644,6
3,1077,24204,0
8,4423,25517,0
66,5971,36791,0
6,622,6613,13
17,6003,14722,0
6,2168,42770,15
6,1478,6555,1
6,2541,2013,61
8,1698,35393,0
6,649,43980,6
3,3341,5592,0
6,2168,1708,33
17,5080,24028,0
6,944,40608,12
6,640,45167,8
66,1188,36815,0
15,4766,44584,0
6,622,6309,4
5,5405,27843,0
1,2011,13060,0
13,3598,38141,0
8,4556,23265,0
4,4811,37275,0
6,641,14822,16
6,627,41085,32
13,4133,10733,0
15,2614,36054,0
6,610,40781,12
15,2622,20671,0
6,949,32052,11
17,5416,14721,0
6,2190,1636,24
6,3719,38621,24
6,949,2093,2
15,2613,18471,0
13,2859,9958,0
4,4784,16587,0
6,635,2018,11
6,5482,14926,48
13,2707,18883,0
6,606,6551,4
9,1156,8627,0
5,1182,28810,0
6,5481,33853,33
5,2213,26195,0
8,2717,41969,0
6,5549,41382,0
13,5385,16055,0
6,669,6309,20
5,5913,36347,0
9,2791,34083,0
6,4971,2125,24
15,1600,43090,0
2,4450,41190,0
9,852,8639,0
6,577,38623,7
6,4621,45172,12
2,6082,39746,6
6,576,6321,5
6,595,40223,5
6,653,6555,4
4,2678,42776,0
13,5165,10041,0
3,3341,44566,0
13,5164,16142,0
6,665,40223,2
6,652,1703,6
2,6082,36184,8
6,640,45170,8
1,6043,37832,0
6,567,1826,6
6,601,15168,1
6,623,23139,33
6,641,32052,34
6,653,6389,6
6,588,32116,12
6,602,32117,4
6,609,33855,4
6,647,14823,51
6,3719,6361,6
6,3719,6993,7
6,942,30446,115
6,609,24820,9
6,606,32117,19
6,2543,6680,1
6,639,14821,64
6,601,22244,12
6,616,22244,19
6,2244,34753,48
6,2546,33854,6
6,647,30446,20
6,647,34753,26
6,606,2053,53
6,630,34752,26
6,942,32117,20
6,579,14990,9
6,611,21465,35
6,2550,33851,13
6,604,7165,10
6,4540,19472,7
6,4000,34755,16
6,669,1713,10
6,654,35328,11
6,941,25602,5
6,630,19472,21
6,669,14506,54
6,989,21465,25
6,622,30445,77
6,1476,32053,8
6,628,34755,2
6,2547,1841,6
6,592,14822,10
6,646,14919,30
6,2244,2053,26
6,613,6985,17
6,645,6462,21
6,634,22244,9
6,1078,32052,16
6,4088,1633,12
6,949,22244,8
6,627,6265,65
6,650,34754,107
6,638,6265,18
6,653,6278,5
6,579,2216,21
6,603,6265,14
6,675,2216,8
6,580,6613,8
6,650,6321,47
6,603,6620,6
6,4878,14533,10
6,628,7091,33
6,649,15620,1
6,629,14959,54
9,2788,8646,0
1,1312,13060,1
6,628,34752,41
6,611,36563,19
6,941,14822,2
6,671,17976,57
6,587,38621,8
6,601,33853,21
6,2541,1713,14
6,2190,7051,6
15,3005,19017,8
6,5479,40606,4
6,5479,35375,22
3,2598,18367,0
8,5492,35393,0
6,568,40782,51
8,3518,40084,0
6,5482,6537,21
6,4614,6265,58
6,577,7091,14
6,640,6427,70
6,4878,2258,13
6,1476,2125,0
6,622,1843,28
6,2543,36437,24
9,921,8627,0
6,944,19644,28
15,2607,39429,8
5,5084,33747,0
4,4669,4141,0
5,2247,28297,0
3,3340,37837,0
13,4048,39738,10
6,567,38621,20
6,565,6281,10
66,1566,37026,0
8,4682,12000,0
13,2534,10041,0
8,1699,41578,0
6,4710,42770,0
66,1806,40823,0
4,3914,30188,0
15,5895,32169,0
8,4398,39740,0
8,3336,38990,0
5,1944,7593,0
6,5482,42771,3
5,4646,7593,0
3,4964,27716,0
3,1263,35395,0
13,5069,9852,2
15,4764,18935,0
8,4162,35393,0
6,1815,6309,7
3,5746,40385,0
66,2357,41810,0
6,668,1703,64
2,3500,19098,0
6,654,38622,12
1,3131,12157,0
13,1085,42737,0
6,628,34758,49
6,673,17976,39
6,565,43287,6
4,4362,34694,0
15,4760,25094,0
4,5020,44074,0
8,5496,11235,0
6,2052,6507,12
6,2243,6324,31
13,2292,36232,0
4,2385,41427,0
5,4659,27709,0
6,942,6309,39
6,4878,17112,3
8,5536,35693,0
5,4232,22081,0
6,2550,38621,37
6,4273,6613,37
13,4045,10135,6
17,5131,36372,0
9,1159,36762,0
6,880,7151,5
66,1224,36802,0
8,3347,16347,0
6,569,24820,24
6,4878,40604,15
6,589,7095,32
4,4953,40659,0
66,2693,36942,0
8,2332,37493,0
5,5241,40444,0
66,4853,36802,0
13,4045,37042,4
1,2008,16037,0
4,2641,41276,0
6,616,6573,18
3,1263,40382,0
6,645,6601,8
66,4845,39542,0
15,2609,20749,7
15,2621,37521,5
15,2621,28464,6
6,606,42771,17
8,2333,37285,0
6,2942,42769,0
2,88,37835,0
1,2009,20518,0
6,627,42771,14
9,3035,40316,0
8,5850,23265,0
9,3043,40422,0
6,5482,1890,7
15,2609,29566,0
6,633,6319,69
15,4764,41300,6
6,4970,2018,92
4,1726,37833,0
8,4682,15675,0
5,5240,40895,0
6,570,43287,38
6,565,40224,4
9,860,8627,0
6,5419,6512,132
6,568,6555,15
8,5495,16347,0
17,2724,37280,0
6,4272,40224,21
6,3719,6322,12
1,6216,25451,6
3,5920,27715,0
6,594,44514,5
6,619,1722,6
6,642,33852,30
6,603,34347,7
6,2242,24820,78
6,2243,2053,63
6,647,6693,24
6,647,32117,24
6,3719,32052,12
6,570,6389,20
6,2242,32054,125
6,879,32053,4
6,607,33851,5
6,620,33851,12
6,2168,32116,45
6,650,6361,20
6,654,22244,5
6,581,34752,58
6,641,21468,8
6,573,14961,13
6,641,35373,4
6,631,32629,11
6,620,24819,12
6,1628,35372,27
6,627,34752,17
6,651,6423,63
6,581,14506,28
6,603,23133,49
6,641,34753,10
6,650,6519,50
6,576,2235,35
6,588,24820,9
6,1476,22242,6
6,594,34757,49
6,942,14506,35
6,945,21465,5
6,668,34755,7
6,4000,7146,34
6,581,24820,6
6,4003,1841,32
6,642,21466,8
6,666,36437,5
6,652,23134,45
6,623,2216,6
6,672,34758,7
6,606,33854,14
6,4270,15620,8
6,628,33204,25
6,577,30444,23
6,612,6620,4
15,1740,25097,4
15,1740,25094,5
6,638,6433,10
6,880,6459,10
6,576,14533,30
6,598,33852,13
6,2243,6423,37
6,653,1728,10
6,2942,2097,10
5,5083,28975,0
8,5031,11420,0
16,5320,23407,0
6,589,1728,2
8,5157,36301,0
6,5481,24820,4
6,646,40779,17
5,873,28312,7
6,4002,1843,1
17,5416,37271,0
6,652,2093,16
15,1274,37983,0
17,5131,18191,0
15,1037,22280,0
6,594,34758,53
4,3307,19323,0
17,4919,19069,0
3,3031,22934,0
6,2168,15023,5
3,1332,5647,0
6,607,14962,1
6,664,1703,20
13,5287,9866,16
9,1159,33998,0
1,2009,37491,0
3,2860,34450,0
6,639,38621,9
6,4270,33853,23
13,5464,29650,0
6,4614,40778,7
6,4614,1591,17
6,594,38162,8
4,2641,16587,0
5,1904,40370,0
6,4274,7047,16
6,568,6462,41
6,4970,33853,27
4,3911,19322,0
5,1182,40370,0
6,5549,40224,3
15,4767,41656,0
5,5083,7373,0
9,2794,41774,0
6,579,1707,48
6,4540,23135,17
15,1276,38085,0
5,2213,30181,0
6,949,1636,16
6,674,6452,8
9,2794,31553,0
6,582,34757,26
8,3998,16347,0
6,4621,2216,6
13,4333,10202,0
6,579,42173,11
6,614,14823,9
13,4093,31401,0
6,4971,2097,27
6,5481,32054,6
6,587,6322,20
6,635,38623,68
6,4849,6427,32
6,5206,33852,14
6,620,6322,8
6,4621,2053,1
6,1814,6331,7
6,675,1591,0
66,4986,42142,0
15,3004,25136,5
9,2794,34594,0
6,5481,6537,36
6,645,15619,26
13,2532,10041,0
6,646,1591,2
8,2425,15569,0
6,948,34758,39
66,5958,37370,0
8,1996,42261,0
6,611,35375,43
6,4000,42769,15
3,3709,4,0
6,620,6555,15
9,2787,31555,0
13,3546,29654,0
3,4946,26669,0
8,4347,15675,0
6,2190,33853,105
8,1258,33863,0
6,5483,6601,32
3,3011,24880,0
6,581,19569,21
6,610,39891,5
3,3743,17183,0
8,2462,36503,0
66,1224,36791,0
2,66,36099,0
66,1566,40824,0
6,5719,6537,1
6,607,23135,80
8,4877,41236,0
6,611,43284,2
6,620,6462,27
1,5800,39812,0
8,2112,22237,0
5,5332,8042,0
1,1672,38749,0
6,652,42787,1
4,4671,40877,0
4,4362,4309,0
2,5371,31447,0
6,616,42786,2
6,604,6512,5
17,4087,37836,0
8,4534,37838,0
1,5804,39816,0
1,2096,13060,0
6,631,6423,26
17,2847,15389,0
17,6003,37836,0
6,587,42771,4
8,5235,40909,0
8,3175,23265,0
15,2621,41595,7
15,2621,40817,8
6,589,6339,23
6,637,45157,8
2,4450,43675,0
2,1960,37835,0
8,5398,45371,0
15,2609,40818,0
6,581,43285,17
6,589,1591,24
13,5286,17735,0
6,674,38621,4
8,2781,37493,0
6,642,42787,5
3,2095,37276,0
6,626,1712,8
15,4759,25593,0
6,620,24960,7
6,570,33855,4
6,608,32053,17
6,613,14924,8
6,613,6389,23
6,620,1632,1
6,1892,14822,10
6,668,1890,77
8,4343,11427,2
6,989,14821,19
6,654,15168,5
6,602,14823,18
6,601,22242,6
6,582,19472,76
6,632,33854,22
6,645,15168,3
6,603,19644,19
6,4272,6693,12
6,642,34754,24
6,948,21466,19
6,1939,34753,37
6,1628,24960,10
6,2168,21468,33
6,613,17112,29
6,942,33854,21
6,611,14507,11
6,581,22244,34
6,602,14822,1
6,2543,35374,2
6,942,34753,15
16,3313,34432,18
6,582,14914,44
6,944,35636,2
6,611,35328,13
6,619,1645,3
6,629,1707,17
6,4270,25602,31
6,637,6462,3
6,2190,6427,74
6,601,15658,48
6,632,19472,11
6,637,6613,50
6,1078,2511,8
6,949,34753,5
6,669,1703,24
6,2243,34755,13
6,615,7151,1
6,652,7144,31
6,650,1703,33
6,949,6512,74
6,668,1916,11
6,568,36437,16
6,1447,6433,1
6,610,23139,25
6,577,6507,30
6,580,6519,7
6,879,6512,11
6,945,6519,22
6,604,32117,26
5,1792,37416,0
5,873,7593,8
13,4584,9906,0
8,1699,36301,0
6,663,40607,2
2,5137,36184,0
6,4000,19644,23
4,4723,4141,0
6,651,2216,22
6,5482,1591,0
5,5084,28297,0
2,3867,23965,0
8,5497,40909,0
8,4908,11427,0
6,4274,24819,48
9,1154,33082,0
4,1661,37275,0
15,4417,41143,0
13,2538,9852,0
2,5392,40481,0
8,5496,11427,0
6,1477,6281,25
8,5518,21490,0
8,5100,10977,6
6,2190,1843,31
8,2850,11067,0
6,4272,6999,8
3,177,17972,0
6,631,7150,12
5,5913,22081,0
66,4860,41907,0
8,5293,24833,0
8,4359,11523,0
8,1698,36503,0
4,2649,40877,0
6,649,33853,51
6,5717,6319,16
6,5418,6452,4
6,663,42770,22
2,5446,31462,0
5,4646,28297,0
66,2288,37365,0
15,4760,41595,0
4,1503,41823,0
15,5895,31616,0
6,1938,6309,0
8,3373,41578,0
1,4007,37994,0
13,4048,29887,5
6,663,7047,10
6,4001,6331,0
6,599,7091,40
5,5913,41945,0
5,4217,41808,0
6,581,43286,43
13,3537,22480,0
66,5379,38066,0
4,3855,36508,0
6,598,38622,0
13,4245,37839,0
6,5550,6452,0
6,571,6555,1
8,4682,11182,0
6,576,6512,6
6,675,6537,8
6,2168,42769,58
6,626,6320,7
6,5482,36563,12
4,2445,42774,0
6,460,6985,32
6,571,24819,11
6,594,6507,78
6,5483,44244,14
6,668,42769,27
3,2095,22934,0
6,649,19569,7
6,2545,2053,22
6,633,42172,14
4,4990,34417,0
9,1155,33997,0
8,5489,45371,0
6,2052,2511,12
15,3208,15632,3
6,2245,45221,0
6,948,40608,20
13,4048,39085,3
8,2007,11253,0
13,4950,29648,1
6,611,1632,1
9,2794,41782,0
6,5483,40604,9
6,2168,40606,8
15,1739,14800,0
8,4632,22237,0
6,642,6280,15
8,3791,40909,0
4,4953,25115,0
6,4273,6555,6
13,2710,37829,0
4,3936,40707,0
66,2433,37025,0
6,596,2018,14
5,5272,40443,0
15,3213,40817,0
1,2020,12854,0
15,2621,15608,2
6,4614,2449,6
6,668,42172,23
1,2009,19311,0
4,4811,37833,0
15,4761,32851,0
6,652,40224,12
6,665,42787,32
6,648,1839,17
13,5700,9964,0
2,5475,40827,0
15,2607,25593,6
4,3014,16587,0
8,5424,10975,0
4,5768,42776,0
3,3031,17183,0
13,5165,29657,0
6,5482,43283,65
4,2678,4627,0
6,674,41085,11
13,5436,9890,0
1,3652,20770,0
3,658,4,0
4,5487,41825,0
6,649,43978,18
1,2012,14017,2
3,4946,4,0
6,620,6246,16
6,619,19472,11
6,648,32629,54
6,642,22245,20
6,615,14823,12
6,645,34752,7
6,2546,2018,21
6,1939,2053,24
6,653,21468,9
6,654,32116,15
6,652,32053,11
6,4088,35372,7
6,620,21465,8
6,879,35373,10
6,989,1890,38
6,4272,24960,17
6,1477,6985,9
6,583,35636,3
6,2245,35636,18
16,3313,24850,2
6,1938,33854,65
6,571,30444,9
6,2190,6452,26
6,637,32117,14
6,666,34758,18
6,567,1728,5
6,4540,14823,8
6,2190,2258,37
6,587,34757,3
6,1477,33854,24
6,626,14533,15
6,650,1645,24
6,4710,6985,2
6,598,6507,13
6,4614,15006,19
6,576,22244,2
6,589,24820,14
6,460,6620,29
6,4272,6512,55
6,2168,38622,44
13,3862,10041,0
6,4001,2511,60
6,4710,24820,2
6,5481,36563,26
17,5119,19069,0
15,1037,14711,0
6,624,15619,9
6,642,32054,10
6,5207,14533,15
6,579,17976,151
66,4853,36795,0
6,588,7165,63
3,3708,17183,0
13,2369,16142,0
5,1338,7593,0
3,1396,34992,0
6,582,1708,9
66,4985,36943,0
6,5206,6512,10
9,1153,31553,0
15,3016,22279,0
3,4236,5647,0
6,630,41084,5
2,5371,40589,0
6,4621,7095,4
8,5426,36095,0
6,4621,41083,9
6,611,40780,7
3,1034,38826,0
1,5804,41953,0
3,3340,18368,0
13,2708,29651,0
8,5536,42872,0
6,618,6613,45
6,665,40606,3
6,619,14822,13
4,4953,4458,0
6,598,2511,2
9,3345,41775,0
1,2500,38751,0
9,2790,40435,0
6,639,24819,50
2,5393,39338,0
6,4088,14823,11
6,5549,36437,5
6,1628,33853,73
8,5394,27771,0
6,460,6462,10
6,648,7144,12
13,5164,30161,0
13,4584,10135,0
6,5419,6265,101
1,4798,23260,0
3,2471,36096,0
66,5823,44151,0
6,5479,2511,6
5,3492,40261,0
6,639,6555,11
6,671,2018,0
6,568,38622,9
3,2598,36403,0
9,860,8646,0
3,3011,4,0
13,3172,26982,0
6,619,4974,25
6,600,19644,7
6,1476,41083,0
6,607,4974,30
4,417,40877,0
66,1659,37370,0
6,5419,24840,51
6,5418,40224,85
13,4583,42003,0
1,2008,41997,0
4,1710,37275,0
6,565,40610,1
6,945,1843,2
6,622,38621,4
8,3249,37285,0
6,4003,2125,0
2,3259,39746,0
4,2091,40659,0
6,618,14821,6
6,5482,14959,65
6,4710,24839,3
6,573,42771,3
5,5726,40939,0
4,3913,36092,0
4,3123,29710,0
6,4273,6507,36
6,4270,6319,29
6,5549,6512,5
15,4762,40000,0
15,3004,14249,0
5,4680,28857,0
15,2607,37982,10
6,649,40223,14
6,621,6459,8
6,4539,6555,11
6,4088,41083,12
9,2791,8619,0
6,639,42771,18
6,989,44516,0
6,4272,40223,31
6,576,44514,3
6,569,34758,8
13,4636,10041,0
6,569,32054,25
6,601,32116,16
6,636,22245,1
6,611,6614,6
6,616,6389,6
6,570,32116,22
6,1892,22245,7
6,942,17109,20
6,649,2053,8
6,581,21465,11
6,629,34754,33
6,586,35374,1
6,588,21468,12
6,2551,35374,24
6,1814,21465,7
6,626,21468,7
6,4275,34753,28
16,3313,24653,7
6,1939,32117,22
6,569,33852,28
22,1799,36188,4
6,604,14821,18
6,567,2097,11
6,582,24819,11
6,654,15658,123
6,4710,2013,31
6,4540,2053,18
6,4849,4974,6
13,4046,17735,8
6,4878,14970,24
1,5525,13060,0
8,5494,36499,0
6,4001,32052,1
6,649,34754,17
6,5207,6519,24
3,177,34992,0
6,607,1839,6
6,2242,36563,9
5,873,8294,6
5,873,37274,8
3,1332,24828,0
8,5495,12001,0
6,4538,38622,2
8,4637,11019,0
6,5480,40223,6
4,1485,25115,0
6,948,6246,30
3,3743,32506,0
13,4279,9890,0
13,3546,31401,0
5,2669,28297,0
8,4682,40052,0
5,5053,7365,0
13,4334,29654,0
8,5424,41969,0
8,5497,39832,0
6,618,40604,1
66,4850,38927,0
6,611,33851,22
13,4134,10392,12
6,606,14823,44
4,5219,30188,0
15,4417,25136,0
6,639,6322,16
8,5289,37285,0
6,581,2258,12
1,2010,18556,0
5,5061,7373,0
6,2543,2449,5
15,4763,26858,0
6,1476,24839,0
9,3043,8629,0
13,4950,27006,0
8,5507,35334,0
13,5700,41372,0
6,633,6452,14
6,581,24048,5
6,598,42173,10
9,2071,40319,0
6,2551,6331,0
6,576,6309,16
6,629,14333,4
4,3544,37833,0
6,941,17976,42
13,5519,32177,0
3,3011,19758,0
15,2608,41595,0
1,2010,21894,0
13,3863,41106,0
15,1609,31834,0
6,595,24819,3
16,5721,39017,0
8,4967,37697,0
4,4713,3950,0
15,1600,25136,0
6,565,14823,3
4,2823,34509,0
17,1335,14635,0
6,675,32054,0
6,653,35375,6
9,3043,33994,0
16,4522,24212,0
9,1069,33677,0
13,2298,9920,0
4,3782,37833,0
8,4712,11235,0
6,947,40223,6
6,2190,41084,20
6,2168,1712,36
6,577,40606,9
3,1179,41845,0
5,1686,41945,0
3,3003,41664,0
4,4723,41424,0
6,4621,1890,6
6,640,40604,16
6,670,6319,0
13,5071,29887,6
8,5291,37285,0
4,4953,3950,0
6,604,6519,13
3,3295,29748,0
6,652,42768,8
66,2693,42142,0
13,5165,41816,0
66,4984,36791,0
3,3003,27715,0
4,4804,41424,0
13,4950,29654,2
6,1477,6999,13
66,5903,36875,0
1,5899,13060,0
6,581,15619,6
5,2213,24871,0
6,630,7150,8
66,2321,36942,0
3,5406,30088,0
66,4860,40706,0
8,3175,24833,0
4,4285,19323,0
4,2631,40659,0
15,2621,39429,10
8,5606,11427,0
6,649,32054,27
6,644,45221,12
6,668,6280,16
1,6216,14017,6
13,4584,36094,0
6,627,42768,5
6,669,42786,10
9,860,41034,0
8,4392,11427,0
6,1938,42786,0
2,5138,40363,0
2,5270,42760,0
15,5191,25593,0
6,2242,2125,15
5,1294,39005,0
5,3253,8042,0
13,5164,41554,0
6,663,6379,39
6,630,14822,14
6,642,15168,8
6,652,22242,12
6,635,6361,20
6,4088,14960,6
6,596,14823,3
6,4088,14989,40
6,460,33852,29
6,621,23139,18
6,616,34752,21
6,592,19644,8
6,616,24820,21
6,1476,34753,20
6,625,33854,3
6,4272,32054,8
6,1078,33851,14
6,607,35329,4
6,651,14822,17
6,4540,32053,3
6,669,34753,26
6,669,25602,18
6,608,7146,17
6,639,6462,2
6,1939,15658,95
6,607,7091,19
6,943,21466,1
6,635,35636,29
6,652,2258,28
6,648,7091,36
6,569,6266,18
6,4878,6427,6
6,4273,15620,6
6,665,6393,3
6,1892,7144,6
6,640,6620,33
6,650,6999,132
6,4002,7095,5
3,3708,24204,0
6,603,2097,32
2,1841,23261,0
6,648,1890,8
66,5379,38065,0
4,3915,37833,0
8,5492,33627,0
6,5206,6519,2
8,2673,25517,0
6,4970,1709,28
13,3862,30161,0
6,645,6279,10
13,5287,36500,6
6,945,39891,6
6,607,6265,22
15,4767,28459,20
6,652,40604,1
13,826,17735,0
6,633,6601,14
8,4952,11721,0
8,2596,34405,0
13,4584,10373,0
4,4953,23393,0
6,5716,6459,0
4,2925,22080,0
3,4437,24204,0
5,3030,24871,0
6,4621,7091,0
6,646,39891,13
4,4953,27210,0
66,4987,39551,0
6,605,33204,7
1,1143,38747,0
6,586,14961,11
8,4682,11523,0
15,1270,22531,0
6,626,2018,1
2,5477,43382,0
66,5253,37055,0
8,5424,11253,0
9,854,19806,0
6,573,1707,29
4,4669,15629,0
9,860,41044,0
6,949,2450,6
6,4971,1703,6
5,5082,40370,0
17,1913,19103,0
6,638,35375,2
3,3995,29748,0
6,5419,6772,12
2,6082,27702,4
6,646,17109,19
13,4046,41554,7
66,5822,36787,0
66,5822,36943,0
6,645,6324,9
8,5495,40974,0
6,653,36563,10
1,1830,22556,6
5,1140,37416,0
15,1741,32233,0
3,2598,29748,0
3,6168,5647,0
4,5013,41825,0
2,6082,34426,3
6,943,41083,1
4,383,40732,0
6,947,14333,0
13,4697,29651,0
1,4053,13060,0
3,523,32505,0
4,3544,23316,0
8,4632,15675,0
3,2471,35396,0
6,591,15658,18
8,5507,23265,0
6,4000,14822,18
6,628,40224,7
66,1635,37026,0
8,3642,37493,0
2,5393,40502,0
6,1938,40224,0
66,2356,37026,0
1,2012,21463,0
6,588,7000,6
15,2621,37981,9
15,5896,14213,0
8,656,11427,0
13,3558,9890,0
8,2112,16347,0
16,5552,40655,0
6,4273,32052,28
8,5296,11055,9
6,637,42771,24
3,2598,40644,0
2,1134,3079,0
1,2096,24866,0
4,2385,4458,0
13,4245,29654,0
5,4680,40939,0
66,5822,40706,0
2,5555,23965,0
2,1341,19098,0
6,4538,42786,0
66,4745,36791,0
8,5497,42741,0
13,3536,27006,0
9,2794,19804,0
6,667,6278,21
6,5418,14534,6
15,4760,38085,0
8,5491,16347,0
6,568,42771,1
9,855,23274,0
15,1739,39429,0
15,4760,42332,0
8,4182,40974,0
8,3055,43730,0
6,595,43287,31
6,4088,42771,1
8,3128,40974,0
6,626,6365,7
6,609,1712,17
6,649,15168,6
6,2543,7165,11
6,620,6680,12
6,1938,22242,27
6,4005,6359,1
6,649,34347,3
6,597,34755,3
6,570,32052,1
6,2550,34757,11
6,603,1636,25
6,606,34347,2
6,941,34755,8
6,623,33851,22
6,599,32053,45
6,949,22245,15
6,1078,1890,26
6,640,34755,32
6,1939,6985,9
6,582,21465,16
6,653,35328,3
6,609,14821,19
6,2547,35636,6
6,653,6452,13
6,1476,34755,5
6,637,34754,4
6,639,2018,5
6,4088,2097,31
6,2242,33204,105
6,601,14533,10
6,1447,1591,8
6,608,6999,35
6,631,7144,3
6,880,1843,12
6,638,7095,4
9,5229,23724,0
13,3753,30161,0
9,2787,8619,0
6,2942,1846,3
6,639,14534,7
5,4658,37038,0
6,593,1709,1
6,4621,1839,26
13,5435,16146,0
6,5206,2258,14
6,4970,14823,36
5,4680,31383,0
5,5082,37416,0
6,634,15658,6
4,2996,36508,0
8,4347,11021,0
6,571,6507,39
8,5394,40909,0
8,3920,35334,0
13,4333,26983,0
6,2243,2097,8
15,4765,14565,6
6,2244,6309,3
6,641,6687,6
8,1698,25517,0
1,1091,38745,0
2,5597,38530,0
16,5552,31940,0
2,1960,40508,0
6,650,6309,94
1,4009,25609,0
6,624,6324,22
8,3920,38990,0
15,1277,39835,0
6,645,7165,15
6,602,23135,6
6,620,6423,27
6,629,38621,6
6,608,44516,12
6,601,6686,1
6,4621,42769,1
6,582,43287,34
3,523,43593,0
13,4133,29651,2
8,5398,44604,0
1,5439,41953,0
13,2539,22480,0
6,5481,33855,7
1,6230,13060,0
6,597,6555,2
6,565,34753,17
2,5336,42942,0
4,1742,4621,0
13,5165,29673,0
9,2792,40436,0
8,5494,33627,0
6,1815,45170,3
15,1275,17463,0
4,3622,43946,0
13,4047,9920,16
13,4016,288,0
6,674,6555,0
4,3855,25447,0
3,4437,37837,0
15,3005,32169,0
13,3753,10392,0
6,946,6613,44
13,4279,9964,0
4,4886,37035,0
9,860,40318,0
15,3208,41046,0
6,4274,41396,19
8,3791,39739,0
6,611,41396,4
6,588,2141,1
2,5368,40491,0
6,583,6309,1
5,5083,24739,0
13,4135,38988,12
6,2168,6613,12
2,5531,42299,0
3,2095,32506,0
9,3036,33994,0
6,669,7091,13
6,583,15395,22
8,5496,16347,0
9,3042,40435,0
6,649,6452,16
4,2649,4522,0
9,1159,20112,0
6,603,44516,7
6,645,43280,7
5,2213,28084,0
6,2168,4751,11
6,2190,43977,13
1,3652,34413,0
6,1814,45170,0
13,4584,22480,0
6,5720,1591,0
6,650,42787,31
6,581,42787,1
4,4301,14532,0
13,2531,10041,0
13,6017,9905,0
6,633,6573,23
66,6078,39985,0
8,4727,43534,0
6,632,36437,18
15,3006,37982,0
15,3208,37983,0
13,4046,9852,18
6,663,33851,7
6,567,1650,6
6,4005,22242,8
6,649,34753,3
6,601,14910,4
6,1628,33851,31
6,581,34754,40
6,638,6507,55
6,642,22242,24
6,601,23134,6
6,941,1713,2
1,4563,13060,3
6,617,2018,6
6,1815,2013,59
6,623,34757,13
6,622,32054,4
6,3719,6705,6
6,1476,33854,14
6,588,32053,10
6,4620,33854,10
6,2942,2216,9
6,666,15658,15
6,568,7150,15
6,653,1707,8
6,588,2258,8
6,671,22245,3
6,608,1633,6
6,4272,32053,6
6,5479,6537,7
8,5493,36499,0
6,4275,33853,18
13,2711,9965,0
6,598,2216,10
6,5207,6321,8
6,586,6519,6
17,4377,14635,0
6,2243,1839,8
6,652,40610,1
6,652,1843,4
3,3017,17174,0
6,571,40611,3
6,610,40611,4
4,1902,19323,0
16,3275,38997,0
6,604,6537,7
3,4946,32505,0
6,880,6507,7
6,652,12171,12
5,5082,32349,0
6,570,1708,21
4,3897,4309,0
8,5492,11021,0
3,2095,24855,0
9,2026,32152,0
3,3017,17972,0
8,5507,10977,0
13,5464,10202,0
2,5392,40495,0
6,949,7144,7
6,2546,1839,8
4,2925,29710,0
8,3175,36301,0
66,2321,38687,0
4,4804,34509,0
3,4964,40645,0
8,5233,11253,0
6,5419,6551,69
8,4877,40974,0
6,594,43288,36
9,3345,40316,0
6,629,6459,25
15,2621,37982,5
1,3655,15827,0
8,4313,37493,0
6,4878,6512,37
6,632,38622,10
2,1957,41573,0
5,5726,37038,0
6,641,42787,4
6,604,19569,6
6,5419,42786,18
6,617,43282,5
6,2052,33851,2
6,672,32117,8
1,5735,40665,3
4,4991,30188,0
6,669,6427,90
4,2996,24825,0
1,5800,41623,0
3,3295,38992,0
2,5908,34698,0
6,601,15620,9
6,947,6309,1
6,1815,44514,4
13,3546,9890,0
6,607,6303,8
5,5272,7656,0
15,3208,22279,6
2,6082,34425,3
66,2691,43573,0
4,5768,3950,0
9,857,41780,0
8,5493,45536,0
8,6147,43677,0
8,1698,42743,0
6,645,15620,12
6,5480,1703,0
13,5244,42735,0
8,3385,24118,0
5,5240,7365,0
2,6081,4967,0
6,663,1591,0
4,2822,41824,0
5,5082,7373,0
8,656,11253,0
6,4001,38623,0
1,6216,34413,6
6,607,38621,23
4,4630,4625,0
9,1158,8619,0
13,4046,43741,3
15,3871,45141,0
17,4344,25898,0
13,4583,9920,0
13,4072,20496,0
8,3355,36498,0
6,627,38622,1
66,4980,36795,0
9,2071,41774,0
5,4601,40895,0
3,3516,40645,0
6,670,36437,1
3,3708,30189,0
8,5395,12000,0
1,4209,41567,0
6,614,1712,2
6,4540,6512,3
8,5396,40052,0
8,5235,25517,0
6,5717,41580,17
4,2445,40440,0
6,5482,17109,39
6,602,38621,8
8,5741,11021,0
2,2952,27702,0
6,1066,6246,11
66,1634,37025,0
6,640,6324,27
66,5839,42145,0
3,5731,27716,0
6,582,6281,5
4,5768,14532,0
4,4111,16587,0
4,3855,15629,0
4,2678,3950,0
3,177,4,0
4,2925,42774,0
4,4225,43219,0
13,4244,10373,0
15,3208,45141,6
6,569,14912,23
6,644,6246,22
6,603,22245,6
6,650,24820,82
8,4343,11236,6
6,609,1826,16
6,609,1722,22
6,629,33851,38
6,568,34757,17
6,626,32054,4
6,4272,24820,12
6,663,6361,7
6,570,21468,32
6,596,32052,31
16,3313,34942,3
6,4003,32054,10
6,632,1713,14
6,2549,21465,10
6,2547,24820,2
6,630,35374,10
6,637,34755,2
6,668,19472,22
6,581,35372,16
6,633,6985,8
6,4614,14506,8
6,1477,19472,3
6,2244,1645,8
6,4270,19472,18
6,1078,2216,10
6,609,1728,38
6,624,24054,6
6,1938,2459,8
6,583,1890,4
6,2541,1843,42
6,3184,34753,12
6,1447,6519,2
6,668,33853,29
6,880,33853,7
6,2244,19569,7
16,4945,27233,0
6,587,14506,8
3,1489,34992,0
6,597,7144,5
5,5272,8042,0
8,4179,22237,0
13,4245,10529,0
9,2791,31704,0
8,3298,11067,0
6,4620,2013,16
8,4234,11182,0
6,624,38621,8
9,2026,40435,0
6,587,1839,6
4,2448,19322,0
6,665,6281,18
6,653,40611,4
43,3612,27928,0
4,4804,4458,0
6,1477,6614,10
6,605,6507,8
6,614,6687,3
6,652,2125,25
4,1707,24208,0
5,5272,41651,0
6,4088,6427,8
66,4986,41810,0
3,3516,23956,0
8,4456,16347,0
6,579,35375,22
4,4991,36419,0
3,3017,27716,0
6,1938,6537,22
6,665,24053,6
3,5227,29718,0
4,3538,37833,0
8,6152,11427,0
6,570,17110,38
6,941,38623,1
8,4974,40974,0
6,674,2449,0
1,2020,13060,0
4,2889,4315,0
13,3496,43597,0
3,3925,17183,0
15,1609,37983,0
6,4272,6537,12
3,2429,29718,0
3,2095,23956,0
6,2243,6246,28
15,3005,38211,0
15,3453,45141,0
8,1789,40084,0
5,5266,31383,0
8,5232,10975,0
13,4583,17735,0
8,2460,15675,0
3,1034,18369,0
9,2790,23724,0
6,641,6280,5
8,3791,40972,0
2,5335,40475,0
6,667,39891,31
13,4135,27005,4
4,1706,36508,0
6,948,41395,7
6,5716,41085,0
6,599,2449,4
3,1332,4,0
6,4538,24048,0
2,3343,40269,0
6,4620,24820,8
6,644,6518,8
6,618,6246,3
6,611,42771,11
8,2175,37285,0
15,2958,40880,0
13,5840,22480,0
8,4389,40084,0
8,3421,24833,0
6,5419,19569,79
6,652,19569,63
1,3288,15430,0
6,1478,42771,1
13,5244,10732,0
6,674,6459,21
15,4766,38085,0
8,1912,10990,0
4,1503,22080,0
6,619,2450,3
15,3213,28459,0
6,1814,44516,6
3,3017,5612,0
13,6017,42736,0
13,2536,9866,0
5,2212,28084,0
1,6216,43639,6
5,2212,40370,0
8,2773,11235,14
6,941,6423,0
13,4245,42737,0
6,2543,40223,6
8,5929,15675,0
6,627,14959,2
6,594,22242,14
6,618,6614,24
6,639,6365,3
6,1477,14823,19
6,4001,19644,48
6,2545,32629,1
6,948,33852,30
6,2244,34758,30
6,618,32053,10
6,630,34753,25
6,2245,19644,20
6,2546,1890,18
6,667,14821,12
6,573,32116,6
6,608,19644,1
6,2546,34753,14
6,592,24960,1
6,612,17976,22
6,4270,32053,38
4,1735,23395,2
6,632,21466,11
6,586,6321,1
6,664,35373,28
6,989,2053,26
6,667,15658,36
6,641,33854,10
16,3923,24212,2
6,588,14821,6
4,1786,23393,0
6,635,7150,16
9,2792,31553,0
6,1814,1890,70
6,5479,39891,5
6,597,32117,10
15,4762,25093,10
6,941,32117,3
6,627,39891,8
1,4203,16037,0
9,1153,40317,0
6,668,33854,17
6,581,6280,6
6,634,6459,13
66,4851,38065,0
6,2244,14822,3
6,619,15620,2
6,628,30442,12
8,5742,11427,0
6,638,34757,4
8,2175,12000,0
8,5100,15569,6
4,5014,41824,0
8,2458,11021,0
3,3405,18370,0
8,1248,11427,0
6,596,33853,4
9,852,40317,0
9,852,40319,0
13,4244,10041,0
66,2819,39973,0
17,5333,36505,0
6,598,43285,5
13,4334,9964,0
6,645,14964,1
3,5386,17972,0
4,4905,36508,0
6,621,6511,8
6,675,7151,10
6,5418,6265,106
8,3354,37285,0
2,3500,2151,0
15,4416,35130,0
9,2791,34594,0
8,1699,40390,0
66,4862,36824,0
8,4726,27225,0
8,4162,25517,0
6,5419,2235,21
4,2241,41425,0
1,5527,39812,0
6,570,40223,4
1,6039,13060,0
6,608,1843,4
1,2012,20391,1
15,1607,41046,0
6,642,40223,16
15,4415,39834,0
6,650,6280,20
4,4670,15629,0
4,5528,40441,0
66,4855,37027,0
6,603,6304,17
13,5464,9905,0
66,4981,36811,0
13,2534,32336,0
4,2276,40732,0
15,2635,20327,0
4,4990,41424,0
66,4744,36875,0
6,669,44514,6
6,5483,6573,32
1,4875,37832,0
6,5418,42787,10
66,6218,44065,0
3,2095,37782,0
6,577,33855,13
3,6245,4,0
6,989,45148,0
3,2860,37620,0
6,603,38623,2
8,4637,22237,0
5,3349,37038,0
5,5404,27847,0
6,635,39891,99
3,3516,38992,0
3,4260,37837,0
6,4001,40608,0
66,2692,36801,0
8,3249,15675,0
4,5529,4458,0
9,2787,40317,0
9,1154,33338,0
9,1159,32154,0
6,598,40611,18
8,2717,11253,0
6,5418,6309,154
6,636,2097,0
6,593,34758,15
2,5368,40475,0
6,5482,40777,3
13,3558,9959,0
6,616,4974,45
6,582,38621,6
4,2678,41074,0
4,1302,19323,0
1,4009,36628,0
13,4663,10135,0
6,5207,40224,43
5,5241,30181,0
6,593,1707,13
6,663,6246,39
6,5717,1591,0
8,5810,11021,0
1,4053,33770,0
4,5698,4458,0
66,1620,38687,0
6,593,6331,3
6,5207,6583,5
9,855,40435,0
3,3406,32506,0
6,579,42769,8
1,3651,20778,0
6,611,42172,1
6,598,14533,8
3,1491,17972,0
6,664,33853,14
9,2792,41035,0
6,5483,6379,12
13,2535,26463,0
6,665,6772,8
6,3719,19569,13
1,1830,41567,2
3,2194,24827,0
6,602,42769,12
4,2422,42774,0
8,4234,36503,8
66,5958,43965,0
17,5713,41509,0
9,860,34106,0
9,2788,33998,0
15,2958,44584,0
6,460,43988,8
6,639,45221,3
15,1598,14213,0
8,2112,37493,0
2,5204,44551,0
8,4558,40972,0
6,4849,44244,8
6,582,6280,8
13,5165,29643,0
9,857,31555,0
6,5418,45221,29
6,645,10836,1
9,2794,31555,0
3,1179,40383,0
66,1188,37027,0
6,608,6614,26
6,1939,1890,44
6,669,32117,18
6,1815,1914,1
6,647,14822,24
6,4001,14821,6
6,639,24960,65
6,647,32053,7
6,603,6551,1
6,2245,34346,27
6,576,1650,12
6,601,19472,7
6,649,22242,8
6,1815,1713,12
6,646,24819,18
6,622,35330,4
6,2942,1591,1
6,611,34755,22
6,4000,33852,4
6,947,35636,7
6,652,32054,5
6,622,33851,8
6,605,7091,13
6,2190,22244,62
6,618,7165,18
6,651,6620,2
6,627,14533,24
4,1743,34035,0
15,1040,37983,0
15,3179,29936,0
2,5264,4967,10
6,667,6550,5
6,640,7144,26
15,4762,28459,8
6,596,7095,13
6,587,6620,6
4,4959,4315,0
6,943,15658,13
9,852,33998,0
3,3032,23956,0
8,2559,11427,0
5,2213,27712,0
6,4539,35374,1
17,5521,14447,0
6,4273,7151,12
13,4045,26983,4
6,4878,15658,17
8,2850,21490,0
8,4405,36301,0
6,594,1728,2
3,3010,29748,0
13,4047,17735,10
6,568,38998,21
6,612,6319,1
15,4762,15633,10
6,4538,15658,111
8,5430,39832,0
2,5313,37272,0
8,1697,11067,0
13,4584,17735,0
8,4952,37493,0
13,4015,9907,0
6,2243,40604,29
6,577,24819,6
66,1659,38687,0
8,4180,39832,0
4,1895,22080,0
66,4859,37370,0
6,668,14822,23
8,2853,39832,0
6,5479,43283,24
6,5418,1843,31
6,2543,33853,8
1,4053,25609,0
8,4358,39832,0
6,648,33851,20
6,619,14821,9
6,1628,4974,33
6,667,36563,5
6,5549,7091,4
8,5430,11021,0
6,1938,44514,0
9,3036,40435,0
13,3496,10529,0
66,4863,41810,0
15,1280,22531,0
3,3011,37780,0
43,3613,33719,0
8,4457,40909,0
2,4847,40057,0
6,646,15658,15
8,4234,24833,0
6,603,43281,2
5,2213,27767,0
8,1699,16347,0
8,4967,41969,0
9,1160,8646,0
13,4298,43741,0
1,2101,12327,0
17,3419,31369,0
9,5229,8680,0
6,4001,45166,24
6,989,41083,0
6,630,38623,4
6,2190,2449,13
5,1686,24870,0
6,611,39891,12
5,4837,24870,0
6,2942,1843,6
8,3870,15675,0
8,4179,35393,0
16,5098,20275,0
4,4401,40438,0
4,4074,22080,0
6,618,6423,8
6,608,40778,17
6,666,38621,18
15,4761,25097,0
6,4710,41084,0
66,1174,36824,0
13,3965,9964,0
16,2840,19710,0
6,5549,14823,7
66,1621,37370,0
4,3375,4218,0
3,4964,36096,0
4,2823,3950,0
2,5391,42942,0
8,5088,16347,0
13,3558,36501,0
66,1659,41811,0
4,3914,42775,0
4,1026,41424,0
5,2800,37416,0
4,5158,40442,0
6,649,42768,7
6,599,44244,2
6,598,1707,5
8,3023,22237,0
4,5950,37833,0
17,3334,41788,0
5,5083,42749,0
6,565,6309,10
2,2952,4967,0
8,5575,21490,0
4,2043,4627,0
4,3013,44561,0
17,4394,41067,0
6,663,6278,24
6,4620,45166,12
2,5311,19544,0
4,1742,36344,0
6,4970,2013,33
5,5403,24225,0
13,3558,42003,0
3,5922,40385,0
66,5958,36801,0
6,628,41083,12
43,3611,27937,0
13,2540,10707,0
15,4763,41048,0
6,606,6365,1
6,1447,33852,2
6,944,32629,16
6,1628,32116,11
6,669,6614,36
6,1892,14507,3
6,647,34752,31
6,1892,33851,9
6,946,6359,8
6,641,6693,12
6,2545,1713,18
6,2190,1648,2
6,619,24960,9
4,1735,24846,1
6,613,23098,24
6,649,34755,6
6,2243,6620,22
6,941,14823,4
6,608,6459,38
6,663,34759,5
6,652,22244,4
6,1892,6613,27
6,624,14506,4
5,4110,24847,1
6,1078,38621,17
6,644,24820,38
5,1904,29725,12
5,1904,36483,4
6,633,6613,27
6,601,6512,31
6,989,1839,24
6,4878,34757,21
8,5493,22237,0
15,1042,37983,0
6,618,36563,13
6,638,6555,6
6,2168,39891,2
6,606,14821,5
1,5310,36488,0
6,1066,1707,6
6,622,35375,11
6,4001,19569,10
6,645,6687,9
4,5352,38139,0
17,2842,41069,0
17,5333,34700,0
6,5207,15658,26
8,4180,11235,0
8,2112,37285,0
6,948,2018,4
6,2541,6246,42
8,4405,24834,0
6,2168,40611,5
8,5026,33863,0
15,4767,30887,0
5,4361,40895,0
6,3184,40224,6
8,4234,11253,6
6,609,6537,11
5,5517,41807,0
6,5481,2141,8
2,5514,39746,0
9,2791,33338,0
8,2714,11018,0
4,3545,24825,0
66,2432,40825,0
6,617,6324,18
13,4045,29767,6
9,1158,19806,0
6,1066,6537,5
6,665,42768,12
8,6154,11427,0
6,2243,7144,6
2,5391,31449,0
13,6109,9964,0
2,803,43672,0
4,5487,42775,0
6,645,32052,3
13,6017,26983,0
6,944,6555,26
6,3719,7144,8
3,1034,36504,0
6,639,6324,73
6,1815,38622,6
15,3004,15604,0
8,4180,19956,0
6,1815,2053,27
15,4762,28457,5
13,1085,27005,0
6,591,6512,12
6,591,38622,8
6,1815,14823,15
6,3719,14821,10
1,2081,24866,0
4,1661,40439,0
2,5368,40476,0
6,631,40604,7
5,1397,41807,2
1,4053,23638,0
6,580,6423,18
66,1174,38687,0
9,857,40317,0
9,852,42651,0
66,2433,41811,0
8,4821,37493,0
5,1397,41814,3
16,3562,35331,0
2,6090,4967,0
8,2460,11145,0
13,2299,10135,0
15,2613,29566,0
6,669,45157,4
15,2957,30579,0
8,3350,42261,0
8,5425,45469,0
4,2822,22080,0
8,527,43738,0
6,592,17976,14
6,5719,43977,1
13,6108,10732,0
6,616,32053,11
6,673,32053,7
6,2545,34347,8
6,632,17112,44
6,946,21468,11
6,2942,2459,4
6,1939,35373,7
6,669,24960,7
6,4275,25602,9
6,565,24820,21
6,1478,35328,3
6,667,7151,10
6,4000,21467,3
6,613,32116,50
6,663,35636,24
6,670,14822,6
6,596,38623,9
6,879,22242,5
17,5126,14722,0
6,1814,2235,36
6,639,7151,4
6,4710,19569,10
13,1085,37839,0
5,4647,33747,0
15,2610,28464,0
16,4609,24212,0
6,635,7146,9
6,581,34753,44
15,1280,33103,0
2,5391,40476,0
6,597,42172,8
1,1830,20518,0
6,4088,33853,23
1,4204,36088,0
6,2243,1890,16
17,5034,41067,3
9,4612,8680,0
6,5482,6278,16
6,2547,24819,0
6,2546,1703,14
6,577,35920,2
6,645,2097,1
66,1632,37370,0
6,1815,34758,23
3,143,38992,0
15,2612,40880,0
9,2789,20112,0
8,3264,24878,0
13,5519,31301,0
43,5243,40472,0
6,616,6551,18
5,4223,22227,0
6,1476,2235,0
5,5725,41809,0
15,4418,18221,0
6,1892,2216,22
15,5540,40880,0
4,5966,44051,0
6,669,41084,17
13,4045,29657,7
2,5996,40712,0
6,602,44516,12
2,4622,36184,0
8,5284,40972,0
1,6230,26061,0
13,2536,10725,0
66,4987,42809,0
5,5517,41808,0
8,6077,11427,0
5,4291,41809,0
2,6084,41573,0
6,2545,42769,4
3,3337,4,0
6,565,40223,5
13,6108,9964,0
15,2958,44579,0
6,593,19644,9
8,4457,33864,0
2,1755,4967,0
9,2057,19465,0
6,2549,2018,70
15,4766,25094,0
13,5081,38988,0
8,5234,11721,0
6,2551,1839,59
6,5479,14533,20
15,4762,30580,1
66,4988,36813,0
8,4952,11420,0
4,3542,4627,0
8,5425,23265,0
1,4206,16037,0
8,5491,36301,0
6,2243,32052,33
6,653,39891,1
8,1823,11427,0
8,5294,15569,0
13,3496,29653,0
15,5540,41054,0
6,5479,41395,7
6,1628,19569,27
8,1699,11021,0
15,3872,38085,0
5,5725,41651,0
16,3563,35401,0
66,1632,36800,0
2,5447,40482,0
6,582,2449,8
8,2779,11427,0
5,5083,37416,0
6,945,1707,6
15,4761,39429,0
15,1270,14569,0
6,2052,6323,9
4,2631,43679,0
6,3719,6246,10
6,5481,42769,5
6,949,7051,5
66,4981,37026,0
13,3537,29651,0
9,1152,37098,0
5,5517,37830,0
15,1607,18936,0
5,5403,40443,6
6,628,45221,7
6,616,6680,5
6,637,14996,1
6,591,6693,1
6,654,6389,14
6,2245,2236,14
6,573,23139,6
6,460,6680,6
6,949,6614,42
6,638,21465,9
6,945,6459,10
6,630,35373,5
6,2245,1841,10
6,4849,34755,3
6,592,33204,7
6,650,35373,20
6,2551,1591,3
6,665,1841,3
6,589,15024,17
6,4001,7095,9
6,594,1870,8
6,606,7091,17
6,663,6462,120
1,1830,36636,0
6,663,33852,3
6,616,2097,27
6,579,24819,15
8,4616,15675,0
8,1699,24834,0
15,4911,31616,0
17,2842,24216,0
5,5082,27709,0
8,5100,37493,12
13,2537,26982,0
6,2543,6280,1
8,5122,39832,0
6,5418,6280,42
9,2186,32151,0
6,618,7095,15
66,4859,36808,0
5,4110,35324,1
5,4110,28312,7
5,3029,31383,0
6,1447,6999,3
6,2242,6321,21
15,2609,41905,1
8,4490,21490,0
6,4000,38623,10
8,5100,36498,6
1,4717,38747,0
6,588,6512,3
13,4133,36094,0
9,4612,40436,0
15,4762,14711,12
1,5926,13060,0
9,2071,31704,0
8,1342,11427,0
8,5100,24834,6
2,4622,36780,0
15,2979,40817,0
6,668,33204,8
6,587,36563,9
66,4852,38683,0
1,5565,40670,0
8,5157,23265,0
8,4749,37493,0
6,607,19644,5
6,569,40611,5
6,2545,24839,11
3,3708,37837,0
8,4234,12001,1
8,4668,10977,6
6,2242,19569,9
6,4970,2141,22
8,3354,11420,0
15,4760,41593,0
17,4396,37280,2
6,4538,14534,0
6,2244,40224,0
8,3350,16347,0
5,1293,41651,0
8,3350,37493,0
1,3051,40663,0
4,3123,4141,0
6,648,45221,10
2,3343,41257,0
16,6124,34702,0
66,4863,42145,0
4,1707,36091,0
8,5423,11427,0
5,4291,40370,0
8,4668,11253,5
8,3350,24833,0
6,675,41085,10
4,4670,40707,0
6,5418,44514,52
8,1912,11018,0
15,1271,15605,0
5,4291,35324,0
1,3688,37832,0
6,631,38623,1
17,2844,18190,0
9,2789,33995,0
15,2959,17162,0
6,1815,40223,3
6,588,6309,19
66,4972,36791,0
6,666,6613,13
66,2691,37027,0
6,1447,1708,1
6,627,41396,7
6,621,42172,4
13,4584,29651,0
17,2203,18190,0
13,5164,26462,0
2,5595,27734,0
3,1489,30088,0
5,1233,22229,0
1,4053,36757,0
13,4047,41616,3
5,5517,28810,0
4,5013,24825,0
4,1166,30188,0
9,1156,40318,0
13,4135,38140,43
6,2547,33853,6
66,1566,36800,0
4,1290,3950,0
2,6049,42758,0
6,645,43977,12
9,1158,15246,0
6,674,7051,0
6,1078,6462,0
4,1026,3950,0
6,637,6303,4
6,641,6462,5
9,3244,8634,0
6,618,45157,8
2,2334,40713,0
66,1805,43573,0
6,4878,7165,12
1,4797,12795,0
6,606,14822,14
6,608,6693,10
6,565,33854,4
6,2190,6693,36
6,615,22245,9
6,635,6365,14
6,945,34752,14
6,2541,34758,8
6,648,24960,15
6,645,6985,9
6,565,24819,36
6,630,33851,6
6,4540,7165,14
6,630,6614,11
6,1066,33852,2
6,608,19472,16
6,582,21468,21
6,879,34753,4
6,4878,2516,6
6,4274,35636,18
4,1735,25115,20
6,2244,35372,17
6,568,6613,17
16,3923,24650,1
6,674,35636,16
6,4274,21468,7
6,611,6537,17
15,1270,19017,0
6,617,14821,1
9,1154,33995,0
6,640,19569,15
8,3572,36301,0
2,5368,40477,0
6,1814,19644,26
8,1912,10977,0
8,1495,37285,0
8,5504,37285,0
2,4208,25430,0
1,5527,39813,0
1,4053,34006,0
1,4204,34351,0
4,5218,4218,0
6,610,32054,4
15,3004,42959,0
2,1753,36506,0
9,852,33997,0
1,2008,20851,0
3,658,24204,0
2,5475,19098,0
6,675,14533,4
8,5576,37285,0
6,627,34759,12
4,2646,40440,0
15,4913,42330,0
8,2174,21490,0
6,673,38623,11
6,5479,6687,9
6,949,17976,55
2,3506,43383,0
9,1152,31553,0
1,5128,43640,0
6,2547,6309,14
8,5852,24834,0
6,632,40224,1
6,944,42771,12
1,5565,24841,0
6,460,43977,7
8,3359,10977,0
4,417,44387,0
66,5819,42807,0
13,826,43753,0
6,637,44244,3
2,4958,21358,0
6,599,7146,11
66,5973,36803,0
4,3897,40752,0
1,6202,13060,0
8,6155,43534,0
1,2380,14017,0
6,4620,17977,3
8,5425,40974,0
6,629,24819,9
8,5425,11523,0
17,4838,38050,0
17,5131,35333,0
66,1634,38139,0
6,618,38621,0
5,4647,22226,0
8,5496,33863,0
3,2767,36096,0
13,4584,10707,0
6,1814,14821,1
3,3426,24204,0
13,2292,10233,0
8,4180,15569,0
6,2190,12171,11
5,5517,22229,0
8,1996,16347,0
6,4620,41084,12
13,3496,32210,0
6,669,41392,10
5,1397,37039,0
15,4760,15199,0
6,5207,40223,21
1,1137,37994,0
15,1607,38615,0
1,2009,16037,0
6,586,42771,5
8,2345,40084,0
4,3307,40441,0
4,4914,36653,0
2,5996,4967,0
5,1397,27767,1
2,66,37312,0
6,649,42786,1
8,2781,42261,0
8,1260,40974,0
1,4011,13786,0
1,2012,18556,0
66,2321,39982,0
3,3341,5898,0
8,3350,37285,0
1,3687,23638,0
17,5709,14424,0
6,946,6462,14
6,1938,42787,0
6,652,6281,8
9,3241,34106,0
6,5419,6519,18
6,460,6555,20
6,581,22242,30
6,1939,14822,6
6,570,6365,6
6,2545,22245,17
6,621,34346,5
6,645,6614,6
6,949,32117,17
4,1735,19323,7
6,565,30444,18
6,663,34757,3
6,2551,14507,20
6,1628,35329,4
6,4275,7165,22
6,949,1647,6
16,2648,35607,1
6,941,6389,2
16,3923,31939,1
6,1078,35330,4
6,599,14963,2
6,608,32117,6
6,628,35329,13
6,618,25602,2
6,2243,2511,36
5,5404,7748,0
66,4846,38065,0
6,4539,34757,21
5,5615,8042,0
8,5100,15675,32
8,5100,37285,12
6,673,1713,4
6,5549,41084,0
4,5016,24825,0
4,5016,30188,0
66,1224,37369,0
3,3925,26044,0
6,615,6555,3
5,1237,7390,0
9,855,40318,0
5,1217,32349,0
6,622,41396,20
9,2792,8687,0
1,2759,25610,0
17,4323,14417,0
8,1697,23265,0
8,5431,34701,0
6,617,15620,1
9,1155,34083,0
1,5565,33768,0
6,4621,40604,0
6,636,36437,9
5,3253,27843,0
6,675,19569,11
9,2057,32151,0
3,3925,37837,0
4,5219,23316,0
6,1814,38621,25
8,4179,16347,0
8,3056,11067,0
4,1784,3966,0
5,5241,22227,0
8,5296,39832,2
6,673,41083,22
1,1830,40667,0
6,5483,6985,8
9,852,31553,0
3,3031,40382,0
17,4396,37193,12
13,4245,26982,0
5,2213,24870,0
3,3032,27715,0
6,616,44244,1
8,3055,37493,0
3,5746,26044,0
6,4000,6304,5
4,5768,30188,0
6,637,42172,8
3,3407,39741,0
4,5014,4458,0
4,247,36508,0
15,2611,14711,0
8,4388,42261,0
4,988,24208,0
6,2242,6686,3
6,5549,19569,13
1,3653,13813,0
15,3180,25093,0
1,4203,37832,0
66,1807,36821,0
8,2112,36301,0
5,4494,37274,0
16,5037,36492,0
15,2608,30992,0
6,2942,40606,0
66,4859,37366,0
8,4485,24834,0
6,569,1707,6
9,860,32152,0
6,666,41085,3
15,1609,14568,0
6,569,1712,10
6,2244,40223,0
3,3709,24827,0
15,3007,38084,0
8,1912,41578,0
5,5064,37038,0
5,1140,7365,0
6,5418,6999,56
6,5482,41396,1
66,4803,36791,0
66,1173,41811,0
13,4119,37269,0
1,4053,26061,0
5,5725,41140,0
6,652,6519,23
8,4668,11189,10
6,669,19569,30
2,5162,40827,0
13,2711,10041,0
15,2959,30888,0
13,2296,10041,0
4,4725,32262,0
66,4859,39551,0
2,5514,42942,0
17,2721,44257,0
6,581,41084,3
1,655,24843,0
15,1607,39428,0
17,2721,18115,0
8,5428,36503,0
8,3128,15675,0
6,603,33204,1
6,581,7165,29
66,1188,37370,0
13,3496,36094,0
6,2549,43988,0
5,5059,7390,0
8,5428,41901,0
1,4888,45284,0
6,581,6993,2
6,626,14922,2
6,1078,2459,4
6,648,6365,1
6,1066,2459,2
6,630,6442,24
6,633,34347,1
6,641,6993,2
6,654,34754,26
6,621,20061,2
6,1939,33854,25
6,621,24819,10
6,621,33851,9
6,3184,14506,6
6,672,14506,23
6,2168,35373,14
16,2648,24876,2
6,668,1713,21
6,1815,22242,22
6,4539,25602,12
6,942,32053,9
6,565,32117,23
5,1904,7373,8
6,609,21465,78
6,2550,1707,4
6,2942,2235,14
6,593,14989,6
4,1480,35327,0
6,598,24819,21
6,573,35375,6
9,2791,33902,0
6,630,19569,2
8,2332,15569,0
6,941,1636,3
13,2299,18883,0
6,632,14822,7
6,2245,1709,2
2,5389,40827,0
6,588,40611,10
15,2981,17463,0
6,4270,34755,4
6,582,34758,15
13,4120,9964,0
4,3307,40442,0
6,602,6999,3
1,1143,37994,0
13,4298,37829,0
8,527,24878,0
5,5712,30181,0
16,5320,25721,0
4,5347,25114,0
15,2611,28464,0
6,2942,1890,19
8,5026,10977,0
13,4244,32336,0
8,5496,38990,0
15,2609,37983,0
5,4223,43607,0
8,4358,11464,0
6,593,24054,1
13,5286,9890,0
6,631,41396,11
3,2095,5612,0
6,595,34753,7
4,5014,3950,0
1,6043,13060,0
4,2125,32262,0
6,4088,6462,16
2,5915,4967,0
13,4045,20496,7
6,5482,43284,5
6,2550,45157,4
8,2853,40390,0
66,4852,41564,0
6,3719,42769,12
5,5509,27709,0
6,5717,6313,0
3,5386,40382,0
9,4612,41780,0
8,5234,22237,0
4,4725,3950,0
2,5555,2075,0
3,3708,35395,0
4,1786,24846,0
6,654,39891,11
66,1634,4458,0
6,603,6324,1
5,1613,40264,0
6,1476,1839,0
13,2531,29651,0
9,1157,40318,0
4,5200,38913,0
66,4939,36824,0
3,5406,24827,0
5,5272,30181,0
8,2850,36503,0
8,5122,11021,0
2,5447,31451,0
6,673,1636,9
4,1742,40442,0
8,1260,38990,0
66,3532,36797,0
1,4204,36631,0
2,5312,39746,0
6,5482,14533,13
4,4905,37275,0
6,5549,2125,6
6,4003,24839,0
6,565,19569,3
6,941,6687,0
17,5034,27483,1
9,2788,8601,0
8,3350,10977,0
15,2614,40817,0
4,2638,3950,0
3,3017,38992,0
8,4726,11021,0
9,5889,8675,0
16,3561,38996,0
66,5973,44330,0
15,1269,29936,0
6,4275,2449,0
66,1619,37760,0
15,2621,20325,0
8,4178,15569,0
15,4761,38085,0
6,2551,43977,0
8,4392,16347,0
6,663,32054,20
9,854,40435,0
15,3871,42332,0
4,4746,44561,0
8,1709,11523,0
6,1078,6322,9
1,3655,28229,0
6,4275,44516,0
4,5457,41825,0
3,3708,44036,0
3,4964,4,0
6,576,15024,3
6,587,22244,8
6,948,6693,24
6,944,24960,12
6,1477,6680,7
6,2541,32116,7
6,2545,6613,8
6,637,6551,5
6,569,33854,14
6,648,33204,5
6,624,24960,8
6,602,34755,5
6,1477,24820,11
6,613,6512,10
13,4663,31775,4
6,631,14507,3
6,580,19472,7
6,1066,22244,2
6,4538,34752,13
8,5100,27558,6
6,4849,34754,21
6,672,19472,4
6,598,35330,3
6,654,36563,30
6,4539,6985,7
6,571,30447,3
6,612,6555,6
4,3123,36092,0
6,947,34758,4
6,641,15620,12
13,3598,10373,0
6,582,38622,6
13,5519,32174,0
5,5710,27710,0
66,4744,4566,0
6,4621,33204,0
9,2790,8937,0
6,2168,42173,10
6,579,19644,18
1,3393,37832,0
8,4457,24878,0
8,5129,11021,0
15,4762,32851,8
4,3915,40439,0
2,5341,42943,0
13,4198,10144,0
8,5100,37046,6
13,4584,27006,0
3,2767,18369,0
6,631,42770,7
8,1821,19956,0
17,2771,20866,0
8,5497,36301,0
1,7,13992,0
13,1080,29648,0
4,3897,37275,0
6,617,6266,8
66,2431,36943,0
6,611,42769,3
17,4251,42729,0
2,5313,21358,0
13,4584,42736,0
15,1275,35130,0
6,571,42173,8
6,599,6985,7
6,610,40224,4
4,6178,43946,0
6,5720,41085,6
1,6014,30482,0
13,4047,43753,0
15,1043,14711,0
6,5482,35375,7
8,5492,11721,0
6,579,40608,8
15,4911,28103,0
6,4273,19644,15
6,946,7151,2
1,2011,38244,0
13,1082,10144,0
6,587,6537,10
3,4899,34451,0
8,4179,15569,0
13,4584,26983,0
6,579,6507,16
66,4853,40826,0
1,4626,38747,0
5,4949,30181,0
6,1476,6319,0
8,3019,11182,0
5,1817,40443,0
66,4852,36811,0
5,1397,28312,5
8,4668,39832,4
13,4047,39737,2
66,4987,41564,0
8,5029,11068,0
3,5920,41664,0
6,664,15658,21
8,1821,38391,0
6,3719,42771,11
6,3719,36437,22
17,3888,37836,0
2,3948,2075,0
8,5296,27432,3
4,1742,41824,0
4,3307,4625,0
13,4334,37839,0
8,3350,36503,0
6,2245,6246,0
13,3862,38140,0
6,608,6519,19
8,4457,42262,0
6,639,6361,2
6,1815,15168,1
6,597,33854,1
6,610,21468,5
6,1938,2236,8
6,582,21466,6
6,2243,34347,12
6,607,24960,2
6,946,22245,7
6,673,14822,17
6,648,14823,25
6,576,24819,9
6,603,34755,1
6,600,14821,4
6,610,6433,7
6,612,6507,12
6,4539,6512,4
6,568,6278,14
6,568,6620,14
6,943,14822,8
6,4002,7151,6
6,597,6613,1
6,667,2511,15
5,4027,7748,0
17,5079,19069,0
6,626,19644,2
15,1280,39851,0
16,2463,37751,0
6,636,19644,0
6,595,7091,5
6,666,14821,3
4,1784,19323,0
6,668,14821,16
6,945,6309,7
6,2168,35636,16
5,1397,37416,0
6,582,22242,9
6,565,30447,10
8,5394,40084,0
4,988,37275,0
3,5537,27716,0
6,609,42173,8
1,5527,39825,0
2,4884,38530,0
16,5320,38997,0
1,1143,38751,0
9,860,23724,0
2,5313,40350,0
17,4838,35333,0
43,3611,33719,0
66,1659,36802,0
4,2344,35327,0
6,5479,40608,20
5,1308,37416,0
6,942,40224,15
6,596,2053,9
15,4760,39429,0
13,3862,27005,0
6,1892,34758,13
6,5481,41396,9
9,1155,40423,0
8,4490,40909,0
8,5157,38990,0
6,609,40611,1
6,608,32052,4
2,3229,40363,0
6,1939,44514,0
6,5418,7051,6
2,1840,27702,0
4,3911,3950,0
8,1912,44385,0
8,4485,37285,0
4,1742,42775,0
3,4946,41663,0
4,2363,24845,0
13,2534,29650,0
8,4234,15675,11
9,4612,41034,0
9,2790,8675,2
16,5721,23438,0
8,3791,39832,0
8,3354,40909,0
6,622,2018,3
6,614,6507,2
66,4859,39985,0
2,6049,40653,0
1,4900,13060,0
13,5165,38140,0
6,5717,6462,0
15,2635,44618,0
6,663,35375,6
16,3563,37834,0
17,5333,14635,0
3,4946,30088,0
16,4444,38492,0
13,5464,38988,0
6,618,33853,1
8,1139,35334,0
3,3516,5647,0
6,1938,1708,5
5,5273,41809,0
13,4045,9852,0
6,5717,2125,2
4,1706,34417,0
6,4088,32052,12
3,1489,4,0
9,859,41041,0
8,5353,40084,0
1,5883,34434,0
9,4612,19806,0
6,577,6322,3
6,665,42770,2
1,4053,34351,0
8,5296,40974,12
13,4047,25058,10
13,4046,29887,7
6,672,40224,0
8,2112,38990,0
4,5966,3950,0
8,656,38990,0
2,5313,40653,0
15,4766,41658,0
66,4981,38684,0
5,4027,41809,0
5,5936,22229,0
3,1077,30943,0
43,3254,27965,0
8,4726,24118,0
6,626,42768,1
13,3965,31301,0
8,5809,11427,0
6,616,19569,22
9,2789,25985,0
13,2859,43754,0
6,2550,32629,8
6,4088,22245,10
6,635,24960,22
6,601,34752,7
6,596,35374,14
6,949,25602,4
6,574,25602,6
6,604,24820,5
6,4878,22244,7
6,944,34757,13
6,603,25602,3
6,601,2097,8
6,4849,15620,7
6,4273,6462,41
16,3923,36492,2
6,641,24054,5
3,3295,23267,0
13,2709,22480,0
6,1476,34754,29
6,571,6265,27
13,4245,37829,0
4,2422,4627,0
6,4621,6423,8
4,4401,40440,0
6,4849,33852,9
8,4821,40909,0
6,666,1843,6
6,4274,35375,9
1,2012,13135,0
6,944,6322,16
66,1632,36942,0
5,4110,28086,6
8,1789,11021,0
8,4632,36498,0
66,4745,37369,0
6,2545,38623,4
1,4204,37832,0
17,5034,14635,1
13,826,29645,0
6,1815,32117,28
4,1706,24825,0
8,5088,37285,0
13,3558,32211,0
6,568,14965,2
5,4278,8042,0
6,581,42786,3
6,4001,33851,0
6,672,19569,0
6,2550,40611,14
5,4949,28857,0
8,4181,37493,0
6,582,1712,24
4,1480,40440,0
8,2782,35334,0
3,1179,36497,0
6,640,6686,14
1,5441,33527,0
6,945,14533,4
1,4053,25610,0
1,3801,13060,0
13,6108,30161,0
4,4059,41427,0
16,6124,36377,0
6,618,36437,12
4,2996,19322,0
13,2711,32336,0
8,2716,16347,0
5,3541,34436,0
1,2009,15209,0
3,2095,34313,0
5,1564,3865,0
13,4045,37269,7
3,2194,27382,0
3,1034,23267,0
6,4088,1636,9
2,2897,27735,0
8,5293,11253,0
5,1686,28084,0
16,4444,38520,0
3,1490,37620,0
8,2462,40084,0
15,4761,15199,0
13,4198,29651,0
8,2600,15569,0
1,2012,13744,0
8,4485,36360,0
16,4006,31938,0
5,5725,41945,0
15,1271,30579,0
6,2547,1708,6
4,5384,43219,0
8,4456,24834,0
8,1821,37285,0
9,4612,36762,0
8,4234,11055,6
8,1260,11018,0
8,3601,12001,0
6,637,38998,6
2,4707,31676,0
2,5374,42942,0
6,5482,6265,28
8,2780,10977,0
15,2610,31616,0
8,3359,25517,0
4,3914,4315,0
6,5719,1841,0
15,1275,14569,0
3,1489,17972,0
9,2794,45552,0
6,648,43980,6
6,1892,45221,8
6,600,6304,1
3,3017,44048,0
6,671,24960,4
6,582,2093,4
6,2243,6338,4
6,591,35373,7
6,633,35329,7
6,4003,35373,6
6,616,6452,16
6,623,35330,1
6,672,22242,2
6,616,2258,8
6,633,7151,2
2,2132,4967,1
6,942,24820,2
6,1477,34753,9
5,5510,8042,0
6,641,14821,3
8,5100,22236,6
8,5100,37809,8
4,1743,4627,0
15,1041,37982,0
3,5406,5592,0
6,666,14506,6
8,2714,11427,0
6,4620,7165,6
9,1155,41775,0
2,5389,26011,0
4,5013,19322,0
4,2091,40707,0
8,5100,35394,12
15,4759,30945,0
5,1397,41651,1
5,5404,37274,0
9,852,38046,0
17,5333,38993,0
17,5333,27483,0
4,1742,14532,0
8,2783,36499,0
6,648,6551,12
2,1840,41573,0
1,5899,37992,0
17,3992,37280,0
2,374,24779,0
8,5494,40084,0
15,2609,30891,7
6,645,33853,25
9,852,8617,0
4,3514,41321,0
6,1892,19644,5
6,631,6303,10
15,4763,14213,0
8,4668,10975,6
6,620,7095,3
6,669,42172,12
6,946,6322,9
6,4970,40224,8
6,946,41085,4
15,2610,22531,0
4,4057,30188,0
6,2550,45221,7
6,626,7150,2
6,5719,42173,9
6,577,6246,12
1,4797,13060,0
8,4637,21490,0
15,1043,25136,0
6,1814,39891,28
4,1480,34417,0
6,2242,2258,2
4,1735,23316,0
4,5252,33012,0
1,4203,36641,0
6,5418,40610,26
13,2532,26982,0
15,4912,22280,0
4,2044,40440,0
13,4663,42003,0
66,4853,36791,0
66,4862,37027,0
4,5457,31649,0
6,667,41396,14
4,1742,25114,0
6,2244,2449,0
6,2546,14823,0
6,615,1707,5
5,1217,33747,0
15,2614,41045,0
9,852,19804,0
8,4674,40084,0
1,1672,38750,0
6,576,6537,8
4,1105,30188,0
2,5557,40350,0
4,5252,41825,0
4,1661,4627,0
5,2212,27709,0
8,3056,11420,0
3,5922,41663,0
8,5492,37270,0
3,3017,36096,0
4,1113,43943,0
6,593,6304,1
6,5481,43280,16
6,594,6304,6
8,1495,15569,0
13,2299,9905,0
3,3407,5152,0
2,1112,36098,0
6,4620,42787,1
8,5429,32181,0
6,587,1846,3
6,569,22244,6
6,4001,2053,11
6,624,34757,3
6,4088,34347,8
6,624,34755,6
6,630,19644,10
6,945,21468,5
6,632,32117,9
6,576,21466,18
6,622,14507,1
6,1477,21466,4
6,565,34752,12
6,611,35330,4
6,629,7151,2
6,650,2097,16
6,569,2216,9
8,5100,34405,6
6,576,1645,4
6,580,6319,7
6,580,6620,4
6,5549,14822,3
8,4616,11182,0
17,4344,24216,0
9,2057,32154,0
8,4952,15569,0
8,1821,15675,0
6,644,40611,14
66,4858,38069,0
6,631,35375,13
8,2176,33864,0
9,1153,8560,0
5,5064,30187,0
15,2609,39851,6
66,5819,42143,0
6,654,14533,21
15,1277,14565,0
66,1632,36943,0
9,852,41779,0
13,2709,9965,0
15,2612,28458,0
3,3995,23956,0
15,1741,15632,6
3,3017,37276,0
13,5287,41106,0
9,922,4,0
8,3642,16347,0
6,654,38162,14
6,612,42172,5
5,5240,30181,0
6,632,6309,10
1,4204,26061,0
2,1392,39746,0
15,2613,25147,0
66,1659,36791,0
6,614,36437,9
3,658,39084,0
5,4027,42671,0
15,1600,41048,0
6,594,36437,10
3,1396,39084,0
5,5084,28406,0
1,2012,12358,2
66,1619,36799,0
5,4110,32185,6
5,5240,42747,0
6,589,6555,7
6,1066,6518,12
6,3719,7151,13
15,2110,40265,0
6,646,15020,1
5,5615,40445,0
13,1082,9890,0
8,4485,36301,0
6,598,6309,6
6,2550,41395,2
6,2245,38621,9
17,3301,15389,0
6,5419,12171,8
6,576,2141,1
1,5628,13060,0
6,617,33204,10
4,2383,29710,0
4,4914,41427,0
5,1345,41945,0
4,3308,15629,0
66,2694,37578,0
3,3426,4,1
8,4974,36400,0
17,5034,15248,2
6,618,6462,25
5,4224,28857,1
66,4981,41812,0
8,3350,40974,0
5,5404,42671,0
8,1698,21490,0
15,5894,42850,0
66,2433,41810,0
6,642,42768,5
8,3055,38990,0
13,3496,9852,0
6,3184,6280,0
1,5805,41954,0
16,5946,16670,0
6,597,42769,7
8,5444,40974,0
6,1078,41085,5
8,5953,16347,0
2,5916,4967,0
8,4183,15675,0
4,2362,24845,0
9,2057,8680,0
6,623,33855,2
6,942,32116,8
6,651,24960,9
6,2243,22245,2
6,2243,24960,2
6,619,2235,16
6,611,25602,2
6,592,32117,3
6,947,21465,8
6,674,22242,15
6,669,32052,21
16,2648,24653,8
6,652,24820,8
6,581,35329,10
6,4002,1890,4
6,645,35329,2
6,3184,2013,10
3,3295,26669,0
66,1319,39542,0
5,1904,28975,7
6,624,7095,9
6,644,35375,3
6,946,2511,2
6,666,6459,0
13,2299,32336,0
15,1268,22280,0
5,5241,27710,0
6,647,6519,13
17,4396,37189,3
13,4697,18883,0
1,1830,38244,0
6,2242,7144,9
3,1491,29748,0
6,1477,2053,17
5,873,28313,2
13,4135,29651,6
4,5251,30188,0
4,3751,40442,0
6,664,40223,1
15,5894,25140,0
6,579,6537,19
8,5100,36386,6
8,1821,15464,0
8,1342,40972,0
4,1706,30188,0
66,4988,39551,0
6,568,2449,2
13,2707,18880,0
6,649,6686,7
3,3012,44048,0
66,2291,36793,0
9,857,42652,0
3,4547,40645,0
4,1786,36091,0
6,671,36437,3
6,594,6246,28
5,5241,22229,0
6,1814,42771,7
8,5577,37285,0
6,599,6519,13
6,4970,6680,3
4,2925,43679,0
6,606,6687,1
4,5966,16587,0
3,2095,19758,0
6,598,1839,19
4,1786,4218,0
17,5119,24028,0
15,1277,33104,0
9,1153,40318,0
4,939,36508,0
5,5084,7778,0
66,1805,36942,0
8,4179,11021,0
8,4179,37285,0
66,4939,41811,0
5,2213,40443,0
17,2724,38050,0
8,4907,15675,0
8,1789,35393,0
6,603,4974,13
1,5565,36636,0
9,860,41041,0
66,4981,42142,0
3,1332,40389,0
6,609,42172,12
9,2792,18001,0
8,5810,25517,0
5,4223,27710,0
6,599,1654,4
6,567,1591,2
2,6051,4967,0
2,6053,4967,0
8,4400,37493,0
5,5059,7656,0
6,568,24960,6
6,612,33852,3
6,581,6389,16
6,603,7146,16
6,641,14996,2
6,645,7146,1
6,569,6359,4
6,616,6693,9
6,597,14507,3
6,948,6359,10
6,595,14506,11
6,581,21468,7
6,654,14964,5
6,1066,21465,3
6,4272,14506,7
6,614,35372,2
9,1154,8639,0
13,5327,38140,0
13,4017,9905,0
6,586,6985,6
6,4001,1890,24
9,2057,40318,0
5,4110,27710,7
66,1620,40822,0
5,5082,7365,0
6,601,6537,2
1,5527,39818,0
9,1069,41779,0
6,4970,12171,3
8,5493,12001,0
66,2357,42145,0
3,2598,30943,0
5,2212,39004,0
15,1043,14249,0
6,614,15620,12
2,1840,38531,0
8,4234,23265,6
4,4829,41424,0
17,5130,14803,0
8,1789,37838,0
4,4991,15629,0
6,604,6686,6
15,4759,41045,0
13,5164,40692,0
8,2460,37285,0
4,5384,4627,0
2,5313,41179,0
6,633,6304,8
17,3260,38993,0
6,2244,45166,0
16,3563,41642,0
5,5870,27767,0
6,5719,41085,9
8,4234,16347,1
3,2471,40645,0
4,3513,28212,0
4,2445,42776,0
17,1335,30200,0
4,5950,36344,0
5,4659,40896,0
13,3496,43741,0
4,3779,44387,0
6,3184,15658,0
5,4658,7390,0
5,1233,37418,0
66,1634,4522,0
6,651,38623,2
6,579,14533,7
13,826,10233,0
8,5496,36498,0
5,1306,22081,0
4,1742,38999,0
4,2241,30188,0
8,4534,37493,0
6,4273,21465,28
2,5446,40482,0
8,5234,37697,0
5,4027,7365,0
6,5717,14823,5
8,2007,11523,0
5,997,28086,0
15,2959,37982,0
3,3407,18368,0
8,1821,15569,0
1,2011,13265,0
1,4322,37995,0
13,4136,10732,0
8,4974,22235,0
4,5020,25114,0
6,1078,42172,5
2,5341,39338,0
5,4554,39005,0
4,2344,37833,0
66,4846,37369,0
15,1274,22531,0
8,4234,42157,1
2,4940,44551,0
4,5223,44387,0
8,5496,37285,0
8,2112,24833,0
4,417,4141,0
6,599,6993,17
6,579,6389,10
6,2168,14507,40
6,611,22245,2
6,2541,34346,35
6,663,34754,35
6,653,24820,13
6,648,2053,25
6,622,34758,7
6,946,32285,4
6,631,25602,3
6,624,14507,3
1,4576,25609,7
16,2648,18278,6
6,667,24819,11
6,622,14506,4
6,651,7091,7
6,569,36563,5
6,650,35372,6
6,672,15658,15
5,1904,35324,3
6,942,2097,14
15,4911,19017,0
6,637,14822,15
15,1271,15608,0
16,4452,37040,0
16,5320,16634,0
6,602,30444,3
6,603,7165,17
9,3039,40422,0
22,1797,32162,2
6,4620,2097,3
8,4632,37493,0
6,589,14506,14
6,614,14822,14
4,5344,37036,0
2,5447,31447,0
6,4710,33851,0
66,2288,40822,0
6,608,6555,1
13,4583,9905,0
6,665,41085,16
13,3558,27005,0
1,4203,34434,0
6,610,1707,2
6,617,6246,2
1,230,24865,0
15,4767,37521,0
16,5625,39082,0
6,4000,42172,19
8,5296,41238,16
8,1260,37270,0
6,1478,41395,1
3,5537,24880,0
4,2091,3950,0
6,2551,2449,0
4,4669,40441,0
5,5729,32349,0
66,2355,39551,0
3,3406,44566,0
8,4712,21490,0
66,5975,43047,0
8,2781,11068,0
5,3890,28867,0
1,5565,40660,0
6,460,42173,8
4,3913,29710,0
8,5296,24118,6
15,1280,41595,0
4,4758,42774,0
8,4712,27771,0
15,3179,39429,0
5,5285,27709,0
6,5549,7165,3
6,4538,39891,8
13,1085,30161,0
6,2543,2053,7
8,4398,24877,0
8,4952,11018,0
66,2693,36943,0
4,2932,4627,0
8,3264,22237,0
6,648,12171,7
4,3257,30188,0
8,1699,40921,0
17,2770,34858,0
6,630,6583,1
13,2299,26983,0
6,567,1890,23
6,571,34758,10
6,5481,1632,1
15,1739,41649,0
9,851,34594,0
15,4766,37521,0
5,5060,41808,0
8,5430,24834,0
9,3036,40422,0
2,5448,42557,0
8,3359,11018,0
6,640,15620,7
6,4088,6325,4
2,3384,43384,0
6,1628,15619,8
6,619,7091,1
15,1276,25593,0
8,4668,11067,1
13,3862,41106,0
8,5395,42157,0
9,859,32193,0
4,3014,42776,0
3,3341,20657,0
15,5896,42332,0
6,648,44516,11
13,2707,29651,0
8,3336,16347,0
6,4970,44514,6
1,6214,40504,0
9,860,8601,0
4,3937,22080,0
13,2298,9972,0
6,571,19644,14
6,4002,22245,12
6,595,22242,8
6,4002,2236,30
6,614,22245,15
6,944,7146,10
6,607,34755,8
6,941,1890,6
6,589,21465,8
6,1447,34753,21
6,646,21468,6
6,631,14821,12
6,4970,32117,16
6,1476,2097,26
3,1034,29748,0
6,634,34754,17
15,2622,25094,0
3,3011,22934,0
6,4971,19472,22
13,3536,38140,0
15,2613,15599,10
3,5323,37837,0
6,624,7151,3
8,3298,36095,0
6,645,6620,14
6,5419,41392,16
6,579,1708,10
3,1491,34313,0
15,2613,20031,8
6,5482,40611,5
8,1259,11427,0
1,1830,37491,0
1,99,25609,0
2,5374,40499,0
13,3864,37839,0
4,2636,29710,0
4,3802,41424,0
6,1814,41085,10
3,523,5775,0
6,619,14961,1
6,568,6322,4
6,4878,24820,18
8,4733,11018,0
6,4002,2511,6
6,663,14333,0
1,3148,37993,0
8,5544,15569,0
8,3055,10977,0
66,1319,36798,0
9,858,18001,0
8,5536,11145,0
1,1723,24865,0
6,665,2018,2
4,3802,41824,0
4,2383,40659,0
1,4205,36424,0
13,4583,38988,0
9,3038,34692,0
8,2856,42262,0
6,1478,1843,2
13,1080,10041,0
2,5224,27701,0
13,2539,9852,0
13,2538,16472,0
15,2958,14565,0
6,2547,38622,6
6,573,1846,7
8,5504,11018,0
9,3040,8619,0
3,5537,32505,0
8,5028,24877,0
6,947,21466,0
13,3597,9866,0
6,4088,6319,12
4,4288,40442,0
8,5507,15675,0
5,2727,40443,0
13,3595,26462,0
6,1478,1591,0
6,618,2053,12
3,2598,41663,0
9,1154,41775,0
4,4262,38139,0
6,5550,19569,0
6,5481,41395,6
5,5509,29107,0
1,3221,12792,0
4,4286,16587,0
6,4538,40224,0
6,4001,2216,0
8,5929,23265,0
3,2466,41663,0
2,5335,40495,0
2,3948,37835,0
2,5374,40503,0
1,3653,12854,0
4,244,4141,0
6,5717,36437,17
8,1820,16347,0
1,6214,14167,8
6,570,6459,1
4,4979,19323,0
6,577,6281,10
13,2537,29654,0
8,3347,40974,0
1,3656,18105,0
8,5395,11018,0
6,6114,6331,0
4,4747,44387,0
15,3007,14575,0
8,4398,40972,0
6,636,6680,5
6,565,23099,8
6,579,1841,1
6,614,2235,14
6,654,33855,7
6,3184,6389,6
6,949,32629,13
6,2190,1855,7
6,580,14822,10
6,580,2053,1
1,4809,35079,7
6,646,6278,1
6,4970,34752,15
16,3807,15936,2
6,946,33852,10
6,4970,33854,17
6,1938,38622,22
2,5265,4967,10
6,636,7165,6
6,665,14533,5
8,4617,11182,0
8,4359,15675,0
3,3925,34992,0
15,2607,32926,0
6,1477,40604,9
1,3051,16037,0
8,1698,36095,0
4,4723,4309,0
15,2612,41903,0
3,2194,19635,0
15,4760,14711,0
6,3719,33204,10
6,949,40604,6
17,1499,24216,0
3,4260,37049,0
17,3301,18190,0
6,1478,38621,3
17,2844,37281,0
5,1613,28086,0
15,5540,40817,0
66,4846,38687,0
6,607,6686,1
6,629,1591,0
6,880,14533,2
66,5823,42807,0
2,5652,27702,0
6,645,14821,13
2,5808,41253,0
13,5244,10725,0
9,3038,40317,0
5,4231,36378,0
6,5719,45130,0
6,1478,1712,4
4,3782,38139,0
6,4971,32117,14
6,989,6537,47
15,4759,20749,0
9,855,31831,0
3,1463,5647,0
6,644,33855,4
1,5802,35326,30
2,5224,21358,0
6,949,40223,17
3,658,40644,0
5,4028,22081,0
6,666,39891,0
13,5464,10392,0
15,3213,33103,0
6,573,6309,10
2,4588,43385,0
13,2540,30161,0
13,5464,10233,0
6,941,6462,8
4,4286,30188,0
6,568,42172,1
4,2638,4522,0
1,5848,15209,8
6,4539,6319,4
1,4205,42321,0
13,5436,10022,0
15,4763,30887,16
6,4621,42768,0
13,6109,37839,0
15,3005,25140,3
1,2010,12793,0
2,5335,39338,0
8,1698,40909,0
4,3540,40659,0
66,4862,39551,0
2,803,40713,0
5,5059,42672,0
9,1069,8627,0
15,1280,32169,0
8,5494,43727,0
8,6151,11427,0
1,6214,20848,16
2,4081,21347,0
6,648,45157,7
15,1274,19630,0
3,1034,32506,0
5,1306,27712,0
1,6214,42724,6
6,4001,14533,6
5,5407,37830,0
6,593,6324,6
6,668,22245,3
6,644,34347,7
6,579,14914,10
17,2267,34318,1
6,650,21466,2
6,2244,1713,19
6,1476,33851,13
6,674,21468,10
6,1939,35372,3
6,642,25602,6
6,653,35636,8
5,873,33747,2
6,645,14822,4
6,600,6462,9
6,673,33853,11
6,1938,1591,12
16,5155,24650,0
9,1158,8626,0
6,634,1639,5
13,4022,30161,0
6,640,38623,9
6,626,38623,14
6,634,38622,7
8,1139,11067,0
8,3789,25517,0
4,2385,38999,0
6,607,40777,4
6,624,6246,1
6,1066,40611,0
13,5385,9962,0
6,3719,39891,14
13,5433,35392,0
6,639,7095,5
8,5233,11427,0
2,5594,19098,0
4,3540,22928,0
8,527,11253,0
2,5652,24779,0
1,5439,40504,0
8,2459,11068,0
8,5497,37270,0
5,5729,37274,0
3,2095,35396,0
5,4554,8042,0
6,610,40606,3
5,1791,41815,15
13,2859,10041,0
6,5719,1843,0
15,3213,14259,0
6,5419,2449,6
6,2547,42787,10
9,1153,8952,0
66,1805,39977,0
6,941,2449,6
13,3220,29884,0
6,4002,1636,0
13,2292,16055,0
8,5289,24834,0
4,4057,43940,0
2,5513,40503,0
2,5477,43385,0
4,3946,32262,0
9,2026,41043,0
5,1057,37038,0
6,667,45167,10
13,4072,9852,0
3,2194,26044,0
8,4395,11068,0
4,3014,38139,0
6,2547,44516,13
6,4849,6379,12
4,3307,40440,0
8,6150,11427,0
6,673,41084,10
8,4682,10977,0
6,4620,24839,0
13,4583,10707,0
16,4006,41642,0
2,4958,27733,0
8,3264,16347,0
5,4027,26738,0
8,5423,19956,0
6,639,42770,9
5,4223,7373,0
8,3421,37285,0
6,619,33853,30
13,2533,32336,0
8,3023,11018,0
3,3405,4,0
1,2009,13786,0
5,5202,28282,0
6,5550,6537,0
6,5418,6379,4
5,1791,28096,7
8,4359,37285,0
8,5494,11021,0
17,1913,16549,0
5,5711,41808,0
1,2500,31091,0
9,2794,40317,0
8,1698,43727,0
9,1157,42719,0
15,4764,39428,0
3,3017,44566,0
6,650,44244,7
5,5241,42748,0
9,920,34949,0
4,3552,30188,0
6,2541,42786,3
8,4490,43738,0
6,649,6280,3
6,648,45565,5
2,6267,4967,0
6,627,22026,3
6,647,15168,5
6,668,6993,6
6,3184,32116,7
6,4088,33854,16
6,2242,6551,6
6,647,32116,16
6,460,33205,8
17,2267,17101,2
6,640,32053,8
6,4620,35373,19
6,4620,33852,8
6,648,35636,7
6,674,21465,6
6,600,33851,6
6,4849,2097,20
6,670,2258,7
16,3807,37041,6
6,609,14533,6
6,670,19472,1
6,4005,33852,19
6,4275,32052,14
6,669,33854,6
6,944,6813,3
15,2613,14319,3
6,664,21468,3
6,595,6433,8
6,2543,6512,2
6,3719,6620,2
3,5537,23267,6
6,5481,1843,8
6,673,40224,6
8,5026,37697,0
2,5375,40587,0
15,1269,37982,0
2,1103,2075,0
9,851,23724,0
3,3017,37780,0
9,851,33902,0
66,1634,38683,0
1,1091,38751,0
6,573,6246,7
4,249,40441,0
1,789,38751,0
6,5419,41084,18
6,4849,33204,8
3,1263,17183,0
4,5020,41426,0
2,2575,3327,0
8,5494,21490,0
5,1791,28297,5
17,2738,14486,0
2,5374,39336,0
2,5374,40477,0
5,5241,37830,0
13,1083,10041,0
4,3802,30188,0
66,1620,39969,0
17,2846,38050,0
22,1798,33964,9
8,4674,36499,0
9,1160,19804,0
6,649,40610,6
5,5084,7365,0
66,6118,37369,0
6,3719,40606,16
8,5129,37838,0
6,587,39891,3
15,5539,29936,0
4,4080,4315,0
16,5829,15936,0
8,3642,40972,0
1,1090,20850,0
4,4285,15629,0
6,949,41084,6
6,647,40223,1
8,2745,41578,0
4,3935,34416,0
6,2549,41085,0
15,3005,14569,5
5,5711,40895,0
4,1735,40707,0
13,4134,42003,7
8,1247,39832,0
4,3009,22080,0
6,621,43282,4
8,1821,38990,0
66,4870,37370,0
8,5289,11018,0
17,5709,16736,0
1,4875,12327,0
2,4493,42107,0
5,5241,36483,0
8,1177,24118,0
13,2711,41106,0
6,4614,34758,2
8,5851,37285,0
6,645,2235,10
6,2550,22245,14
17,2267,19102,15
17,2267,31321,11
6,1078,1636,3
6,2543,21466,6
15,3453,17463,4
6,649,32053,1
6,640,24960,8
6,610,34758,6
6,670,34755,12
6,600,35372,8
16,3807,36093,1
6,648,34753,17
6,595,6278,10
6,2245,1728,9
6,595,1843,6
3,1490,24880,0
6,1478,40224,5
6,5207,2013,2
6,606,40604,6
8,2783,37493,0
5,5082,36089,0
13,2539,9964,0
6,609,6507,28
8,2703,11235,0
9,3042,8639,0
6,577,36437,0
4,1196,19323,0
13,2540,10041,0
13,5164,9907,0
6,665,42173,9
2,358,27702,0
8,4423,10978,0
4,4111,14532,0
6,949,12171,5
2,5611,40526,0
13,4045,36501,3
6,1892,6687,4
9,1069,40316,0
3,5920,41242,0
8,1912,15675,0
5,5084,7592,0
15,2613,15199,12
3,3010,40389,0
1,5980,13060,2
9,1160,41044,0
3,3709,17972,0
5,5517,44285,0
17,4838,34857,0
15,1269,32119,0
8,3347,42744,0
66,1223,39983,0
9,955,8675,0
4,4829,29710,0
66,2693,36800,0
2,5808,23669,0
8,5026,11145,0
5,5167,31383,0
15,3180,37981,0
9,919,33775,0
1,6208,40662,8
6,5550,41580,22
6,2543,6304,1
9,1157,14496,0
15,1269,25094,0
15,4765,29936,0
8,5497,36499,0
15,2612,19728,0
6,665,45167,5
4,3123,14532,0
2,1240,38531,0
15,1280,14568,3
6,4710,2235,0
6,2550,1841,2
8,5431,40084,0
4,5018,22080,0
6,1892,40610,3
6,944,41085,11
6,5482,2236,7
6,1078,19569,1
3,3017,22934,0
17,2739,43683,0
8,1227,10977,0
8,5396,39740,0
15,2614,25098,0
1,2012,37491,0
6,5419,33204,6
6,609,7047,7
6,3184,19569,5
4,4723,3950,0
1,5937,13060,0
8,1995,39832,0
8,4182,37285,0
15,1280,30891,14
9,1153,41039,0
6,667,6246,15
8,4976,25517,0
2,5314,39746,0
9,1155,31704,0
1,3805,31659,0
5,6127,8310,0
17,3618,42754,0
6,2550,45170,1
3,3925,29748,0
6,606,36563,9
6,624,43987,6
6,943,6389,18
6,649,6693,1
6,4002,33205,6
6,588,34752,6
6,568,30442,5
6,645,35372,8
6,2543,25602,8
6,2546,32117,6
6,673,33854,5
6,942,35372,3
6,621,34758,11
6,670,34752,13
6,4275,32053,6
6,4621,33852,10
6,589,32054,3
66,2289,4522,0
15,4765,32851,8
6,601,2258,2
13,3433,10529,0
15,3872,14565,0
8,4359,16347,0
66,4978,37368,0
6,614,2449,4
17,2844,37503,0
8,2783,19956,0
66,1566,36802,0
17,5521,27062,2
6,4849,38162,8
6,4710,1833,0
6,2543,40604,6
4,4262,19322,0
2,3500,27734,0
4,3951,40659,0
6,460,6687,8
66,3532,37025,0
5,2212,24871,0
13,4583,26983,0
15,3209,14568,0
15,2622,32167,0
15,2635,29566,0
3,5750,5647,0
6,637,15620,15
6,633,44244,1
5,4342,37416,0
66,4851,37369,0
13,5436,10041,0
13,3546,37839,0
2,5477,43384,0
9,860,8639,0
2,6196,4967,0
8,4966,10990,0
4,3200,15629,0
6,2243,7151,8
9,2791,33997,0
8,1142,11523,0
3,4946,36497,0
13,3537,10144,0
8,5524,11427,0
8,1789,39832,0
8,2783,10912,0
15,4765,41053,0
8,1825,11018,0
17,5302,37280,0
4,5200,4141,0
6,603,36437,8
6,603,6423,10
9,859,8629,0
6,3719,40604,16
6,2541,42787,2
4,4670,19323,0
6,633,45157,15
8,1804,21490,0
8,5394,37270,0
1,1017,41964,0
66,1224,41810,0
2,5443,39746,0
13,2710,38140,0
6,4002,43977,0
2,4493,40653,0
8,4662,11253,0
4,5057,32262,0
3,2767,27716,0
2,3500,40269,0
6,2168,14534,6
13,4022,26984,0
2,5391,31452,0
6,583,6511,1
8,4183,41969,0
8,1248,16347,0
8,5107,37493,0
8,1699,43738,0
5,5202,7593,0
9,1155,41034,0
4,1743,43970,0
1,6041,12795,0
4,4630,42774,0
6,630,6379,5
6,633,19576,1
6,1478,6324,5
6,602,19472,2
6,2551,32629,4
6,618,1636,8
6,597,14823,2
6,943,32053,1
6,4088,6614,4
6,642,34347,11
6,2551,34755,20
6,641,35372,2
6,617,35330,2
6,637,35329,2
6,604,1707,7
6,602,6266,4
6,671,19644,8
6,4614,38621,14
3,3516,26669,0
8,3347,15569,0
4,5365,4141,9
6,616,6449,7
1,5381,30820,0
6,3719,6550,7
4,5016,35327,0
13,3598,10707,0
8,5497,37285,0
15,2613,17464,5
8,2703,33863,0
13,3864,9890,0
6,5207,1591,0
13,5464,10707,0
8,2673,39832,0
8,2853,11019,0
6,580,41396,7
5,1338,28297,0
6,674,38622,6
6,583,1707,2
8,4180,24834,0
8,5426,35334,0
15,4763,36054,8
6,4270,33851,5
13,5329,41093,0
17,5521,41714,1
8,5494,40972,0
6,637,40224,7
15,2959,41903,0
1,6214,33768,6
13,2535,16055,0
3,1463,18369,0
15,1280,22278,6
6,2190,35372,10
3,3031,18368,0
5,3029,22226,0
9,1153,35497,0
6,603,6319,15
5,5059,8310,0
1,2008,36757,0
6,4614,6583,3
6,460,40607,4
6,637,15619,1
5,1791,40370,21
3,2860,37049,0
4,4057,34417,0
4,3540,16587,0
2,1112,38531,0
15,1280,41922,4
6,608,4974,5
4,5020,22928,0
4,2363,16587,0
16,6122,43723,0
3,5746,41663,0
1,6214,33770,6
4,5057,4621,0
1,30,13786,0
4,3307,41823,0
5,3494,8310,0
5,1140,28084,0
8,1698,44959,0
4,2282,44022,0
3,2429,43630,0
2,4024,39746,0
2,828,39746,0
6,588,33855,1
6,941,14507,2
6,1478,6246,6
6,615,24960,7
6,2551,33851,14
6,579,35636,4
6,646,6693,2
6,573,35330,5
15,3453,32932,7
6,611,32629,12
6,628,35373,3
6,619,35372,8
16,3563,18279,3
6,600,17976,11
16,3563,24651,1
6,573,1728,8
6,628,6433,6
6,606,2511,40
6,570,14533,6
6,605,34754,12
3,1332,38992,0
8,4637,12000,0
66,4860,38065,0
8,4556,24878,0
17,5080,37280,0
5,4681,31383,0
4,4338,24825,0
13,4663,9852,0
3,3017,19757,0
66,4846,38069,0
15,3213,17526,4
6,4710,6331,0
8,4181,24878,0
2,4958,37051,0
15,1275,33103,0
17,5521,36037,3
8,3264,36301,0
3,5537,36096,0
6,2541,41085,4
3,1332,24880,0
2,5314,41257,0
15,3213,15633,0
9,1156,41774,0
15,3180,37983,0
13,2535,41106,0
15,1280,37983,17
15,3004,14213,0
6,614,19644,2
13,2707,32336,0
2,67,19098,0
9,2790,42719,0
15,4763,22279,8
8,5491,22237,0
1,2221,33771,0
6,1815,5017,7
66,2432,43573,0
66,4985,2772,0
6,644,42768,6
6,947,42769,4
6,942,1914,3
6,642,33854,9
6,614,1848,8
6,1628,1650,6
6,2545,14507,1
6,620,6365,2
6,649,6680,3
6,642,32629,4
6,1815,32629,4
6,637,33851,17
6,644,6389,32
6,3184,34754,4
6,573,2459,1
6,460,25602,6
6,4002,1591,1
6,654,14965,6
6,631,7091,9
6,620,2511,9
6,653,14533,9
15,2635,14800,0
15,1599,31616,10
6,5206,1841,7
8,5157,11018,0
22,1799,40427,10
8,3027,15675,0
6,673,19472,2
17,2770,37281,3
66,1223,4629,0
5,5712,27710,0
1,3651,15194,0
15,1274,41593,0
1,5802,38225,0
8,3921,11235,0
8,3870,10977,0
1,5441,30485,0
2,6063,4967,0
13,2296,26984,0
9,851,41039,0
13,3965,17735,0
8,2332,42742,0
6,2942,6459,0
4,2636,40659,0
66,2819,41811,0
2,5392,40587,0
4,5950,42775,0
4,3622,43943,0
8,4567,41578,0
5,5273,41808,0
6,593,35375,3
13,4044,10233,19
22,1795,36186,8
17,5301,24216,0
9,1159,33997,0
13,4584,9958,0
13,5287,29651,0
6,674,1591,0
9,859,8670,0
6,1078,6319,11
8,2600,21490,0
6,944,6277,6
66,2819,38683,0
15,3015,25140,0
5,5273,37416,0
17,2770,38993,1
5,4073,40443,0
66,2819,36797,0
1,2008,36636,0
2,2192,41571,0
1,1830,33770,0
4,2241,3950,0
15,2621,18935,0
15,2622,20749,0
6,2541,6309,13
13,2709,9852,0
2,5885,38530,0
66,1566,43573,0
8,3346,16347,0
5,3723,8042,0
13,5070,10233,12
6,1628,6512,5
6,2549,44514,0
1,6016,13060,0
5,4027,37830,0
6,5720,1890,14
4,3622,16587,0
8,2854,41578,0
6,5479,43977,11
6,630,6993,7
6,652,6442,1
15,1039,32924,7
15,1039,17527,5
6,591,22242,1
6,1938,32116,27
6,879,34346,1
6,2244,33854,12
6,620,14534,3
6,600,6512,20
22,1795,33968,4
16,3312,32144,3
6,605,6423,8
6,579,40609,7
5,3527,40443,0
8,527,37270,0
6,648,6583,7
6,569,40610,1
5,2863,33747,0
66,4987,37026,0
66,1633,36797,0
66,4850,37025,0
66,4850,38684,0
66,4850,37055,0
8,4179,15675,0
15,1276,25136,0
66,2694,41810,0
8,4637,15569,0
9,3043,31704,0
1,5693,13060,0
3,1034,41845,0
5,4646,22081,0
15,3213,14568,3
4,247,14532,0
6,622,33852,5
8,3264,15569,0
9,2789,40318,0
8,3641,36301,0
15,1278,14569,0
6,2541,1846,13
8,5395,43730,0
17,4390,41068,0
17,3144,37280,0
15,4764,14711,9
4,249,44074,0
4,5020,42775,0
13,826,15668,0
15,1608,25094,4
8,3352,15675,0
6,573,42769,11
15,4912,41047,0
2,2192,36373,0
1,3656,13134,0
13,5327,9905,0
8,4567,40974,0
13,2531,22480,0
3,1034,26044,0
22,1795,18589,6
15,1041,39429,0
4,1026,34417,0
4,2822,36508,26
4,3934,23316,0
66,2355,39962,0
4,4630,37035,0
6,573,40611,5
6,569,6309,2
13,5081,10135,0
4,1485,36356,0
5,4027,35407,0
6,1447,40224,4
8,1495,11523,0
16,3314,19710,0
1,5570,15430,14
6,944,6331,12
66,1634,40824,0
4,4880,30188,0
5,5082,32185,0
15,2608,30887,7
15,2608,41903,8
15,2612,41054,0
1,2222,19501,0
6,640,33853,8
8,4182,36301,0
8,3600,37838,0
6,592,6324,5
66,4988,40823,0
3,3743,40643,0
8,5425,37493,0
15,3006,30891,0
15,1274,41046,0
5,2864,28857,0
8,2779,11018,0
2,76,42107,0
4,2718,30188,0
2,6084,40654,2
15,2622,41045,0
66,2819,40826,0
6,579,6322,3
3,3995,5647,0
13,2708,18883,0
8,2780,15569,0
4,5767,29711,4
13,4048,43753,6
1,6001,12327,0
13,4697,29655,0
17,4818,42754,0
3,4946,40385,0
3,658,40385,0
9,1157,8627,0
6,2549,45221,0
6,593,22026,2
6,616,14996,4
6,652,6359,2
6,637,32116,8
6,1477,35372,6
17,3328,32897,5
6,4273,25602,20
8,4453,10977,6
6,621,34757,4
6,667,2459,5
6,626,35636,2
22,1798,32161,14
6,606,22245,4
6,622,19644,9
16,3312,27442,6
6,879,32117,1
4,4879,25115,8
6,644,1728,5
8,5232,12000,0
66,4987,37370,0
6,1078,6507,6
66,1805,23512,0
6,1892,14533,15
6,573,33204,5
15,1046,29918,0
1,4227,35326,0
6,672,2258,4
9,2026,32193,0
8,5492,40084,0
1,5801,40504,0
15,4913,18935,0
6,573,40609,6
4,3486,3965,0
6,5482,39891,7
8,5157,15569,0
4,3545,40752,0
9,921,8601,0
8,3350,12001,0
6,626,41395,7
1,3322,39893,0
2,5373,40475,0
15,2613,35130,0
6,571,14534,13
66,5834,37370,0
13,2533,26983,0
8,4877,16347,0
6,5550,6512,0
3,1463,5899,0
1,2011,18106,1
3,3012,4,0
3,3743,23267,0
15,4765,42959,6
1,6208,26061,8
9,1155,33994,0
6,615,6303,6
2,123,38530,0
4,5252,37833,0
1,6043,42723,0
4,5767,4315,8
4,5966,30188,0
8,5026,11523,0
6,6115,44514,0
1,6230,40664,0
13,5070,29648,2
6,583,6304,5
22,1795,38591,2
15,1608,25097,5
1,1723,13060,1
3,3405,38992,0
5,3349,37416,0
8,5122,24878,0
15,3871,29566,0
8,4617,36301,0
3,4236,26044,0
8,4460,40909,22
15,2610,32926,0
6,2942,14821,0
1,3652,34006,0
6,2541,1708,1
2,5512,31296,0
4,5684,30188,0
6,664,41084,1
1,4229,33770,0
15,2621,32851,0
8,3481,37285,0
8,2783,15675,0
13,4046,36500,2
15,2622,43880,0
15,2622,41593,0
6,567,1843,10
6,630,33853,1
6,2550,43988,7
6,668,6322,9
2,5041,32347,0
6,594,1654,2
8,5496,43738,0
6,948,14534,5
6,4970,44244,7
5,5240,42748,0
1,3653,28229,0
4,5950,41825,0
6,5479,33855,4
6,616,15168,1
15,1039,14711,5
6,600,24960,5
6,616,34347,1
6,608,34758,1
6,2243,21465,10
6,879,32054,2
6,2244,35373,5
6,586,23139,3
8,4453,24834,7
6,640,35330,9
6,614,25602,6
6,665,6813,3
15,1741,32119,18
6,4005,7151,29
6,602,7091,7
6,570,24820,11
6,5480,1635,1
66,2695,39962,0
9,854,36762,0
3,3406,24880,0
6,4614,38622,6
6,1476,14822,7
5,4028,40370,0
8,2716,23265,0
5,4777,27709,0
66,4850,36795,0
5,1237,24225,0
66,2692,36793,0
66,5905,36875,0
6,586,36437,2
15,4763,15633,15
8,4456,15569,0
5,5729,41398,0
4,3552,16587,0
8,4409,37493,0
4,5768,42774,0
5,4646,29708,0
1,4629,13060,1
1,4227,36635,0
8,4726,24834,0
4,3622,4458,0
15,2614,25136,0
6,570,6322,24
2,5270,40350,0
6,4003,19569,0
5,1686,42672,0
2,3520,21347,0
4,4711,36653,0
13,3640,43753,8
6,596,42769,6
6,948,45221,12
15,5897,14213,0
9,2787,37098,0
8,4556,22237,0
6,569,24819,2
15,2607,33047,0
13,4135,30161,2
8,4749,15569,0
4,5384,37275,0
8,4637,11182,0
6,646,24820,12
13,5287,10725,0
5,5517,35406,0
8,4460,37838,6
4,5223,40877,0
3,1489,32505,0
17,4250,18191,0
66,1619,37027,0
13,2296,32336,0
6,652,41395,7
2,5512,37312,0
4,4401,4627,0
2,5885,41571,0
66,2289,36821,0
6,614,6324,2
3,3011,35395,0
6,4088,1645,1
6,583,6322,15
4,2932,4458,0
15,2622,42960,0
4,3375,30188,0
6,607,42771,1
8,2856,11021,0
6,636,6304,1
13,5165,42735,0
6,674,42768,5
6,1938,6772,0
4,2383,41825,0
4,3013,40441,0
5,3357,28284,0
13,3546,43454,0
6,653,14534,1
3,3012,39741,0
2,3485,42108,0
15,1278,39429,0
66,1224,44151,0
8,4698,16347,0
1,6040,42723,0
2,1341,42732,0
6,636,14821,5
6,642,6389,4
6,1447,34346,7
6,1477,6379,10
6,666,34757,7
6,574,6693,2
6,2541,21466,11
6,665,34753,10
8,4453,34453,8
6,627,2459,6
6,574,34755,4
6,879,7165,7
15,1741,14247,6
8,4453,16347,7
6,942,2258,3
22,1798,32164,8
6,645,23098,4
8,656,37493,0
15,2610,28459,0
13,4245,17735,0
5,3681,28086,23
6,1892,40606,1
3,3406,5676,0
9,2793,33995,0
8,4460,40084,6
8,5107,15569,0
3,1463,40382,0
4,3994,34035,0
5,2863,40443,0
66,1635,37369,0
4,2803,4141,0
66,2819,37369,0
15,2608,15632,5
17,4827,40354,0
4,3915,16587,0
1,4229,34351,0
8,4456,11182,0
4,4630,22080,0
6,1892,40604,7
8,2113,24878,0
6,628,14924,2
1,1830,36757,0
2,5161,24779,0
15,4759,31616,0
2,1841,42759,0
6,667,41395,7
66,1619,37026,0
15,1607,42850,0
8,2856,11235,0
5,3700,28857,0
1,3531,36635,0
1,5801,39813,0
4,1895,42775,0
5,4647,22081,0
15,4765,15608,4
2,3226,12151,0
13,5070,10041,27
6,610,42173,2
4,1113,37833,0
2,2192,39746,0
5,5998,22227,0
4,1011,37275,0
6,570,2141,10
6,637,6686,8
8,2783,21490,0
6,609,38621,7
6,675,35375,5
6,668,2450,5
6,593,6555,1
6,4088,42172,1
6,4270,35372,5
15,4765,19019,16
13,2410,10233,0
8,4967,15675,0
8,4733,24852,0
5,1218,22226,0
13,3220,16495,0
4,1011,37833,0
6,1478,40606,5
66,4978,40824,0
5,5082,27843,0
9,2071,41783,0
5,5729,41808,0
1,5802,24469,0
6,580,33851,9
9,2790,23274,0
6,582,6379,1
2,5656,4967,0
8,1699,44378,0
9,2791,8662,0
9,3039,8617,0
66,4984,37369,0
15,4911,22531,0
4,5011,22928,0
13,3639,43454,0
4,2932,41824,0
6,5720,42786,10
3,1463,43618,0
8,1698,11068,0
6,2190,43980,11
13,5070,9920,8
6,4001,17977,1
8,4682,42741,0
2,3520,45405,0
15,1039,30637,5
6,576,1914,1
6,1476,1890,15
15,1039,17886,4
6,628,6551,8
6,583,6380,1
6,2244,24960,1
6,1815,32116,18
6,2551,33205,9
8,4453,11182,14
6,632,32116,7
6,667,1890,1
6,460,6705,3
6,621,1591,2
6,610,35375,6
6,646,35636,2
8,2773,12084,6
4,4879,34509,17
6,637,35372,1
6,576,35372,3
6,673,21466,2
16,3312,19709,1
6,633,6462,6
6,599,35374,1
6,4270,35329,10
6,2242,19570,8
6,636,38623,1
1,5437,13116,0
6,618,19644,9
6,674,34758,1
6,624,6601,6
13,1085,9866,0
8,4617,22237,0
6,665,40607,5
6,666,38622,5
66,1619,36942,0
5,5726,22081,0
66,4859,36799,0
15,4767,30945,21
1,5884,13060,0
6,670,2125,0
4,2344,4218,0
8,2780,23265,0
5,5403,39005,6
8,4460,37270,8
8,4460,40921,15
1,564,37832,0
6,577,39891,4
1,5802,25609,0
6,989,1708,0
6,631,1707,16
8,3921,25517,0
66,2354,37578,0
17,5713,14417,0
15,2608,38085,18
17,2770,24028,1
1,4550,30485,0
8,3332,40974,0
2,6049,37272,0
5,5082,28810,0
2,3948,19544,0
1,3653,13265,0
13,4048,10135,8
8,3347,41901,0
9,2787,38614,0
4,1786,44387,0
13,4016,10707,0
16,5035,31940,0
8,4616,11523,0
3,4236,26669,0
8,5967,40974,0
8,5603,44604,0
13,4017,38140,0
6,664,7144,7
6,5481,6318,1
15,1276,14568,0
4,3935,19323,0
16,5320,36093,0
4,2925,36508,0
8,5494,39832,0
6,1078,7151,0
4,3544,30188,0
8,4456,11253,0
9,3345,19141,0
6,591,34758,2
66,4989,37391,0
1,5801,41962,0
15,1274,39428,0
4,5013,41424,0
6,5720,2013,12
66,1807,37025,0
15,4765,14711,18
66,1806,42145,0
6,653,42768,2
6,583,42769,3
6,948,43988,5
8,2597,16347,0
5,5082,43607,0
15,1273,20327,0
17,4249,15389,0
8,1344,21490,0
6,637,6321,9
4,2445,44561,0
8,1698,44378,0
15,1272,15608,0
9,858,33990,0
13,4583,9930,0
6,651,6365,2
6,460,32054,4
6,1078,14507,1
6,4539,1591,2
6,637,19472,1
22,1798,21410,7
6,4539,33204,4
6,573,6863,4
6,4539,19644,1
16,3312,18277,1
22,1795,18173,3
6,674,15658,3
6,667,6433,4
6,567,2513,1
22,1798,36180,7
15,1608,28457,7
15,1041,29927,0
6,4614,22242,12
1,1830,13060,0
5,5517,28084,0
3,3516,18370,0
8,4409,11018,0
66,4850,37054,0
13,2299,29657,0
66,4852,39542,0
5,3358,28086,0
6,942,40605,4
13,3537,9852,0
43,3612,32362,0
6,2551,4974,0
5,1292,7365,0
6,5418,6326,12
2,2192,34698,0
6,616,2093,2
1,4489,23638,0
13,4697,9959,0
6,4539,42173,1
5,5240,30187,0
6,989,19569,12
1,2010,15110,2
9,860,42719,0
4,5217,4627,0
8,1825,40084,0
6,4710,15619,0
8,4485,42261,0
13,2296,9905,0
6,607,10836,1
66,1566,44151,0
2,5137,32190,0
22,1795,38571,13
6,1477,40223,3
6,4000,1709,11
5,3493,36483,6
13,3220,10451,0
8,5395,23265,0
4,4881,4141,0
4,5529,37036,0
2,5337,39338,0
16,5721,41193,0
2,3506,32190,0
4,4300,4218,0
8,4908,24833,0
3,2598,17972,0
9,3038,8617,0
13,3862,29651,0
5,5241,41808,0
66,1807,41810,0
3,3010,37837,0
8,4456,40974,0
6,460,6246,8
6,672,6280,0
5,3029,28312,0
9,2789,36762,0
15,2613,42960,0
9,855,8675,0
6,4539,33851,1
8,1495,16347,0
8,1912,41969,0
6,614,1722,7
6,614,1826,7
6,4088,15007,2
6,633,22245,1
6,612,34346,1
6,598,21465,8
6,604,34752,2
6,627,2013,15
8,2773,11464,4
6,612,22245,2
6,663,24819,7
6,601,32052,10
6,632,35373,7
6,4539,6689,2
6,989,2459,13
6,642,6318,7
6,622,33204,1
66,1173,35327,0
2,4839,4967,3
6,580,6324,10
6,5483,19644,6
4,4990,23393,0
6,606,40606,5
8,5605,11427,0
6,598,32054,6
8,5395,16347,0
4,4709,37833,0
6,1477,15658,14
6,1477,34752,8
22,1799,18739,5
15,2608,25147,5
4,1735,32350,0
8,2113,36095,0
8,4179,35334,0
6,4620,1708,6
6,616,33204,4
15,3212,25593,0
5,5273,7592,0
6,4001,24054,1
66,2321,36805,0
4,2631,25114,0
9,1155,42796,0
4,249,43219,0
13,5286,32178,0
8,2332,40974,0
4,383,40707,0
9,2791,31831,0
66,2321,43573,0
4,5013,22928,0
5,5405,36378,0
5,5273,28810,0
9,2790,8619,0
8,3868,21490,0
6,4001,1709,5
66,4803,37054,0
6,568,14822,1
15,2613,41045,0
4,3706,37036,0
3,1034,36497,0
13,2410,26463,0
6,580,6686,7
13,4697,27005,0
1,4229,30484,0
15,2608,33047,1
17,2770,40354,2
8,4183,34701,0
1,3927,33527,0
2,2192,42759,0
5,3700,31383,0
6,634,34758,17
6,598,1632,1
1,2379,38750,0
1,2011,43990,4
1,5802,39580,0
4,5767,42772,0
6,5720,1846,0
8,5524,15675,0
6,617,6555,14
1,3653,13743,0
1,6208,41968,7
5,1233,27767,0
15,4415,15604,0
6,1628,12171,5
6,627,1591,0
5,3493,27764,0
66,5975,37370,0
8,4453,10944,8
6,945,32053,3
6,945,6512,8
6,631,21465,11
15,1741,32924,8
22,1795,36188,12
15,1741,14250,6
6,633,34755,12
6,632,22242,7
22,1798,32774,7
6,1815,38162,11
6,639,14333,8
6,1628,2449,6
4,4725,19323,0
4,1480,36508,0
6,573,38162,7
66,4850,38683,0
6,4002,2018,8
6,1892,36563,6
6,880,34758,3
6,604,38162,8
4,1969,24208,0
2,2287,40057,0
4,2889,34509,0
8,4176,41578,0
8,3870,23265,0
6,648,6462,5
8,1825,40390,0
1,5801,34199,0
15,2979,15633,0
15,2609,41906,0
17,3707,35398,0
6,1066,6309,2
5,5166,28312,0
15,4765,23372,8
4,4660,4522,0
6,582,39891,7
6,604,2097,9
4,4669,41823,0
4,1735,36356,0
6,631,40606,3
2,3443,38995,0
9,2787,41780,0
6,946,41396,1
13,3640,32174,9
8,2112,11427,0
3,3995,26044,0
8,5491,27209,0
8,2424,42261,0
4,4338,35403,0
6,666,6423,0
8,4616,36301,0
2,5885,19098,0
6,631,42769,6
6,4614,6246,8
2,2192,41573,0
66,4853,40825,0
6,570,6537,1
66,5379,40706,0
6,588,2125,6
13,3640,43749,10
3,523,24880,0
1,2011,35133,1
4,2636,43679,0
15,4767,22280,7
2,5265,27701,0
6,5481,35375,7
6,4001,7151,6
8,1258,15675,0
2,4776,37141,0
1,3660,20778,0
3,4260,17972,0
2,5337,40474,0
6,594,40611,4
17,2847,27062,0
8,4376,11236,0
13,4663,10707,0
13,1083,9959,0
6,2541,24840,0
13,4093,29654,0
66,1319,37025,0
9,920,31704,0
4,4401,15629,0
9,3035,32152,0
8,4726,11067,0
2,5270,42108,0
6,570,42768,4
2,834,27702,0
4,1166,16587,0
4,2932,22080,0
6,646,1708,3
9,2790,40319,0
3,5744,40382,0
4,4711,41424,0
3,1396,41663,0
13,4697,10041,0
1,6061,37832,0
6,633,44516,1
6,1814,45221,0
4,6177,44387,0
6,599,1848,1
6,1815,21466,14
22,1795,23288,7
6,2168,35328,1
6,949,34346,6
22,1798,34113,7
6,5206,1707,3
6,4538,22242,22
6,1476,14821,19
13,2298,22480,0
13,5408,15057,0
5,3358,29708,0
6,579,39891,7
17,3372,38050,0
2,3442,23965,0
6,5479,2093,1
6,626,40611,3
8,4176,11427,0
5,5083,35134,0
3,3017,34450,0
66,2357,39964,0
3,3031,34450,0
6,945,42770,4
13,4583,10821,0
6,634,6280,1
66,2290,36808,0
15,2611,32924,0
4,3935,3966,0
8,5491,36360,0
6,579,2450,5
4,5365,40441,0
6,571,2216,2
22,1799,33971,20
17,2724,14635,0
6,949,1703,8
66,4984,39551,0
6,945,40224,3
15,4765,40817,16
2,5446,43776,0
8,5496,11523,0
1,4921,33772,0
15,1274,41045,0
6,628,44514,6
4,5013,4621,0
4,5012,3966,0
6,599,2125,8
6,636,6512,1
4,413,44387,0
13,4048,43741,6
5,1295,37830,0
15,4765,30580,4
6,4088,6280,7
8,3346,11427,0
8,4637,33863,0
5,4027,40264,0
16,5721,41194,0
2,5336,40350,0
8,4179,36301,0
17,3057,40353,0
8,4395,42825,0
4,2889,22080,0
2,5885,38531,0
6,607,33204,3
3,4260,5799,0
13,5165,27005,0
9,851,42719,0
9,859,40316,0
6,573,42173,9
6,3719,41396,1
4,4973,43970,0
17,5333,24216,0
66,2819,41810,0
1,5801,39826,0
8,5107,15675,0
17,3225,34700,0
6,5481,6687,1
8,2097,15675,0
6,598,6462,1
1,4204,33768,0
1,6061,39893,0
6,608,34347,8
15,1039,30813,4
15,1039,32119,7
6,614,32052,7
6,568,33851,3
6,1447,35373,3
6,627,21465,8
6,625,2053,3
6,617,36563,1
22,1798,32936,5
13,3598,10135,0
4,2276,4315,0
1,2062,23639,0
66,4862,36801,0
66,4860,40855,0
5,2863,28302,0
8,5157,35334,0
8,4674,10990,0
22,1795,18909,10
17,5080,27062,0
6,949,6999,12
3,3925,18369,0
9,859,32151,0
6,4003,2141,0
8,5129,14798,0
13,4015,29651,0
4,2385,42919,0
16,5213,19710,0
9,2790,41043,0
3,3011,26669,0
3,6011,20657,0
1,4203,4,0
66,1173,44151,0
5,5083,37830,0
2,3226,40269,0
3,6167,26669,0
13,3965,29654,0
8,4992,37285,0
9,1158,41780,0
8,3921,33864,0
16,4184,27692,0
4,5768,22080,0
6,2551,45170,0
6,667,14333,0
8,1139,23265,0
66,4803,36802,0
5,3253,28810,0
8,3789,40972,0
6,597,24063,1
9,922,40378,0
66,1635,36797,0
8,4079,16347,0
4,4300,19322,0
5,5517,41140,0
1,1672,38746,0
2,39,42102,0
16,4611,36492,0
6,946,6537,6
6,580,40604,4
1,4227,23638,0
5,4223,37416,0
1,4229,42725,0
4,4973,19323,0
13,3640,10732,3
1,5801,39815,0
3,143,43629,0
4,3935,15629,0
8,2592,11018,0
3,5227,30088,0
15,3214,38615,0
3,3925,43621,0
4,1113,40732,0
6,1815,34346,4
6,649,22244,4
6,1814,2236,6
6,612,6359,3
22,1798,22275,7
6,4540,34752,2
6,569,6452,2
22,1798,33972,7
6,4088,35329,2
16,3312,24653,3
6,640,14821,4
6,638,6537,8
22,1795,38572,14
66,2819,4458,0
5,3493,7592,8
8,2333,21813,0
6,4003,40611,0
6,587,41396,1
66,1632,39977,0
3,1263,42219,0
5,3489,28975,0
17,5300,16549,0
8,5536,40467,0
6,943,6519,1
6,588,1712,3
8,4389,15569,0
8,527,31678,0
4,2925,4522,0
6,604,35372,6
6,1066,6322,12
5,1237,7778,0
1,4875,26060,2
4,2376,41426,0
15,3213,44584,0
1,5802,12792,0
8,3346,10977,0
15,1280,14569,4
3,6011,40381,0
3,3405,44566,0
6,1066,7051,0
17,5079,37052,0
15,2607,40355,0
6,666,6555,0
3,2599,39084,0
6,989,40604,0
6,603,41085,10
6,4538,1591,0
6,570,7000,8
2,4839,26011,0
6,631,40610,11
8,2716,41969,0
4,5200,4315,0
4,3935,34694,0
13,2708,38140,0
2,1841,37272,0
5,1945,28302,0
9,851,33998,0
6,989,2450,2
66,3532,36821,0
4,3913,4621,0
4,3123,40441,0
13,2707,10135,0
8,2345,40921,0
4,3257,22080,0
6,3719,41392,6
1,5438,13060,0
4,1742,22080,0
2,5335,40499,0
4,1565,3217,0
16,3806,19714,0
1,2323,13060,0
6,2547,2141,0
15,1269,32851,0
9,2788,41039,0
4,3540,35674,0
66,1174,44151,0
1,1830,41966,0
5,5082,30181,0
4,4262,30188,0
1,6117,13060,0
2,3248,27735,0
1,6208,40829,8
17,5545,43034,0
13,5464,26983,0
13,2707,26982,0
6,5717,6686,6
4,3855,44387,0
6,941,42769,5
2,1112,41190,0
6,941,32629,3
6,569,6365,6
6,632,6693,8
6,610,22242,1
6,668,22242,2
6,610,22244,7
6,601,6680,8
6,651,34347,2
6,613,2093,7
6,945,14507,5
6,647,32629,13
6,2190,6985,16
6,622,35328,1
6,633,2097,4
6,582,1916,6
16,3807,34361,1
16,3807,24652,6
6,2052,2018,3
13,3597,9890,0
15,2613,22278,3
6,648,40604,8
15,2607,25098,0
6,4273,6620,9
6,2942,7151,0
6,5480,6319,18
4,4881,4218,0
8,5491,12000,0
9,858,40436,0
4,5352,23316,0
6,4849,32053,14
6,626,35375,4
4,4080,41276,0
9,922,31704,0
9,1069,40422,0
9,2791,8670,0
15,3452,25136,0
6,610,6613,8
3,5731,40643,0
6,4001,42172,0
3,6167,30943,0
6,591,6309,0
9,851,34032,0
6,5550,1591,0
1,4322,13060,0
8,5504,19956,0
3,4547,30088,0
6,593,2018,2
8,4682,16347,0
8,4456,15675,0
5,4291,7656,0
5,5082,33747,0
17,4827,16736,0
6,665,40224,5
5,2212,41140,0
9,919,34949,0
16,2219,37282,0
8,4727,22940,0
4,5352,28212,0
3,2095,27715,0
1,5624,23639,0
2,1103,40713,0
16,1337,34432,0
4,4757,4627,0
13,3496,10041,0
13,4333,22480,0
1,4205,12854,0
6,4003,42786,0
16,2220,37834,0
4,5057,42775,0
4,5057,40442,0
6,1815,42786,4
8,3642,45122,0
17,2842,37280,0
4,3307,14623,0
6,573,22245,4
6,596,1839,7
6,641,15168,2
6,606,14996,3
6,669,6993,4
6,638,22244,5
6,588,2093,7
6,565,22242,6
6,602,14507,1
6,2550,34346,12
6,616,1890,7
17,2267,18191,11
5,873,7390,5
6,672,21466,1
6,634,35328,4
6,621,33205,4
6,644,34757,2
6,652,6452,4
1,3902,13060,2
6,670,1703,1
15,2613,24625,8
1,4719,34697,0
8,3346,15675,0
3,3032,5647,0
4,2385,23316,0
66,1806,36792,0
66,4870,37033,0
8,5551,37493,0
8,4181,16347,0
5,4658,28975,0
1,47,36488,0
6,672,33853,5
1,4205,30484,0
13,4017,10041,0
13,3863,40772,0
6,653,6537,1
8,5396,36360,0
8,1912,40974,0
15,2612,30888,0
4,5344,25114,0
4,2445,4627,0
4,1786,4627,0
4,2932,41825,0
15,4761,30891,0
2,5264,42759,0
6,5482,6304,2
13,6109,42735,0
4,5057,3966,0
8,1912,37838,0
5,4027,28857,0
15,1040,25097,0
2,3515,21358,0
1,5588,36642,0
5,1399,28300,0
8,4387,15569,0
5,4658,41398,0
5,4659,30187,0
15,4764,25093,6
8,5929,16347,0
8,1247,43737,0
6,943,6319,8
2,1348,39746,0
17,5914,20869,0
66,1188,44151,0
9,858,33998,0
15,3212,44618,0
1,4800,13786,0
6,619,22245,3
6,639,14507,6
6,1939,32629,1
6,3184,2459,3
8,4453,24851,6
8,4453,11253,6
6,625,6512,5
22,1795,34121,3
1,4576,32597,1
6,2545,7146,8
6,565,34754,14
15,1599,25593,7
22,1798,23288,7
6,623,14821,5
16,3312,15937,4
5,4681,8042,6
6,4274,36563,6
6,4273,21468,3
13,3537,37421,0
6,1477,40611,7
6,1477,40224,3
15,4911,41593,0
5,2863,8310,0
1,3148,37992,0
5,5240,32349,0
9,1160,41039,0
5,3681,28300,1
13,4583,32336,0
6,577,41396,3
13,2410,41141,0
6,2550,6331,8
15,2959,28457,0
1,5845,13060,0
1,5801,41953,0
6,947,42770,5
5,2212,40895,0
15,4765,25136,8
5,3309,28857,0
4,4723,34694,0
3,2599,36096,0
1,3656,42725,0
15,1608,15632,10
5,3493,42747,0
15,4761,37981,0
8,3758,24833,0
66,2289,42145,0
9,1069,32154,0
8,1344,44378,0
4,5950,4621,0
2,4841,4967,1
4,2282,24845,0
15,1272,17162,0
4,4670,4625,0
17,4827,27062,0
13,3558,38988,0
15,4765,26465,3
8,5496,37270,0
13,3558,36094,0
8,4389,25517,0
2,2287,26011,0
66,4978,36943,0
2,415,32190,0
8,5850,15675,0
66,5839,43310,0
4,4905,40442,0
5,3759,27709,0
17,5811,34858,0
2,5392,40500,0
6,579,2141,8
66,5904,37391,0
8,4992,15675,0
4,5924,15629,0
15,2110,44584,0
6,1814,45167,0
2,3520,43385,0
8,4347,40974,0
8,2781,37285,0
8,5232,15675,0
6,651,6442,2
6,1477,24819,1
6,4088,14507,7
6,604,21466,1
6,576,34752,1
6,649,35329,2
6,672,1713,2
6,3184,1703,1
15,1741,33103,2
6,2541,32117,6
8,3518,37493,0
6,607,14963,1
66,1807,37026,0
66,1634,40822,0
6,4710,38162,2
6,640,1645,0
8,3996,15675,0
15,4766,15199,2
66,4851,36875,0
6,573,24820,6
5,3029,40443,0
8,3347,24833,0
8,2781,40909,0
5,1685,28329,0
9,858,33338,0
1,4549,28229,0
15,2110,15608,0
2,5764,4967,0
15,3180,43881,0
1,5801,41617,0
8,3997,40084,0
8,3710,11018,0
2,2287,21358,0
5,1239,29058,0
15,1041,14568,0
3,2598,24879,0
17,3144,24216,0
8,1258,11182,0
8,3023,15569,0
6,653,40223,2
8,3791,11427,0
6,631,40611,8
13,5287,26463,0
6,1477,41395,4
13,4279,10233,0
16,4452,15937,0
66,2354,36802,0
13,4046,26462,5
13,3597,10135,0
13,826,10202,0
17,3146,14803,0
8,3019,34405,0
66,4984,37370,0
5,5403,28282,0
15,1274,39851,0
1,3651,20850,0
13,2292,9964,0
66,4858,38683,0
66,1224,42144,0
13,5408,42735,0
4,4301,42775,0
6,636,44516,3
2,5997,45222,0
8,1257,15675,0
8,2112,11523,0
13,3640,38988,6
4,5960,4141,0
4,1786,4141,0
8,5496,42157,0
6,576,1722,6
15,1039,28353,6
6,879,6693,1
15,1039,33063,7
6,639,1890,5
6,653,24819,1
6,647,6985,6
22,1795,33967,7
22,1795,36183,7
6,1476,33204,4
6,582,40606,6
15,3181,29927,0
6,5206,38162,6
13,3965,40772,0
4,3457,19323,0
4,2638,19323,0
13,4584,26982,0
17,2724,24216,0
4,1735,4627,0
9,3040,8639,0
5,3681,27712,7
8,1698,11235,0
2,5336,40485,0
4,4300,34035,0
8,1495,40974,0
6,2242,1645,2
4,5684,37833,0
2,2604,41573,0
2,2192,36184,0
8,4662,11018,0
66,2819,36791,0
13,2298,10707,0
6,636,7146,1
15,4766,38549,1
66,2694,41811,0
15,1608,18936,5
8,4566,38390,0
1,401,13743,4
4,1895,40442,0
13,4044,36500,1
5,4601,37830,0
15,4911,39530,0
16,3959,39015,0
5,3681,37830,3
8,5551,11427,0
13,4017,16142,0
43,3255,28000,0
1,564,38049,0
66,1807,36824,0
6,669,6583,2
66,2691,36824,0
8,1344,41578,0
6,609,42769,1
15,5540,35130,0
1,4875,39002,2
8,4456,42261,0
6,4002,32054,0
4,3545,40442,0
5,4028,37830,0
8,1257,40974,0
6,589,42173,2
9,2791,38614,0
15,1273,20325,0
6,668,1632,1
16,6126,37419,0
6,620,6262,2
6,642,6359,7
1,3321,34201,1
6,942,22244,7
6,644,33205,8
22,1795,34119,2
8,4453,11068,6
22,1798,32934,3
6,4000,25602,1
6,669,35372,3
6,624,35636,1
6,648,1645,11
9,1340,39194,0
6,4539,1707,5
6,673,1703,5
66,1659,37577,0
1,2009,24843,0
1,4227,36757,0
4,4757,23393,0
4,3308,4625,0
6,610,6309,4
8,5891,11427,0
8,4534,20863,0
66,2432,36942,0
13,4198,38988,0
15,4764,28464,5
8,3518,37285,0
2,5393,42421,0
13,4245,16142,0
8,4826,11067,0
8,3353,11235,0
6,588,19569,2
2,4081,27735,0
5,3780,40445,0
8,5394,35393,0
9,2789,41041,0
6,1078,1709,2
13,4835,39738,0
13,4044,29887,4
8,5496,29576,0
4,1726,22080,0
4,5020,42774,0
3,1263,27715,0
2,39,40539,0
3,1034,19635,0
13,4044,37269,8
6,605,38621,1
4,1743,4141,0
8,1912,19956,0
15,4763,38928,1
66,1635,36942,0
4,4338,30188,0
4,417,42919,0
6,945,42173,5
66,4744,41811,0
6,4971,1645,8
2,5270,19098,0
13,4245,32174,0
4,413,3966,0
66,4862,37026,0
4,4111,42919,0
4,5013,40442,0
8,1342,11021,0
66,5819,43309,0
15,1274,31834,0
13,5700,42736,0
4,5457,35327,0
6,672,14822,10
2,88,3079,0
9,851,22365,0
13,3558,42736,0
1,4800,13060,0
1,6214,33771,6
2,2603,36781,0
6,669,12171,5
66,2289,37026,0
8,1705,37285,0
8,5733,35334,0
15,1035,30280,0
6,947,6459,5
2,459,27701,0
66,4853,41811,0
4,1743,42776,0
2,1753,4967,0
9,3040,38046,0
5,5241,35134,0
4,5219,41825,0
6,5717,7091,12
6,941,42771,3
6,2543,41083,1
6,669,6680,4
6,570,1914,8
6,4003,33853,5
6,2550,33205,10
17,2267,14722,5
6,1938,21468,7
6,1939,1645,4
6,602,19644,2
6,947,6265,2
16,3807,34941,1
6,603,32052,3
3,2095,36504,0
6,589,33854,9
16,5320,34941,0
66,2433,36795,0
6,629,38623,6
9,2788,32152,0
1,1059,36486,0
8,2703,35393,0
2,4958,37050,0
1,5837,13060,0
66,3532,39983,0
2,5555,4967,0
1,5571,36757,0
4,5344,22928,0
1,4205,33772,0
15,4912,32119,0
6,631,14822,15
6,602,6687,1
16,5415,37277,0
2,5374,31452,0
2,5374,40498,0
8,5429,39832,0
5,2212,40444,0
8,2097,11427,0
4,5217,40441,0
66,4984,38069,0
1,2008,19311,0
4,2718,25115,0
3,1490,4,0
4,5020,40659,0
15,4415,22279,0
6,654,6537,2
1,6214,42779,6
1,6214,21463,10
3,6245,41664,0
15,4766,25097,0
1,1165,38049,0
8,3350,11182,0
5,5167,8042,0
9,919,31555,0
2,5375,40586,0
9,859,8619,0
6,582,40610,7
5,5082,34364,0
3,5731,5647,0
2,834,24779,0
1,3805,34351,0
6,3719,40607,8
15,1277,41300,0
13,4279,9920,0
9,3042,40425,0
13,4022,9959,0
13,5385,37269,0
6,675,6313,0
5,4361,8310,0
9,2791,41775,0
8,5733,11253,0
8,4976,39740,0
15,1272,37982,0
6,1447,41395,1
6,4540,6686,1
1,2011,38749,0
4,5487,4315,0
17,4377,36505,0
66,3532,40824,0
4,5384,44387,0
17,4827,18189,0
6,2244,12171,0
6,603,6555,8
3,3407,44566,0
6,595,22244,6
6,631,22245,1
1,4200,25609,1
6,665,34759,3
15,3453,33102,3
6,673,35329,2
16,1324,18277,3
16,3563,36418,4
6,619,7151,1
6,642,2097,1
6,621,14965,3
4,1707,36508,0
6,4540,6519,2
3,3708,24880,0
66,1632,36802,0
2,5335,39337,0
2,5391,40485,0
6,675,33851,4
13,2298,37042,0
9,852,25508,0
15,4418,14568,0
5,4658,27709,0
6,641,43980,1
2,5337,42942,0
9,1152,33997,0
8,2424,43995,0
6,615,6507,12
6,2547,40223,0
8,2851,43730,0
16,6122,34702,0
9,858,33995,0
2,5375,31449,0
1,3052,36488,0
5,5059,27843,0
1,5571,14860,0
6,1478,34758,10
2,4023,25442,0
3,4964,41244,0
3,3011,40645,0
15,2608,44120,0
4,1503,34417,0
8,4974,12000,0
5,5241,24225,0
5,2212,30181,0
8,2458,40509,0
6,666,6246,2
6,3184,34758,6
4,1314,16587,0
3,2429,42751,0
15,4759,41905,0
6,5717,44244,6
13,6109,42736,0
2,1935,43664,0
6,629,2018,1
6,942,24960,4
6,637,24960,4
6,581,32116,5
6,1476,14507,6
6,616,32116,1
6,582,22244,7
15,3453,32997,5
5,873,23263,7
1,4809,30820,8
1,5146,13060,1
9,921,39341,0
1,2008,13227,0
9,2186,12174,0
5,3428,40445,0
3,3032,34450,0
1,5560,16037,0
8,4181,11018,0
13,3596,37421,0
15,1041,25147,0
9,2791,40316,0
2,1103,40802,0
3,3032,5612,0
9,1158,31553,0
15,4763,22531,7
5,1791,40939,4
2,2283,41573,0
9,1156,33677,0
15,1280,25140,17
66,4858,36791,0
8,5232,36301,0
15,1600,39834,0
3,6012,39741,0
15,1740,43881,0
2,5314,27701,0
8,5495,15569,0
6,5482,15004,3
66,5905,42143,0
6,1814,38622,6
2,5448,13060,0
15,2635,30835,0
8,1958,11189,0
6,649,40604,7
4,1784,40442,0
17,5126,14417,0
16,4609,24650,0
4,2385,41825,0
6,1628,6573,2
8,4235,40972,0
5,2480,28313,0
2,1103,4967,0
2,3500,38531,0
1,4205,23638,0
2,5912,4967,0
2,5314,41572,0
6,633,6280,2
5,5083,28312,0
8,2559,11253,0
15,4764,44120,0
8,4423,11145,0
5,5509,27767,0
15,1275,37982,0
4,2276,22928,0
9,2790,8657,0
8,5426,10990,0
8,1227,15675,0
6,949,43977,6
9,5229,42651,0
66,4986,41811,0
4,1742,41424,0
8,5492,45536,0
8,4398,33375,0
6,629,6361,6
6,582,6389,4
6,2244,1650,6
6,4003,32116,10
6,645,25602,1
6,615,6462,8
6,610,33852,2
6,588,33854,10
6,571,7095,2
3,1491,18369,0
6,949,6278,7
6,646,38621,2
8,5231,35334,0
6,593,1632,1
2,5375,39336,0
13,1083,38140,0
17,3992,14456,0
43,3074,32074,0
8,4388,11253,0
66,4855,37391,0
6,2551,7095,13
15,4764,28459,0
66,2692,36942,0
15,1272,33102,0
66,5819,36875,0
2,2897,23669,0
5,5711,28313,0
4,2385,42775,0
8,5394,11021,0
6,622,1708,1
5,2212,42749,0
6,641,43977,6
4,4829,41824,0
1,2798,36631,0
66,4985,37368,0
6,2052,6319,0
15,3005,22364,3
4,5057,40441,0
8,4632,11068,0
8,5491,24878,0
5,2968,37416,0
8,1912,11427,0
4,2448,24208,0
13,5244,32274,0
13,2299,29650,0
6,4878,6537,1
66,4980,39551,0
3,2095,35395,0
15,4415,22280,0
2,1112,27734,0
1,6214,14017,6
6,4001,24839,2
2,1112,2151,0
1,3653,22556,0
6,618,6686,1
8,4567,33863,0
5,5064,22081,0
4,5221,3950,0
6,582,42769,2
6,941,2450,5
8,4632,24834,0
8,5031,35334,0
8,1705,10990,0
5,4224,7656,0
13,1082,29654,0
2,1341,44551,0
8,5495,42261,0
9,2792,42796,0
3,6167,43618,0
66,6000,43030,0
8,4376,16347,0
3,4437,17183,0
5,5241,40370,0
2,6007,4967,0
3,6167,43630,0
8,2559,12001,0
6,633,6614,2
6,949,6680,1
6,608,6551,1
6,649,34346,1
6,573,21465,3
17,2267,15248,7
1,4200,25450,1
6,989,35329,3
6,642,35372,6
6,4620,22242,8
5,873,15842,5
6,598,35636,4
1,3902,20854,7
6,947,24819,5
6,670,33851,1
15,3213,14262,0
4,5012,30188,0
5,5405,35407,0
2,5224,37141,0
5,5404,7390,0
5,1817,40264,0
4,4880,34417,0
15,1278,32119,0
8,2783,16347,0
2,5335,40491,0
8,4556,35334,0
4,2090,19323,0
16,2219,36491,0
4,4630,30188,0
6,611,40777,1
6,668,12171,7
3,3010,34451,0
4,3915,19322,0
15,1599,38211,0
16,4184,24831,0
9,1154,31704,0
5,5404,41259,0
13,5408,9964,0
15,1598,22280,0
66,4855,36811,0
1,6214,36630,6
2,4882,42108,0
15,1599,14259,0
4,4074,19323,0
2,4025,40653,0
8,5852,40909,0
2,1230,27701,0
15,3213,15632,0
16,2463,41193,0
15,2111,18221,0
13,5385,32174,0
17,2737,41068,0
66,1634,39983,0
8,1698,40972,0
17,5521,16736,2
6,1814,41084,1
13,4583,9958,0
66,4846,36793,0
2,5885,42108,0
5,1466,29708,0
1,2012,19311,0
4,2638,40442,0
4,5219,4315,0
9,1340,41044,0
8,2854,21490,0
4,4630,23393,0
66,4985,37370,0
17,1335,41788,0
13,2535,42987,0
8,2703,33864,0
15,5191,22364,0
6,4002,33851,0
66,2693,44151,0
6,636,4974,1
9,854,42651,0
13,2711,9905,0
2,3266,40713,0
22,1798,28626,2
1,6214,43632,8
3,6245,43630,0
4,3914,43943,0
13,4584,9930,0
15,4764,45140,0
6,608,6379,4
6,565,22244,5
6,2942,14507,1
6,597,2053,3
6,672,6693,5
17,2267,20869,7
5,873,32349,9
6,460,22245,3
6,664,33854,4
6,4003,34752,3
15,3453,14569,4
6,670,34753,7
6,617,1707,2
6,638,7151,4
6,2243,1709,2
15,3213,32119,0
3,1490,19757,0
6,4088,7151,6
4,1486,37036,0
13,3639,3815,0
1,255,36628,0
16,3923,38996,0
6,4088,6482,8
6,460,33853,10
3,3743,29748,0
13,4022,26982,0
16,3562,37283,0
4,2823,16587,0
6,460,40606,7
5,4562,28857,0
4,3802,22928,0
13,3863,16495,0
8,4389,35393,0
66,4870,37393,0
5,1791,24739,7
1,3159,36486,0
5,5509,34408,0
66,2355,28212,0
15,2610,22279,0
2,5474,40802,0
2,4958,40827,0
3,3516,34450,0
3,5748,40382,0
2,5374,40587,0
1,5624,13060,0
1,5526,42000,0
13,4298,36500,0
3,1077,40644,0
6,633,10836,8
3,6011,43630,0
3,3032,22934,0
8,4976,11189,0
13,826,10392,0
8,5551,20863,0
4,2385,3965,0
4,2821,36092,2
66,2357,36808,0
16,4452,30185,0
6,616,6280,1
8,2783,15569,0
43,3255,33720,0
13,5868,9866,0
15,2608,41658,0
8,5493,41934,0
66,5822,44898,0
8,2856,11019,0
13,5464,27006,0
8,6156,11427,0
4,2646,41825,0
1,5571,36631,0
6,5419,2013,6
4,3802,41425,0
4,3486,25114,0
13,3864,29654,0
6,646,43284,2
1,5899,37993,0
16,4006,24212,0
5,1613,8042,0
4,5057,3950,0
4,5057,42776,0
2,4082,19507,0
4,5218,41424,0
6,627,24055,2
6,1628,40224,5
15,3005,43877,0
6,635,6262,4
15,5449,41300,0
4,4660,30188,0
8,3352,35334,0
6,668,15619,8
4,3914,37583,0
6,941,10836,6
6,948,6304,5
15,4760,42960,0
17,5857,34857,0
15,3005,43880,0
1,6214,15209,8
4,4660,43679,0
1,4229,33768,0
1,6214,25451,6
13,3546,10202,0
66,6000,37760,0
4,4824,16587,0
17,4087,43034,0
4,1314,40659,0
13,3536,42735,0
13,3546,10233,0
6,4710,45129,0
4,5014,4625,0
1,6202,18105,0
5,4028,8042,0
8,2745,24833,0
6,586,14507,1
6,1478,6693,6
6,617,32054,3
6,2545,34758,2
6,640,2459,6
6,1892,22242,1
6,620,35328,2
6,1478,2258,2
6,610,14823,10
16,3807,34432,3
6,636,1645,2
6,647,6321,9
6,4270,1632,1
5,4659,24870,0
1,5571,24841,0
9,2791,33250,0
13,3597,32336,0
8,4556,40974,0
15,4766,25098,0
8,5425,12000,0
4,5698,19323,0
15,3212,41593,0
2,5374,40586,0
2,5557,4967,0
2,4018,4967,0
4,4401,41424,0
4,4080,40734,0
1,4205,33771,0
5,5084,36483,0
8,4079,12084,0
6,3719,42768,5
6,942,6266,2
8,2424,15675,0
8,4637,25517,0
3,3010,22934,0
2,4940,40057,0
13,5436,18883,0
4,5223,43970,0
4,5365,37833,0
13,5385,29654,0
66,4870,41812,0
5,5403,41259,0
4,3123,34416,0
13,3536,36094,0
2,416,21347,0
13,4072,29651,0
6,648,33855,5
8,5495,45536,0
2,3431,41572,0
3,2194,18370,0
1,2012,36977,0
15,3178,35130,0
13,1082,10373,0
15,2614,28464,0
13,5286,10135,0
9,919,8565,0
8,656,15569,0
6,4970,2125,6
16,5455,41642,0
8,3347,39832,0
9,2791,41779,0
6,579,1712,18
1,5438,40504,0
6,567,42173,4
5,5272,28297,0
17,4294,40060,0
8,4637,40909,0
66,1319,36800,0
9,1157,31555,0
15,1271,44579,0
9,2791,8675,2
6,671,6265,0
4,988,41825,0
6,6114,36437,0
4,5251,40752,0
6,593,24820,4
6,949,6361,1
17,2267,17098,2
6,4273,32054,8
6,644,21468,5
16,3807,27442,1
6,626,1728,7
6,571,32054,2
5,4028,27712,0
9,857,31553,0
9,1152,8629,0
8,5504,12001,0
15,2613,37521,4
13,1080,18883,0
1,3653,23638,0
6,668,40604,6
8,2460,11235,0
13,2292,10392,0
2,5374,40588,0
9,2789,37721,0
9,2791,23724,0
6,460,41393,8
13,3220,10202,0
3,2767,41664,0
66,4862,36811,0
9,2792,41039,0
15,3005,23372,4
8,4387,15675,0
5,4408,40443,0
2,5371,39746,0
9,1158,41773,0
3,4547,43629,0
2,5808,2151,0
9,3038,42796,0
4,4747,4309,0
15,5894,41593,0
8,1698,12001,0
1,5847,39002,0
3,3516,18369,0
2,5224,34427,0
13,2538,10144,0
3,1463,26044,0
8,1914,21813,0
6,652,6379,4
6,669,41085,6
6,1078,6555,0
1,4809,16037,0
9,2794,8680,0
2,5340,39336,0
2,3520,43675,0
2,1112,43382,0
4,2636,22080,0
66,2291,37578,0
3,3003,40386,0
8,5427,11523,0
6,5480,7144,14
4,4832,4315,0
6,609,2141,10
13,5436,29651,0
8,5288,37285,0
1,5585,30191,0
13,2535,10233,0
1,2081,38749,0
8,4457,38990,0
4,2043,14623,0
6,2547,45221,0
6,667,33855,6
66,4855,37369,0
15,4912,41658,0
6,609,1703,8
5,5726,40261,0
6,5717,42769,8
17,3334,40646,0
66,4852,37369,0
6,1478,44514,2
8,1227,42157,0
16,6122,43711,0
3,3426,5612,0
6,634,33854,6
6,1478,32116,8
17,2267,24216,6
6,580,7151,2
6,2942,1707,6
6,616,7151,2
6,670,7146,5
6,5207,6620,3
6,633,38623,2
13,5165,10792,0
6,989,40611,3
6,589,33852,5
3,1332,18370,0
8,5497,11021,0
15,3213,41784,0
1,3221,30485,0
15,1280,17526,4
16,4237,16634,0
8,2745,11182,0
6,2546,6331,0
4,4669,41824,0
6,4971,2018,8
1,3297,13060,0
4,4635,4627,0
8,2745,11018,0
5,5203,41140,0
6,5482,42768,1
6,2052,36563,2
3,3406,18368,0
2,5374,31437,0
8,1697,11145,0
1,5381,25610,0
6,591,33851,3
15,4761,41046,0
6,669,1645,5
3,1332,23956,0
17,4249,18190,0
66,1659,36821,0
1,4009,36088,0
8,4967,37285,0
15,2608,40145,0
13,6017,32177,1
8,4967,39832,0
3,2466,26669,0
1,6208,24972,0
66,1619,37577,0
8,4235,39739,0
6,989,24840,0
3,5731,40382,0
4,5344,37275,0
2,67,37312,0
13,5868,9920,0
66,2357,37027,0
15,1277,41048,0
4,2090,23316,0
15,2614,25094,0
3,5744,45706,0
4,4824,22080,0
2,4023,33640,0
1,4205,34351,0
1,4205,34399,0
8,4359,41901,0
6,2545,43988,0
5,5711,28857,0
5,4365,24225,0
1,6214,43641,6
9,2792,35497,0
66,2289,37391,0
15,3178,42960,0
1,5547,16037,0
8,5495,45400,0
9,3040,36761,0
1,3652,37832,0
1,5473,37832,0
6,573,4974,17
6,621,36563,0
13,5164,32336,0
4,4811,36508,0
13,3965,37421,0
8,5422,36095,0
16,3563,34432,0
15,4765,25593,6
66,1659,37027,0
66,4859,36804,0
2,5371,40350,0
6,4849,6459,38
9,3038,40318,0
13,3597,37839,0
6,4538,34758,1
4,3147,40439,0
16,5035,19714,0
17,2841,18191,0
6,941,6309,0
8,4234,37493,0
16,5552,41772,0
4,4804,28176,0
13,5069,42003,5
6,648,40223,20
5,4363,41808,0
4,4811,3950,0
6,647,6555,10
1,5439,41955,0
8,5601,45371,0
6,627,15023,14
9,2792,38614,0
6,634,42173,9
13,5164,26982,0
13,2710,31213,0
3,1489,32506,0
6,5418,44516,19
6,616,6281,4
9,2792,19806,0
6,571,6322,8
1,5339,25609,0
6,3719,42786,12
1,1830,12473,0
6,651,14996,6
6,624,34347,12
6,1892,24960,4
6,620,32117,6
6,635,6680,25
6,569,14507,5
6,623,22245,7
6,603,33854,10
6,569,14920,13
6,2550,32053,15
6,651,6389,32
6,574,24820,2
6,582,2459,5
6,4273,19472,21
6,663,19576,11
6,631,32116,1
6,2245,14823,5
6,598,14822,7
6,608,1713,17
6,579,6863,5
6,668,35372,9
6,941,34752,6
6,615,7165,20
16,3313,15956,8
6,669,21465,17
6,577,19472,6
6,587,35636,7
6,592,6338,1
6,941,21466,9
6,567,14822,17
6,631,34755,7
6,3719,6985,4
6,949,33854,12
6,645,2258,11
6,630,6512,38
6,623,7091,11
6,594,7144,10
6,5206,2235,2
3,5323,5673,0
4,2282,19323,0
66,4846,37054,0
6,2543,1843,7
6,946,4974,8
6,594,14821,20
66,1174,36942,0
13,4198,9852,0
13,3557,10725,0
6,2190,39891,71
2,5371,40587,0
6,4710,6537,8
3,658,24827,0
15,4761,41053,0
6,607,38623,17
4,4758,40659,0
6,2550,1636,84
2,2033,26011,0
6,648,6999,48
2,2102,40057,0
6,4273,19569,27
1,2012,13265,1
6,653,42769,11
4,4804,27210,0
9,3041,40318,0
1,4209,38049,0
6,642,40224,20
13,3558,10202,0
13,1083,22480,0
5,5082,30187,0
6,946,33853,7
4,6080,15629,0
2,6082,43382,3
6,598,6321,4
6,1066,6462,11
8,2425,42261,0
6,5481,15004,10
4,3514,30188,0
3,1077,26044,0
66,4853,36811,0
5,4837,30181,0
5,2669,22081,0
6,604,6555,3
17,2473,14635,0
2,6082,21347,8
13,4133,10135,2
6,663,6543,7
13,3863,9930,0
8,5353,37285,0
17,5080,14803,0
5,1792,30181,0
9,857,19141,0
13,4584,9920,0
5,3309,29708,0
13,5165,17735,0
6,605,4974,7
8,5492,15569,0
6,1078,6324,9
15,3210,35130,0
1,2009,12417,0
8,3023,37285,0
66,4850,36811,0
66,1319,37026,0
15,2607,41045,6
6,1815,40224,5
6,581,41396,7
5,5068,28312,0
43,3611,35539,0
8,3175,41969,0
2,5393,31462,0
9,854,41774,0
15,4763,41904,6
6,1815,1841,6
6,611,15620,8
1,4209,18581,0
4,2445,19322,0
13,4048,29884,16
4,2641,40707,0
6,948,42172,11
6,571,6613,28
4,5014,40752,0
1,6216,40715,12
8,4682,42742,0
17,2721,20866,0
6,4614,43281,8
1,6042,18105,0
6,587,7146,7
6,589,33204,8
8,5496,15675,0
15,2610,43880,0
8,3517,43727,0
6,629,6359,9
6,565,32116,7
6,647,14506,54
6,644,22245,33
6,644,6324,38
6,2549,22245,13
6,1938,34346,1
6,617,7165,15
6,2245,22245,26
6,946,15168,9
6,601,34758,14
6,668,34752,17
6,597,21468,7
6,618,32116,5
6,666,2053,12
6,646,22245,6
6,4272,35636,32
6,596,34753,13
6,638,14507,23
6,946,1839,7
6,2551,19472,58
6,2546,34755,22
6,2546,22244,9
6,570,2216,23
6,4275,34754,54
6,652,35328,14
6,568,6985,12
6,3719,7091,14
6,654,24960,6
6,637,24820,12
6,632,1591,27
6,4274,34347,23
6,601,35375,21
6,669,15658,110
6,2243,34754,13
6,4002,36437,9
6,2242,1707,8
6,4878,21465,5
6,595,20061,13
6,617,6512,16
6,4614,19472,1
6,663,7091,15
6,664,6512,9
43,3076,39107,0
6,2190,6519,63
6,592,38623,1
8,1177,15675,0
13,2532,23441,0
9,1161,33998,0
66,4860,38684,0
8,5504,11427,0
16,5625,36507,0
15,1271,14259,0
66,4860,36808,0
6,2190,6687,16
2,5391,40474,0
13,4584,4,0
6,4001,2125,1
13,1085,18883,0
8,2714,11067,0
4,1302,19322,0
6,5418,6507,149
9,2792,8627,0
66,4853,37369,0
15,2609,15632,9
3,1263,40645,0
8,5100,36095,17
13,5244,26463,0
8,1259,15675,0
6,644,6433,4
6,1477,39891,9
1,4204,18105,0
6,5480,14959,10
9,852,42652,0
66,1633,37025,0
17,5333,14722,0
6,635,6613,95
15,3015,38901,0
8,3641,15675,0
4,3855,41321,0
8,3249,24833,0
8,4952,21490,0
9,2787,33998,0
6,632,1843,10
9,2794,40316,0
4,4758,37275,0
6,675,19644,8
1,4717,38746,0
1,5548,13060,0
15,3016,25147,0
6,641,19569,35
6,614,1703,22
8,4682,10978,0
17,5034,41068,4
66,2433,36797,0
8,1698,11523,0
6,4540,44514,9
4,4301,44387,0
6,652,41085,6
9,1161,41774,0
4,5200,30188,0
6,665,42771,22
13,2297,29651,0
4,1113,36091,0
8,4727,44392,0
6,622,7146,7
3,2429,17972,0
9,2788,41774,2
8,4699,41578,0
66,4744,43678,0
15,3004,39429,0
6,640,44244,8
1,4800,16037,0
17,4248,37836,0
9,1155,31555,0
6,1815,45148,12
15,4759,25094,0
6,2242,2449,23
5,4647,22229,0
6,654,24054,2
6,4001,2097,21
6,1814,7091,10
8,5496,36301,0
8,4457,34701,0
6,5482,6324,20
16,4293,38997,0
22,1795,38574,7
13,2410,10041,0
2,4884,36781,0
15,2958,15604,0
5,1306,36089,0
8,4952,36400,0
5,4027,37039,0
6,3719,14822,12
6,627,40611,7
6,5418,40608,17
13,2292,9905,0
8,5233,11018,0
8,3352,40909,0
2,5368,40586,0
15,5540,17463,0
8,4179,11253,0
4,1735,40442,0
6,5418,6322,35
66,5379,40705,0
8,1958,20863,0
3,3017,40645,0
66,2694,37577,0
13,5164,41421,0
4,2821,41823,0
66,2357,36797,0
6,2546,33853,0
6,568,33204,11
6,5550,6322,0
2,5313,27701,0
8,4485,15675,0
5,5082,28857,0
5,1397,28975,5
15,5191,25140,0
6,4971,6537,17
6,579,42771,11
8,3517,11235,0
13,4120,10202,0
5,1818,30187,0
8,1699,15675,0
8,2112,15675,0
6,593,7150,1
6,941,14533,0
1,4875,30191,0
66,6218,40706,0
2,5655,40057,0
6,599,4751,10
2,4861,42721,0
5,5615,41651,0
1,61,13060,0
6,2190,42787,14
8,4388,41901,0
6,4849,6537,13
6,622,22245,2
6,616,24819,16
6,648,6379,17
6,4001,24960,28
6,4001,14823,19
6,647,22242,25
6,668,2093,10
6,651,33853,31
6,668,21468,16
6,653,22244,2
6,648,21466,13
6,948,14507,21
6,613,6459,6
6,609,24960,32
6,601,1591,7
4,1735,15629,14
6,601,17109,6
6,608,14912,33
6,648,33205,11
1,3351,13060,1
6,607,2053,14
6,644,6705,21
6,648,35373,24
6,608,22244,15
6,945,30447,18
6,2546,1636,24
6,2242,6433,21
6,634,1728,3
6,665,34757,5
6,650,35636,55
6,668,6319,8
6,571,14925,19
6,610,1591,9
6,2243,34753,17
6,631,2097,10
6,4274,22244,14
6,1939,19472,22
6,4000,2097,18
6,618,15658,49
66,1632,4218,0
6,4270,35373,18
6,4270,15658,10
6,4270,6427,15
17,2841,14803,0
6,569,19644,8
5,2375,22081,0
17,5333,14803,0
6,591,1843,5
6,620,2097,19
6,3719,40224,24
4,3257,23393,0
6,4272,35373,2
6,600,14823,4
4,5200,37275,0
6,569,6620,9
9,2791,8680,0
6,617,38623,10
3,2598,17183,0
1,789,37995,0
6,626,1645,26
6,641,15658,83
13,2535,9906,0
6,654,14333,3
6,609,40604,14
5,1397,28086,7
3,3012,24879,0
1,4053,16037,0
2,66,42102,0
6,610,7150,21
8,2850,38990,0
2,4510,4967,0
6,645,6433,1
6,632,14533,19
6,944,6462,17
6,2243,36437,66
66,4852,37026,0
8,5607,11427,0
1,1830,40664,0
5,4646,22229,0
6,2550,1967,14
6,569,40604,3
5,5711,37830,0
6,568,12171,1
6,4274,1632,1
6,597,14990,36
6,673,2125,17
6,2244,1712,0
8,4490,23265,0
8,2174,23265,0
6,2543,6999,5
6,665,42172,23
6,460,6686,10
9,857,41039,0
4,4711,40707,0
4,1725,4627,0
3,5750,41244,0
15,3213,22280,0
13,2298,9964,0
17,5416,24216,0
1,6015,43641,0
6,1078,6246,0
15,2621,14213,0
13,4583,15708,0
6,4272,1632,2
2,5044,27702,0
2,2102,37835,0
17,5333,37280,0
17,5333,18191,0
8,1227,39832,0
6,1815,24819,34
66,2357,39986,0
66,4985,36875,0
8,4952,20863,0
4,1302,36508,0
6,632,40778,17
4,1735,38999,0
66,4983,39542,0
6,608,40611,7
6,579,32052,7
4,4669,36653,0
5,1295,41398,0
13,4120,10373,0
1,1830,36635,0
4,3540,19323,0
8,4456,33863,0
13,4663,18883,0
6,642,42173,16
1,3651,12552,0
13,4135,41616,6
6,649,41085,9
9,5889,40319,0
6,5418,42768,3
1,5565,36757,0
66,1659,36803,0
9,4612,31553,0
8,5425,11067,0
8,5576,15675,0
6,5481,6686,6
15,4760,15608,0
13,3862,29655,0
6,5479,6686,12
8,5394,39832,0
8,2112,23265,0
13,4584,10233,0
6,579,42770,8
13,3557,26982,0
6,635,42771,34
6,582,1841,8
6,603,6519,8
8,5296,16347,5
6,5720,1843,6
6,460,6304,10
6,645,43980,4
9,3040,33994,0
66,1805,44151,0
6,654,6361,5
6,647,15023,20
6,599,2093,13
6,942,24819,5
6,634,21465,7
6,594,2236,6
6,948,23097,87
6,631,6613,39
6,567,33851,25
6,651,14910,10
6,946,6680,9
6,949,32053,5
6,637,6693,1
6,632,2216,7
6,565,34755,23
6,592,6985,6
16,3923,24653,2
6,638,6462,9
6,649,14506,7
6,629,7150,17
6,650,22242,108
6,610,14822,7
6,1478,23138,2
16,3923,31938,1
6,945,38622,5
3,2194,17174,0
8,4727,11068,0
8,4392,35697,0
6,5418,40611,32
6,672,34754,19
6,581,1591,18
4,4869,30188,0
6,652,6687,15
6,588,6537,5
5,4110,27843,6
6,5418,6518,8
6,5717,6309,4
8,2745,40909,0
9,1155,40318,0
2,5389,27702,0
43,3612,37347,0
13,2535,31213,0
6,944,1636,22
6,1477,42173,4
13,4584,37269,0
5,2863,34364,0
6,636,34753,3
9,855,40316,0
8,4398,37022,0
6,4088,15619,1
13,4334,26982,0
8,4733,11427,0
4,3779,4522,0
5,5405,40443,0
6,2190,42768,12
6,4001,1708,6
8,4668,11068,1
1,5693,36509,0
15,4418,28459,0
5,5517,7373,0
6,941,6999,0
6,607,6512,26
1,4204,36424,0
4,2364,24825,0
6,648,7150,24
6,636,17976,45
6,4274,6613,29
6,635,7144,18
66,1632,36805,0
6,645,6519,9
6,577,6462,7
15,2610,29566,0
6,2545,1833,0
6,667,6304,28
9,3040,42794,0
1,2011,17889,0
6,669,42769,11
6,568,19569,11
8,5395,39832,0
66,5972,43441,0
1,564,36766,0
4,1784,44074,0
8,5494,45536,0
6,573,7144,23
9,1154,37098,0
17,5333,36317,0
2,4884,21358,0
17,1333,19069,0
66,2819,39976,0
8,527,33627,0
6,582,14965,1
4,4669,19323,0
6,4272,6278,20
66,4978,38927,0
17,2846,18191,0
15,1276,40798,0
4,4953,41427,0
8,5233,40909,0
15,2609,30992,1
3,3032,27716,0
6,571,6537,8
4,939,30188,0
6,460,33204,2
6,672,24819,5
4,1505,19323,0
8,1698,38990,0
5,2212,7365,0
66,4858,37369,0
15,2613,32167,14
1,5846,23260,0
6,646,6322,36
8,4558,15569,0
4,4784,4627,0
1,5586,13060,1
9,3035,33995,0
8,1257,41578,0
4,3552,42776,0
6,604,42173,4
8,2174,15675,0
4,4804,3966,0
6,595,6555,6
5,2212,30187,0
4,4725,4141,0
2,5902,39746,0
6,576,22242,19
6,608,2053,14
6,667,24960,7
6,648,6993,2
6,591,32054,1
6,1066,1839,1
6,606,6680,1
6,669,21468,6
6,651,32053,17
6,664,22244,2
6,2245,14821,24
6,4275,21466,17
6,632,14506,41
6,567,35374,6
6,586,24960,1
6,4000,1645,15
6,4849,14506,21
6,3719,6427,62
6,4275,15658,13
6,2547,1728,2
6,672,17976,34
6,4088,14533,19
6,608,14823,6
6,675,38623,7
6,673,22242,3
6,589,14821,13
15,4762,37521,0
17,3260,19069,0
17,4825,18192,0
6,623,7150,19
17,4838,15249,0
8,4821,24834,0
66,4983,38065,0
6,3719,15658,40
15,1037,25094,0
15,1038,14565,0
8,1825,37285,0
8,2174,36301,0
6,635,35372,7
3,3708,22934,0
3,3708,5612,0
6,638,6686,8
66,4857,41564,0
6,4275,6319,32
8,5100,22235,6
5,4291,37038,0
8,4674,36301,0
1,4204,25609,0
5,4949,36510,0
9,2787,41775,0
9,855,42651,0
6,4000,19569,23
5,4659,27710,0
66,1621,42145,0
6,648,42786,13
6,666,4974,1
6,2942,40604,0
3,5744,24827,0
6,2549,42771,0
66,4978,38687,0
8,5122,25517,0
9,1340,41774,0
1,4921,25609,0
8,4682,15569,0
1,5964,13060,0
8,3385,40972,0
4,2631,16587,0
8,3642,40974,0
2,3521,3079,0
4,4879,3950,0
5,2212,24739,0
1,564,13060,0
13,4334,9934,0
13,3753,9964,0
6,652,38621,17
1,6039,39002,0
8,2113,39832,0
6,640,6379,10
6,949,44244,5
8,5492,37493,0
15,1043,20749,0
2,5224,4967,0
6,2243,40607,15
1,2008,18106,0
6,5550,40611,0
4,2889,40877,0
6,4620,34758,18
17,2846,37836,0
8,5396,35393,0
17,3334,18190,0
9,3241,31551,0
17,2203,15296,0
3,3406,17174,0
6,668,40224,11
1,4053,15110,0
6,647,1707,2
6,2190,1712,43
66,1632,41810,0
6,1476,40223,0
5,5082,40444,0
4,5014,40707,0
1,5527,39814,0
8,5296,36503,8
8,3272,42261,0
17,4251,35398,0
66,1621,38683,0
6,619,6452,8
5,5266,28313,0
13,2859,29645,0
13,2709,10233,0
3,4964,40644,0
8,1820,37493,0
3,2471,17972,0
3,2194,5899,0
5,6111,7390,0
6,5481,43977,5
8,5492,39740,0
8,5492,42262,0
2,3248,27702,0
6,640,32054,12
6,623,14822,5
6,620,6442,6
6,623,1848,3
6,639,34347,31
6,653,2236,8
6,669,32116,2
6,649,21465,1
6,568,14507,1
6,624,22244,2
6,645,32116,1
6,949,6693,19
6,2546,1713,50
6,607,34753,7
6,648,35329,8
6,941,32052,2
6,651,32052,13
6,1938,35636,10
6,568,1890,2
6,635,2097,30
6,635,6620,20
4,1735,28212,6
6,619,1916,1
16,2648,18279,6
6,1938,33852,45
6,640,6452,8
6,599,24820,2
6,948,7091,2
6,592,1636,7
6,1477,2511,42
9,1154,33989,0
6,650,39891,35
6,944,6620,20
6,2545,39891,8
6,571,15024,19
6,460,6427,37
6,583,7095,16
13,5464,37269,0
5,4778,36484,0
6,666,7091,1
6,670,1713,4
6,652,6278,7
17,1913,18192,0
6,3719,33851,12
13,4584,9905,0
13,5432,37042,0
6,5482,33851,7
66,4986,37025,0
3,3426,17972,0
16,3923,37834,0
3,3925,27715,0
5,5082,28284,0
6,612,2097,0
3,3925,23956,0
4,3934,30188,0
66,4978,36795,0
1,2009,20887,0
13,826,10135,0
17,4775,18192,0
8,4952,11021,0
13,4046,25058,19
8,4682,24214,0
15,4762,25098,3
6,597,6999,1
1,5565,36635,0
6,630,40778,1
13,2531,10233,0
66,5958,41907,0
6,663,6551,22
6,644,6277,11
6,599,6281,12
8,5296,11145,8
5,5082,24739,0
1,5847,13060,0
6,675,7091,0
1,4204,12792,0
13,2298,43749,0
6,617,19569,2
5,4110,8310,1
6,621,23135,45
8,4558,41901,0
13,4583,42737,0
6,636,40224,1
8,4234,10977,6
6,668,14533,14
66,5973,44065,0
6,5719,2053,6
2,3343,42759,0
6,605,14821,10
3,1034,17183,0
8,5430,11427,0
6,5418,7150,11
6,2245,38623,14
2,5325,27735,0
8,4952,10992,0
13,4245,38140,0
2,5388,38530,0
3,1463,24880,0
15,4911,32119,0
8,4952,11235,0
6,644,39891,14
4,4401,40442,0
6,587,6246,11
6,607,40224,10
3,2095,23267,0
3,5386,38992,0
8,2559,37493,0
6,642,1712,6
6,2244,24820,14
8,4456,11427,0
8,4358,11235,0
13,3597,9964,0
1,2009,41997,0
66,2693,39983,0
5,5615,22229,0
8,4358,41578,0
6,2545,33204,10
3,3010,30088,0
15,1598,23372,0
9,3345,27384,0
4,5457,34694,0
5,3349,41140,0
2,4958,40508,0
2,5341,40485,0
8,4674,40974,0
8,3641,41969,0
4,5966,43970,0
17,5708,40059,0
3,3516,44566,0
5,4658,24225,0
6,5717,6459,0
6,2551,42787,0
1,4797,38049,0
13,826,43756,0
6,5483,42786,3
6,640,40224,9
1,2012,23638,2
2,125,42759,0
6,602,40223,6
15,2959,23372,0
3,3743,40386,0
5,5404,41814,0
8,4457,16347,0
3,1263,44566,0
43,3254,27960,0
6,944,6680,6
6,944,6993,5
6,1628,2093,10
6,2245,34347,23
6,593,20059,6
6,648,14822,38
6,603,6985,3
6,1892,35329,2
6,594,6863,1
6,579,1645,32
6,594,24960,15
6,944,34347,8
6,945,14961,2
6,621,6985,24
6,2546,7165,16
6,649,14821,3
6,5206,7165,10
6,667,34759,7
6,573,2511,36
6,4878,21466,2
6,2551,22245,24
6,989,2511,33
1,4773,20852,0
6,5418,35375,7
1,2799,14017,0
8,3996,36499,0
6,637,15658,63
66,4988,36795,0
6,665,6266,6
8,4180,36301,0
4,4758,30188,0
6,1476,2258,17
8,4457,22237,0
6,611,2097,9
4,1486,40441,0
15,2607,20671,0
6,945,7095,7
6,5717,6512,8
6,4621,38162,8
8,2007,11021,0
6,948,35375,1
6,626,2216,15
8,4907,11018,0
8,5100,21490,8
6,642,14533,15
5,5615,41398,0
15,4766,28464,0
13,4120,9905,0
8,4826,36499,0
8,1697,41969,0
8,1142,37493,0
6,606,14961,1
5,1306,7592,0
5,5509,8042,0
4,1706,34694,0
6,2052,6519,1
15,4760,32119,0
4,1486,32350,0
4,5352,16587,0
6,2244,33853,1
1,4799,40664,0
8,5492,21490,0
3,1491,37779,0
6,596,1636,17
13,4046,30161,3
3,3426,40385,0
17,2739,24028,0
2,5313,2075,0
4,5457,41824,0
6,565,15024,12
43,3254,29854,0
5,2213,7373,0
16,5721,39009,0
8,5601,44604,0
6,577,42768,11
6,5419,6999,130
3,2599,17972,0
8,6153,40084,0
6,2545,24048,0
6,630,45221,1
1,5453,20854,0
3,3407,4,0
6,4538,32054,6
6,4275,6985,10
17,5333,36372,0
6,591,6555,14
15,4762,14319,0
8,5157,11427,0
6,4274,35372,13
17,5333,37836,0
8,5088,15675,0
17,1335,18189,0
6,633,40604,3
9,1154,40317,0
5,2213,28298,0
8,3271,15675,0
4,4881,24826,0
13,5519,9905,0
2,2575,4,0
16,3933,41194,0
6,666,19569,0
66,1621,36821,0
2,374,21358,0
4,1480,4315,0
6,631,33851,13
8,3997,41901,0
8,5495,11427,1
66,4803,37369,0
6,1815,1708,15
6,4621,24839,0
1,1830,13743,0
13,4583,10529,0
2,5612,42009,0
2,5313,40057,0
13,4584,9890,0
15,2609,30887,7
6,663,6331,27
17,2739,18191,0
1,4921,13060,0
17,5709,15296,0
17,5812,37280,0
5,1397,7373,5
6,2243,1591,0
6,616,6537,2
6,631,19569,1
15,2622,32170,0
8,2105,37285,0
66,2693,36797,0
6,626,6462,5
8,1247,42741,0
1,6001,13060,0
8,1698,12000,0
4,417,4621,0
6,601,6246,3
6,639,6680,7
6,1477,6359,2
6,942,6379,3
6,648,22245,5
6,601,6459,14
6,2541,21468,1
6,2942,33851,1
4,4593,4141,1
6,580,34754,10
6,619,6389,4
6,608,35373,21
6,568,33854,10
6,617,14823,9
6,989,25602,18
6,631,6985,4
6,2551,33854,9
6,942,21466,12
6,596,32117,28
6,606,35329,4
6,568,7144,9
6,4970,38621,13
6,589,2053,11
6,641,14533,7
6,651,15620,4
6,652,14333,6
6,646,6550,7
6,4849,34752,15
15,1739,15633,5
17,4775,22361,1
5,4341,28086,0
8,4952,22236,0
6,615,36437,10
8,1258,37285,0
6,5207,6512,24
6,673,6319,11
4,2484,4141,0
6,989,6427,1
15,1043,37981,0
8,5100,31680,6
1,4053,36488,0
8,5422,27209,0
8,1342,11235,0
13,4663,29654,0
13,2536,26983,0
4,4905,30188,0
4,2678,36508,0
6,675,14822,7
6,607,24819,10
9,854,18001,0
6,666,19644,19
6,673,6309,16
66,2433,36793,0
6,573,7150,27
6,2551,2125,0
4,5698,30188,0
6,1078,14821,5
13,826,43749,0
6,624,2053,7
6,619,38162,3
6,610,17976,15
4,3123,4627,0
16,4184,36377,0
6,460,6331,6
15,2613,25593,0
66,4859,38683,0
6,602,42172,8
6,639,43980,25
6,630,44514,2
6,608,42768,6
6,5720,45129,1
8,5536,11427,0
4,4670,30188,0
6,1078,2097,12
6,619,2258,13
6,4614,19644,6
8,4490,16347,0
6,622,2053,11
3,2599,36403,0
6,669,6278,7
6,610,6324,8
2,4884,18977,0
8,527,36499,0
15,1270,14568,0
3,5537,4,7
13,2410,3815,0
6,2541,40224,7
8,3359,11067,0
6,582,7151,31
15,4761,38928,0
1,4203,35326,0
6,606,19569,3
4,4264,36508,0
1,2730,36488,0
4,3540,4627,0
6,663,40608,8
6,5479,7144,30
5,5710,30187,0
66,4862,38067,0
66,4851,37577,0
1,5784,22926,0
15,2609,41054,3
6,673,6322,17
8,4181,39739,0
6,627,41395,7
5,5615,28857,0
6,586,40781,4
6,4540,14968,9
6,4272,34759,4
2,5447,31454,0
3,3406,4,0
4,5347,36653,0
13,4583,43454,0
13,4583,27006,0
9,1157,33994,0
66,4859,36824,0
8,3271,37285,0
9,860,33994,0
3,3407,17972,0
9,2788,33990,0
8,1804,42742,0
3,3010,43630,0
8,3920,43995,0
6,607,7165,19
6,946,6519,8
15,1272,20325,0
4,4886,30188,0
6,630,6693,3
6,607,6379,2
6,623,14914,14
6,577,22245,5
6,948,21468,17
6,989,33851,37
6,666,2018,6
6,615,22244,23
6,640,32116,23
6,594,35374,8
6,613,6507,5
6,648,33854,31
6,608,15005,2
6,2942,34755,10
6,571,6614,26
6,944,35330,6
6,604,2258,20
6,4274,19472,23
6,633,35373,4
16,2648,34432,18
6,607,19472,7
6,2244,38622,9
6,669,38622,2
2,4884,37050,0
6,460,7146,8
13,5287,41108,0
2,5368,40589,0
6,588,39891,6
13,826,37829,4
13,3172,32336,0
66,3532,37026,0
3,2194,29748,0
1,5527,39826,0
9,3037,25508,0
6,879,14506,1
6,4003,1707,10
6,4275,6278,30
9,852,33968,0
3,5386,34699,0
5,5404,28318,0
8,4668,40972,11
6,565,40781,23
13,4584,10072,0
5,5726,28282,0
6,942,6687,6
5,1397,40939,1
6,615,6319,16
6,4878,43286,4
6,5483,7165,24
6,5418,36563,19
3,2466,39084,0
3,6167,5647,0
3,3743,41660,0
1,1137,37993,0
8,1258,11018,0
4,4746,28212,0
4,417,3965,0
4,3914,22080,0
9,854,41773,0
6,580,19569,2
5,5082,37274,0
13,826,43741,0
6,2168,33204,5
1,61,37832,0
5,5084,24225,0
6,582,6322,8
8,3350,11018,0
66,1319,42808,0
6,460,45167,8
6,5720,43977,1
2,5516,42762,0
2,3343,43676,0
6,4000,32053,1
6,644,14507,36
6,616,6361,3
6,4002,24960,13
6,942,6389,5
6,637,6389,8
6,613,14920,9
6,623,2236,4
6,943,14506,12
6,632,34758,5
17,2267,24215,10
17,2267,17534,7
6,629,32629,13
6,943,32116,18
17,2267,18192,5
6,4000,21468,8
6,630,1713,8
6,4001,32116,2
6,672,35636,9
6,1938,35328,19
6,1938,1841,12
15,3453,35800,6
6,4620,21465,8
15,3453,32119,12
6,4620,15658,15
6,4274,34755,25
6,1447,19644,6
6,642,36563,7
6,591,1890,7
6,1447,1709,2
6,942,22242,10
6,2245,7091,3
6,618,34754,4
6,626,33853,18
6,941,2097,4
3,3011,37778,0
6,614,1839,2
6,5480,6507,52
6,4849,1707,20
4,4670,23316,0
6,880,14821,16
13,3965,27005,0
16,3562,31938,0
6,626,2511,5
15,1739,22280,0
6,645,40607,2
4,3009,30188,0
6,650,40611,23
6,5480,1591,0
6,944,12171,13
2,1103,27734,0
4,5158,23316,0
6,1814,38623,12
66,2692,36792,0
3,1463,18370,0
2,4958,26011,0
8,5394,36301,0
6,5480,39891,73
9,860,33998,0
8,5233,35334,0
5,1140,20514,0
6,628,35375,13
8,3921,36360,0
13,5436,16055,0
6,944,6551,27
5,5711,37416,0
17,5709,40059,0
13,2535,41372,0
8,5497,11253,0
6,624,19569,11
6,624,38623,12
8,2459,11523,0
13,4119,26983,0
8,4556,34701,0
6,4538,1839,30
15,4763,18935,0
8,1698,11427,0
4,4670,4458,0
6,4003,42173,0
2,5808,40057,0
1,4205,42322,0
66,1188,42145,0
5,3489,41140,0
8,5289,37493,0
8,5491,23265,0
2,5705,40350,0
6,1814,1709,18
8,5492,27696,0
8,5602,44604,0
4,5487,29710,0
8,5491,11236,0
8,5551,25518,0
5,5517,31383,0
16,4237,27233,0
6,5480,40611,26
6,646,1843,3
6,5549,1591,2
15,3006,33102,0
2,135,34698,0
66,4850,37370,0
6,626,1632,8
15,3005,44584,0
6,567,19644,4
4,1486,15629,0
6,4539,2449,4
6,673,40223,6
9,859,34083,0
6,567,33204,9
6,570,6462,4
66,1566,36791,0
9,5889,43344,0
2,1841,36099,0
4,2678,40442,0
6,667,45221,12
2,5335,39746,0
2,5611,42009,0
3,3925,36096,0
66,1224,36943,0
4,2276,3966,0
13,3546,29657,0
1,5559,42376,0
1,6143,13060,0
3,2095,43621,0
5,5405,32349,0
5,5726,27710,0
6,1938,42768,0
8,2779,11235,0
8,4388,15569,0
2,415,40713,0
15,4760,22280,0
6,565,42769,3
6,4614,14822,5
15,2608,30580,0
16,3561,34421,0
6,674,42173,0
4,1707,15629,0
9,3038,8680,0
6,576,6393,7
15,4764,15632,0
6,607,6680,3
6,645,14996,4
6,571,6680,5
6,2942,32052,8
6,651,6680,8
6,4002,2235,35
6,631,19472,9
6,574,22242,1
6,583,32117,10
6,637,33854,10
6,580,35329,4
6,2245,25602,5
6,642,14507,3
6,4274,6462,14
1,4809,25610,8
6,573,7151,1
2,4884,4967,2
6,666,19472,2
6,611,1728,12
6,4614,33852,2
6,4878,6433,7
16,3807,24875,1
6,675,1645,1
6,628,15006,2
6,582,2511,30
8,4674,37270,0
6,2052,2258,28
8,5497,36498,0
8,5551,30186,0
8,5504,11067,0
15,1273,14565,0
5,1012,40445,0
15,2608,28457,4
6,1078,6512,14
4,4811,19323,0
8,4617,15675,0
8,5428,37838,0
6,5549,39891,0
66,2291,36808,0
15,1741,41050,0
8,893,21490,0
6,648,6280,22
9,3035,34106,0
5,5240,40444,0
2,3000,36098,0
6,2243,19569,42
6,5480,24820,8
8,5168,40084,0
66,4855,42143,0
9,4612,42625,0
3,5744,4,0
6,649,40611,12
8,1705,34701,0
8,5544,36503,0
15,4765,41906,0
3,3003,40643,0
16,5155,39008,0
2,5374,40500,0
2,5342,42398,0
66,2433,36824,0
1,5441,38745,0
9,4612,15246,0
6,603,15619,3
2,5271,26011,0
9,852,41774,0
2,3248,27701,0
6,941,44244,6
17,5119,18190,0
8,5497,24834,0
3,6011,37837,0
6,629,36563,22
4,3935,36653,0
6,4001,42786,4
6,673,39891,0
5,5082,22081,0
9,1160,40319,0
6,624,42172,2
6,670,32117,0
3,2095,27716,0
8,5026,15569,0
13,2538,9965,0
6,2547,32054,0
3,4260,26044,0
8,4617,27432,0
5,4020,7656,0
13,2710,9852,0
9,857,34594,0
5,1182,37274,0
2,5475,41190,0
9,3038,43449,0
9,2787,31831,0
6,622,6331,4
6,647,40224,8
8,3023,40974,0
6,5480,35375,22
66,4846,40855,0
6,2243,41392,9
6,568,40604,2
15,1609,29936,0
6,577,23135,37
13,3753,9852,0
9,2791,42651,0
6,4539,6423,1
8,4457,25517,0
6,642,40611,17
4,2718,3966,0
6,567,40224,14
9,2791,8646,0
9,2794,8646,0
66,4870,36943,0
8,2716,43738,0
1,5620,13060,0
6,640,42786,9
6,570,6246,11
9,860,40435,0
6,1814,1645,10
5,5241,28092,0
6,1814,40224,43
6,2168,6462,12
6,618,7091,11
66,4850,41907,0
8,5395,37493,0
4,4630,43219,0
8,5429,40974,0
13,2711,22480,0
15,1046,14568,0
8,4727,35393,0
13,2534,9964,0
15,3005,14568,4
6,4710,6309,0
66,4860,37026,0
15,3006,14213,0
8,3350,11253,0
6,631,6319,18
8,3870,37285,0
1,6214,41817,16
5,3029,7778,0
6,2245,45148,0
1,6041,36630,0
6,612,15168,2
6,943,6507,7
6,608,6359,2
6,606,6614,1
6,949,32054,13
6,579,6423,2
6,599,24819,14
6,571,24960,5
6,569,33204,8
6,570,25602,2
6,612,35372,3
6,4273,7165,8
6,603,7091,7
6,645,32053,5
6,642,6519,13
6,594,34347,16
6,1447,14506,3
6,4088,7165,5
6,1478,14991,4
6,637,6278,1
6,4270,6985,8
6,460,38623,1
13,3537,10526,0
6,5480,40610,12
6,606,33853,44
6,609,19569,11
3,2598,34992,0
6,5480,6322,6
13,4584,36960,0
3,2598,24204,0
6,4970,24819,14
5,5509,7373,0
6,576,7000,3
1,2010,37491,0
6,5480,6309,12
6,3184,6309,2
3,2767,5612,0
2,3500,40508,0
4,4723,19322,0
6,3719,6999,24
6,1478,6551,12
4,2090,38139,0
6,644,42770,7
6,630,14333,7
66,1188,38687,0
15,5540,30579,0
8,5497,41901,0
17,5131,24028,0
1,2379,37992,0
8,527,11021,0
6,597,14968,11
6,608,33853,5
15,1269,32495,0
16,5320,16383,0
43,3256,27946,0
6,5418,24053,6
66,2693,40823,0
2,125,3079,0
66,3532,36793,0
66,4986,36805,0
13,1082,9905,0
6,639,10836,7
3,3995,36404,0
8,4637,37493,0
8,5493,35393,0
9,2791,41041,0
8,5496,23265,0
6,1477,35375,18
15,1043,31616,0
13,1080,26983,0
9,1340,23724,0
6,674,40604,0
6,4849,40610,12
6,4088,6537,4
2,1112,43385,0
6,648,43977,28
5,5059,28316,0
9,1152,33998,0
15,1276,18471,0
1,2040,13060,0
6,588,38621,1
3,1034,32505,0
3,3031,38992,0
13,1085,26983,0
8,5157,36400,0
6,989,32117,7
66,2434,36802,0
15,3005,15632,0
4,2932,40441,0
6,2543,12171,10
8,5088,12000,0
3,2598,40382,0
4,3014,36356,0
2,2287,25430,0
3,3406,30088,0
6,5717,41085,0
6,5717,6265,0
5,3253,36484,0
6,577,6319,5
1,5527,39816,0
6,946,33851,6
6,595,6511,3
17,5857,38050,0
6,2190,42770,12
15,2609,15199,2
8,5491,37285,0
66,2321,41811,0
4,2889,3950,0
1,4626,38746,0
8,4668,11420,2
15,3872,37981,0
6,665,42769,6
5,5084,28810,0
8,3270,37285,0
3,3012,26044,0
4,1742,42776,0
8,3385,12001,0
3,4964,43992,0
6,611,6303,2
6,5550,6459,0
13,2540,9852,0
8,4423,42157,0
6,4538,6309,0
17,3334,40353,0
8,5602,45371,0
4,417,4625,0
2,5513,38204,0
6,1066,32053,5
6,623,24960,4
6,641,21465,3
6,1628,6862,7
6,648,32052,12
6,942,35328,1
6,565,35328,6
6,608,21466,13
4,1735,16587,6
4,1735,4218,8
6,1476,21466,18
6,595,35328,6
6,621,1890,17
8,5100,36401,6
6,644,34759,3
6,586,34753,2
5,4110,28857,6
6,617,6320,4
6,1078,2013,10
6,576,1728,5
66,1632,28212,0
15,1270,38211,0
6,580,34755,6
8,527,35393,0
8,2345,23265,0
15,4762,18471,2
8,4952,34452,0
6,571,7150,11
6,668,40611,7
9,4612,8560,0
6,5549,40606,0
16,4452,24849,2
6,1476,40224,0
6,1476,24820,6
5,5726,7593,0
6,941,2235,10
15,2609,36115,10
66,4989,38687,0
4,3375,37833,0
8,5100,11067,8
1,4204,13743,0
5,4949,29708,0
8,5088,36301,0
9,2057,33995,0
6,941,41084,0
6,588,14533,11
1,4626,37993,0
13,2299,9852,0
5,2213,31383,0
6,668,6379,18
6,641,41396,2
8,2424,40974,0
6,609,41396,3
8,1699,41901,0
6,5483,6423,10
15,2635,31616,0
17,3144,37836,0
3,3405,41663,0
6,612,36437,3
6,589,19569,14
6,642,42770,11
6,460,7165,7
3,1179,29748,0
13,3965,16055,0
6,645,44244,12
1,1830,35316,5
1,1830,44027,3
1,2012,44027,5
3,4946,5673,0
8,5168,11523,0
6,621,6555,7
6,4849,6304,4
4,2649,44387,0
4,5014,4141,1
6,1814,14822,29
6,591,6999,6
8,5600,11427,0
8,4952,11464,0
9,1155,32230,0
4,2678,24825,0
6,5482,1843,6
8,5492,11068,0
4,4959,30188,0
6,4001,4974,0
3,1179,37276,0
13,2298,41108,0
15,1276,26859,0
6,1078,6423,5
2,5447,40495,0
1,5565,30484,0
15,2609,33047,1
8,5491,37493,0
8,3385,41901,0
5,1397,27710,4
1,4053,36424,0
6,669,42768,12
2,6052,4967,0
2,6084,34698,0
2,4839,34402,0
66,5819,42809,0
6,1628,2141,19
15,2608,41053,0
15,1739,20325,0
8,4183,10977,0
5,5615,42672,0
66,5973,43967,0
5,5082,41140,0
13,3863,32178,0
6,582,22245,9
6,2168,1848,13
6,635,22245,29
6,989,2235,4
6,603,33855,3
6,946,14507,9
4,1735,4522,4
6,2942,34753,7
6,579,35921,2
6,580,21468,19
6,622,1645,7
6,667,7091,23
6,644,7144,12
8,5100,11420,8
6,634,24820,8
6,620,32052,17
8,1912,33864,0
3,2095,18370,0
17,3888,15296,0
8,5100,35334,6
8,5100,25518,8
4,4869,3965,0
6,5482,35919,45
17,2739,40354,0
6,2243,19570,7
5,4361,37416,0
2,5447,40496,0
66,3532,37577,0
8,3788,37493,0
8,5100,34453,6
15,3210,42332,0
13,4135,37269,8
6,601,14333,18
8,5496,11253,0
8,4952,27723,0
6,2551,2053,25
9,3036,33995,0
8,4179,36498,0
6,1815,40611,2
8,4234,11420,0
5,1292,8042,0
8,3997,16347,0
3,3295,41664,0
4,2241,40438,0
6,4849,15658,8
1,1830,18105,0
66,1634,36824,0
6,5479,15619,19
15,4767,41593,0
6,4540,40223,1
8,3287,37285,0
6,602,44514,12
2,4023,36098,0
4,1726,32262,0
1,6264,13060,0
6,639,15620,1
15,3212,38211,0
17,5333,37420,0
13,5069,9920,0
1,4203,36631,0
8,4392,35699,0
66,2693,36792,0
8,4952,36095,0
4,1661,37035,0
6,666,40604,0
6,5482,41395,2
8,5497,24833,0
9,2788,8952,0
1,4809,39893,0
8,5866,11427,0
6,5207,6309,11
17,4838,37271,0
1,4204,24838,0
13,4135,41816,16
8,4908,40084,0
66,4855,41810,0
2,5533,40503,0
1,4053,22944,0
2,3500,42722,0
2,6049,4967,0
8,4395,42261,0
9,855,42796,0
4,2282,41823,0
13,4135,32336,0
6,948,42768,21
6,610,42769,4
4,2484,15629,0
15,4415,16004,0
9,2788,31831,0
6,608,40223,1
6,649,33855,4
8,5424,40509,0
8,1820,37285,0
15,2612,28457,0
9,2788,40423,0
6,588,1839,16
6,569,6324,8
6,663,22245,8
6,633,33204,4
6,601,24820,7
6,601,21465,9
4,1735,31843,14
6,636,14822,10
6,946,6442,3
6,672,2216,11
6,4274,6985,19
6,1814,35636,1
6,580,34753,4
6,627,6705,10
6,653,6687,2
13,4045,26462,6
6,617,32052,2
6,1814,7146,6
6,616,14333,5
6,577,33204,8
3,2095,37779,0
6,5479,6555,5
1,4422,12792,0
6,943,6427,3
6,944,33854,6
6,668,41396,7
6,607,7150,2
6,4000,2093,12
6,946,6573,18
6,637,1591,1
17,4396,38355,2
1,2011,40664,0
6,646,6555,5
2,4318,37835,0
4,4832,41424,0
1,4204,25610,0
17,5131,41068,0
6,612,38162,8
3,1463,23267,0
15,1280,28459,0
8,1342,11523,0
2,4404,27701,0
8,4668,11055,6
4,4953,23316,0
8,5495,39739,0
66,2291,36943,0
3,3032,32505,0
15,3208,41054,0
1,179,23638,0
9,918,20112,0
66,2433,40822,0
8,5107,37285,0
8,5235,15569,0
8,5296,11253,7
6,5550,42771,0
6,946,6985,10
6,4000,2235,23
15,1043,14565,0
6,1078,38623,3
6,629,6265,29
6,989,6246,0
9,1160,33677,0
8,3641,37493,0
13,5286,9866,0
6,582,41395,1
13,5244,9905,0
3,3405,17183,0
15,4761,26858,0
6,593,2216,21
1,5803,35326,0
6,2168,6265,20
6,5483,6999,35
3,5746,41845,0
13,4334,29657,0
8,5122,16347,0
6,1447,24819,5
13,4244,9852,0
1,3651,13245,0
1,4053,14017,0
5,5266,42750,0
5,5266,41398,0
6,5550,6324,0
5,5517,28857,0
6,611,1890,6
15,4417,40316,0
66,6118,36875,0
5,5710,22227,0
4,2925,41426,0
6,4539,36437,1
15,1739,38085,0
4,2091,4423,0
4,4262,41825,0
6,5719,14823,4
6,642,45167,6
4,3911,43219,0
4,5966,41272,0
6,581,6693,3
6,620,6993,4
6,1814,19472,3
6,589,24960,4
6,946,33204,7
6,617,34752,1
6,638,6614,7
6,644,24960,14
6,652,24960,14
6,614,19472,14
6,592,2053,3
6,2243,34752,9
6,613,14912,24
1,3351,34397,3
6,607,6985,6
6,603,32117,7
6,944,6614,20
6,589,7150,5
5,4291,22226,0
6,624,34753,16
6,4710,1708,0
6,880,35375,6
5,4110,22226,12
2,5511,41606,0
6,608,38162,3
8,5291,35334,0
8,5100,20863,12
6,460,34755,8
6,650,1728,10
6,610,14533,12
4,2385,40438,0
66,4858,38927,0
8,1259,22237,0
8,5429,24834,0
6,5479,41396,3
66,4939,37027,0
13,5519,32275,0
6,628,42769,8
6,611,14964,1
5,5403,41651,0
2,5447,31457,0
1,5784,36632,0
4,3513,38139,0
1,4053,24866,0
1,4204,37273,0
17,5130,30200,0
8,3396,15569,0
6,4614,6555,6
3,3341,17183,0
8,3421,40974,0
6,460,6573,1
4,5020,43970,0
2,1840,40508,0
6,626,43977,1
13,5464,9852,0
6,675,2097,1
8,1698,33375,0
13,2532,10191,0
6,646,1709,4
13,6109,29651,0
9,1160,34594,0
6,4970,38622,11
6,577,14821,0
15,1607,15199,0
15,4761,18815,0
6,654,33204,6
4,1707,4218,0
6,611,4974,20
3,2767,17972,0
6,460,14821,11
13,2410,29651,0
4,1393,24846,0
3,4899,37837,0
8,3056,40084,0
5,5240,41809,0
8,2850,24834,0
9,4612,42652,0
8,5100,11427,0
8,1699,42741,0
66,5795,36792,0
8,4726,37285,0
1,5527,39829,0
3,3426,35396,0
8,1699,36503,0
5,4770,30187,0
4,247,36653,0
6,602,40224,6
16,4945,32144,0
13,3557,37269,0
6,5549,6518,0
8,2332,11189,0
1,5948,37992,0
6,620,6303,1
6,606,33204,5
6,638,32629,1
6,1066,2018,6
6,1447,1846,3
6,649,14507,9
6,989,22245,18
6,942,21465,8
6,608,21468,6
4,1735,19322,6
6,3184,2018,13
13,4133,9920,0
8,5431,37270,0
2,2826,36099,0
6,2942,4974,0
9,1156,8601,0
4,1485,23316,0
9,3042,8617,0
66,1634,37026,0
1,2010,13134,0
13,4663,31301,0
5,1791,27709,6
6,2052,6551,0
13,2534,36232,0
2,3500,41190,0
6,4002,45172,0
17,5521,39007,3
6,642,41085,18
13,4299,42987,0
8,3359,35334,0
8,1997,40974,0
2,992,40508,0
66,1319,38687,0
5,1791,7656,9
6,1477,2216,8
1,5585,13060,0
15,2609,44618,0
8,3234,43727,0
4,4262,42919,0
2,459,37835,0
16,5035,37041,0
6,569,6389,12
6,594,22245,14
6,667,1848,7
6,947,33204,3
6,601,32054,3
6,576,33852,18
6,623,2459,8
6,612,32053,4
6,4272,21468,13
15,3453,33103,3
6,1892,1728,8
6,2549,2216,4
6,573,14823,10
6,568,6861,2
6,648,6620,13
6,651,15619,4
6,594,14823,16
6,1939,14533,9
2,3343,36397,0
6,576,38622,5
3,2429,30088,0
6,673,38622,2
8,3298,40390,0
6,460,6519,26
6,5480,14533,15
6,5479,1591,1
66,2434,39964,0
1,138,13135,0
4,2925,3950,0
4,3014,37036,0
6,5481,40604,8
6,2190,42173,31
8,5395,38990,0
6,1938,38623,18
6,588,35375,6
13,5070,39737,3
3,3709,17183,0
6,628,38622,7
4,1393,35403,0
3,3405,26044,0
8,5394,38990,0
6,666,38623,6
3,3405,33629,0
15,1269,25147,0
6,5419,1703,29
6,5480,19569,22
1,2437,38747,0
66,1566,41811,0
66,2354,38687,0
1,4205,30485,0
2,3485,40508,0
15,3006,22364,0
1,6214,44027,6
8,5491,10977,0
6,5480,6613,15
3,4964,39084,0
8,5504,20863,0
9,3042,8680,0
15,4761,18935,0
8,5284,19956,0
6,5418,40607,21
66,3532,36942,0
6,666,32117,0
6,641,6537,18
16,6122,43709,0
8,5396,15569,0
6,879,40224,4
6,4000,1708,11
15,3213,33102,0
6,571,38621,4
15,5539,25593,0
9,852,23724,0
8,2459,24833,0
16,5215,34361,0
8,1705,40390,0
6,673,40611,12
4,2925,41074,0
2,5375,40589,0
17,1333,34700,0
5,3890,33747,0
66,4987,36797,0
13,4697,26982,0
6,3184,14533,4
5,1944,40443,0
4,1503,42919,0
17,1335,14423,0
9,1152,40317,0
13,4835,42003,0
9,1160,8619,0
4,4991,34694,0
2,2334,40269,0
8,5026,16347,0
9,2787,40318,0
3,1034,23956,0
6,5419,15619,4
13,5070,29887,8
13,4298,31213,0
4,5365,43219,0
1,5559,18105,0
6,674,6507,15
2,5314,42108,0
5,3527,22081,0
15,1609,38085,0
22,1798,40426,1
1,6214,41567,6
1,5828,35326,0
3,4236,44048,0
4,2996,43631,0
66,4981,42809,0
13,3965,9905,0
2,5655,38530,0
13,3864,32177,0
8,5353,16347,0
15,2959,39429,0
6,2541,45221,1
4,3751,30188,0
6,4002,34347,18
6,565,14914,4
6,4000,19576,4
6,602,25602,1
6,2244,21468,36
6,640,2013,6
6,4001,32117,9
6,579,35329,7
6,4000,32052,17
6,630,35329,1
5,873,29503,5
6,597,6423,9
6,670,15658,15
6,612,6985,1
6,651,1639,6
6,600,32117,5
6,674,1709,2
6,588,15658,6
6,1078,14822,2
6,595,7095,4
9,2791,8557,0
15,1274,18936,0
4,5487,23393,0
4,5221,24845,0
6,645,38622,3
15,2621,29936,0
6,648,39891,36
4,2276,40441,0
6,609,6246,10
6,3184,6459,5
6,631,1703,18
8,5733,11427,0
1,1830,30820,0
2,5374,40502,0
8,2345,36301,0
6,1478,7144,17
6,2543,6309,3
2,2904,37835,0
6,1892,38623,2
4,3622,36092,0
15,5894,41050,0
8,5575,15675,0
9,2790,41041,0
6,589,36437,19
13,3753,29645,0
13,2707,9905,0
4,3182,41424,0
6,1892,33204,9
1,5899,20523,0
5,6111,31383,0
6,949,6281,6
2,5224,27702,0
5,5084,7373,0
15,1271,28459,0
5,1944,36090,0
8,5496,22237,0
6,589,38621,14
8,2851,11427,0
1,5559,39828,0
1,5559,41953,0
6,1477,36563,11
6,3719,41084,10
6,612,4974,2
2,5477,40508,0
8,5497,10977,0
6,609,40782,1
13,4835,10732,0
15,4765,22364,0
3,3925,32506,0
2,5375,40588,0
9,858,31704,0
8,3128,37493,0
5,5509,28086,0
6,1814,45157,12
8,1699,42742,0
2,5596,27733,0
6,579,4974,13
17,5812,41069,0
15,3005,30891,8
6,2190,42786,9
2,3266,24779,0
1,5437,13060,0
15,4766,14711,6
66,4986,44151,0
6,612,6246,1
6,5418,1708,24
3,3925,44036,0
4,4285,42774,0
8,2745,40509,0
6,1478,36437,8
13,2292,26463,0
8,1698,42741,0
4,2821,43679,0
8,1698,42157,0
1,6214,21851,6
1,6214,38244,8
13,1082,9964,0
8,1912,40084,0
6,4001,45565,6
9,954,32152,1
6,652,45221,2
9,1155,8629,0
4,4262,40659,0
8,1699,31803,0
13,5244,32244,0
6,2550,45148,6
6,5550,19644,0
6,460,6614,17
6,594,32052,5
6,598,6423,9
6,587,24960,1
6,649,1914,1
6,668,6389,2
6,946,34347,5
6,596,22244,7
6,944,25602,9
6,2545,6448,5
6,2244,21465,31
6,4003,6507,25
6,4003,14507,17
6,626,35372,5
6,1815,33854,8
6,569,35636,7
6,1814,35374,6
16,1324,31661,2
16,1324,31938,3
6,668,1591,2
6,3184,21466,2
6,583,1636,7
6,4001,6459,13
16,3807,16238,2
6,945,15619,5
6,634,1890,7
3,2095,38992,0
5,4028,35324,0
15,1599,14800,7
6,610,38622,5
8,5504,36499,0
8,5504,36095,0
9,3042,8646,0
15,4760,32851,0
6,945,6324,7
6,1477,6322,8
3,3407,35396,0
17,2739,41069,0
6,4273,35372,5
8,4179,10977,0
8,2703,37285,0
1,5437,25610,0
8,5495,11253,0
17,5521,36505,2
6,3719,19644,15
8,5129,40084,0
2,1112,38995,0
8,4637,37285,0
9,1154,36762,0
8,2424,37809,0
15,4763,25593,7
5,2968,28312,0
6,4270,41396,12
15,2613,28458,1
15,2613,24628,2
3,3708,29748,0
15,1280,31616,4
15,3453,25136,0
15,2608,14213,0
6,4970,42769,8
1,1017,33527,0
2,76,39746,0
8,5497,16347,0
66,4856,39551,0
8,4556,41578,0
13,4022,26983,0
8,4976,11145,0
4,5219,41424,0
15,1599,14213,0
8,3641,10977,0
4,5020,25424,0
6,2547,38621,13
9,1155,37098,0
13,2299,22480,0
6,3184,38621,6
13,5436,9852,0
6,581,42768,8
6,942,6452,16
8,2175,15675,0
8,5551,11420,0
8,5493,11018,0
4,3946,15629,0
4,3009,42919,0
8,5504,33864,0
3,1491,24880,0
13,3537,37829,0
6,3184,6518,0
15,5540,41593,0
15,2612,42960,0
6,621,19644,2
9,852,32193,0
3,3406,36504,0
5,6111,34409,0
6,583,17976,23
4,2989,36508,0
3,3925,5612,0
13,5464,17735,0
4,5219,41074,0
8,5234,11523,0
8,4699,37270,0
6,644,1890,5
6,3719,41393,15
66,1223,36943,0
2,1112,3079,0
8,1047,11427,0
8,4389,37493,0
4,1113,38913,0
66,1188,40823,0
6,579,7146,18
3,5227,39084,0
66,1172,36797,0
8,5291,37493,0
4,4713,19322,0
3,5744,5612,0
66,5820,41811,0
17,2721,44118,0
2,5556,40057,0
3,141,5612,0
6,583,6583,5
6,949,44514,9
15,4418,23372,0
6,641,6519,6
3,2598,26669,0
13,3536,31401,0
4,2276,4627,0
1,3390,12327,0
13,3862,15668,0
1,2011,16037,2
6,613,1632,2
6,1478,6614,12
6,943,24819,25
6,4002,14821,6
6,577,14822,9
6,633,22242,5
17,2267,27383,9
6,2551,14823,33
6,1476,32116,10
6,1815,33852,22
6,631,32053,8
6,942,35373,2
6,634,34346,9
6,620,7091,10
16,3563,19710,4
6,616,6433,9
6,947,35375,5
6,943,34752,2
6,1892,15620,14
6,1447,6507,1
6,4088,1703,12
4,3855,3965,0
6,5480,38622,7
6,2942,7091,4
8,1912,11420,0
8,5496,12001,0
8,5551,32143,0
1,3927,32555,0
13,2539,9866,0
8,2113,25517,0
6,2243,6573,16
6,2243,24839,9
6,641,38622,2
5,4778,40443,0
15,5191,32169,0
15,4761,40817,0
13,3496,9920,0
5,4137,41398,0
5,5509,27710,0
4,4057,40877,0
9,1155,19804,0
13,3596,10733,0
13,3558,39737,0
8,5233,40921,0
6,4970,6613,4
6,4849,24819,18
8,3916,39832,0
4,5020,40441,0
5,3309,41398,0
6,460,38621,2
66,1620,36091,0
16,5155,39017,0
8,1699,12001,0
3,6245,40386,0
8,5491,33863,0
6,1078,6304,0
6,945,42771,9
3,3017,36403,0
3,3708,29718,0
3,2599,40389,0
6,948,42770,5
5,5332,22226,0
2,5594,42108,0
8,5551,37047,0
4,3937,4309,0
17,5545,37836,0
6,667,38621,3
66,1566,37025,0
66,4981,37027,0
3,3743,5612,0
4,3935,36508,0
5,3253,27764,0
13,3537,9890,0
13,4663,10202,0
6,1938,1967,0
66,1634,36802,0
6,949,2125,8
6,880,6309,1
13,2535,16472,0
17,4377,40353,0
6,6114,1703,0
3,2599,40645,0
15,4766,41300,10
15,4762,22531,0
5,5710,37416,0
9,2791,41034,0
5,5166,28313,0
9,954,8634,3
8,1177,41969,0
8,3869,40471,0
6,634,6555,2
1,4205,24838,0
13,2535,27005,0
9,3038,43450,0
6,666,6304,0
15,2610,36054,0
66,1659,36943,0
6,669,42787,11
6,565,6537,3
13,4244,29663,0
6,596,1846,10
15,1740,14213,0
13,5464,41554,0
2,4882,43664,0
2,5315,27702,0
6,569,22245,8
6,613,6246,6
6,4002,33204,6
6,588,14506,17
6,639,32629,1
6,646,6359,3
6,1939,2093,6
6,570,1650,9
6,4088,33855,5
6,646,34346,5
6,1892,34755,8
17,2267,27685,5
6,672,6389,12
17,2267,32897,9
6,574,32053,1
6,602,22244,2
6,581,35373,6
6,621,6507,1
6,1078,34755,9
6,4539,15658,8
6,1447,30445,5
3,3405,18367,0
16,3923,19710,5
6,945,6423,4
6,2543,6519,2
3,3295,36096,0
6,646,6318,0
6,4621,34752,3
4,4746,4218,0
13,5435,32336,0
9,1157,23274,0
6,610,6620,1
6,610,1890,6
4,4630,16587,0
6,880,38621,5
6,587,41085,1
13,5327,9959,0
13,4245,37421,0
8,2850,25517,0
1,5784,15209,0
8,5100,11253,6
13,3862,10707,0
1,4204,27207,0
16,5155,37834,0
5,5404,7593,0
6,591,6507,5
2,4884,26012,0
6,622,7091,18
6,4878,15393,1
1,4809,32348,0
1,2011,41998,0
17,2842,18191,0
9,2789,8680,0
4,4893,15629,0
8,4456,23265,0
8,5424,21490,0
6,674,6319,7
4,1706,36356,0
5,2212,41945,0
66,5973,37027,0
3,3925,40645,0
15,4760,28464,0
5,5710,34408,0
6,5719,45172,1
2,5556,41572,0
13,3537,10233,0
4,5217,44387,0
1,2012,22926,1
5,3493,8042,0
3,6012,43992,0
8,5427,40974,0
6,4614,35375,13
6,626,6303,7
8,4181,23265,0
6,1938,45148,0
6,3719,6325,6
66,3532,36825,0
13,2296,10707,0
3,5227,24204,0
66,1172,27212,0
1,3392,25610,0
15,4762,28464,7
66,4858,37025,0
17,5333,27062,0
4,1485,36508,0
6,1476,38622,12
4,4746,19322,0
8,3355,11427,0
6,674,7151,0
4,1895,3966,0
6,648,41393,14
2,374,19098,0
1,2008,30820,0
6,4088,40223,3
16,3275,41193,0
13,3496,32211,0
13,4047,29654,2
6,599,24048,4
1,3651,15827,0
6,4272,7047,10
1,3398,12327,0
13,5432,18880,0
2,5447,31453,0
3,1332,40644,0
8,5284,37493,0
16,5098,24653,0
66,2432,36793,0
1,4053,36632,0
8,4395,16347,0
8,5296,40972,12
5,3494,22227,0
66,4744,37392,0
15,3006,25136,0
8,1697,11420,0
6,637,32054,10
4,3513,41276,0
2,3948,36098,0
6,4000,45172,0
8,3264,37285,0
13,3863,10373,0
6,579,22245,7
6,603,6614,5
6,2543,32053,4
6,2541,2236,8
6,617,6680,1
6,2550,2236,26
6,570,34757,10
6,4088,32117,3
6,596,34754,12
6,624,32629,2
6,4540,21468,7
6,617,33854,4
6,945,33204,13
6,631,35329,4
6,654,35636,9
6,4000,33204,18
16,3923,24652,7
6,1078,2258,19
6,621,36437,2
9,1154,19465,0
6,641,6427,36
15,1040,37982,0
6,627,40606,8
8,4952,11067,0
8,5100,11969,6
8,1257,20863,0
4,2932,40717,0
66,4856,37027,0
6,614,2450,12
8,3921,11182,0
6,604,6999,5
6,2546,38623,1
5,4231,29708,0
66,4989,36791,0
6,569,2018,2
6,569,14533,10
1,3646,38745,0
1,4203,25609,0
1,5565,42289,0
6,2541,40611,8
66,2695,36797,0
4,3914,4627,0
9,1160,32152,0
6,672,1591,0
6,652,42769,2
13,4022,16142,0
8,2105,11523,0
4,5014,41823,0
8,3350,15675,0
4,5457,25424,0
8,5495,11018,0
6,607,14968,19
9,857,41779,0
6,4538,45221,0
4,1486,40707,0
8,4234,24834,0
1,3653,18105,0
5,5517,27843,0
4,2445,42919,0
3,2194,23267,0
13,4245,10373,0
8,4632,40974,0
6,645,34753,9
2,4622,45405,0
6,603,40223,4
13,2539,10725,0
8,4682,11420,0
13,5327,10233,0
9,4612,20112,0
66,1619,38068,0
66,4850,37027,0
8,1996,11420,0
6,579,2511,37
4,5158,19322,0
17,2473,41067,0
6,565,35920,3
8,5425,23030,0
5,1232,27710,0
15,3211,41300,0
6,648,2450,7
5,5241,28297,0
66,5819,38683,0
3,1034,27716,0
6,1078,6459,0
6,641,42786,1
5,5241,28857,0
5,5241,28086,0
8,3758,42157,0
1,2008,25610,0
6,582,10836,6
8,4484,43727,0
6,665,6322,3
15,2614,29566,0
6,615,6304,1
6,669,33855,2
6,616,6365,1
6,626,34347,7
6,944,22245,6
6,942,6365,6
6,2243,32053,12
6,649,35328,10
6,1815,21468,28
6,2551,6338,7
6,610,35636,2
6,460,15168,2
6,636,2053,9
6,673,2258,19
6,942,21468,2
6,613,34754,1
8,5100,33864,6
6,1478,17976,28
66,2819,39980,0
8,4398,35709,0
4,2276,3950,0
8,4952,36303,0
1,4203,30169,0
6,665,2449,11
6,628,6265,11
6,579,1728,8
2,5368,40588,0
5,1686,40443,0
6,5716,1591,0
5,4110,28308,7
5,5725,41398,0
6,642,1707,7
17,4683,14456,0
3,1034,38992,0
8,1822,21490,0
8,5293,40509,0
3,1179,32506,0
66,1319,36824,0
6,607,32052,5
17,5130,40060,0
66,5019,40823,0
8,4234,41969,6
3,1491,5647,0
3,4946,18367,0
15,3006,23372,0
4,4758,4621,0
3,3341,38826,0
1,5560,21851,0
8,6010,42741,0
3,1463,43621,0
9,1152,8627,0
8,5507,11427,0
9,2026,8639,0
3,3516,30088,0
6,2550,45172,3
6,2551,44514,0
3,4964,24827,0
6,4000,1833,4
17,2721,43034,0
6,1476,44514,0
6,631,43977,8
13,4583,15668,0
3,4946,44566,0
4,1026,36091,0
15,4759,23790,0
3,177,24879,0
3,523,17972,0
8,4637,24833,0
6,646,6246,13
8,5234,37285,0
66,2290,39542,0
6,570,1632,1
4,5200,38999,0
8,4682,33863,0
4,4746,36508,0
3,1077,36365,0
4,3375,38139,0
5,4109,40370,0
8,4632,11253,0
6,1892,42771,7
15,2622,28464,0
6,663,42172,40
1,4203,15209,0
13,4047,37042,12
8,5497,40974,0
6,4970,14534,6
1,5899,38750,0
13,4584,39738,0
4,3514,38913,0
6,616,45221,8
13,2292,42737,0
13,5244,10041,0
13,4244,22480,0
6,4614,6322,3
6,460,44244,2
6,6324,1591,0
6,622,24960,2
6,1892,14996,4
6,646,19644,2
6,609,1848,9
6,2543,34346,2
6,579,14507,1
6,4540,33854,5
6,609,2459,11
8,5100,36303,6
6,2243,19472,14
6,623,19644,3
6,4878,14506,8
16,3923,25427,3
6,598,34757,9
6,646,7151,1
3,2767,35396,0
6,624,2097,4
13,5165,9905,0
2,2286,27208,0
6,594,1709,3
4,2385,30188,0
3,4236,37276,0
13,2299,40772,0
6,2550,12171,1
6,611,14821,16
5,4219,28857,0
6,646,34758,7
8,1699,15569,0
6,1477,38622,1
4,3911,36092,0
17,3260,15248,0
8,5430,11182,0
3,5227,30189,0
6,941,32054,0
8,4179,11018,0
6,5207,24819,14
4,4301,28212,0
8,3788,10978,0
4,1314,19323,0
1,4053,36305,0
8,3350,23265,0
4,3014,34694,0
6,2545,15620,6
6,4001,44514,0
6,4538,1846,0
6,4539,6321,3
2,227,41573,0
8,3056,33864,0
4,5016,41424,0
6,665,6687,4
4,5966,4470,0
15,2980,22279,0
3,2598,45706,0
6,565,38622,6
8,1698,10977,0
4,1743,23316,0
4,1011,37414,0
8,2856,16347,0
8,4179,38990,0
6,579,7144,7
6,588,7047,7
6,2190,6331,4
6,1478,12171,1
5,5240,37416,0
8,4490,41969,0
6,632,40223,4
5,4796,7373,5
66,2357,36821,0
6,653,42771,2
8,1047,11021,0
6,1814,42172,1
6,570,6687,2
6,2549,42769,0
66,2289,36797,0
6,5419,6452,6
8,3175,37285,0
6,5418,6555,1
8,2459,38990,0
6,641,6452,2
3,5748,44048,0
6,647,42787,7
6,1815,45221,2
4,5698,4621,0
15,3872,30891,0
2,5224,40363,0
6,604,24819,13
6,1892,32117,1
6,573,7165,17
6,609,34755,13
6,638,2097,9
1,4773,13060,2
6,597,6512,5
6,571,1890,2
6,5480,6512,22
6,4275,1633,1
9,2057,28120,0
6,1078,2018,7
3,2598,23956,0
9,852,40422,0
8,1804,11235,0
3,4547,32506,0
15,1271,19017,0
3,3011,36096,0
5,1945,37826,0
4,3897,30188,0
15,4759,41903,0
9,1152,40318,0
4,5222,15629,0
9,3041,8639,0
15,3452,20187,0
66,2433,37577,0
13,5164,10392,0
3,143,17972,0
6,5418,1712,18
8,5028,16347,0
1,4205,12327,0
3,658,18369,0
8,4162,15675,0
3,143,19635,0
9,2794,8626,0
8,1699,24118,0
15,1269,22279,0
15,1269,25136,0
66,2431,37365,0
15,2612,30887,0
6,2547,42769,0
3,4260,23267,0
1,6214,23639,8
1,564,36036,0
8,5497,12000,0
5,5272,41808,0
4,3538,3966,0
4,1105,16587,0
13,2298,3815,0
2,1112,40508,0
13,5464,9920,0
6,604,40611,5
3,3743,26669,0
6,5481,41085,3
6,608,6583,3
8,5494,15569,0
6,630,6459,38
6,4002,2125,0
5,5082,28297,0
66,1636,37577,0
6,5480,41396,15
8,5575,15569,0
5,5273,7593,0
8,5294,16347,0
4,4713,19323,0
2,5335,40350,0
4,5352,41321,0
17,5521,37280,4
6,943,42769,5
4,4262,23316,0
15,3004,25098,0
4,3082,4522,0
6,639,43977,18
6,579,42172,1
6,6114,1846,0
6,4540,34758,4
4,5223,4522,0
5,4658,41808,0
2,1112,44551,0
6,591,42769,0
5,3253,40370,0
1,6214,41267,6
1,2012,13235,0
6,5720,17976,0
6,674,14507,3
6,620,14996,2
6,941,32053,3
6,4000,32116,3
6,637,21466,1
6,602,7165,2
6,949,6427,21
16,3563,34942,1
16,3563,27442,1
6,581,6999,3
6,623,1728,14
16,3807,32144,7
6,600,7091,4
1,3927,13060,0
6,675,2258,4
4,3009,24826,0
8,4389,36095,0
9,2794,8619,0
6,673,19569,10
6,2243,41084,11
6,4538,34754,7
6,5480,6265,25
4,4832,34509,0
5,1686,24871,0
6,633,2141,3
2,834,2075,0
15,2957,37680,0
2,5335,39335,0
4,5352,34509,0
13,3965,40258,0
6,1066,6555,0
4,4670,40442,0
2,5391,39424,0
1,5439,39824,0
4,4881,36508,0
15,1609,22280,0
4,988,19323,0
66,1620,36824,0
4,4723,38139,0
5,1686,27709,0
13,2535,29673,0
5,5403,27709,0
6,620,42172,6
9,2792,41782,0
13,3595,9852,0
15,1274,15605,0
6,5419,1708,12
5,4562,34408,0
3,6011,17183,0
66,5999,44616,0
5,1058,22226,0
1,4205,42290,0
6,637,42787,5
15,2959,38928,0
17,3064,37836,0
1,1672,37992,0
5,5404,28300,0
8,1142,11021,0
8,2595,40909,0
8,5504,40084,0
4,5487,37036,0
8,3789,22237,0
8,5284,11182,0
9,3042,40378,0
2,4159,42761,0
15,4759,44584,0
15,1600,31616,0
8,1698,44560,0
5,2213,40939,0
3,2095,26957,0
17,5521,24216,17
8,2345,15675,0
3,3011,37837,0
5,5054,41809,0
1,4205,26060,0
6,2549,42173,0
8,2586,37285,0
6,571,42769,6
66,4855,36787,0
4,5222,35327,0
4,4832,41426,0
8,3333,36503,0
5,4408,39005,0
4,1969,30188,0
2,3500,38995,0
8,5395,40974,0
5,4291,35020,0
2,5314,41253,0
15,4763,28464,13
5,1791,27767,5
3,3708,23267,0
17,5538,24558,0
8,4180,11523,0
4,413,34694,0
4,1784,41427,0
8,3791,16347,0
1,6214,33772,6
1,6214,42723,6
6,4540,6281,3
8,2007,43735,0
8,1958,11427,0
3,4964,5898,0
6,630,32052,8
6,594,32629,1
6,2550,14821,5
6,614,2093,9
6,631,6614,3
6,607,14924,3
6,948,14822,11
6,612,34752,3
6,648,35328,3
6,2546,35373,7
6,460,7091,13
6,626,19472,12
6,565,14506,21
16,3807,24650,1
6,3184,1713,1
6,571,2018,14
6,943,6518,1
3,3406,5775,0
6,593,1839,2
6,632,39891,8
1,2008,24337,0
9,1156,33775,0
15,2613,18815,4
66,4744,36824,0
6,1478,7150,5
4,3540,14532,0
66,1319,39977,0
16,4452,41193,0
13,3639,9964,0
15,1280,28457,0
13,3863,18883,0
4,2448,34433,0
6,627,42172,5
6,4620,41085,5
6,636,1636,6
1,5784,36757,0
6,638,38621,1
2,2283,23965,0
13,5436,10135,0
13,4135,16471,0
4,2932,40440,0
2,3500,27733,0
13,2292,43755,0
6,4002,45565,0
8,5929,37493,0
8,5496,10977,0
66,2691,36792,0
6,606,6985,13
6,571,42771,3
8,1139,40909,0
5,4027,29304,0
66,4989,36809,0
66,1620,36792,0
6,649,39891,6
4,1105,38139,0
6,941,6512,7
15,3004,22278,0
6,667,15619,4
13,4134,38140,9
5,5167,7656,0
6,942,43284,2
8,3789,36301,0
9,1155,27384,0
2,1267,2151,0
1,2008,12473,0
66,2356,41810,0
6,666,2450,7
8,4183,11253,0
66,5821,42142,0
6,5719,36437,0
5,1234,41736,0
6,4710,45221,0
8,4682,44560,0
66,4862,43574,0
6,4002,45170,0
8,5492,43736,0
15,2622,44120,0
3,5386,5612,0
6,4621,14822,6
6,4002,45157,0
15,5540,44579,0
6,627,6365,2
17,2267,24703,7
6,944,35329,4
6,1892,34347,3
6,651,22244,7
6,2550,35374,16
6,2243,2196,1
6,597,22244,5
6,626,6985,22
6,4614,35636,3
15,3453,22278,4
6,629,1632,2
6,666,6321,5
17,2848,37280,0
8,1257,11021,0
5,2902,30181,0
3,2599,5673,0
66,4852,36813,0
6,611,40604,3
8,2424,40909,0
3,5731,24827,0
6,576,40606,2
8,4662,25517,0
6,573,36437,6
6,949,24839,5
6,606,40223,1
2,3778,37272,0
8,1822,24877,0
6,631,1636,13
2,5312,40508,0
2,3500,37835,0
17,3888,24830,0
15,3015,41790,0
8,1825,10977,0
66,1172,37027,0
4,5352,30188,0
8,4423,16347,0
6,629,6550,6
6,606,6573,5
4,2481,34694,0
2,3500,36099,0
6,4849,41085,3
1,3656,33771,0
15,2610,20749,0
17,3992,34390,0
3,1489,5775,0
66,5379,36942,0
4,3375,40659,0
8,5431,11068,0
66,4852,36824,0
5,5285,7592,0
15,2611,39834,0
8,1697,11427,0
22,1797,34108,3
66,1223,37370,0
17,3888,37053,0
5,4217,39433,0
13,4584,29655,0
4,1196,4522,0
2,3500,40827,0
6,622,41083,2
3,1491,23956,0
8,1912,38391,0
15,4759,44618,0
66,1807,38687,0
6,1814,6304,6
2,3952,36098,0
4,1503,41825,0
5,1943,27709,0
8,2781,15675,0
15,2111,14568,0
6,948,6365,6
6,588,2236,2
6,641,32116,4
6,460,2258,13
6,4620,35375,7
6,618,34755,1
6,580,32117,1
6,2549,1707,8
6,593,33204,10
6,586,14823,3
6,646,33852,2
6,581,14533,5
6,4274,15620,8
6,1892,4974,1
6,2545,6423,9
6,621,14822,4
15,3213,36054,0
6,5480,6537,16
3,3017,5775,0
9,854,33995,0
2,5335,39320,0
66,5019,39542,0
4,3009,19323,0
6,3719,12171,7
6,2545,41084,1
6,944,24839,9
13,2535,32177,0
6,1815,42173,1
9,858,42651,0
6,3719,44244,8
3,3406,40381,0
3,1332,18367,0
9,851,8657,0
6,2541,15617,6
6,570,6265,4
9,1154,19806,0
6,5480,34758,12
13,2532,32336,0
2,5314,40363,0
66,5379,38068,0
5,5710,43951,0
8,1699,11018,0
6,639,45157,14
17,3888,18192,0
4,4670,42919,0
8,5496,24833,0
13,3557,26983,0
6,604,42787,5
8,4674,25517,0
13,3595,10135,0
5,5063,41398,0
13,4119,10725,0
2,5374,37312,0
17,5521,40353,5
13,2298,29673,0
15,2610,32167,0
4,2364,30188,0
4,5011,42919,0
5,4341,40370,0
6,5719,33851,0
5,5711,7373,0
6,4878,43285,4
5,1791,41809,4
9,858,19804,2
66,4978,41810,0
3,5748,5899,0
1,5571,25610,0
4,4630,41424,0
8,6149,11427,0
5,4027,40443,0
6,667,6543,7
6,599,1914,6
6,652,14821,1
6,942,6359,6
6,644,33204,8
6,3184,22242,6
6,4273,7144,8
6,2549,35375,8
6,673,6389,12
6,651,6452,3
6,941,24820,1
16,3807,24831,2
16,3563,31940,2
6,2168,1728,3
6,3184,6999,6
3,3032,26669,0
4,1902,4625,0
4,3330,19323,0
2,4958,27702,0
5,3890,8310,0
66,4850,36943,0
3,1463,40381,0
4,1393,3915,0
5,3570,42672,0
4,4080,41824,0
6,627,24819,8
13,3558,29654,0
4,1743,38999,0
2,6037,4967,0
4,5344,15629,0
5,4341,36347,0
13,3536,30161,0
13,4333,9852,0
6,5481,7146,3
8,3350,11067,0
8,2600,40972,0
1,2500,39002,0
6,2541,33855,3
8,5852,11427,0
1,2008,30484,0
9,2789,38614,0
4,3375,22080,0
5,4310,22226,0
3,6012,39084,0
3,1463,29748,0
15,4762,41300,0
6,606,41392,1
4,5347,19323,0
6,1477,6309,2
6,2550,40604,6
8,4567,33864,0
9,1069,8675,0
3,3405,40645,0
5,1345,27709,0
4,3897,22080,0
5,4110,41398,0
8,5294,11523,0
8,4395,37270,0
66,5822,37026,0
6,665,43988,5
6,941,7051,1
13,2535,9964,0
6,1447,38621,1
13,6109,10041,0
5,5241,27843,0
4,2422,3950,0
8,3657,24833,0
2,307,23261,0
4,3855,40442,0
5,6111,8042,0
3,5744,40386,0
6,615,6379,5
6,623,2510,1
6,569,34347,4
6,2551,14822,9
6,2550,24960,5
6,2242,33855,6
6,1814,33851,9
17,2267,14803,5
6,1447,33854,5
6,570,6863,2
5,873,28316,2
6,2543,14966,4
6,638,34755,9
6,675,19472,2
6,2052,35373,2
6,626,15620,5
16,3807,24849,1
6,654,34757,1
6,654,15619,14
3,2598,5592,0
15,2613,25097,1
16,5037,21188,0
5,4027,39005,0
15,1272,22279,0
3,4236,36096,0
3,5406,37837,2
6,5482,40606,2
5,1012,33747,0
6,5481,2235,0
4,3540,3950,0
6,4849,14533,10
6,4971,24840,1
6,642,41084,7
66,1223,36791,0
13,3558,32210,0
4,4057,34694,0
6,5717,41384,1
8,5575,27558,0
9,855,8670,0
17,2724,37836,0
16,6122,43725,0
13,2711,36232,0
66,4846,38066,0
15,3006,29566,0
8,1697,21490,0
6,460,6601,7
13,5436,29654,0
66,5819,39542,0
2,5612,40532,0
8,5504,11235,0
8,5497,15569,0
6,628,39891,7
6,649,36563,11
66,2357,39983,0
9,2791,32735,0
5,5084,28298,0
16,3960,19709,0
6,2547,1846,8
1,5559,39816,0
2,803,27701,0
5,1239,8042,0
5,4681,40445,0
6,460,40604,8
6,596,45157,5
5,3700,44045,0
8,5395,27696,0
1,6208,26060,8
2,4958,23965,0
16,3959,39011,0
6,880,40604,1
6,4540,6309,2
4,4723,4596,0
8,4235,38989,0
5,5404,42672,0
8,3175,42261,0
6,608,45221,4
6,2543,1707,2
6,5549,24819,0
6,595,45221,8
15,3872,37983,0
6,2168,6985,6
9,852,41790,0
6,672,6322,0
1,5526,34098,0
66,4870,36805,0
4,4288,3965,0
8,5497,40972,0
15,2608,18935,0
8,2781,11427,0
15,1600,41142,0
13,5436,10233,0
8,2779,40909,0
6,1478,42172,6
1,4875,37273,0
6,616,42768,1
13,1082,15668,0
6,576,42768,1
13,4583,16495,0
4,2043,37583,0
2,6321,4967,0
6,1447,42173,1
6,588,6265,8
6,588,24960,4
17,2267,30821,1
6,2190,1868,8
6,4273,6423,15
6,670,34758,5
6,589,35636,6
6,597,1636,2
6,609,15619,8
6,591,33852,6
6,638,15168,2
6,613,34346,8
6,599,33855,2
6,641,33855,7
6,942,1650,1
6,2168,6993,6
6,663,24960,21
6,611,6693,7
6,1892,14823,14
1,4576,13060,3
22,1795,34120,7
6,4878,2018,7
6,622,38623,1
6,570,35374,8
4,4725,24208,0
6,571,21465,2
6,626,36563,15
17,4248,15389,0
8,5423,40084,0
8,5289,11420,0
6,1066,2097,1
6,942,39891,9
6,603,19472,5
8,3870,11427,0
6,946,14821,10
15,3180,39428,0
4,3513,19322,0
3,141,36096,0
4,2822,4627,4
13,4298,16495,0
8,1254,36095,0
8,1789,15569,0
66,5839,39542,0
2,3501,40350,0
6,631,40224,2
16,3910,40656,0
9,1152,40435,0
6,989,6573,0
6,587,2097,4
2,1348,2075,0
15,2622,41053,0
5,2375,7656,0
9,3042,43449,0
1,2011,21463,1
8,2559,11021,0
5,4224,24739,0
15,2110,21614,0
66,5860,44389,0
15,2981,31616,0
3,3925,41662,0
3,1332,5899,0
15,4767,32169,0
2,2192,43383,0
6,673,42768,6
15,5539,29566,0
4,3486,22080,0
13,4017,29650,0
15,1608,14711,6
8,656,35708,0
6,947,6507,5
66,4989,36802,0
3,1463,32506,0
9,2026,32735,0
6,617,14822,11
15,4763,20187,11
6,615,2258,8
5,1233,36510,0
4,4979,15629,0
5,5273,40444,0
13,3546,31301,0
13,4015,10233,0
6,4273,6686,14
13,4663,10732,0
2,5512,39338,0
1,1830,19311,0
15,2608,41300,1
6,634,6265,1
8,527,40909,0
15,4765,22531,8
6,4620,19569,2
6,2245,40604,0
1,4227,23260,0
8,4726,38990,0
3,1396,32506,0
8,4398,16347,0
9,2789,27632,0
6,670,6309,5
4,2821,22080,0
13,3536,22480,0
13,3640,41816,6
5,1943,7365,0
17,2846,41069,0
15,3453,44578,0
6,598,6993,1
6,642,33855,4
6,613,6359,7
6,638,6680,4
6,1628,1914,6
6,1892,15168,2
6,2168,6339,4
6,574,6379,1
6,1815,33205,9
6,629,34346,7
6,596,32116,4
6,2244,35636,25
6,597,32053,1
6,580,14506,5
6,4539,32117,7
6,1447,14533,4
6,607,21466,6
15,1741,18935,4
6,580,6452,3
6,4273,6985,13
6,4849,35375,11
22,1795,22771,3
4,4670,4627,0
6,947,7150,7
5,3681,27843,6
4,4670,37275,0
9,2793,33989,0
8,5291,20863,0
6,652,41396,8
66,2291,39551,0
15,4767,37693,6
8,2703,42261,0
9,852,8626,0
9,1160,8626,0
9,1160,39194,0
15,4913,41595,0
2,1841,42102,0
4,5384,40877,0
9,2071,40316,0
66,5819,41811,0
6,946,42771,4
6,2545,33853,6
5,3349,37274,0
1,1830,28229,0
15,4765,22279,6
9,1069,40435,0
5,4771,8042,0
13,2410,29657,0
4,247,40707,0
8,3055,11018,0
4,1725,7545,0
4,4670,37833,0
1,4227,26061,0
15,2622,18935,0
13,5164,10373,0
13,4697,9905,0
6,4270,14506,15
5,5726,41808,0
1,4229,12327,0
4,5012,14532,0
6,5483,43978,11
1,2010,21292,2
6,944,6280,3
66,4987,40826,0
9,854,31555,0
6,4970,44516,1
13,4044,36094,4
5,2212,7373,0
6,2549,45148,0
66,2357,39962,0
2,2287,4967,0
15,2607,25094,0
5,3541,37418,0
15,3452,32167,0
6,639,40604,3
4,3855,38913,0
6,1078,6265,14
17,5301,34857,0
22,1799,33964,30
8,2113,36503,0
66,2355,36797,0
8,4826,19956,0
8,2458,12000,0
8,2856,15675,0
5,2213,37830,0
5,1237,27709,0
6,642,6686,6
6,2550,42769,6
2,4197,19098,0
2,4084,43385,0
1,5976,37993,0
4,2376,4627,0
3,6168,43630,0
15,2622,41658,0
4,3257,3950,0
1,2010,14017,3
5,4647,39433,0
8,3642,38990,0
8,3481,44116,0
6,651,6993,7
6,588,6365,1
15,1039,23611,6
6,594,6365,7
6,577,6613,3
6,1476,2013,10
6,612,33851,5
6,4273,34347,12
6,4270,22244,19
6,617,14962,2
6,4005,34755,9
6,622,34753,5
6,652,6433,7
22,1795,21410,7
6,587,1632,2
6,3719,1703,3
6,2547,39891,6
3,2599,40383,0
6,629,1728,3
13,1083,9866,0
66,4853,37026,0
4,3919,37275,0
6,597,15620,7
4,249,38913,0
2,3000,23965,0
8,527,36503,0
8,4674,16347,0
8,3921,10977,0
5,3349,41945,0
3,3011,5592,0
6,2942,1703,4
9,3041,40436,0
4,1706,41426,0
6,1628,6459,9
15,4764,25593,8
15,4765,41046,12
6,949,21468,18
6,653,32054,10
8,3175,37493,0
6,631,15620,16
6,946,6686,6
66,4978,37577,0
13,2859,22480,0
15,1607,22280,0
8,4568,10978,0
9,3041,25508,0
1,4227,37045,0
13,4044,31213,6
1,4626,13060,0
3,5750,39741,0
15,4764,25147,24
15,1608,25140,6
17,2430,27062,0
4,5767,40442,0
17,6003,14417,0
8,4183,40974,0
8,1258,11427,0
8,5496,28053,0
13,4047,16495,16
1,6061,14167,0
3,4946,24204,0
1,1672,13744,0
6,647,1703,8
6,943,35375,6
2,3343,21358,0
8,5504,24877,0
3,1034,35396,0
3,1463,5612,0
4,1902,36508,0
15,1269,15633,0
66,2692,36821,0
1,3653,30820,0
6,649,40606,6
13,3862,17735,0
6,649,40607,4
4,2481,40707,0
6,1477,40610,5
6,591,1591,0
3,3743,34450,0
6,612,38623,4
66,1635,38687,0
5,5203,41651,0
15,1741,17213,0
6,648,42172,11
8,5536,16347,0
6,944,42787,5
4,1314,43930,0
5,1234,28313,0
6,2242,42786,1
6,2547,6246,0
4,5057,15629,0
4,1735,38139,0
3,1077,37837,0
66,4852,36808,0
17,2430,44257,0
8,2783,36303,0
13,2710,10392,0
13,3598,10732,0
4,4301,25114,0
8,4389,11018,0
13,3753,10529,0
2,4503,3079,0
4,1505,4315,0
3,2095,43626,0
3,141,23956,0
6,1478,44516,3
6,5719,6331,0
6,565,36563,4
13,2299,37042,0
15,2610,25136,0
8,5488,44604,0
6,2551,45172,0
3,4437,22934,0
6,634,6319,2
1,6214,40665,6
6,569,24960,8
6,607,6452,2
6,945,24960,4
6,607,1633,1
6,625,22242,5
6,647,33855,6
6,602,22245,1
16,3807,16536,1
6,618,1645,1
8,5129,34701,0
6,4971,19569,8
66,1806,36821,0
13,4022,20496,0
4,5221,19322,0
6,600,15658,10
6,4000,4974,0
6,607,6280,1
66,4744,38684,0
6,5418,6433,3
6,627,6278,25
8,656,34452,0
1,3653,12795,0
2,4958,26012,0
3,1463,37276,0
6,4621,33853,0
5,5285,28282,0
6,616,40224,1
1,3927,20848,0
5,5332,7593,0
6,4270,1591,1
4,4723,34400,0
6,5418,42770,4
4,2422,16587,0
4,1302,37275,0
16,4184,36492,0
4,3914,32262,0
2,67,38530,0
13,2707,9852,0
5,1058,28857,0
6,605,44516,3
6,594,12171,2
6,5481,2216,6
4,4670,35327,0
6,943,1591,3
2,5224,19544,0
15,1270,39851,0
8,5504,11021,0
9,860,40319,0
4,4338,3950,0
13,4583,9890,0
6,1892,40605,3
4,3912,32350,0
5,1218,28297,0
5,1904,36484,0
13,4119,10821,0
3,177,29748,0
9,919,8601,0
13,1085,10821,0
3,658,42219,0
1,6214,43638,6
8,5031,39832,0
17,5811,19069,0
13,4583,10202,0
13,4835,37269,0
13,5385,10373,0
6,2243,41393,7
4,1661,30188,0
6,598,2018,2
5,1140,7748,0
9,4612,42651,0
66,2357,40822,0
5,4217,27710,0
3,2860,41664,0
5,4341,42747,0
1,2323,24865,0
6,668,15620,8
5,1292,37830,0
13,3863,29654,0
13,5436,26462,0
66,1807,36797,0
8,5575,37493,0
13,3558,9920,0
2,5997,4967,0
5,6127,7365,0
15,1739,41050,3
6,602,43287,5
4,5222,42772,0
8,4726,11145,0
13,5286,9934,0
8,1789,16347,0
4,1726,30188,0
5,5083,36483,0
13,3597,10732,0
17,2724,15296,0
2,5513,39746,0
66,4989,36800,0
66,2694,41908,0
16,5087,16670,0
2,1103,41257,0
2,3500,23261,0
66,2694,37025,0
6,3719,6573,8
8,5428,40974,0
3,3407,40386,0
15,4766,30887,8
13,2298,41554,0
1,5802,23260,0
3,1034,37276,0
8,1139,43727,0
9,955,41041,5
6,2551,45166,0
13,1085,32178,0
4,2646,35674,0
6,6115,41083,0
13,4835,32174,0
13,4047,41554,3
13,5287,42737,0
15,1039,17887,8
6,1078,32629,1
6,2243,6379,14
6,608,6680,5
6,604,22244,9
6,649,34752,6
6,579,2236,2
6,653,21465,8
6,1815,2093,5
6,565,14507,8
6,614,34753,4
8,4453,11996,8
6,614,32053,8
6,4539,14822,3
6,671,22242,12
6,2244,21466,14
6,618,6985,1
6,622,24819,13
8,2773,11068,22
22,1798,34618,4
6,583,6985,14
6,4275,21468,4
6,651,6686,2
66,4980,36811,0
6,605,6319,5
15,2607,26465,0
3,1463,34450,0
5,1217,8042,0
8,4733,21490,0
1,2008,13334,0
13,3753,9866,0
13,4245,9934,0
5,4217,40443,0
13,3546,9959,0
4,3308,23316,0
6,2243,15620,7
15,4767,28464,6
15,2607,25093,0
1,5801,41621,0
15,4766,28459,0
8,3788,15569,0
2,4318,40269,0
8,4662,11021,0
13,2298,10233,0
13,5164,26463,0
6,583,6614,4
3,523,29748,0
1,4229,40662,0
6,4970,33855,6
13,4048,9964,4
4,5767,4458,10
8,2458,24118,0
4,3913,32262,0
13,3640,10041,4
3,3708,36096,0
22,1795,34111,4
13,3598,9964,0
13,4135,36094,24
5,5203,27767,0
22,1796,39115,0
3,2599,37837,0
3,2194,36403,0
6,5481,7095,2
8,3791,40921,0
5,5517,7656,0
5,1399,22226,0
5,4232,37038,0
15,1740,14575,0
8,3921,24833,0
9,1159,23724,0
3,2599,17183,0
8,1344,24833,0
4,4285,40440,0
4,1725,25115,0
8,3921,11427,0
66,4744,36792,0
4,2649,19322,0
8,4727,40390,0
6,4614,6331,10
1,4229,26060,0
1,5802,41962,0
15,4766,36054,8
1,2012,38244,0
13,5244,32344,0
6,674,42770,7
3,3031,4,0
6,609,6462,1
5,5240,41808,0
3,2466,4,0
6,567,7091,6
5,4341,37416,0
5,5054,8042,0
66,2695,41811,0
4,5767,4621,8
13,5070,41554,4
2,3485,44071,0
8,3327,40909,0
8,3350,43995,0
6,609,2125,10
3,1463,43629,0
8,5291,40974,0
15,1039,23372,7
6,604,22242,6
6,636,6614,5
6,671,32117,8
8,2773,11253,11
6,580,6705,1
6,597,19472,3
6,628,35328,4
6,636,19472,5
6,947,1890,5
6,2243,6462,12
4,2822,3950,20
6,573,40606,6
15,4912,22279,0
8,4637,24214,0
6,595,14333,3
6,880,2216,3
8,1344,10977,0
66,2433,37026,0
8,3385,21490,0
5,5710,27709,0
4,2636,32350,0
4,3695,24845,0
8,5031,40972,0
2,4078,4967,0
13,2536,18883,0
5,3489,42672,0
66,4978,36821,0
1,2500,38750,0
15,4766,30580,2
8,4637,10977,0
13,3537,21977,0
6,606,6452,8
5,5695,8042,0
9,2900,31704,0
2,1841,2075,0
6,612,7144,6
9,2793,33248,0
2,5373,31462,0
8,6077,37838,0
6,580,42771,6
4,4784,41823,0
15,2622,14711,0
1,5845,30482,0
1,2010,42780,4
6,943,6537,2
8,4566,42741,0
15,1740,25136,0
8,5852,44116,0
1,5802,32219,0
2,1841,37835,0
8,4682,40974,0
15,2611,41593,0
8,2424,39832,0
66,1807,43573,0
13,2535,30161,0
8,2782,11018,0
4,5950,30188,0
4,4262,16587,0
2,3485,40653,0
3,4260,22934,0
66,4850,38069,0
6,580,23098,3
13,5286,9920,0
3,1263,32505,0
6,568,6325,4
6,4088,1833,0
6,942,40606,5
5,3489,40443,0
3,3012,17174,0
1,5843,13060,0
4,413,40441,0
4,1661,3965,0
5,1237,30187,0
5,4658,34408,0
13,3965,16146,0
4,1743,15629,0
6,2168,6518,6
17,5299,14456,0
4,5767,41824,6
1,4229,26061,0
6,568,44514,4
4,939,41426,0
2,2192,42761,0
6,646,41085,3
4,2276,4141,0
9,955,8634,20
2,3520,3079,0
6,609,6304,10
6,581,42769,5
6,2549,41083,0
6,608,34346,29
6,460,14507,9
6,583,34752,4
6,4270,32117,18
6,614,14507,8
6,668,6862,4
8,2773,24834,6
6,580,6389,1
6,663,25602,25
22,1798,33969,1
6,626,35330,5
6,595,21465,3
16,3312,24849,2
16,5455,16383,0
6,621,14966,3
6,600,6519,1
1,2278,13060,1
8,2424,11068,0
4,2925,21805,0
6,664,6537,0
1,5525,39823,0
6,2545,7151,2
6,607,6999,4
6,5206,34755,22
13,5700,10373,1
5,5083,7593,0
6,652,1632,1
6,573,7095,4
9,860,8675,0
3,3405,5592,0
5,5272,7373,0
16,3312,39281,0
66,4850,36799,0
6,4003,14533,6
13,4835,9866,0
9,1160,41041,0
6,947,2216,3
66,2819,38066,0
8,5289,15675,0
5,1686,40445,0
4,1969,4315,0
4,2889,40438,0
8,1254,23265,0
8,5284,15569,0
6,989,33853,0
6,630,6482,4
9,2792,41780,0
6,4878,6309,2
3,3426,29748,0
3,5922,44048,0
66,5795,36795,0
6,3184,6246,0
8,3421,12000,0
2,5885,23965,0
6,880,43977,3
4,3545,3950,0
66,4853,41810,0
13,3640,9934,1
6,4274,7091,2
2,1266,36184,0
5,5404,40443,0
15,1268,30280,0
1,401,36628,3
66,1223,36490,0
4,5222,19322,0
9,2789,8560,0
4,1480,3965,0
5,4873,31383,0
8,1698,36301,0
6,1814,1833,6
8,4460,24833,7
2,5391,40477,0
8,3789,16347,0
6,607,14822,12
8,3600,22237,0
16,1889,16634,0
13,4015,9852,0
66,1566,39983,0
8,4637,11523,0
8,4674,34429,0
6,592,6999,3
2,5270,36099,0
6,672,6452,4
4,3937,32262,0
4,1480,30188,0
9,2789,42719,0
9,1157,34106,0
8,2723,15675,0
1,2011,14017,3
8,4183,40972,0
43,3255,32362,0
9,1154,8619,0
6,646,1636,8
17,2721,44259,0
8,3758,34405,0
6,598,24960,7
6,943,34346,1
6,666,33851,16
6,574,34752,3
8,4453,15569,7
6,599,1647,4
8,2773,15569,7
6,614,21468,9
6,460,24960,8
22,1795,32933,4
6,4539,32053,6
6,636,21466,2
5,4231,22229,0
66,4806,36821,0
6,664,38622,7
6,2245,2216,5
4,4074,4309,0
6,581,6262,3
3,1034,22934,0
8,2717,11018,0
13,3598,9934,0
5,5203,30187,0
8,1142,20863,0
9,2900,30610,0
8,656,11315,0
15,4766,28457,2
8,4821,11068,0
15,1038,25097,0
8,2780,37838,0
4,2822,16587,0
8,2723,37285,0
15,5539,18471,0
17,3888,40354,0
6,948,12171,4
8,6077,39739,0
4,5487,36654,0
6,611,43980,4
15,4764,42959,0
8,3352,37838,0
4,939,41276,0
1,2009,13265,0
4,4824,4309,0
66,5904,42809,0
3,3003,29748,0
4,2376,40441,0
15,4767,14317,8
8,4726,11235,0
8,5395,45047,0
6,636,33853,1
5,5061,36483,0
13,3432,38140,0
13,2709,9920,0
3,2429,40383,0
6,946,40604,3
15,4764,36054,8
15,1609,28103,0
66,2354,37027,0
8,4460,12000,6
5,4488,31383,0
2,2033,36184,0
6,942,34758,2
3,141,37276,0
3,5746,20657,0
1,5802,33228,0
2,1841,40363,0
3,1263,32506,0
4,4914,41424,0
15,3452,22278,0
15,2611,25136,0
6,4878,42786,1
13,3965,10732,0
15,4765,39834,8
8,2600,37285,0
2,2192,42760,0
4,2365,42775,0
4,5365,40442,0
9,2790,33995,0
6,672,40223,0
3,3295,23956,0
8,4485,11427,0
1,6061,38049,0
6,598,6324,15
15,1039,32851,6
6,624,33851,3
6,652,21465,1
8,2773,10977,5
15,1741,14255,10
6,612,35374,1
1,4628,4,4
6,632,6278,8
22,1795,27915,7
6,592,22244,1
22,1795,36185,5
6,4538,34755,12
6,879,1703,6
2,5265,36780,0
15,1273,25098,0
6,2168,62,2
3,3003,26669,0
6,5550,1709,0
15,1599,25098,4
6,596,38162,4
4,413,36357,0
6,651,33204,7
4,4991,37275,0
66,1805,37027,0
9,2793,40318,0
13,4044,10041,10
13,2299,17735,0
66,4987,37054,0
1,390,39893,0
6,1066,38623,2
9,852,40435,0
6,5482,36437,2
4,1725,29710,0
4,3913,3950,0
2,5658,40508,0
2,3000,40903,0
6,665,40611,10
1,5802,38435,0
13,3558,9852,0
15,1599,38085,16
6,673,42769,14
5,1686,28282,0
8,2458,42261,0
1,4717,37992,0
1,6215,13060,0
4,2383,3966,0
13,3640,42735,5
1,2011,26060,2
1,4717,13060,2
66,4853,31326,0
22,1798,33778,0
6,615,6686,5
15,1046,39851,0
8,5129,24878,0
8,1705,24878,0
6,947,6319,5
8,4556,36499,0
13,5165,10707,0
6,663,41395,7
6,4000,24839,2
3,3003,32506,0
15,2111,40797,0
8,3921,11253,0
6,664,6322,5
1,2730,37273,0
8,5852,41236,0
2,2398,43385,0
13,3557,42987,0
3,1179,39084,0
6,571,42172,3
66,4846,36805,0
8,5852,10977,0
15,1276,30888,0
15,5895,25140,0
8,3352,37493,0
8,5575,11427,0
15,2608,15633,0
13,3640,9964,7
6,588,42770,4
1,2010,35316,3
4,3622,41824,0
6,618,14963,2
6,598,7165,13
8,4453,11104,6
6,2541,33854,6
8,4453,10994,8
6,624,19472,12
8,4453,11382,8
15,1741,15599,7
6,649,1707,1
6,597,6985,2
5,1239,28333,0
8,2105,36498,0
8,656,36499,0
66,4989,37027,0
15,2612,22280,0
3,3003,32505,0
8,3788,38990,0
66,5823,37027,0
2,5270,21358,0
4,3538,32262,0
9,1160,33775,0
6,1478,6613,5
5,5063,30181,0
6,664,6507,7
13,3862,38988,0
6,1078,4974,4
6,628,1708,1
2,5554,4967,0
66,5839,40826,0
4,1113,40659,0
6,583,41395,4
1,2009,40667,0
2,374,40827,0
6,4001,2449,0
1,4320,37994,0
13,4583,29663,0
6,624,6321,8
6,642,6687,7
6,669,24819,8
16,5946,41193,0
15,4767,30580,8
17,5300,14722,0
22,1795,18588,8
15,1041,39428,0
3,3407,5612,0
6,1938,6246,6
5,3493,37274,10
6,947,32052,7
8,1254,15675,0
8,5025,40921,0
8,2600,11235,0
4,4832,22080,0
66,4850,38067,0
2,3896,38531,0
5,5404,28282,0
3,3341,29748,0
9,2790,34106,6
8,4712,11189,0
66,2693,42145,0
8,2781,38391,0
8,5025,11067,0
13,4016,43756,0
6,567,42771,5
4,3913,3966,0
1,4626,22926,0
5,997,27709,0
4,247,29710,0
13,4048,9934,4
4,1113,43679,0
3,6011,30943,0
6,4003,45221,0
13,4583,22480,0
6,601,6361,2
6,598,34347,8
15,1039,25649,2
6,945,14822,3
6,611,24960,3
6,1476,22244,7
8,2773,12000,5
8,2773,34453,6
6,639,35329,3
8,4453,23265,6
6,627,1890,15
6,4539,14823,4
6,4878,1728,7
6,670,2013,6
6,2549,14822,1
9,2071,8670,0
1,4086,4,0
66,2819,36793,0
1,4888,16037,0
5,2863,32185,0
6,650,1591,0
6,627,1645,0
2,5312,3079,0
66,4989,39551,0
1,5801,39821,0
5,3493,28086,7
5,3681,7592,8
6,606,6686,1
2,3226,41334,0
3,3405,37837,0
6,2244,40611,0
3,3003,38826,0
66,4986,36797,0
9,1158,41044,0
8,5575,11145,0
6,672,24820,0
13,5165,42003,0
15,2610,41904,0
1,2011,20887,1
15,4764,39834,6
1,5802,39812,0
6,4088,35375,7
3,5921,29748,0
6,589,42172,5
4,5767,40752,6
5,2864,31383,0
6,632,24820,2
6,598,44516,7
1,6230,26060,0
6,640,14991,2
4,5020,44022,0
6,583,6555,3
17,5300,37052,0
5,3681,34364,21
6,942,38621,2
1,2011,30820,0
6,621,6324,14
4,4711,19323,0
1,2010,35133,0
1,5619,13060,0
13,5164,41093,0
4,2631,34694,0
1,4227,25609,0
9,858,42652,0
5,5332,28297,0
1,4229,36305,0
8,1227,41578,0
8,5496,15569,0
8,3027,37838,0
13,826,15057,0
4,2383,41424,0
1,4227,12792,0
15,1039,39529,0
8,5422,11067,0
6,1892,42172,8
8,5544,16347,0
15,3452,14569,0
13,4583,16472,0
13,5070,29654,4
66,4863,40706,0
6,611,6304,2
2,1755,27702,0
5,4291,34408,0
6,948,45167,6
9,858,40317,0
8,1912,43534,0
4,3782,44051,0
6,639,21466,7
8,2773,24833,6
6,641,21466,2
6,1078,32053,1
16,3312,35401,3
16,3312,31938,1
6,948,7150,5
6,4614,38623,6
6,631,6620,2
6,570,63,1
13,4044,9934,4
13,4044,9906,10
6,664,14533,11
6,632,40611,1
5,2863,7365,0
66,1620,40825,0
5,3357,41809,0
6,4000,1713,1
8,1825,38990,0
66,4850,36942,0
3,3003,5647,0
15,1739,36054,3
13,1083,36094,0
3,2466,34992,0
13,3640,32336,0
8,5027,39832,0
4,4670,41321,0
8,5866,11523,0
9,2900,25508,0
6,942,5017,9
4,1113,4315,0
66,5019,36797,0
6,1476,42786,0
8,3758,37493,0
8,1139,41238,0
8,2778,24118,0
13,2296,26983,0
3,5921,40382,0
6,2942,2449,3
5,3723,44045,0
5,5403,43956,0
17,1730,24854,0
8,1254,11420,0
5,4770,28810,0
9,1159,40422,0
13,1080,9866,0
4,4811,30188,0
8,4460,36360,4
9,860,31704,0
1,5803,13060,0
5,1685,34408,0
22,1799,38567,6
13,4120,10732,0
1,5618,13060,0
8,3921,36301,0
13,3595,18883,0
5,1237,37416,0
4,5384,4315,0
6,1892,6551,1
17,2770,35333,1
66,4853,41907,0
6,674,6613,11
3,3011,24828,0
66,1659,43573,0
1,5801,41955,0
13,6109,32177,0
9,2791,31555,0
6,609,6583,8
4,3147,40752,0
9,3345,8629,0
8,3336,15675,0
6,5483,43980,1
8,1698,42742,0
6,1447,45221,2
2,1755,39746,0
6,636,6993,1
6,949,6389,4
6,614,24820,9
6,586,14506,1
6,609,14822,5
6,635,21465,9
6,612,14821,2
6,617,32117,1
6,3719,25602,6
6,4270,34752,11
6,620,21467,7
15,1741,17527,3
6,606,34755,3
6,4539,2258,6
66,4850,38685,0
5,3493,27847,4
4,1969,4141,0
6,4003,1708,0
15,4764,22280,0
5,5082,37039,0
8,5395,41934,0
15,2608,28459,4
2,4051,32999,0
1,2009,13235,0
8,5852,24833,0
66,1566,39962,0
6,4538,42770,0
6,4621,32052,0
1,4227,25610,0
2,4078,27734,0
66,1566,42145,0
4,5011,44561,0
66,2355,41810,0
66,4744,36797,0
1,5802,35156,0
3,5731,44566,0
2,1841,27701,0
15,3213,23372,4
8,1804,40972,0
8,4459,27771,0
6,573,19569,1
9,2789,31555,0
6,1477,1632,1
66,2432,37391,0
15,1046,37983,0
17,4087,37053,0
66,1621,15629,0
6,627,38623,6
15,4417,25593,0
6,664,6519,4
15,4763,31616,9
3,3017,37778,0
3,658,30189,0
6,618,34758,1
6,1477,41396,5
6,642,6277,6
6,947,42771,5
15,4764,22279,6
8,2446,39740,0
4,2241,15629,0
43,3611,27964,0
2,5596,4967,1
8,5953,11427,0
8,5394,36360,0
8,5429,10977,0
1,5977,13060,0
15,1609,15632,0
66,4859,36943,0
6,2244,44514,0
6,587,7150,0
5,3493,7656,0
6,582,6338,2
15,1039,18935,6
8,4453,24833,7
6,663,32629,11
6,639,1636,4
6,671,6338,1
8,4453,33863,6
6,603,35373,3
22,1798,31710,16
22,1795,33965,4
16,3312,34942,2
3,3010,24204,0
8,656,35334,0
6,664,19569,4
6,947,6537,5
6,583,36437,3
4,1895,40716,0
5,5517,28297,0
4,4074,15629,0
16,3314,37041,0
8,3921,37285,0
6,1078,2125,2
8,3870,20863,0
17,2724,27483,0
15,1275,28459,0
5,5712,7365,0
2,5908,38530,0
8,3023,11523,0
6,5206,14821,6
8,5497,11068,0
8,5929,24118,0
8,1139,24118,0
13,4663,9920,0
6,1628,6379,27
5,4646,27709,0
3,3405,27715,0
13,5464,42987,0
17,3334,42754,0
4,5016,36653,0
4,5020,22080,0
3,3516,19757,0
15,4762,20325,0
15,4764,28457,6
15,1274,37981,0
66,2694,37369,0
8,2780,41969,0
6,2942,10836,6
6,2245,44516,0
13,5070,9964,7
66,2431,38683,0
8,6077,37285,0
16,4611,38997,0
5,4028,37038,0
3,3017,30088,0
3,2598,34699,0
2,3500,31454,0
6,1892,35375,4
15,1037,29927,0
13,2859,10135,0
6,607,14823,5
16,1889,23408,0
66,2692,39983,0
17,4394,41512,0
8,5491,11018,0
66,1620,37370,0
6,1478,40604,1
8,3396,40909,0
4,3538,41825,0
66,4858,41908,0
13,4279,41421,0
66,5860,37370,0
5,5615,30181,0
3,4946,30189,0
8,5425,41236,0
2,5902,25430,0
1,6013,13060,0
6,605,42172,1
5,2902,34408,0
9,1158,40316,0
6,581,45221,3
9,955,8639,3
5,2212,22081,0
1,2081,24841,0
2,6052,42761,0
6,624,6379,10
5,5068,7656,1
13,5408,26463,0
4,5020,36091,0
6,598,22245,8
6,606,6693,2
6,942,1591,1
16,3312,19711,4
1,401,30482,3
6,635,7091,4
66,4850,38687,0
66,2357,38927,0
5,4027,35324,0
3,2194,18369,0
15,4765,20187,4
15,2958,40265,0
4,4074,36357,0
8,4389,10977,0
66,1566,37369,0
6,592,19569,2
6,589,6322,5
2,5373,31455,0
6,642,14821,4
9,851,8952,0
9,2071,19806,0
5,3357,34364,0
17,5334,38987,0
8,1177,15569,0
4,4723,41823,0
66,4980,36801,0
6,4540,40224,1
6,675,6246,11
4,5457,44387,0
13,3598,10725,0
4,5529,29710,0
66,2355,40822,0
4,1710,42775,0
5,5082,40895,0
6,673,6452,3
2,3554,27702,0
1,6208,36087,8
66,4858,36788,0
3,143,30189,0
17,4397,14417,0
8,3350,11236,0
13,3753,17735,0
15,4761,32170,0
15,1038,18163,0
4,2091,4627,0
8,4457,40084,0
15,2608,22280,1
8,2703,40909,0
8,3788,16347,0
4,4959,3950,0
13,3172,37421,0
17,3301,37271,0
3,3407,30088,0
6,3719,15620,6
13,3638,29655,0
13,5081,42987,0
6,5479,42771,3
5,2480,40895,0
6,597,1591,1
5,5998,8042,0
17,2930,14456,0
8,4409,11189,0
1,6040,14167,0
13,1085,26982,0
6,2942,2450,2
15,1273,18221,0
15,2635,44579,0
6,619,22242,3
6,592,19472,1
6,612,6324,6
6,1815,35375,7
8,4453,15675,18
6,600,2258,4
6,632,21465,7
22,1798,36188,6
6,947,14533,0
5,1239,7592,0
66,4850,37577,0
6,620,6687,1
13,4135,9906,8
15,4765,14505,10
8,4682,35334,0
6,946,40610,4
6,1447,6278,2
6,600,38162,5
5,4363,3865,1
6,3184,40611,0
8,3350,27209,0
6,577,35375,1
6,5207,6339,8
3,3337,19635,0
8,2703,24833,0
4,1480,34509,0
4,4725,4627,0
6,4621,2235,7
1,4227,36424,0
6,4538,7151,0
3,143,17183,0
6,631,42771,8
3,3925,37779,0
6,880,14506,1
6,616,17522,1
2,2192,40363,0
5,3490,28302,0
17,4251,14722,0
4,5767,41426,3
15,4760,28459,0
6,947,41395,2
9,851,42796,0
4,5013,28212,0
6,5720,6246,1
13,4044,26982,8
66,2432,44151,0
8,6077,37493,0
4,2718,40707,0
6,583,4974,2
6,5483,44514,1
13,5070,10732,1
1,1830,15110,0
6,4971,33855,3
5,1295,28297,0
1,50,20848,0
15,1041,14565,0
4,1505,4218,0
66,4850,37371,0
17,1333,14635,0
3,3406,37837,0
6,948,40609,3
4,2448,38913,0
3,523,37837,0
6,989,4974,0
4,3994,30188,0
5,1233,37416,0
6,1066,15620,5
6,595,41395,8
15,1271,42959,0
5,1237,35134,0
5,4681,22081,0
6,2942,40224,0
1,5948,13060,2
5,2864,8310,0
4,3082,37275,0
6,2242,1713,4
6,618,6304,10
3,3012,37780,0
9,858,33994,0
66,4983,43963,0
4,2383,36356,0
6,5479,45167,4
6,630,6680,4
6,879,6359,3
6,1892,6680,2
8,4453,11420,8
8,4453,12000,6
6,587,34755,1
6,4270,6693,6
6,4539,6459,5
6,586,14960,1
2,2286,38530,0
1,5546,13060,0
8,3518,11067,0
8,4176,37270,0
6,675,2013,5
15,2608,36115,10
1,2011,39021,0
66,4858,38067,0
1,4229,20784,0
8,4557,24834,0
6,666,14822,4
6,645,6686,1
1,2008,13060,0
4,4747,23316,0
4,4711,43219,0
8,1344,24834,0
6,5482,41392,4
8,5496,11018,0
8,3870,33864,0
6,633,42786,1
6,667,6266,4
8,3298,25517,0
13,4636,10707,0
13,4044,26983,2
8,2597,15569,0
6,2242,41085,1
1,6015,13060,0
15,3871,28455,0
5,6252,8042,0
6,646,6304,0
13,3639,10041,0
8,1139,40509,0
8,1997,15675,0
13,2859,27005,0
6,599,40610,7
1,50,20778,0
9,851,8670,0
1,2011,40829,0
4,2996,30188,0
16,3960,41772,0
8,1247,38990,0
5,4291,40445,0
4,3082,40659,0
8,1227,35334,0
66,5822,37392,0
8,3019,40509,0
4,1505,32350,0
1,655,33527,0
15,5191,14569,0
15,3007,14213,0
13,3965,41106,0
2,5474,41257,0
13,4022,22480,0
15,3210,25136,0
17,2721,40353,0
6,2549,45172,0
17,5130,20869,0
13,5408,16495,0
6,4621,43977,0
2,4951,27701,0
6,945,45221,5
8,5430,40974,0
4,5767,22928,0
1,5564,37832,0
66,1635,40823,0
6,671,40224,8
8,4712,24118,0
15,5539,41051,0
66,4984,41811,0
17,4249,14456,0
66,4978,36811,0
8,2458,24833,0
1,3652,42723,0
6,4003,45166,0
5,4647,30187,0
9,1158,8601,0
2,1720,42758,0
6,645,6452,6
6,598,6442,3
6,606,32054,3
6,460,19472,13
6,1814,32629,11
6,600,6389,2
6,598,33854,7
6,617,22244,1
6,644,32116,16
6,2547,33851,17
8,2773,11104,22
6,614,32116,8
6,663,21468,7
6,948,22244,5
6,675,25602,6
22,1798,32162,12
6,627,25602,8
22,1795,33972,2
6,629,6985,1
6,640,34757,3
6,2190,35375,18
6,648,6519,5
4,3330,37833,0
66,2290,36800,0
8,4178,40972,0
5,5083,27712,0
8,1142,21490,0
1,3727,13848,1
6,944,41084,5
4,4879,19322,0
15,4767,14319,10
4,2821,15629,0
6,948,15620,12
6,4005,34754,8
2,5270,27702,0
5,1239,7374,0
15,4765,41595,12
8,4821,16347,0
1,5802,36953,0
2,2192,40057,0
4,5767,14532,14
13,4120,10233,0
6,592,6537,3
6,4710,14534,0
8,5026,41578,0
1,2008,28229,0
3,5227,27715,0
66,5834,37369,0
6,989,1843,24
5,5510,40445,0
5,5913,43607,0
66,5379,37026,0
6,591,15620,0
4,1706,29710,0
1,4229,16037,0
6,6115,45221,0
1,4626,38750,0
13,3862,9964,0
6,1447,6620,1
5,4291,40939,0
6,880,2258,7
1,2011,20391,5
66,1805,37025,0
6,583,6281,6
6,2942,33853,2
15,1608,38211,7
1,3392,34006,0
6,604,38623,10
6,664,6613,7
2,2287,36304,0
15,2611,32170,0
17,3992,14417,0
6,602,35375,1
17,4919,36097,0
6,945,14823,0
9,2788,8572,0
2,5594,23261,0
5,1293,22226,0
15,3180,25136,0
8,5168,22237,0
8,5424,39832,0
8,1248,41578,0
66,1807,37027,0
66,4985,39542,0
5,2863,40261,0
6,580,6321,2
4,5684,40717,0
22,1799,21010,28
66,4986,40705,0
17,5857,14417,0
6,672,6462,2
8,4674,12084,0
5,823,40896,0
13,1085,9905,0
4,5487,36653,0
17,2770,31655,1
4,2932,24825,0
15,4766,41046,4
2,2835,21358,0
13,3536,9907,0
15,5539,35130,0
6,652,43987,16
4,2996,22928,0
8,4566,15675,0
13,2298,9866,0
6,568,6303,12
13,5070,18880,11
6,4003,45167,0
6,948,6303,7
6,568,33855,1
6,579,32629,1
6,607,1632,1
6,663,6705,15
6,600,22244,10
6,879,6993,2
6,595,32116,3
6,649,1848,2
6,4000,21465,2
6,593,32053,17
6,666,33854,7
6,614,14506,14
6,4539,2053,3
6,637,22242,5
22,1798,36185,6
6,648,1829,1
6,606,1643,25
16,3312,24876,10
6,664,38621,7
3,2347,4,28
15,4417,15632,0
3,5227,18370,0
15,4763,30945,10
9,2789,33998,0
8,2113,23265,0
15,4761,32169,0
6,4971,6331,5
5,5711,41140,0
6,4003,6573,0
66,1634,36942,0
8,4405,15675,0
66,1173,28212,0
8,5431,15675,0
6,635,2125,10
13,4584,10392,0
9,2071,42652,0
6,582,33204,9
3,3032,24827,0
6,4614,32052,11
17,2430,43034,0
3,3405,42219,0
5,2863,30187,0
6,5418,6985,6
6,673,6459,20
1,2009,15430,0
9,3037,43449,0
15,1277,16004,0
4,4660,40730,0
13,4047,9964,11
1,4875,36088,0
9,2790,8665,0
2,2192,41179,0
5,2864,7365,0
6,943,4974,1
15,4767,24625,10
6,5720,2097,0
8,1254,43737,0
13,5385,33400,0
4,1784,4458,0
2,6037,2075,0
13,2711,17735,0
8,4389,15675,0
3,3017,23267,0
15,2609,41053,0
6,4088,42768,2
15,1739,39834,10
8,2773,16347,7
5,2669,7365,0
4,5217,30188,0
4,2641,44387,0
6,4002,45221,0
8,4398,32181,0
6,630,24820,1
6,941,2459,7
6,565,24960,5
6,672,6613,5
6,4002,2053,6
6,574,24819,2
6,626,35329,1
15,3453,14250,17
6,1478,6462,4
6,948,25602,9
6,610,6321,8
6,588,62,1
4,4670,38139,0
4,4905,34509,0
2,5375,40503,0
1,5382,36630,0
4,3544,19323,0
5,4278,31383,0
6,5481,7091,7
6,2244,1708,0
66,2288,37026,0
4,5352,37036,0
2,5477,40903,0
5,5241,7778,0
9,1161,42651,0
15,1280,20325,0
8,5867,23265,0
17,4249,32897,0
5,5062,41651,0
15,1276,17527,0
16,4883,30185,0
15,2608,40229,0
2,5224,24867,0
13,3546,16142,0
4,2631,40440,0
8,2853,11427,0
66,1632,40823,0
6,4971,45221,5
16,5829,41194,0
4,4914,30188,0
5,5729,41140,0
4,3544,19322,0
2,4958,39161,0
9,2900,31553,0
8,5493,39832,0
13,5165,10202,0
9,1160,35497,0
4,5528,40442,0
6,637,41085,8
4,4057,38139,0
13,3546,38140,0
66,4862,41810,0
17,5302,38050,0
2,5706,27702,0
4,5222,37583,0
6,2190,45167,6
4,3935,41824,0
9,3041,23274,0
13,4583,29654,0
4,4301,36875,0
6,941,24819,4
6,596,1650,6
6,949,24819,3
6,620,21468,1
6,460,14822,6
6,577,7165,10
6,627,6985,17
16,1324,16670,3
6,569,15006,3
6,646,6985,4
13,4017,9866,0
8,5551,36499,0
6,653,2258,1
6,1815,7151,3
1,4206,13060,0
66,5019,37054,0
1,2008,19435,0
8,5551,11820,0
8,4235,11253,0
43,3611,31725,0
5,5615,41808,0
8,4637,23265,0
66,4846,40705,0
17,5521,37053,7
9,2791,41780,0
9,918,8626,0
4,5251,36654,0
6,1478,1636,0
2,5375,40477,0
66,2691,36797,0
13,2535,10041,0
6,2168,1654,6
1,30,13060,0
66,4855,37576,0
66,2431,36824,0
13,2707,10233,0
4,2631,19322,0
4,4829,35327,0
2,5612,40524,0
15,3004,38085,0
8,6148,11021,0
6,943,36437,2
8,5851,16347,0
1,4322,37832,0
15,2608,39834,0
1,2008,33527,0
15,4761,20187,0
8,5497,11420,0
66,2691,36821,0
4,1302,37833,0
8,5551,33864,0
4,1486,4522,0
17,5302,14456,0
1,3652,40662,0
6,587,44516,7
4,4746,24825,0
4,383,36508,0
4,5352,22080,0
2,4623,34829,0
2,5476,3079,0
43,3254,27959,0
15,3214,28459,0
4,4991,4625,0
8,6147,33863,0
8,6155,37493,0
8,3272,16347,0
15,1608,14213,0
16,6122,41642,0
9,2787,8662,0
13,2532,26983,0
13,5436,18880,0
2,4018,21358,0
8,4567,37285,0
9,2026,41034,0
1,2500,37832,0
2,4450,27702,0
8,5396,43730,0
2,307,2075,0
3,1179,43629,0
6,633,45221,21
5,5240,24739,0
6,589,14822,4
8,1254,40084,0
9,852,8619,0
17,4818,24830,0
9,2788,40436,0
1,3655,13848,0
6,674,4974,5
17,4248,37271,0
8,5427,11182,0
8,4952,36503,0
66,1620,40824,0
8,3350,36301,0
2,5515,39746,0
13,3558,32344,0
66,2695,37577,0
6,946,40224,2
3,1263,17174,0
66,2819,42145,0
3,5731,37837,0
15,4764,40880,22
66,1805,37577,0
66,2290,36793,0
15,2611,22531,0
13,4584,41107,0
8,3600,23265,0
1,4229,14017,0
1,5801,35326,0
13,2298,32177,0
1,2010,23638,1
2,5885,40057,0
16,1689,40254,0
8,2854,37493,0
2,4807,40508,0
6,943,6324,2
6,674,42771,10
15,1275,23372,0
66,1174,36943,0
6,948,45565,5
17,2721,41067,0
5,5405,42750,0
2,1240,4967,0
6,5716,33204,0
15,1039,29566,6
6,580,6379,3
6,1815,2236,12
6,627,6445,8
6,623,32052,1
6,639,33854,10
6,569,32117,16
6,4538,14821,3
8,4453,24852,6
22,1795,36180,14
15,1741,32997,6
6,4005,1890,12
6,586,22242,3
1,5338,36757,0
8,2113,11236,0
5,1292,22226,0
66,4978,36824,0
13,5081,10392,0
6,653,6601,6
6,672,1636,3
16,5412,37419,0
2,5346,19098,0
6,4005,34752,2
6,4005,34753,17
4,4973,40442,0
6,624,32052,1
8,5088,35334,0
6,637,34759,7
13,4135,37829,6
1,4229,42317,0
5,3493,28333,22
6,1938,1728,4
8,5558,15675,0
15,1273,40265,0
15,4911,38928,0
8,5122,37493,0
2,1841,42107,0
2,2192,38530,0
9,3041,32152,0
4,5767,22080,14
13,3595,39738,0
1,5566,27207,0
6,944,6452,9
4,1710,40732,0
2,4084,41190,0
15,3210,39429,0
4,2445,30188,0
2,459,21347,0
9,852,33990,0
4,4804,4625,0
6,630,35375,1
15,4767,32166,13
17,1333,38987,0
15,4763,30888,6
8,3347,11427,0
8,1248,40084,0
1,1830,36488,0
13,5435,31207,0
9,2793,8627,0
5,2863,27767,0
66,1620,37026,0
6,946,19569,2
2,5908,2075,0
13,2297,10041,0
66,5839,37369,0
6,2551,42768,0
1,5802,43347,0
2,2192,38995,0
6,644,6985,11
6,989,40224,2
17,2721,41069,0
5,5240,41140,0
3,3017,43630,0
1,2011,44027,3
15,2609,28464,0
6,2549,1833,0
1,5802,18581,0
2,2192,42732,0
4,5767,3966,9
4,5016,41823,0
13,4047,16142,12
17,2737,37836,0
13,4334,9852,0
6,588,6304,6
8,4457,15569,0
15,2614,43880,0
4,2636,41825,0
6,4849,44516,12
6,1477,6303,2
6,567,32116,8
6,1815,24960,1
6,625,14821,2
6,1447,14507,1
8,4453,32143,14
6,4539,22244,9
6,2190,1841,3
6,1892,35372,4
6,4539,21468,4
8,4453,21812,10
17,5301,31655,0
6,4001,38621,8
6,621,40610,7
6,4878,1634,8
6,4878,40606,1
8,4674,15569,0
4,4723,40718,0
6,2168,7146,6
8,2703,40974,0
1,1894,37273,0
5,4137,40370,0
6,989,6309,5
6,637,35375,8
15,4763,32119,11
66,2691,42145,0
15,4765,41593,12
4,1726,36653,0
5,2514,40443,0
13,4120,10041,0
15,3213,43880,5
15,3206,25147,0
8,1247,23265,0
15,4417,17463,0
17,4828,14417,0
15,2622,25136,0
6,599,38162,5
4,4713,40440,0
2,3506,27702,0
9,2789,19141,0
66,1566,38687,0
3,1077,5647,0
6,2190,1632,1
2,2192,41190,0
15,1278,28464,0
13,4334,26983,0
6,5720,44516,12
2,4807,40712,0
1,5381,18087,0
4,2376,34416,0
4,2383,37583,0
5,5710,34409,0
15,3181,37983,0
6,664,6265,10
13,2708,9852,0
2,4051,24779,0
4,4630,4218,0
4,1113,36092,0
13,4015,37839,0
8,4568,40509,0
8,1344,23265,0
5,5166,33747,0
8,4674,11523,0
13,2299,41107,0
1,1143,13060,0
4,5487,41424,0
6,616,41085,1
6,1478,6573,5
15,1270,38901,0
66,2819,42143,0
66,2289,37577,0
8,5494,16347,0
2,5335,42422,0
13,6108,29651,0
13,2537,29655,0
4,2376,42774,0
6,1628,6393,7
1,2010,12473,1
66,2354,39551,0
4,3913,43219,0
9,2787,8627,0
2,3520,40057,0
6,614,1650,7
6,600,22242,3
15,1039,19017,4
6,609,1914,8
6,1815,34347,24
22,1795,21010,14
6,2549,32116,6
6,568,6389,2
16,3312,35402,1
6,4005,2258,16
16,3312,34941,3
4,4879,35327,7
1,3158,37993,0
8,3027,24877,0
6,5480,38623,1
6,567,19569,4
13,4663,37839,0
6,605,34753,6
6,1892,33853,16
6,665,40608,5
4,4074,30188,0
8,3127,39832,0
6,989,41085,19
13,4697,27006,0
6,880,34753,15
13,826,10373,0
5,5266,8310,0
4,2631,40877,0
4,1726,19323,0
6,1892,6537,1
8,2459,35334,0
66,4744,37027,0
4,5013,40438,0
6,565,6246,3
6,637,43280,2
4,417,4315,0
6,945,6322,2
1,4626,37992,0
5,3493,28316,0
66,4853,37393,0
9,2787,41043,0
6,576,42770,12
6,615,34753,3
6,4003,45172,0
6,949,45167,7
15,4759,18935,0
4,5014,19323,0
8,4176,12000,0
3,3295,39084,0
4,5014,24208,0
13,3429,10821,0
5,5517,8310,0
5,5083,34510,0
8,5424,25517,0
8,3870,36400,0
8,4162,11427,0
5,5711,7656,0
1,2011,13135,0
9,2793,40422,0
2,5373,40481,0
6,594,2141,4
8,3870,40084,0
16,5154,38997,0
13,4279,26982,0
5,4681,42672,0
9,1159,8675,0
2,2835,41571,0
1,3902,36631,0
8,3346,15569,0
1,5791,38747,0
13,2535,26984,0
6,570,6423,5
6,4001,42768,0
13,4584,42735,0
6,989,40223,10
2,5908,4967,0
8,527,37493,0
6,1477,42770,1
5,3029,37830,0
2,1266,25430,0
8,4992,40084,0
9,2787,8665,0
13,5070,26988,8
13,5327,9852,0
6,596,42787,5
15,1274,20325,0
6,942,1978,2
6,568,6680,6
6,1447,35328,4
6,4620,2216,8
8,2773,34429,7
6,2244,25602,16
22,1798,18739,5
6,4539,6693,2
6,2545,22244,1
16,3312,35607,4
6,642,35636,4
6,628,32054,2
6,1477,2097,6
8,5293,24878,0
8,5122,19956,0
66,4986,36824,0
15,4764,40145,0
2,5513,31458,0
15,1041,37981,0
4,3457,40659,0
66,2432,36943,0
66,2819,40824,0
8,4733,12000,0
15,4764,22531,8
15,4766,40000,6
8,3373,15675,0
5,3541,40445,0
15,4759,32119,0
4,797,38139,0
9,1158,18001,0
8,1248,40909,0
13,2531,9964,0
6,608,6322,3
17,2770,37836,2
1,521,39893,0
13,1085,39737,0
66,1619,36791,0
8,3023,39740,0
1,2010,40829,2
3,3516,36403,0
6,565,7150,8
13,3640,40693,4
13,5070,29651,5
6,3719,38622,1
4,2822,38139,6
15,3007,31616,0
5,3493,40443,7
1,4808,36036,0
16,4611,36491,0
6,1478,15620,5
6,642,6583,8
8,1344,11253,0
4,4811,40877,0
8,1344,32738,0
6,674,41083,0
9,2789,8627,0
13,4119,9959,0
15,4759,32924,0
15,5895,22280,0
15,4766,25147,18
2,5885,40363,0
6,947,14821,2
13,3595,22480,0
13,3595,10041,0
8,5851,37270,0
5,5404,42749,0
2,5474,40363,0
15,4766,39834,5
8,4179,40974,0
8,5544,11427,0
4,5012,43930,0
16,5721,39012,0
6,665,45157,6
8,2597,11427,0
4,3934,44387,0
4,4914,44561,0
4,5767,36419,5
4,5020,43219,0
4,5012,4522,0
6,573,6278,1
2,2102,42107,0
66,5019,36788,0
6,4621,45171,6
6,613,6365,2
6,637,33855,1
6,663,34347,7
6,649,1839,5
6,614,21465,8
6,2190,19576,8
6,622,25602,7
22,1798,34121,7
22,1798,34119,10
6,623,1645,2
6,4273,6693,12
6,601,14919,4
15,1741,33102,3
15,1741,32928,10
6,609,7146,14
6,640,22244,6
6,588,38623,7
6,582,36563,4
15,1274,37982,0
15,4763,25093,7
6,1938,7095,3
15,2958,39835,0
8,4617,11067,0
8,4556,40909,0
6,626,7165,1
8,4347,22237,0
13,4044,9920,4
9,1154,40316,0
8,2600,11427,0
13,4663,9934,0
8,3027,37493,0
13,1080,26982,0
4,1786,40442,0
6,949,1728,12
17,3225,19069,0
1,5801,39817,0
5,3681,29064,10
2,3948,19506,0
8,4182,11067,0
5,5710,41259,0
4,2678,40438,0
3,3708,40642,0
15,1599,32981,6
2,5658,37835,0
66,2819,37027,0
15,2608,14567,10
6,4000,38162,4
8,3746,16347,0
6,5206,14823,6
6,5719,7165,10
17,5130,37271,0
1,4626,33527,0
2,4404,42107,0
66,1806,37369,0
6,5549,43566,0
66,4978,37027,0
6,639,1639,5
2,4951,23965,0
15,1273,31834,0
9,1158,40319,0
15,1277,39531,0
6,642,1890,4
8,4180,15675,0
6,5483,6281,4
13,5286,10725,0
6,2551,1708,0
5,5083,28857,0
8,2723,15569,0
8,5025,11523,0
3,3010,35395,0
8,2703,12000,0
1,4229,19434,0
6,652,43284,3
5,4771,22081,0
8,1142,40084,0
13,3965,10529,0
5,4949,28282,0
13,4072,39022,0
1,4227,30820,0
6,5479,32052,2
6,599,42770,4
9,2026,19804,0
3,1263,40386,0
4,3307,14532,0
9,1158,41034,0
5,5055,41398,0
1,5979,13060,0
6,2243,41085,10
1,5801,41960,0
1,6208,43640,18
6,632,42769,8
6,618,40223,2
66,2290,37391,0
15,2622,29936,0
3,2767,43618,0
2,1266,36098,0
2,5908,27701,0
6,663,6680,10
6,649,24960,4
6,642,6361,4
6,614,34752,6
8,4453,11189,10
6,577,22244,10
6,603,21465,7
22,1795,36182,14
6,5206,7091,10
6,576,7151,9
17,4251,24854,0
6,568,34755,5
4,1725,4218,0
15,3871,15604,0
13,4044,27005,8
6,622,40224,1
3,3011,34451,0
3,1179,19758,0
2,5270,2075,0
5,2800,41398,0
13,3558,26462,0
6,4000,33853,7
2,5594,38530,0
4,2448,37833,0
5,4873,37416,0
5,2863,40370,0
6,582,38162,11
13,3639,9852,0
2,5513,40350,0
8,2703,11253,0
66,5834,37026,0
2,3896,4967,0
6,1628,6701,7
6,631,6433,8
15,1600,38928,0
66,4984,42145,0
2,2192,25430,0
8,1047,25517,0
66,5253,36824,0
15,4759,42960,0
15,2614,40355,0
13,4044,20496,8
6,633,14333,16
15,1276,35129,0
13,4135,10233,14
8,5397,11427,0
6,615,34758,7
17,3888,15248,0
13,2296,10725,0
6,644,6551,8
13,5164,26983,0
6,942,6246,1
9,3041,33991,0
66,4859,40826,0
15,4760,28457,0
6,594,42172,8
17,3260,18191,0
2,125,24779,0
5,5615,30187,0
66,2694,36815,0
4,3013,4522,0
4,4886,32262,0
13,2709,18883,0
5,1232,41809,0
4,4723,4621,0
8,5576,42825,0
15,4762,41046,0
2,374,41190,0
17,5130,41067,0
6,4614,41083,6
6,630,6365,6
6,598,6379,6
6,644,6693,10
6,639,34346,7
6,667,34755,5
6,2547,24960,1
6,580,14914,5
6,617,6459,2
22,1795,34109,5
6,948,15619,7
6,5206,2053,6
4,4879,3966,8
15,2635,40266,0
8,1139,24877,0
8,5494,11523,0
6,639,40611,15
8,4178,40084,0
13,5329,16495,0
6,604,14533,7
13,3546,16055,0
5,4658,27710,0
22,1795,21476,4
2,5270,18977,0
5,4137,27710,0
6,624,15620,4
6,4088,6281,2
6,619,38621,1
66,4803,37027,0
6,4620,7091,6
66,2288,36800,0
13,4298,32174,0
4,5767,3950,4
8,2703,10977,0
5,5712,29708,0
1,1650,24865,0
2,4197,2151,0
9,854,41782,0
5,3759,8042,0
6,609,6512,1
6,594,6280,4
2,2192,38531,0
5,5241,41736,0
17,5080,14456,0
6,636,38622,4
6,947,32053,1
8,6153,11523,0
9,2794,8665,0
4,5016,4625,0
8,5524,12001,0
1,401,20852,10
6,653,6686,3
6,1938,7151,5
6,946,40605,3
8,1142,40909,0
5,5517,28333,0
6,944,41393,7
5,1564,30187,0
8,3128,11019,0
2,5391,40587,0
8,3350,10990,0
16,5037,37040,0
8,5782,11427,0
8,3921,37493,0
5,5240,27710,0
6,602,6265,8
66,2819,36799,0
1,3651,13134,0
15,4766,40817,8
15,1280,17162,0
8,3600,11067,0
8,1804,10977,0
6,605,2053,1
2,2102,40363,0
4,3307,40707,0
2,5915,44071,0
5,3493,28313,0
9,955,8680,2
6,571,6246,3
4,2383,4141,0
15,3213,19630,0
2,3520,38995,0
6,663,6993,2
6,577,33853,1
6,665,7146,1
6,1815,34757,1
6,603,21468,7
6,1814,35372,1
6,663,32053,7
22,1795,36179,7
22,1798,18909,6
6,621,1645,6
16,3312,24831,2
2,5499,4967,0
6,946,34752,6
6,602,6278,1
8,4617,11068,0
8,4460,11253,6
2,2575,1470,0
8,2600,10977,0
22,1799,36182,7
15,4767,32167,12
22,1795,18740,8
8,3791,11182,0
66,5795,36797,0
6,634,4974,9
8,1344,22237,0
6,609,1654,2
15,1599,30891,7
9,2793,23724,0
5,1140,41736,0
66,1632,37577,0
4,5487,15629,0
6,5482,43280,3
5,5273,41738,0
6,4275,6537,2
15,5191,39429,0
6,4614,7146,1
13,2531,37839,0
3,6168,20657,0
6,2541,43977,6
2,5337,39746,0
13,6108,9905,0
1,1894,28229,0
9,2790,8680,0
2,5462,42762,0
2,6034,40712,0
6,4971,45148,3
15,1041,37983,0
22,1795,32162,3
6,664,6555,6
17,3372,38993,0
4,2448,24825,0
1,2010,20851,0
1,2011,36641,0
8,4460,24834,7
4,5013,32350,0
8,4079,36095,0
6,2547,2125,0
4,5352,34694,0
2,5706,40057,0
9,3034,8619,0
3,3010,37276,0
6,650,6687,5
66,5839,36799,0
8,4966,11523,0
8,4359,40084,0
4,2385,41424,0
8,5575,35698,0
4,4059,41426,0
4,5767,32262,14
5,4777,28312,0
13,5081,29651,0
2,1720,41190,0
6,2942,7051,6
17,5708,37280,0
15,3007,37983,0
9,2787,23274,0
13,826,9907,0
66,4859,45420,0
4,939,19323,0
2,3485,21347,0
6,5479,34753,4
3,2095,5899,0
1,2011,42920,2
13,4048,41554,7
6,634,41083,1
6,642,24960,14
6,652,1722,2
15,1039,25648,3
8,2773,15675,11
6,666,25602,7
6,615,32117,6
6,2541,34755,8
6,942,7091,2
6,636,23137,4
22,1795,33964,5
6,4620,19472,3
22,1798,36183,7
22,1798,34108,6
15,1608,17463,4
15,1608,38939,6
66,1633,36091,0
13,3598,10041,0
15,4911,37982,0
6,664,6324,5
4,2822,4218,1
6,1628,1709,3
6,1078,1713,2
4,4725,37833,0
8,5422,11182,0
6,649,38622,3
8,4457,10978,0
6,880,7165,1
66,5823,7768,1
6,2551,39891,2
3,2194,32506,0
13,5700,9958,0
2,125,40269,0
13,2708,27005,0
6,4970,40610,6
6,570,6985,3
2,2192,43382,0
4,417,25115,0
3,3010,24880,0
3,1332,30189,0
3,1263,40389,0
66,2433,36800,0
6,2052,24820,6
2,5957,4967,0
6,606,44244,5
8,2773,23265,0
4,1726,40707,0
2,1240,23261,0
2,5995,4967,0
3,141,40382,0
8,4534,12001,0
2,2398,42108,0
15,2608,41046,6
6,947,15619,0
9,5229,19141,0
6,2190,14333,2
6,586,2449,1
5,1217,22081,0
17,5080,19069,0
4,797,4218,0
5,2213,22226,0
6,602,14533,2
15,1272,41593,0
66,2431,37026,0
6,942,40611,5
4,4711,4522,0
3,2095,19635,0
13,5519,10135,0
8,5869,11427,0
6,628,6462,1
13,2296,9852,0
4,5218,30188,0
4,2365,32350,0
4,3013,42775,0
8,5422,41578,0
13,5165,41227,0
5,2213,41945,0
6,4002,42787,0
15,2957,15633,0
6,948,43977,5
13,3640,22480,10
17,2844,41069,0
1,2011,36637,1
16,4360,40254,0
2,5389,41190,0
8,4726,11018,0
5,3493,42672,0
6,598,6680,2
6,629,14996,3
6,617,6452,1
6,586,22244,1
8,4453,11464,4
8,4453,24878,10
22,1795,34113,7
6,4005,2013,14
3,3708,24827,0
5,3358,37830,0
8,3128,11021,0
8,5492,36498,0
15,4765,15199,8
13,4245,26983,0
8,4410,19956,0
6,567,2450,5
4,2641,4596,0
15,1608,30891,6
4,1725,20652,0
8,3518,25517,0
1,3927,42000,0
6,602,6507,1
66,4850,36800,0
8,4234,40390,0
15,2611,40145,0
5,5517,28312,0
15,3871,15605,0
8,5157,39832,0
5,2863,37830,0
4,5457,19322,0
16,5721,41551,0
8,5284,10977,0
4,3751,40707,0
15,2613,40000,0
1,4229,42316,0
13,5069,26462,0
15,6164,19729,0
8,5444,15569,0
1,5802,35079,0
1,6061,18105,0
4,5767,42775,2
13,5408,31213,0
4,5012,32350,0
6,945,42769,3
2,3506,27701,0
2,3226,45405,0
6,1477,14333,3
13,5244,29645,0
17,4087,37052,0
8,2782,34429,0
6,5483,40223,6
5,3681,33747,13
6,943,7151,7
3,2598,22934,0
5,3493,36484,4
8,4460,37493,10
15,3212,41046,0
6,5482,6614,6
6,622,40604,6
4,2925,37275,0
6,4538,7150,0
5,5725,40443,0
1,2009,39021,0
8,2723,37493,0
66,5795,38687,0
2,2826,21358,0
6,4540,42770,6
1,3927,23260,0
16,3313,27233,0
4,1314,42919,0
17,4828,14722,0
6,632,33204,7
9,3042,33621,0
8,5232,37493,0
15,2110,22531,0
4,2376,44468,0
13,4048,16495,16
15,1609,22531,0
8,2424,11523,0
1,6230,38049,0
1,1830,14770,0
6,642,32458,10
6,1447,34347,6
6,1628,6365,6
6,581,6551,5
6,611,32053,3
6,630,35636,7
16,3312,23438,2
6,1066,2013,4
6,628,6985,7
6,647,7150,8
22,1795,33969,2
16,3312,15936,1
6,460,32117,1
6,627,7144,1
5,1239,37038,0
15,4763,28458,3
9,2792,32152,0
5,3681,37274,2
6,636,6309,4
6,2545,6265,4
15,4766,30945,0
4,5384,30188,0
5,4646,27710,0
6,571,15620,3
22,1798,38574,0
15,4759,22280,0
15,1043,32495,0
6,5418,1591,1
1,5801,41619,0
1,3392,22926,0
8,4179,41578,0
6,620,40223,2
6,595,1728,1
16,3314,38996,0
17,5708,35366,0
9,3345,41039,0
8,3870,35393,0
6,599,6613,1
66,4987,37025,0
6,5206,14822,6
9,920,8601,0
6,4002,42786,0
2,88,34605,0
66,5822,42145,0
9,858,34594,0
4,5767,41825,10
66,5904,39551,0
8,6077,44378,0
4,3802,36508,0
43,3072,37724,0
5,3493,27843,8
8,1495,36095,0
3,1463,40386,0
17,2930,24216,0
6,944,41392,4
66,1807,39977,0
15,1600,41593,0
5,4873,39433,0
6,637,40611,5
6,944,24840,5
3,4236,24173,0
22,1799,34109,7
6,669,1591,0
5,5729,28810,0
1,5802,36126,0
6,645,32054,7
5,1140,37274,0
4,3706,42775,0
2,1957,3079,0
13,2536,10041,0
3,3925,41663,0
5,5729,7373,0
4,1710,40707,0
5,5273,43911,0
4,4973,38999,0
5,4659,40370,0
4,3935,44074,0
3,1263,39084,0
6,593,6693,1
15,1039,20187,2
15,1039,33064,6
6,640,35373,7
6,586,24819,2
22,1795,22275,7
6,1447,19472,1
4,4059,3966,0
9,2900,8617,0
6,460,34754,3
6,565,2018,4
16,5036,16383,0
6,1066,7091,4
6,4970,41396,6
8,5422,25517,0
13,3965,36232,0
2,5658,42107,0
1,4118,13060,0
1,5802,39270,0
8,3870,34701,0
5,5240,40939,0
1,4227,13786,0
6,649,6687,2
4,5344,4522,0
6,570,6304,8
1,5571,12327,0
9,858,14496,0
4,5966,32262,0
6,570,15619,1
13,4044,32336,18
66,4980,37027,0
22,1798,38572,0
2,5447,13060,0
6,942,40610,2
13,4245,10392,0
4,4725,38999,0
66,4862,41564,0
5,5615,41807,0
13,1085,22480,0
13,4279,16142,0
1,3652,12417,0
17,2770,30200,7
17,4251,36505,0
8,5129,11523,0
4,5767,4627,5
66,4846,43678,0
6,582,4974,1
17,1335,40354,0
6,945,42172,1
6,579,2125,7
17,2473,43685,0
4,249,43679,0
2,1755,43383,0
6,4538,42769,0
4,5020,41823,0
4,3082,41824,0
8,3518,11523,0
13,6109,32178,0
2,3520,45711,0
4,2823,4141,0
8,3481,11189,0
6,460,6379,9
15,1039,17464,5
6,565,6379,4
6,568,32116,7
6,943,6459,6
6,879,19472,5
6,597,21466,1
8,4453,34452,8
6,644,35372,2
6,628,21465,6
6,648,32053,7
15,4767,23790,1
6,629,7095,3
3,3405,5647,0
4,2636,19323,0
13,4044,37042,2
4,4725,4218,0
6,583,6999,3
9,2071,31553,0
17,3260,40353,0
16,5858,41193,0
8,3234,11235,0
4,3307,36653,0
5,4341,37830,0
8,4826,15569,0
8,3789,32738,0
15,4759,15632,0
8,5852,27209,0
6,944,4974,7
16,3807,37834,0
3,6168,30189,0
3,4236,30088,0
6,582,6423,1
4,4262,43946,0
6,674,35375,1
3,2194,22934,0
4,5016,4218,0
8,5431,25517,0
6,664,6459,7
13,3537,37839,0
4,1302,23316,0
17,4377,36407,0
8,5157,36303,0
66,4857,37026,0
1,5805,42000,0
2,2192,36099,0
2,2192,40508,0
15,1278,22364,0
6,672,6423,10
2,1103,43384,0
16,4360,24653,0
15,1280,25136,0
6,605,6686,1
15,1278,39834,0
4,1895,40441,0
16,6126,24653,0
