,,,15296468,1096048,60188,4352801,427401,4780202,28419,1009759,162434,13356747,,
warehouse ID,cleaned SKU,HELPER,PR,WH OS,VM OS,KIT PREPARED,CALC. REFILL,TOTAL FRESH,EXTRA,REMOVE,EXPIRE,SALES,WH CS (calculated),VM CS (calculated)
1,12319,1|12319,2820,2118,112,138,0,138,0,23,1,158,4823,68
1,12327,1|12327,55500,2137,113,52232,7,52239,39,1217,412,46680,6654,4004
1,12604,1|12604,3420,1491,79,389,0,389,0,47,7,395,4569,19
1,12633,1|12633,7200,6,0,3216,0,3216,0,76,0,3194,4066,-54
1,12670,1|12670,1500,237,13,466,0,466,0,27,3,475,1298,-26
1,12717,1|12717,591,140,7,478,0,478,0,23,100,355,276,7
1,12793,1|12793,2880,2250,118,2816,6,2822,0,96,24,2503,2404,317
1,12795,1|12795,10800,107,6,10593,0,10593,9,298,10,9449,621,833
1,12823,1|12823,864,186,10,703,0,703,0,39,326,272,386,76
1,12854,1|12854,21600,2202,116,21518,9,21527,26,680,86,20216,2981,635
1,13135,1|13135,29160,2995,176,26636,0,26636,16,935,152,24884,6470,825
1,13151,1|13151,79,0,0,33,0,33,0,3,16,14,49,0
1,13152,1|13152,381,150,8,280,0,280,0,3,130,73,254,82
1,13156,1|13156,780,174,9,643,0,643,0,36,414,175,347,27
1,13330,1|13330,2376,285,15,1891,0,1891,1,52,12,1786,823,55
1,13743,1|13743,30210,2366,125,30470,4,30474,10,946,162,28319,3058,1162
1,13744,1|13744,28080,3243,193,27824,1,27825,26,734,75,26596,4258,587
1,13745,1|13745,5040,128,7,302,0,302,0,14,1,282,4880,12
1,13786,1|13786,23880,2166,114,14045,0,14045,5,799,198,12365,12805,792
1,13813,1|13813,2376,1604,84,1993,0,1993,0,133,18,1821,2120,105
1,13860,1|13860,8700,0,0,1162,0,1162,0,22,0,1124,7560,16
1,13953,1|13953,1392,0,0,911,1,912,0,73,0,836,553,3
1,14017,1|14017,33120,2656,140,30403,24,30427,7,634,332,28231,5990,1363
1,14167,1|14167,16740,1001,53,8649,14,8663,2,258,48,7587,9338,821
1,14771,1|14771,240,168,9,0,0,0,0,0,0,0,408,9
1,15209,1|15209,5760,4,0,8360,16,8376,0,239,44,6947,-2373,1146
1,15430,1|15430,34684,655,35,23040,61,23101,1,753,43,20876,12992,1463
1,15739,1|15739,3000,175,9,0,0,0,0,0,0,0,3175,9
1,15751,1|15751,441,134,7,443,0,443,0,68,128,242,200,12
1,15984,1|15984,1071,446,24,0,0,0,0,0,0,0,1517,24
1,15985,1|15985,4278,1163,61,0,0,0,0,0,0,0,5441,61
1,16037,1|16037,65970,1821,96,67424,2,67426,33,1480,222,64180,1878,1607
1,17414,1|17414,866,367,19,767,0,767,0,40,293,429,506,24
1,17415,1|17415,423,247,13,384,0,384,0,23,135,157,309,82
1,17417,1|17417,392,203,11,412,0,412,0,45,157,166,228,55
1,17590,1|17590,100,0,0,83,0,83,0,41,23,40,58,-21
1,17591,1|17591,50,0,0,57,0,57,0,11,11,35,4,0
1,17621,1|17621,404,0,3,246,0,246,0,35,144,67,193,3
1,17703,1|17703,1050,381,20,1002,0,1002,0,62,296,595,491,69
1,18083,1|18083,266,179,9,282,0,282,1,2,54,99,166,135
1,18084,1|18084,479,0,0,457,0,457,0,62,293,96,84,6
1,18087,1|18087,5000,690,36,5118,0,5118,1,560,659,3980,1133,-46
1,18105,1|18105,52620,2652,140,52671,13,52684,26,1285,433,49149,3899,1931
1,18106,1|18106,34920,2187,115,31310,4,31314,15,908,233,28690,6716,1583
1,18292,1|18292,5970,376,20,573,0,573,0,27,0,569,5800,-3
1,18556,1|18556,3780,1328,70,5615,0,5615,0,427,113,5524,-80,-379
1,18581,1|18581,5400,1576,83,4439,0,4439,3,121,45,3373,2661,980
1,19311,1|19311,9200,619,33,8897,0,8897,2,219,26,8506,1143,177
1,19434,1|19434,8352,2032,107,8204,0,8204,5,265,89,7621,2450,331
1,19435,1|19435,8040,1238,65,7578,0,7578,0,169,73,7085,1869,316
1,19500,1|19500,26304,3180,190,22282,0,22282,10,817,208,21701,8029,-264
1,19501,1|19501,32296,4172,231,30226,0,30226,17,908,159,29466,7167,-93
1,19502,1|19502,10800,3583,201,10127,0,10127,5,600,136,10090,4861,-503
1,20518,1|20518,3600,0,0,5085,0,5085,0,80,0,5056,-1405,-51
1,20519,1|20519,27648,2750,145,22019,14,22033,2,1799,369,20479,10166,-471
1,20523,1|20523,8640,2352,149,10494,0,10494,6,2076,786,9813,2580,-2038
1,20622,1|20622,180,332,18,402,0,402,0,30,4,368,140,18
1,20784,1|20784,7180,759,40,3869,0,3869,2,95,22,3587,4167,203
1,20808,1|20808,4500,0,0,5897,0,5897,2,392,34,5067,-1003,402
1,20848,1|20848,64440,2540,149,47318,46,47364,37,1760,82,41305,21413,4329
1,20850,1|20850,35712,2834,162,16547,0,16547,7,286,19,13616,22292,2781
1,20851,1|20851,24540,4426,239,12777,0,12777,1,333,78,11673,16523,931
1,20852,1|20852,48748,1725,91,36330,10,36340,9,1203,67,33086,15345,2066
1,20853,1|20853,2880,1300,68,86,0,86,0,2,3,30,4096,119
1,20855,1|20855,2160,363,19,1172,0,1172,0,73,117,1002,1424,-1
1,21406,1|21406,1200,113,6,442,0,442,0,8,0,396,879,44
1,21559,1|21559,3240,0,0,0,0,0,0,0,0,0,3240,0
1,21851,1|21851,9600,0,0,12658,12,12670,3,378,57,11239,-2689,993
1,21894,1|21894,4581,430,23,3759,2,3761,0,218,10,3484,1468,72
1,22556,1|22556,26640,1087,57,25152,22,25174,18,1248,11,24167,3819,-213
1,22921,1|22921,3840,1062,56,4066,0,4066,1,184,18,3991,1021,-72
1,22926,1|22926,28080,1133,60,32321,8,32329,14,747,167,29542,-2355,1919
1,22935,1|22935,80,1,0,74,0,74,0,6,3,54,13,11
1,22944,1|22944,6720,231,12,2468,0,2468,1,175,22,1583,4659,699
1,23260,1|23260,12800,2114,111,13710,0,13710,5,661,191,12356,1870,608
1,23548,1|23548,8370,640,34,7953,0,7953,5,608,229,6960,1670,185
1,23552,1|23552,4800,702,37,0,0,0,0,0,0,0,5502,37
1,23637,1|23637,7200,2263,119,8266,0,8266,15,680,76,8742,1892,-1128
1,23638,1|23638,46392,2024,107,40727,16,40743,7,1918,294,37686,9598,945
1,23639,1|23639,47244,0,0,41768,26,41794,28,1481,240,38337,6959,1708
1,23640,1|23640,2700,666,35,2693,0,2693,13,69,9,2582,755,55
1,23642,1|23642,5928,690,36,263,0,263,0,41,2,208,6396,48
1,23865,1|23865,180,0,0,56,0,56,0,2,8,40,126,6
1,23866,1|23866,215,0,0,150,0,150,0,10,48,92,75,0
1,23867,1|23867,230,66,3,171,0,171,0,9,58,97,134,10
1,23868,1|23868,1135,252,13,966,0,966,0,43,130,790,464,16
1,23869,1|23869,10,0,0,0,0,0,0,0,0,0,10,0
1,23870,1|23870,180,0,0,52,0,52,0,0,10,35,128,7
1,23871,1|23871,210,0,0,136,0,136,0,8,56,69,82,3
1,23872,1|23872,320,0,0,153,0,153,0,10,80,53,177,10
1,23873,1|23873,64,0,0,48,0,48,0,6,22,20,22,0
1,23874,1|23874,31,0,0,28,0,28,0,7,12,9,10,0
1,23875,1|23875,205,0,0,44,0,44,0,3,12,27,164,2
1,23876,1|23876,10,0,0,8,0,8,0,0,3,5,2,0
1,24746,1|24746,4500,74,4,2907,0,2907,0,134,24,2730,1801,23
1,24838,1|24838,4800,876,46,6517,0,6517,3,540,79,5311,-298,630
1,24841,1|24841,5400,855,45,5693,0,5693,0,488,83,4664,1050,503
1,24843,1|24843,8700,944,50,9637,0,9637,1,725,130,8706,733,125
1,24865,1|24865,10500,1151,61,14941,0,14941,3,2095,676,11668,-1192,560
1,24866,1|24866,12000,1508,79,14024,0,14024,8,1280,104,12674,772,37
1,25431,1|25431,1920,1422,75,2129,0,2129,0,264,135,1742,1477,63
1,25432,1|25432,1920,558,29,2315,0,2315,2,300,158,1917,465,-33
1,25451,1|25451,4248,456,24,2797,12,2809,0,104,21,1263,1999,1445
1,25452,1|25452,2400,343,18,2671,0,2671,0,324,23,2257,396,85
1,25609,1|25609,40320,2870,151,42789,16,42805,31,2904,329,38606,3320,1086
1,25610,1|25610,55440,2857,164,57747,8,57755,29,2923,170,54100,3494,697
1,26060,1|26060,31410,1679,88,24624,12,24636,12,908,142,20560,9373,3102
1,26061,1|26061,13500,1226,65,11748,8,11756,10,610,151,9548,3590,1502
1,26628,1|26628,1200,0,0,0,0,0,0,0,0,0,1200,0
1,27207,1|27207,852,0,5,959,0,959,0,136,127,367,29,334
1,27658,1|27658,10800,1029,54,115,0,115,0,6,1,107,11720,55
1,27717,1|27717,376,0,4,418,0,418,2,43,53,300,3,24
1,27897,1|27897,5760,2584,136,6653,0,6653,6,265,110,7025,1962,-617
1,28229,1|28229,43320,1011,53,41948,36,41984,22,1956,709,34099,4325,5251
1,28231,1|28231,2640,332,18,4827,0,4827,0,239,7,4548,-1616,51
1,29903,1|29903,440,0,0,290,0,290,0,18,148,102,168,22
1,29907,1|29907,492,0,0,406,0,406,0,20,206,160,106,20
1,29908,1|29908,462,0,0,405,0,405,0,9,169,126,66,101
1,30169,1|30169,3672,413,22,3091,0,3091,0,225,9,2777,1219,102
1,30191,1|30191,6000,275,15,6284,0,6284,1,422,25,5190,414,661
1,30482,1|30482,14203,151,8,15557,3,15560,6,623,164,13837,-577,938
1,30484,1|30484,52320,1584,83,45244,17,45261,8,648,200,40152,9299,4336
1,30485,1|30485,34950,1415,75,28882,0,28882,10,697,147,27168,8190,935
1,30594,1|30594,15255,462,24,0,0,0,0,0,0,0,15717,24
1,30820,1|30820,50550,357,19,45953,8,45961,30,1163,219,43403,6139,1165
1,30940,1|30940,1800,0,5,2325,6,2331,3,258,11,2194,-270,-130
1,30941,1|30941,3600,237,13,4375,0,4375,0,245,16,4209,-293,-82
1,31091,1|31091,34560,800,42,12842,32,12874,0,628,63,7895,23114,4330
1,31093,1|31093,3000,151,8,7,0,7,0,5,0,2,3149,8
1,31465,1|31465,190,0,0,138,0,138,0,0,96,42,52,0
1,31466,1|31466,173,0,0,120,0,120,0,16,61,43,69,0
1,31467,1|31467,200,0,0,161,0,161,0,23,71,67,62,0
1,31468,1|31468,189,0,0,140,0,140,0,10,78,53,59,-1
1,31469,1|31469,180,0,1,140,0,140,0,17,64,59,57,1
1,31473,1|31473,315,0,0,281,0,281,0,4,85,83,38,109
1,31474,1|31474,524,0,0,481,0,481,1,5,279,101,49,95
1,31475,1|31475,854,0,3,814,0,814,0,37,272,329,77,179
1,31476,1|31476,188,0,1,133,0,133,0,6,50,77,61,1
1,31477,1|31477,175,0,0,152,0,152,0,6,102,44,29,0
1,31659,1|31659,920,237,13,1322,0,1322,0,239,4,908,74,184
1,32018,1|32018,800,285,15,0,0,0,0,0,0,0,1085,15
1,32348,1|32348,14040,293,15,15302,0,15302,7,1211,584,13339,249,176
1,32555,1|32555,37926,750,40,41110,0,41110,28,2164,59,37123,-242,1776
1,33020,1|33020,867,0,0,717,0,717,0,60,303,337,210,17
1,33021,1|33021,233,0,0,243,0,243,0,19,81,103,9,40
1,33022,1|33022,900,0,0,751,0,751,0,43,381,143,192,184
1,33023,1|33023,753,0,0,637,0,637,0,6,261,143,122,227
1,33339,1|33339,8280,142,8,32,0,32,0,51,0,165,8441,-176
1,33525,1|33525,4320,0,0,6895,0,6895,1,749,215,6844,-1825,-914
1,33526,1|33526,4320,0,0,6813,0,6813,5,755,239,6888,-1733,-1074
1,33527,1|33527,18720,0,0,22531,0,22531,2,1035,54,20470,-2774,970
1,33528,1|33528,1440,0,0,5076,0,5076,4,388,51,4486,-3244,147
1,33634,1|33634,1680,0,0,1477,0,1477,0,353,344,643,556,137
1,33635,1|33635,432,0,0,173,0,173,0,28,16,123,287,6
1,33768,1|33768,11400,0,0,6950,12,6962,2,199,36,5187,4639,1538
1,33769,1|33769,9600,0,0,217,0,217,0,6,0,193,9389,18
1,33770,1|33770,17760,0,0,17611,12,17623,3,518,157,16273,658,672
1,33771,1|33771,7200,0,0,3948,12,3960,0,130,17,2955,3370,858
1,33772,1|33772,9840,0,0,3459,12,3471,0,85,13,2211,6454,1162
1,34006,1|34006,15984,113,6,17504,0,17504,4,707,233,15251,-696,1315
1,34143,1|34143,1560,0,0,841,0,841,0,0,6,829,719,6
1,34163,1|34163,50,0,0,7,0,7,0,2,0,5,45,0
1,34351,1|34351,10440,0,0,8418,6,8424,0,163,18,6958,2179,1285
1,34396,1|34396,8400,0,0,8717,0,8717,7,436,55,7990,126,229
1,34397,1|34397,7200,0,0,7385,3,7388,3,400,88,6663,215,234
1,34399,1|34399,2640,0,0,2759,0,2759,3,186,24,2345,70,201
1,34411,1|34411,216,0,0,245,0,245,0,34,54,136,5,21
1,34413,1|34413,696,0,0,712,12,724,0,114,20,253,86,337
1,34434,1|34434,17280,0,0,13045,0,13045,0,710,209,11235,4945,891
1,34697,1|34697,5940,0,0,6597,0,6597,3,808,500,4756,154,530
1,34824,1|34824,588,0,0,606,0,606,0,44,357,200,26,5
1,34825,1|34825,600,0,0,416,0,416,1,26,215,138,211,36
1,34826,1|34826,477,0,0,366,0,366,0,34,198,122,145,12
1,34827,1|34827,548,0,0,430,0,430,0,29,224,162,147,15
1,35079,1|35079,12288,0,0,6484,15,6499,1,199,50,5881,5989,368
1,35224,1|35224,2250,0,0,7000,0,7000,5,380,333,5841,-4365,441
1,35316,1|35316,1200,0,0,1103,17,1120,0,67,0,1038,147,15
1,35326,1|35326,7720,0,0,7749,30,7779,3,626,76,5912,570,1162
1,35371,1|35371,23400,0,0,1194,0,1194,0,48,31,915,22254,200
1,35687,1|35687,2250,0,0,1224,0,1224,0,70,113,983,1096,58
1,36036,1|36036,7550,0,0,8633,0,8633,17,1149,35,7054,83,378
1,36038,1|36038,1,0,0,140,0,140,50,190,0,0,101,-100
1,36039,1|36039,1,0,0,115,0,115,0,0,0,0,-114,115
1,36040,1|36040,2,0,0,160,0,160,60,220,0,0,122,-120
1,36041,1|36041,1,0,0,115,0,115,0,0,0,0,-114,115
1,36042,1|36042,1,0,0,320,0,320,20,240,0,0,-59,60
1,36043,1|36043,1,0,0,115,0,115,0,115,0,0,1,0
1,36044,1|36044,1,0,0,280,0,280,30,220,0,0,-29,30
1,36045,1|36045,1,0,0,120,0,120,0,120,0,0,1,0
1,36046,1|36046,1,0,0,0,0,0,0,0,0,0,1,0
1,36047,1|36047,1,0,0,415,0,415,40,240,0,0,-134,135
1,36087,1|36087,6480,0,0,4229,8,4237,0,237,154,3058,2480,788
1,36088,1|36088,14960,0,0,13370,0,13370,7,905,982,8943,2502,2533
1,36148,1|36148,120,0,0,319,0,319,0,12,0,307,-187,0
1,36305,1|36305,2160,0,0,2437,0,2437,0,359,78,1129,82,871
1,36352,1|36352,1024,0,0,1019,0,1019,1,159,149,537,165,173
1,36424,1|36424,720,0,0,713,0,713,2,101,16,400,110,194
1,36425,1|36425,7140,0,0,6910,0,6910,5,276,37,6265,511,327
1,36488,1|36488,7224,0,0,3505,0,3505,1,425,43,2772,4145,264
1,36509,1|36509,9200,0,0,7035,0,7035,3,285,83,6280,2453,384
1,36628,1|36628,7104,0,0,6622,3,6625,12,492,23,5932,983,166
1,36630,1|36630,21840,0,0,3363,6,3369,0,185,16,2647,18656,521
1,36631,1|36631,4500,0,0,4874,0,4874,4,387,75,4072,17,336
1,36632,1|36632,17280,0,0,14030,2,14032,0,318,83,11686,3566,1945
1,36635,1|36635,6300,0,0,6396,0,6396,2,583,610,4664,489,537
1,36636,1|36636,8100,0,0,5271,0,5271,3,310,116,4347,3142,495
1,36637,1|36637,5895,0,0,3570,2,3572,0,270,476,2414,2593,412
1,36638,1|36638,7425,0,0,2593,0,2593,0,192,113,2122,5024,166
1,36639,1|36639,7335,0,0,3719,0,3719,1,256,329,2822,3873,311
1,36640,1|36640,4230,0,0,2821,0,2821,2,242,278,2073,1653,226
1,36641,1|36641,5424,0,0,3549,0,3549,3,201,21,3211,2079,113
1,36642,1|36642,2800,0,0,3340,0,3340,0,198,74,2845,-342,223
1,36757,1|36757,5400,0,0,5757,0,5757,0,477,102,4648,120,530
1,36766,1|36766,9120,0,0,9930,0,9930,2,834,46,8568,26,480
1,36895,1|36895,2000,0,0,0,0,0,0,0,0,0,2000,0
1,36896,1|36896,1000,0,0,0,0,0,0,0,0,0,1000,0
1,36977,1|36977,3600,0,0,9771,0,9771,2,179,10,9380,-5990,200
1,37044,1|37044,2840,0,0,339,0,339,0,53,18,219,2554,49
1,37045,1|37045,5250,0,0,2034,0,2034,0,174,31,1319,3390,510
1,37148,1|37148,57,0,0,7,0,7,0,0,2,5,50,0
1,37149,1|37149,10,0,0,7,0,7,0,0,3,4,3,0
1,37151,1|37151,35,0,0,30,0,30,0,4,19,7,9,0
1,37152,1|37152,51,0,0,51,0,51,0,7,8,36,7,0
1,37273,1|37273,9200,0,0,8589,6,8595,3,672,77,6910,1280,933
1,37311,1|37311,1290,0,0,1181,0,1181,0,174,12,366,283,629
1,37490,1|37490,8640,0,0,3246,0,3246,2,446,8,2444,5842,346
1,37491,1|37491,8784,0,0,6906,0,6906,10,365,44,6366,2253,121
1,37780,1|37780,21,0,0,0,0,0,0,0,0,0,21,0
1,37811,1|37811,1412,0,0,533,0,533,0,60,4,487,939,-18
1,37832,1|37832,36300,0,0,30403,0,30403,4,741,379,25776,6642,3503
1,37935,1|37935,300,0,0,70,0,70,0,0,3,17,230,50
1,37992,1|37992,1375,0,0,1146,0,1146,1,210,783,148,440,4
1,37993,1|37993,1395,0,0,1265,0,1265,1,177,591,485,308,11
1,37994,1|37994,2144,0,0,1933,0,1933,4,276,815,784,491,54
1,37995,1|37995,1261,0,0,1149,0,1149,0,121,402,605,233,21
1,38049,1|38049,40500,0,0,34704,16,34720,6,833,341,30566,6619,2974
1,38244,1|38244,21060,0,0,16044,21,16065,0,422,62,14498,5417,1083
1,38745,1|38745,513,0,0,343,0,343,0,56,216,43,226,28
1,38746,1|38746,1053,0,0,895,0,895,2,96,442,321,256,34
1,38747,1|38747,1257,0,0,970,0,970,0,95,356,495,382,24
1,38748,1|38748,1081,0,0,958,0,958,1,35,213,637,159,72
1,38749,1|38749,1238,0,0,1097,0,1097,0,77,399,566,218,55
1,38750,1|38750,716,0,0,646,0,646,0,89,337,221,159,-1
1,38751,1|38751,839,0,0,803,0,803,0,116,380,287,152,20
1,39001,1|39001,6192,0,0,4489,0,4489,1,91,115,3615,1795,667
1,39002,1|39002,9240,0,0,8025,2,8027,1,360,49,5539,1574,2078
1,39155,1|39155,149,0,0,112,0,112,0,7,29,75,44,1
1,39156,1|39156,70,0,0,59,0,59,0,16,16,27,27,0
1,39157,1|39157,90,0,0,83,0,83,0,17,17,49,24,0
1,39159,1|39159,41,0,0,35,0,35,0,6,25,4,12,0
1,39160,1|39160,120,0,0,89,0,89,0,16,46,27,47,0
1,39306,1|39306,350,0,0,366,0,366,0,73,36,253,57,4
1,39307,1|39307,350,0,0,334,0,334,0,12,4,318,28,0
1,39308,1|39308,350,0,0,336,0,336,0,56,1,278,70,1
1,39751,1|39751,6120,0,0,0,0,0,0,0,0,0,6120,0
1,39812,1|39812,160,0,0,173,0,173,0,98,0,0,85,75
1,39813,1|39813,228,0,0,148,0,148,0,74,0,17,154,57
1,39814,1|39814,48,0,0,53,0,53,0,48,0,7,43,-2
1,39815,1|39815,79,0,0,74,0,74,0,23,0,40,28,11
1,39816,1|39816,121,0,0,121,0,121,0,58,1,16,58,46
1,39817,1|39817,155,0,0,155,0,155,0,54,1,17,54,83
1,39818,1|39818,112,0,0,99,0,99,0,38,0,4,51,57
1,39819,1|39819,184,0,0,178,0,178,0,28,0,130,34,20
1,39820,1|39820,88,0,0,80,0,80,0,16,0,45,24,19
1,39821,1|39821,120,0,0,137,0,137,0,57,0,29,40,51
1,39822,1|39822,46,0,0,40,0,40,0,23,0,8,29,9
1,39823,1|39823,119,0,0,122,0,122,0,40,0,11,37,71
1,39824,1|39824,142,0,0,137,0,137,0,40,0,16,45,81
1,39825,1|39825,60,0,0,60,0,60,0,66,0,4,66,-10
1,39826,1|39826,113,0,0,105,0,105,0,26,0,1,34,78
1,39827,1|39827,48,0,0,39,0,39,0,14,0,23,23,2
1,39828,1|39828,88,0,0,89,0,89,0,57,0,22,56,10
1,39829,1|39829,48,0,0,34,0,34,0,22,0,17,36,-5
1,39892,1|39892,18192,0,0,35,0,35,0,0,0,35,18157,0
1,39893,1|39893,5508,0,0,5666,0,5666,0,564,51,4859,406,192
1,40249,1|40249,61,0,0,51,0,51,0,22,24,5,32,0
1,40504,1|40504,9336,0,0,5980,50,6030,0,191,74,5585,3497,180
1,40660,1|40660,3150,0,0,979,0,979,0,102,71,666,2273,140
1,40661,1|40661,2745,0,0,2162,0,2162,0,144,20,1646,727,352
1,40663,1|40663,1680,0,0,1450,0,1450,0,95,5,1167,325,183
1,40664,1|40664,5148,0,0,3896,6,3902,0,174,17,3275,1420,436
1,40667,1|40667,2520,0,0,1476,0,1476,1,75,12,1367,1120,21
1,40668,1|40668,2520,0,0,1738,0,1738,0,67,12,1593,849,66
1,40669,1|40669,1000,0,0,693,0,693,0,19,1,655,326,18
1,40670,1|40670,1000,0,0,945,0,945,0,39,6,859,94,41
1,40715,1|40715,8000,0,0,6361,24,6385,0,71,0,6024,1686,290
1,41267,1|41267,1680,0,0,1005,12,1017,1,130,204,342,794,340
1,41268,1|41268,200,0,0,228,0,228,0,46,0,127,18,55
1,41567,1|41567,3840,0,0,7049,11,7060,1,136,26,6098,-3083,799
1,41612,1|41612,13,0,0,18,0,18,0,10,18,0,5,-10
1,41613,1|41613,13,0,0,13,0,13,0,5,12,1,5,-5
1,41615,1|41615,13,0,0,13,0,13,0,5,7,1,5,0
1,41617,1|41617,13,0,0,13,0,13,0,5,12,1,5,-5
1,41618,1|41618,13,0,0,13,0,13,0,5,13,0,5,-5
1,41619,1|41619,13,0,0,13,0,13,0,5,13,0,5,-5
1,41620,1|41620,13,0,0,13,0,13,0,5,10,3,5,-5
1,41621,1|41621,13,0,0,13,0,13,0,5,9,2,5,-3
1,41622,1|41622,13,0,0,13,0,13,0,5,6,2,5,0
1,41623,1|41623,13,0,0,13,0,13,0,5,12,1,5,-5
1,41817,1|41817,9120,0,0,6922,32,6954,0,364,156,4352,2530,2082
1,41953,1|41953,112,0,0,151,0,151,0,77,6,17,38,51
1,41954,1|41954,136,0,0,142,0,142,1,68,2,41,63,30
1,41955,1|41955,190,0,0,225,0,225,0,63,11,93,28,58
1,41956,1|41956,90,0,0,0,0,0,0,0,0,0,90,0
1,41959,1|41959,22,0,0,29,0,29,0,20,1,2,13,6
1,41960,1|41960,184,0,0,177,0,177,0,41,2,45,48,89
1,41961,1|41961,90,0,0,108,0,108,0,53,0,2,35,53
1,41962,1|41962,910,0,0,874,0,874,0,164,0,278,200,432
1,41964,1|41964,720,0,0,1855,0,1855,0,185,32,1447,-950,191
1,41965,1|41965,864,0,0,2899,0,2899,0,282,38,2164,-1753,415
1,41966,1|41966,855,0,0,845,0,845,0,79,19,514,89,233
1,41967,1|41967,2385,0,0,1095,0,1095,0,88,38,862,1378,107
1,41968,1|41968,2430,0,0,1748,7,1755,0,123,19,1385,798,228
1,41997,1|41997,1200,0,0,1283,0,1283,0,84,45,1156,1,-2
1,41998,1|41998,1200,0,0,686,0,686,0,46,0,676,560,-36
1,42289,1|42289,5,0,0,8,0,8,0,6,0,2,3,0
1,42290,1|42290,7,0,0,7,0,7,0,0,0,0,0,7
1,42291,1|42291,3,0,0,0,0,0,0,0,0,0,3,0
1,42292,1|42292,20,0,0,0,0,0,0,0,0,0,20,0
1,42294,1|42294,2,0,0,2,0,2,0,0,0,0,0,2
1,42295,1|42295,3,0,0,0,0,0,0,0,0,0,3,0
1,42296,1|42296,5,0,0,0,0,0,0,0,0,0,5,0
1,42301,1|42301,3,0,0,3,0,3,0,0,0,0,0,3
1,42302,1|42302,4,0,0,3,0,3,0,0,0,2,1,1
1,42306,1|42306,13,0,0,11,0,11,0,0,0,4,2,7
1,42307,1|42307,10,0,0,3,0,3,0,0,0,3,7,0
1,42308,1|42308,10,0,0,0,0,0,0,0,0,0,10,0
1,42309,1|42309,2,0,0,6,0,6,0,6,0,0,2,0
1,42310,1|42310,10,0,0,8,0,8,0,0,0,1,2,7
1,42311,1|42311,2,0,0,0,0,0,0,0,0,0,2,0
1,42312,1|42312,10,0,0,12,0,12,0,7,0,0,5,5
1,42313,1|42313,10,0,0,8,0,8,0,5,0,1,7,2
1,42314,1|42314,21,0,0,25,0,25,0,17,0,12,13,-4
1,42315,1|42315,4,0,0,4,0,4,0,0,0,0,0,4
1,42316,1|42316,14,0,0,18,0,18,0,13,0,4,9,1
1,42317,1|42317,2,0,0,2,0,2,0,1,0,0,1,1
1,42318,1|42318,5,0,0,10,0,10,0,8,0,1,3,1
1,42319,1|42319,5,0,0,5,0,5,0,0,0,1,0,4
1,42320,1|42320,2,0,0,2,0,2,0,0,0,0,0,2
1,42321,1|42321,7,0,0,5,0,5,0,0,0,0,2,5
1,42322,1|42322,8,0,0,8,0,8,0,0,0,0,0,8
1,42324,1|42324,5,0,0,3,0,3,0,0,0,1,2,2
1,42325,1|42325,4,0,0,2,0,2,0,0,0,0,2,2
1,42326,1|42326,5,0,0,0,0,0,0,0,0,0,5,0
1,42327,1|42327,5,0,0,0,0,0,0,0,0,0,5,0
1,42328,1|42328,4,0,0,3,0,3,0,0,0,0,1,3
1,42329,1|42329,4,0,0,0,0,0,0,0,0,0,4,0
1,42331,1|42331,2,0,0,3,0,3,0,0,0,0,-1,3
1,42333,1|42333,2,0,0,0,0,0,0,0,0,0,2,0
1,42335,1|42335,4,0,0,3,0,3,0,0,3,0,1,0
1,42336,1|42336,2,0,0,0,0,0,0,0,0,0,2,0
1,42337,1|42337,3,0,0,0,0,0,0,0,0,0,3,0
1,42338,1|42338,3,0,0,3,0,3,0,0,0,0,0,3
1,42339,1|42339,3,0,0,2,0,2,0,0,0,0,1,2
1,42340,1|42340,3,0,0,1,0,1,0,0,0,0,2,1
1,42341,1|42341,2,0,0,0,0,0,0,0,0,0,2,0
1,42342,1|42342,4,0,0,4,0,4,0,0,0,0,0,4
1,42343,1|42343,2,0,0,3,0,3,0,0,0,0,-1,3
1,42344,1|42344,4,0,0,3,0,3,0,0,0,0,1,3
1,42346,1|42346,8,0,0,4,0,4,0,0,0,0,4,4
1,42347,1|42347,5,0,0,5,0,5,0,0,0,0,0,5
1,42348,1|42348,3,0,0,2,0,2,0,0,0,0,1,2
1,42349,1|42349,2,0,0,2,0,2,0,0,0,0,0,2
1,42350,1|42350,2,0,0,0,0,0,0,0,0,0,2,0
1,42351,1|42351,2,0,0,2,0,2,0,0,0,0,0,2
1,42352,1|42352,5,0,0,0,0,0,0,0,0,0,5,0
1,42353,1|42353,2,0,0,0,0,0,0,0,0,0,2,0
1,42356,1|42356,3,0,0,0,0,0,0,0,0,0,3,0
1,42357,1|42357,3,0,0,0,0,0,0,0,0,0,3,0
1,42358,1|42358,2,0,0,0,0,0,0,0,0,0,2,0
1,42359,1|42359,2,0,0,0,0,0,0,0,0,0,2,0
1,42360,1|42360,5,0,0,0,0,0,0,0,0,0,5,0
1,42361,1|42361,3,0,0,0,0,0,0,0,0,0,3,0
1,42362,1|42362,4,0,0,0,0,0,0,0,0,0,4,0
1,42363,1|42363,3,0,0,0,0,0,0,0,0,0,3,0
1,42364,1|42364,3,0,0,0,0,0,0,0,0,0,3,0
1,42365,1|42365,4,0,0,0,0,0,0,0,0,0,4,0
1,42366,1|42366,2,0,0,0,0,0,0,0,0,0,2,0
1,42367,1|42367,6,0,0,0,0,0,0,0,0,0,6,0
1,42368,1|42368,3,0,0,0,0,0,0,0,0,0,3,0
1,42369,1|42369,4,0,0,0,0,0,0,0,0,0,4,0
1,42370,1|42370,2,0,0,0,0,0,0,0,0,0,2,0
1,42371,1|42371,4,0,0,0,0,0,0,0,0,0,4,0
1,42372,1|42372,3,0,0,0,0,0,0,0,0,0,3,0
1,42373,1|42373,4,0,0,0,0,0,0,0,0,0,4,0
1,42374,1|42374,3,0,0,0,0,0,0,0,0,0,3,0
1,42375,1|42375,3,0,0,0,0,0,0,0,0,0,3,0
1,42376,1|42376,10,0,0,2,0,2,0,2,0,0,10,0
1,42377,1|42377,4,0,0,0,0,0,0,0,0,0,4,0
1,42378,1|42378,19,0,0,0,0,0,0,0,0,0,19,0
1,42381,1|42381,5,0,0,0,0,0,0,0,0,0,5,0
1,42383,1|42383,8,0,0,0,0,0,0,0,0,0,8,0
1,42384,1|42384,7,0,0,0,0,0,0,0,0,0,7,0
1,42723,1|42723,1250,0,0,2700,6,2706,0,96,14,2283,-1360,313
1,42724,1|42724,3840,0,0,5307,12,5319,3,61,28,4009,-1415,1218
1,42778,1|42778,1500,0,0,1110,0,1110,0,42,11,387,432,670
1,42779,1|42779,3960,0,0,2107,6,2113,0,15,9,1102,1862,987
1,42781,1|42781,1440,0,0,214,0,214,0,7,0,129,1233,78
1,42782,1|42782,960,0,0,1386,0,1386,1,42,10,870,-383,463
1,42783,1|42783,6000,0,0,3778,19,3797,0,20,29,2611,2223,1137
1,43238,1|43238,240,0,0,210,0,210,0,90,60,0,120,60
1,43584,1|43584,1800,0,0,1068,0,1068,0,44,3,571,776,450
1,43632,1|43632,5520,0,0,4101,16,4117,0,257,1,3459,1660,400
1,43634,1|43634,2640,0,0,2261,0,2261,0,157,13,1889,536,202
1,43638,1|43638,2400,0,0,1863,12,1875,1,77,26,1217,603,554
1,43639,1|43639,2700,0,0,997,12,1009,0,32,0,707,1723,270
1,43640,1|43640,8880,0,0,9244,18,9262,0,564,66,5975,182,2657
1,43641,1|43641,3630,0,0,3020,12,3032,0,43,2,2539,641,448
1,43704,1|43704,384,0,0,0,0,0,0,0,0,0,384,0
1,43729,1|43729,80,0,0,0,0,0,0,0,0,0,80,0
1,43990,1|43990,1440,0,0,1334,8,1342,0,21,0,1320,119,1
1,44027,1|44027,4800,0,0,2377,21,2398,0,199,12,1936,2601,251
1,44068,1|44068,6280,0,0,3214,0,3214,0,157,0,620,3223,2437
1,44077,1|44077,2880,0,0,552,6,558,0,0,6,299,2322,253
1,44165,1|44165,2,0,0,0,0,0,0,0,0,0,2,0
1,44569,1|44569,200,0,0,184,0,184,0,0,0,9,16,175
1,45284,1|45284,4320,0,0,1350,0,1350,0,9,7,713,2979,621
1,45459,1|45459,3936,0,0,0,0,0,0,0,0,0,3936,0
1,45461,1|45461,3000,0,0,0,0,0,0,0,0,0,3000,0
1,45470,1|45470,972,0,0,0,0,0,0,0,0,0,972,0
1,45471,1|45471,600,0,0,28,0,28,0,0,0,0,572,28
1,45608,1|45608,144,0,0,102,0,102,0,18,0,84,60,0
1,45609,1|45609,144,0,0,100,0,100,0,3,0,97,47,0
1,45610,1|45610,144,0,0,105,0,105,0,28,0,75,67,2
1,45611,1|45611,144,0,0,122,0,122,0,32,0,87,54,3
1,45612,1|45612,144,0,0,128,0,128,0,16,0,110,32,2
1,45620,1|45620,600,0,0,13,0,13,0,0,0,0,587,13
1,45621,1|45621,720,0,0,0,0,0,0,0,0,0,720,0
1,45857,1|45857,25,0,0,0,0,0,0,0,0,0,25,0
1,45858,1|45858,25,0,0,0,0,0,0,0,0,0,25,0
1,45859,1|45859,25,0,0,0,0,0,0,0,0,0,25,0
1,45860,1|45860,25,0,0,0,0,0,0,0,0,0,25,0
1,45861,1|45861,25,0,0,0,0,0,0,0,0,0,25,0
1,45862,1|45862,25,0,0,0,0,0,0,0,0,0,25,0
1,45863,1|45863,25,0,0,0,0,0,0,0,0,0,25,0
1,45864,1|45864,25,0,0,0,0,0,0,0,0,0,25,0
1,45865,1|45865,25,0,0,0,0,0,0,0,0,0,25,0
1,45866,1|45866,25,0,0,0,0,0,0,0,0,0,25,0
1,45867,1|45867,25,0,0,0,0,0,0,0,0,0,25,0
1,54321,1|54321,1000,0,0,0,0,0,0,0,0,0,1000,0
2,372,2|372,300,127,7,276,0,276,0,9,29,190,160,55
2,487,2|487,624,237,13,578,0,578,0,15,85,420,298,71
2,496,2|496,351,128,7,325,0,325,0,2,28,237,156,65
2,2151,2|2151,26400,1434,76,27498,0,27498,9,1153,64,26614,1498,-266
2,2798,2|2798,800,1415,75,933,0,933,0,58,27,1074,1340,-151
2,3079,2|3079,25440,730,38,27485,20,27505,8,798,0,24105,-529,2632
2,4961,2|4961,32880,0,0,0,0,0,0,0,0,0,32880,0
2,12151,2|12151,4080,52,3,1988,6,1994,2,58,0,1409,2198,528
2,15228,2|15228,240,0,0,0,0,0,0,0,0,0,240,0
2,17315,2|17315,3000,2927,168,4266,0,4266,22,181,71,5089,1864,-929
2,18570,2|18570,9000,1277,67,11428,0,11428,12,135,147,11464,-1004,-263
2,18571,2|18571,2040,1114,59,4365,1,4366,1,57,44,4469,-1154,-146
2,18580,2|18580,1980,299,16,0,0,0,0,0,1,4,2279,11
2,18977,2|18977,5400,824,43,6044,0,6044,8,380,12,5383,568,304
2,19098,2|19098,23856,626,33,24511,0,24511,25,835,50,23168,831,466
2,19506,2|19506,15497,2557,135,16610,0,16610,11,455,84,16858,1910,-663
2,19507,2|19507,13920,1776,94,15278,0,15278,16,501,65,15207,935,-417
2,19544,2|19544,14592,1568,83,16094,0,16094,11,364,16,16058,441,-272
2,21347,2|21347,10500,0,0,6262,8,6270,1,100,0,4940,4331,1229
2,21356,2|21356,3780,1335,70,3770,0,3770,0,11,0,3591,1356,238
2,21358,2|21358,26700,823,43,26523,8,26531,19,1416,54,22671,2427,2414
2,21359,2|21359,48,0,0,48,0,48,0,4,0,39,4,5
2,23261,2|23261,18880,980,52,18112,6,18118,12,1172,105,15805,2926,1076
2,23669,2|23669,20160,0,0,23958,0,23958,2,148,0,22922,-3648,886
2,23964,2|23964,1920,0,5,1205,0,1205,0,30,0,1050,745,130
2,23965,2|23965,16920,871,46,17889,0,17889,5,471,115,16494,378,850
2,24777,2|24777,14688,1108,58,14708,0,14708,13,157,20,13940,1258,636
2,24778,2|24778,4680,322,17,4709,0,4709,2,33,0,4464,328,227
2,24779,2|24779,37980,1312,69,38426,0,38426,18,674,15,36848,1558,940
2,24844,2|24844,5550,1238,65,5650,0,5650,3,224,19,4914,1365,555
2,24867,2|24867,10000,936,49,11614,0,11614,4,737,37,10647,63,238
2,25423,2|25423,292,0,4,269,0,269,0,6,53,154,29,60
2,25429,2|25429,3840,1015,53,5688,0,5688,10,333,269,5649,-490,-520
2,25430,2|25430,8960,965,51,10591,0,10591,6,700,183,9815,40,-62
2,25444,2|25444,1200,0,0,133,3,136,0,12,0,92,1076,32
2,26011,2|26011,11520,1029,54,11961,0,11961,5,521,29,11357,1114,103
2,26012,2|26012,6720,704,37,7069,0,7069,4,237,73,6305,596,487
2,26759,2|26759,1800,122,6,1797,0,1797,0,21,0,1690,146,92
2,27208,2|27208,740,102,5,1403,0,1403,3,213,176,996,-345,20
2,27701,2|27701,31410,1476,78,33370,4,33374,16,1328,110,31429,856,569
2,27702,2|27702,32550,1738,92,35176,4,35180,23,929,199,34024,60,97
2,27718,2|27718,768,365,19,1150,0,1150,2,196,378,1313,181,-720
2,27733,2|27733,14048,355,19,17554,0,17554,6,566,150,16583,-2579,268
2,27734,2|27734,34160,1418,75,33095,0,33095,17,741,176,32612,3241,-376
2,27735,2|27735,21672,1324,70,23446,0,23446,12,1013,56,22815,575,-380
2,27801,2|27801,1872,57,0,1917,0,1917,1,20,0,1844,33,52
2,27802,2|27802,6444,0,0,6435,0,6435,0,57,2,6130,66,246
2,29637,2|29637,1200,104,6,1192,0,1192,1,2,0,1169,115,26
2,29639,2|29639,11160,218,12,4817,0,4817,1,75,0,4646,6637,107
2,29640,2|29640,720,142,8,732,0,732,0,32,0,685,162,23
2,30190,2|30190,5200,0,0,5286,0,5286,2,104,0,5056,20,124
2,30517,2|30517,10560,365,19,10295,0,10295,3,216,9,10061,849,25
2,30518,2|30518,14040,523,28,16397,0,16397,4,214,31,15708,-1616,468
2,31215,2|31215,2160,0,0,2186,0,2186,0,30,0,2102,4,54
2,31316,2|31316,960,151,8,993,0,993,1,53,8,945,172,-6
2,31449,2|31449,167,0,0,329,0,329,0,298,39,48,136,-56
2,31455,2|31455,33,0,0,82,0,82,0,94,0,8,45,-20
2,31456,2|31456,97,0,0,156,0,156,0,70,0,108,11,-22
2,31462,2|31462,184,0,0,210,0,210,0,66,8,150,40,-14
2,31676,2|31676,2000,158,8,2660,0,2660,0,336,135,2799,-166,-602
2,31893,2|31893,6804,599,32,8144,0,8144,3,54,1,7497,-684,621
2,31923,2|31923,42,0,0,61,0,61,0,22,0,103,3,-64
2,32140,2|32140,21900,619,33,21980,2,21982,11,314,143,21683,862,-136
2,32141,2|32141,4320,343,18,5607,0,5607,3,69,23,5317,-872,213
2,32190,2|32190,26010,666,35,26619,0,26619,12,487,371,25495,556,289
2,32347,2|32347,13960,476,25,14626,0,14626,16,482,72,13960,308,121
2,32551,2|32551,960,121,6,1833,0,1833,5,76,23,1907,-671,-172
2,32552,2|32552,2880,166,9,4179,0,4179,1,54,9,4197,-1078,-73
2,32998,2|32998,324,0,0,292,0,292,0,1,12,127,33,152
2,32999,2|32999,608,0,0,568,0,568,3,6,60,345,49,154
2,33000,2|33000,392,0,0,368,0,368,0,8,55,265,32,40
2,33001,2|33001,344,0,0,319,0,319,0,4,96,68,29,151
2,33002,2|33002,473,0,0,433,0,433,2,9,73,210,51,139
2,33004,2|33004,582,0,0,541,0,541,0,11,75,341,52,114
2,33640,2|33640,2016,0,0,2333,0,2333,2,331,775,1160,16,65
2,33684,2|33684,240,0,2,0,0,0,0,0,0,26,240,-24
2,33685,2|33685,1920,0,5,1221,0,1221,0,24,0,1212,723,-10
2,33691,2|33691,5,0,0,0,0,0,0,0,0,0,5,0
2,33692,2|33692,5,0,0,0,0,0,0,0,0,0,5,0
2,33694,2|33694,5,0,0,0,0,0,0,0,0,0,5,0
2,33697,2|33697,4,0,0,0,0,0,0,0,0,0,4,0
2,33699,2|33699,4,0,0,0,0,0,0,0,0,0,4,0
2,33700,2|33700,6,0,0,0,0,0,0,0,0,0,6,0
2,33701,2|33701,11,0,0,0,0,0,0,0,0,0,11,0
2,33705,2|33705,2,0,0,0,0,0,0,0,0,0,2,0
2,33973,2|33973,70,0,0,68,0,68,0,0,15,38,2,15
2,33974,2|33974,19,0,0,18,0,18,0,0,8,10,1,0
2,33975,2|33975,42,0,0,40,0,40,0,0,1,22,2,17
2,33976,2|33976,75,0,0,77,0,77,0,4,8,53,2,12
2,33977,2|33977,46,0,0,44,0,44,0,0,16,21,2,7
2,34137,2|34137,100,0,0,104,0,104,0,5,0,97,1,2
2,34138,2|34138,230,0,0,229,0,229,0,0,0,225,1,4
2,34139,2|34139,190,0,0,197,0,197,0,7,0,187,0,3
2,34164,2|34164,5,0,0,0,0,0,0,0,0,0,5,0
2,34165,2|34165,6,0,0,0,0,0,0,0,0,0,6,0
2,34166,2|34166,10,0,0,0,0,0,0,0,0,0,10,0
2,34168,2|34168,11,0,0,0,0,0,0,0,0,0,11,0
2,34169,2|34169,6,0,0,0,0,0,0,0,0,0,6,0
2,34170,2|34170,12,0,0,0,0,0,0,0,0,0,12,0
2,34171,2|34171,6,0,0,0,0,0,0,0,0,0,6,0
2,34172,2|34172,1,0,0,0,0,0,0,0,0,0,1,0
2,34173,2|34173,21,0,0,0,0,0,0,0,0,0,21,0
2,34174,2|34174,3,0,0,0,0,0,0,0,0,0,3,0
2,34175,2|34175,3,0,0,0,0,0,0,0,0,0,3,0
2,34176,2|34176,6,0,0,0,0,0,0,0,0,0,6,0
2,34177,2|34177,2,0,0,0,0,0,0,0,0,0,2,0
2,34203,2|34203,6,0,0,0,0,0,0,0,0,0,6,0
2,34392,2|34392,3936,0,0,4031,0,4031,5,74,32,3847,-16,73
2,34393,2|34393,2736,0,0,2792,0,2792,2,40,23,2587,-14,140
2,34402,2|34402,5520,0,0,5749,0,5749,2,235,13,5041,8,458
2,34423,2|34423,3300,0,0,1869,3,1872,3,155,117,1454,1586,143
2,34424,2|34424,240,0,0,254,3,257,0,17,0,167,0,73
2,34425,2|34425,240,0,0,251,3,254,0,15,0,149,1,90
2,34426,2|34426,240,0,0,227,3,230,0,19,0,81,29,130
2,34427,2|34427,16128,0,0,10679,0,10679,6,288,10,9344,5743,1031
2,34605,2|34605,21120,0,0,21048,0,21048,6,322,0,17458,400,3262
2,34698,2|34698,7920,0,0,8820,0,8820,3,844,230,7454,-53,289
2,34829,2|34829,245,0,0,225,0,225,0,1,3,162,21,59
2,34831,2|34831,257,0,0,239,0,239,1,1,4,162,20,71
2,34835,2|34835,224,0,0,209,0,209,1,0,2,110,16,96
2,34836,2|34836,235,0,0,217,0,217,0,0,1,149,18,67
2,34837,2|34837,320,0,0,281,0,281,0,0,3,172,39,106
2,34887,2|34887,4032,0,0,161,0,161,0,0,0,156,3871,5
2,35232,2|35232,2,0,0,3,0,3,0,2,0,0,1,1
2,35259,2|35259,3,0,0,3,0,3,0,3,0,0,3,0
2,35332,2|35332,7720,0,0,7320,0,7320,3,314,22,6686,717,295
2,35399,2|35399,6000,0,0,6524,0,6524,2,542,28,5823,20,129
2,35400,2|35400,1000,0,0,0,0,0,0,0,0,0,1000,0
2,36098,2|36098,11520,0,0,11404,12,11416,3,85,54,11064,192,210
2,36099,2|36099,15500,0,0,14788,0,14788,6,1741,416,11024,2459,1601
2,36184,2|36184,9840,0,0,11763,8,11771,4,490,31,10906,-1437,340
2,36187,2|36187,480,0,0,516,0,516,0,32,4,467,-4,13
2,36304,2|36304,1000,0,0,1100,0,1100,5,116,390,558,21,31
2,36373,2|36373,1308,0,0,1372,0,1372,0,81,92,1063,17,136
2,36397,2|36397,15840,0,0,5526,0,5526,0,130,0,5307,10444,89
2,36411,2|36411,2880,0,0,2955,0,2955,1,73,14,2803,-1,64
2,36412,2|36412,1440,0,0,1446,0,1446,0,13,3,1404,7,26
2,36413,2|36413,1400,0,0,1386,0,1386,0,6,12,1355,20,13
2,36414,2|36414,480,0,0,519,0,519,1,61,1,395,23,61
2,36493,2|36493,7992,0,0,7579,0,7579,5,322,59,7047,740,146
2,36506,2|36506,11900,0,0,9329,0,9329,4,228,46,8963,2803,88
2,36759,2|36759,600,0,0,607,0,607,0,13,0,578,6,16
2,36780,2|36780,9000,0,0,9292,0,9292,3,290,33,8501,1,465
2,36781,2|36781,9000,0,0,9534,0,9534,1,231,105,8336,-302,861
2,37050,2|37050,1440,0,0,1591,0,1591,1,97,36,1285,-53,172
2,37051,2|37051,2310,0,0,2417,0,2417,1,94,53,2146,-12,123
2,37141,2|37141,9120,0,0,9591,0,9591,3,493,14,8743,25,338
2,37272,2|37272,16200,0,0,17506,6,17512,2,1385,6,15850,75,269
2,37312,2|37312,1489,0,0,1545,0,1545,2,523,0,693,469,327
2,37773,2|37773,700,0,0,698,0,698,0,6,0,681,8,11
2,37775,2|37775,1350,0,0,1348,0,1348,0,15,0,1306,17,27
2,37835,2|37835,36300,0,0,33083,0,33083,9,1458,42,29916,4684,1658
2,37930,2|37930,200,0,0,79,3,82,0,21,0,26,139,35
2,38203,2|38203,150,0,0,177,0,177,0,41,0,101,14,35
2,38204,2|38204,100,0,0,142,0,142,0,57,0,54,15,31
2,38205,2|38205,15,0,0,16,0,16,0,2,0,10,1,4
2,38530,2|38530,8520,0,0,15311,0,15311,3,571,17,14342,-6217,378
2,38531,2|38531,5160,0,0,14357,8,14365,2,556,19,13498,-8647,290
2,38994,2|38994,3936,0,0,4155,0,4155,2,127,147,3797,-90,82
2,38995,2|38995,11000,0,0,9648,6,9654,0,548,0,8505,1894,601
2,39127,2|39127,240,0,0,0,0,0,0,0,0,0,240,0
2,39128,2|39128,240,0,0,0,0,0,0,0,0,0,240,0
2,39161,2|39161,1440,0,0,1643,0,1643,0,67,0,1511,-136,65
2,39171,2|39171,7,0,0,13,0,13,0,12,0,1,6,0
2,39172,2|39172,6,0,0,13,0,13,0,12,0,1,5,0
2,39173,2|39173,7,0,0,14,0,14,0,14,0,0,7,0
2,39174,2|39174,8,0,0,16,0,16,0,16,0,0,8,0
2,39175,2|39175,8,0,0,16,0,16,0,16,0,0,8,0
2,39176,2|39176,8,0,0,16,0,16,0,16,0,0,8,0
2,39177,2|39177,8,0,0,16,0,16,0,16,0,0,8,0
2,39178,2|39178,10,0,0,21,0,21,0,20,0,1,9,0
2,39179,2|39179,6,0,0,12,0,12,0,12,0,0,6,0
2,39180,2|39180,5,0,0,10,0,10,0,10,0,0,5,0
2,39181,2|39181,5,0,0,10,0,10,0,10,0,0,5,0
2,39182,2|39182,5,0,0,10,0,10,0,10,0,0,5,0
2,39183,2|39183,16,0,0,24,0,24,0,22,0,2,14,0
2,39184,2|39184,14,0,0,25,0,25,0,25,0,0,14,0
2,39185,2|39185,13,0,0,19,0,19,0,19,0,0,13,0
2,39186,2|39186,9,0,0,18,0,18,0,18,0,0,9,0
2,39187,2|39187,3,0,0,6,0,6,0,6,0,0,3,0
2,39188,2|39188,3,0,0,6,0,6,0,6,0,0,3,0
2,39189,2|39189,10,0,0,20,0,20,0,20,0,0,10,0
2,39309,2|39309,200,0,0,199,0,199,0,0,0,199,1,0
2,39310,2|39310,200,0,0,200,0,200,0,0,0,200,0,0
2,39311,2|39311,150,0,0,146,0,146,0,0,10,134,4,2
2,39320,2|39320,27,0,0,9,0,9,0,4,0,1,22,4
2,39323,2|39323,98,0,0,96,0,96,0,3,54,8,5,31
2,39324,2|39324,57,0,0,32,0,32,0,0,10,5,25,17
2,39326,2|39326,28,0,0,61,0,61,0,11,28,19,-22,3
2,39327,2|39327,6,0,0,12,0,12,0,6,0,5,0,1
2,39331,2|39331,4,0,0,5,0,5,0,2,0,2,1,1
2,39333,2|39333,1,0,0,1,0,1,0,0,0,1,0,0
2,39334,2|39334,1,0,0,1,0,1,0,0,0,1,0,0
2,39335,2|39335,10,0,0,61,0,61,0,37,0,14,-14,10
2,39336,2|39336,6,0,0,49,0,49,0,32,0,13,-11,4
2,39337,2|39337,8,0,0,17,0,17,0,10,0,3,1,4
2,39338,2|39338,367,0,0,190,0,190,0,130,2,23,307,35
2,39424,2|39424,2880,0,0,1676,0,1676,1,25,0,1570,1230,80
2,39586,2|39586,432,0,0,22,0,22,0,10,4,0,420,8
2,39746,2|39746,9504,0,0,10373,6,10379,1,487,0,9444,-387,447
2,40057,2|40057,11818,0,0,17326,10,17336,4,572,0,15136,-4942,1624
2,40250,2|40250,61,0,0,47,0,47,0,0,0,4,14,43
2,40269,2|40269,6750,0,0,6963,0,6963,8,405,0,6271,200,279
2,40350,2|40350,1400,0,0,1457,3,1460,1,235,0,581,176,643
2,40363,2|40363,19440,0,0,17030,0,17030,1,635,0,14737,3046,1657
2,40398,2|40398,6480,0,0,4361,0,4361,3,104,3,4202,2226,49
2,40400,2|40400,2100,0,0,2183,0,2183,1,65,0,2090,-17,27
2,40474,2|40474,30,0,0,37,0,37,0,61,0,4,54,-28
2,40475,2|40475,30,0,0,45,0,45,0,70,0,8,55,-33
2,40476,2|40476,30,0,0,49,0,49,0,71,0,1,52,-23
2,40477,2|40477,30,0,0,42,0,42,0,52,0,1,40,-11
2,40479,2|40479,15,0,0,15,0,15,0,0,0,15,0,0
2,40480,2|40480,70,0,0,98,0,98,0,32,0,26,4,40
2,40481,2|40481,24,0,0,27,0,27,0,7,0,22,4,-2
2,40482,2|40482,24,0,0,34,0,34,0,16,0,10,6,8
2,40483,2|40483,74,0,0,74,0,74,0,10,0,70,10,-6
2,40484,2|40484,73,0,0,85,0,85,0,12,0,66,0,7
2,40485,2|40485,74,0,0,84,0,84,0,31,0,46,21,7
2,40491,2|40491,23,0,0,25,0,25,0,16,0,20,14,-11
2,40492,2|40492,56,0,0,12,0,12,0,7,0,4,51,1
2,40493,2|40493,67,0,0,22,0,22,0,3,0,13,48,6
2,40495,2|40495,30,0,0,34,0,34,0,10,0,19,6,5
2,40496,2|40496,45,0,0,61,0,61,0,23,0,6,7,32
2,40497,2|40497,24,0,0,24,0,24,0,0,0,24,0,0
2,40498,2|40498,24,0,0,24,0,24,0,2,0,23,2,-1
2,40499,2|40499,75,0,0,100,0,100,0,32,0,29,7,39
2,40500,2|40500,24,0,0,33,0,33,0,13,0,17,4,3
2,40501,2|40501,24,0,0,42,0,42,0,55,0,7,37,-20
2,40502,2|40502,64,0,0,85,0,85,0,57,0,2,36,26
2,40503,2|40503,6288,0,0,5977,0,5977,3,250,0,5591,564,133
2,40508,2|40508,16350,0,0,18182,4,18186,9,373,9,16495,-1454,1300
2,40523,2|40523,160,0,0,218,0,218,0,29,0,192,-29,-3
2,40524,2|40524,40,0,0,37,0,37,0,33,0,8,36,-4
2,40525,2|40525,20,0,0,20,0,20,0,4,0,16,4,0
2,40526,2|40526,40,0,0,40,0,40,0,13,0,31,13,-4
2,40527,2|40527,40,0,0,51,0,51,0,54,0,5,43,-8
2,40528,2|40528,20,0,0,20,0,20,0,0,0,20,0,0
2,40529,2|40529,40,0,0,40,0,40,0,28,0,26,28,-14
2,40531,2|40531,45,0,0,44,0,44,0,13,0,30,14,1
2,40532,2|40532,45,0,0,42,0,42,0,11,0,30,14,1
2,40533,2|40533,80,0,0,80,0,80,0,12,0,66,12,2
2,40539,2|40539,1800,0,0,2219,0,2219,0,111,8,1551,-308,549
2,40586,2|40586,30,0,0,34,0,34,0,53,0,15,49,-34
2,40587,2|40587,30,0,0,43,0,43,0,77,0,4,64,-38
2,40588,2|40588,30,0,0,43,0,43,0,52,0,2,39,-11
2,40589,2|40589,30,0,0,39,0,39,0,55,0,8,46,-24
2,40653,2|40653,5520,0,0,4253,5,4258,1,261,0,3498,1524,498
2,40654,2|40654,96,0,0,84,2,86,1,2,1,84,13,-2
2,40712,2|40712,2671,0,0,2698,0,2698,0,113,1,1939,86,645
2,40713,2|40713,5670,0,0,5977,4,5981,5,358,126,4172,52,1320
2,40827,2|40827,4500,0,0,4872,0,4872,4,389,16,4213,21,250
2,40903,2|40903,1250,0,0,3233,0,3233,2,216,3,2969,-1765,43
2,41179,2|41179,5000,0,0,3935,0,3935,1,165,0,2951,1231,818
2,41190,2|41190,18000,0,0,17505,4,17509,8,507,45,15029,1006,1920
2,41253,2|41253,2400,0,0,1283,0,1283,3,109,0,1041,1229,130
2,41257,2|41257,1920,0,0,2042,0,2042,7,176,114,1233,61,512
2,41334,2|41334,4080,0,0,3805,0,3805,1,299,0,3127,575,378
2,41571,2|41571,8832,0,0,6517,0,6517,4,197,0,5698,2516,618
2,41572,2|41572,5736,0,0,5866,6,5872,7,186,1,5356,57,322
2,41573,2|41573,5760,0,0,5710,0,5710,6,240,0,5304,296,160
2,41601,2|41601,52,0,0,31,0,31,0,29,0,2,50,0
2,41602,2|41602,52,0,0,31,0,31,0,30,0,1,51,0
2,41603,2|41603,52,0,0,31,0,31,0,26,0,3,47,2
2,41604,2|41604,52,0,0,19,0,19,0,16,0,1,49,2
2,41605,2|41605,52,0,0,33,0,33,0,30,0,3,49,0
2,41606,2|41606,52,0,0,31,0,31,0,35,0,2,56,-6
2,41607,2|41607,52,0,0,45,0,45,0,24,0,20,31,1
2,41608,2|41608,52,0,0,35,0,35,0,29,0,5,46,1
2,41609,2|41609,52,0,0,36,0,36,0,31,0,5,47,0
2,41610,2|41610,52,0,0,31,0,31,0,29,0,2,50,0
2,42009,2|42009,290,0,0,452,0,452,1,430,0,95,269,-74
2,42102,2|42102,2380,0,0,2665,0,2665,1,170,5,2506,-114,-17
2,42106,2|42106,1400,0,0,1434,0,1434,0,149,0,1267,115,18
2,42107,2|42107,8000,0,0,7476,6,7482,1,284,10,6559,803,628
2,42108,2|42108,4080,0,0,6403,6,6409,3,405,0,5717,-1921,284
2,42272,2|42272,5,0,0,5,0,5,0,0,0,1,0,4
2,42273,2|42273,10,0,0,10,0,10,0,0,0,3,0,7
2,42274,2|42274,2,0,0,0,0,0,0,0,0,0,2,0
2,42275,2|42275,2,0,0,0,0,0,0,0,0,0,2,0
2,42276,2|42276,2,0,0,0,0,0,0,0,0,0,2,0
2,42277,2|42277,2,0,0,0,0,0,0,0,0,0,2,0
2,42279,2|42279,2,0,0,0,0,0,0,0,0,0,2,0
2,42299,2|42299,3,0,0,3,0,3,0,1,0,1,1,1
2,42303,2|42303,6,0,0,5,0,5,0,0,0,2,1,3
2,42304,2|42304,4,0,0,3,0,3,0,0,0,1,1,2
2,42345,2|42345,3,0,0,3,0,3,0,0,0,1,0,2
2,42394,2|42394,3,0,0,0,0,0,0,0,0,0,3,0
2,42395,2|42395,4,0,0,6,0,6,0,1,0,5,-1,0
2,42396,2|42396,9,0,0,9,0,9,0,0,0,4,0,5
2,42397,2|42397,3,0,0,3,0,3,0,0,0,3,0,0
2,42398,2|42398,14,0,0,13,0,13,0,8,0,3,9,2
2,42399,2|42399,6,0,0,5,0,5,0,1,0,0,2,4
2,42400,2|42400,3,0,0,2,0,2,0,0,0,0,1,2
2,42401,2|42401,5,0,0,5,0,5,0,1,0,2,1,2
2,42402,2|42402,19,0,0,2,0,2,0,2,0,0,19,0
2,42403,2|42403,36,0,0,9,0,9,0,4,0,1,31,4
2,42405,2|42405,10,0,0,0,0,0,0,0,0,0,10,0
2,42407,2|42407,39,0,0,22,0,22,0,0,0,9,17,13
2,42408,2|42408,19,0,0,6,0,6,0,0,0,1,13,5
2,42410,2|42410,22,0,0,11,0,11,0,0,0,5,11,6
2,42411,2|42411,2,0,0,2,0,2,0,0,0,0,0,2
2,42412,2|42412,17,0,0,28,0,28,0,3,0,9,-8,16
2,42413,2|42413,10,0,0,9,0,9,0,0,0,1,1,8
2,42414,2|42414,13,0,0,15,0,15,0,0,0,2,-2,13
2,42415,2|42415,5,0,0,5,0,5,0,3,0,0,3,2
2,42416,2|42416,5,0,0,5,0,5,0,0,0,4,0,1
2,42418,2|42418,14,0,0,8,0,8,0,0,0,3,6,5
2,42419,2|42419,20,0,0,20,0,20,0,0,0,6,0,14
2,42421,2|42421,4,0,0,4,0,4,0,2,0,2,2,0
2,42422,2|42422,4,0,0,4,0,4,0,1,0,2,1,1
2,42424,2|42424,8,0,0,4,0,4,0,0,0,0,4,4
2,42425,2|42425,25,0,0,17,0,17,0,8,0,4,16,5
2,42428,2|42428,2,0,0,2,0,2,0,0,0,0,0,2
2,42429,2|42429,4,0,0,0,0,0,0,0,0,0,4,0
2,42430,2|42430,2,0,0,0,0,0,0,0,0,0,2,0
2,42431,2|42431,3,0,0,0,0,0,0,0,0,0,3,0
2,42432,2|42432,3,0,0,0,0,0,0,0,0,0,3,0
2,42433,2|42433,3,0,0,0,0,0,0,0,0,0,3,0
2,42434,2|42434,4,0,0,4,0,4,0,0,0,0,0,4
2,42435,2|42435,2,0,0,2,0,2,0,0,0,0,0,2
2,42436,2|42436,2,0,0,2,0,2,0,0,0,0,0,2
2,42437,2|42437,2,0,0,2,0,2,0,0,0,0,0,2
2,42438,2|42438,2,0,0,2,0,2,0,0,0,0,0,2
2,42439,2|42439,3,0,0,3,0,3,0,0,0,0,0,3
2,42440,2|42440,2,0,0,3,0,3,0,0,0,0,-1,3
2,42441,2|42441,6,0,0,4,0,4,0,0,0,0,2,4
2,42465,2|42465,3,0,0,4,0,4,0,0,0,0,-1,4
2,42466,2|42466,6,0,0,3,0,3,0,0,0,0,3,3
2,42467,2|42467,2,0,0,3,0,3,0,0,0,0,-1,3
2,42470,2|42470,9,0,0,3,0,3,0,0,0,0,6,3
2,42472,2|42472,3,0,0,3,0,3,0,0,0,0,0,3
2,42474,2|42474,7,0,0,3,0,3,0,0,0,0,4,3
2,42477,2|42477,4,0,0,4,0,4,0,0,0,0,0,4
2,42484,2|42484,5,0,0,2,0,2,0,0,0,0,3,2
2,42497,2|42497,5,0,0,4,0,4,0,0,0,0,1,4
2,42500,2|42500,2,0,0,2,0,2,0,0,0,1,0,1
2,42502,2|42502,8,0,0,2,0,2,0,0,0,0,6,2
2,42506,2|42506,2,0,0,0,0,0,0,0,0,0,2,0
2,42507,2|42507,4,0,0,1,0,1,0,0,0,0,3,1
2,42508,2|42508,15,0,0,15,0,15,0,4,0,0,4,11
2,42510,2|42510,11,0,0,6,0,6,0,1,0,0,6,5
2,42555,2|42555,9,0,0,5,0,5,0,1,0,2,5,2
2,42557,2|42557,8,0,0,4,0,4,0,1,0,2,5,1
2,42559,2|42559,12,0,0,3,0,3,0,0,0,0,9,3
2,42563,2|42563,7,0,0,11,0,11,0,7,0,0,3,4
2,42564,2|42564,4,0,0,0,0,0,0,0,0,0,4,0
2,42565,2|42565,9,0,0,0,0,0,0,0,0,0,9,0
2,42566,2|42566,7,0,0,2,0,2,0,0,0,0,5,2
2,42567,2|42567,3,0,0,3,0,3,0,0,0,0,0,3
2,42575,2|42575,3,0,0,3,0,3,0,0,0,1,0,2
2,42576,2|42576,4,0,0,4,0,4,0,0,0,0,0,4
2,42577,2|42577,3,0,0,0,0,0,0,0,0,0,3,0
2,42578,2|42578,2,0,0,2,0,2,0,0,0,1,0,1
2,42579,2|42579,5,0,0,5,0,5,0,0,0,0,0,5
2,42580,2|42580,3,0,0,0,0,0,0,0,0,0,3,0
2,42581,2|42581,5,0,0,0,0,0,0,0,0,0,5,0
2,42582,2|42582,3,0,0,3,0,3,0,0,0,0,0,3
2,42583,2|42583,2,0,0,2,0,2,0,0,0,0,0,2
2,42584,2|42584,26,0,0,15,0,15,0,0,0,6,11,9
2,42585,2|42585,9,0,0,0,0,0,0,0,0,0,9,0
2,42586,2|42586,5,0,0,0,0,0,0,0,0,0,5,0
2,42587,2|42587,10,0,0,10,0,10,0,0,0,1,0,9
2,42589,2|42589,9,0,0,0,0,0,0,0,0,0,9,0
2,42591,2|42591,10,0,0,0,0,0,0,0,0,0,10,0
2,42592,2|42592,6,0,0,3,0,3,0,0,0,1,3,2
2,42593,2|42593,3,0,0,0,0,0,0,0,0,0,3,0
2,42595,2|42595,3,0,0,3,0,3,0,0,0,2,0,1
2,42596,2|42596,4,0,0,0,0,0,0,0,0,0,4,0
2,42597,2|42597,6,0,0,4,0,4,0,0,0,1,2,3
2,42721,2|42721,5952,0,0,6741,6,6747,2,238,0,5813,-555,694
2,42722,2|42722,3840,0,0,3276,0,3276,1,170,7,3083,735,15
2,42731,2|42731,400,0,0,45,0,45,0,0,0,35,355,10
2,42732,2|42732,4000,0,0,3431,0,3431,1,108,0,2297,678,1025
2,42733,2|42733,400,0,0,42,0,42,0,6,0,22,364,14
2,42734,2|42734,400,0,0,51,0,51,0,0,0,42,349,9
2,42758,2|42758,2500,0,0,1679,0,1679,0,350,0,832,1171,497
2,42759,2|42759,4000,0,0,3695,6,3701,1,259,0,2571,559,870
2,42760,2|42760,2520,0,0,2559,0,2559,0,48,0,2068,9,443
2,42761,2|42761,2448,0,0,2536,0,2536,0,63,0,2292,-25,181
2,42762,2|42762,2496,0,0,1440,6,1446,1,100,0,921,1151,424
2,42861,2|42861,5,0,0,5,0,5,0,0,0,2,0,3
2,42942,2|42942,50,0,0,70,0,70,1,49,0,25,30,-5
2,42943,2|42943,22,0,0,29,0,29,0,18,0,14,11,-3
2,42944,2|42944,10,0,0,10,0,10,0,0,0,0,0,10
2,42945,2|42945,50,0,0,55,0,55,0,8,0,16,3,31
2,42947,2|42947,40,0,0,58,0,58,0,21,0,0,3,37
2,42958,2|42958,480,0,0,496,3,499,0,21,0,202,2,276
2,43382,2|43382,7560,0,0,7064,3,7067,1,121,0,6169,615,776
2,43383,2|43383,8040,0,0,4243,3,4246,1,66,0,3823,3861,356
2,43384,2|43384,6120,0,0,5211,3,5214,3,136,0,4062,1045,1013
2,43385,2|43385,6720,0,0,6101,3,6104,3,175,0,5197,794,729
2,43616,2|43616,352,0,0,0,0,0,0,0,0,0,352,0
2,43661,2|43661,1440,0,0,1454,8,1462,0,27,0,1295,5,140
2,43664,2|43664,720,0,0,716,8,724,0,17,0,642,13,65
2,43672,2|43672,900,0,0,916,0,916,0,28,0,668,12,220
2,43674,2|43674,900,0,0,902,0,902,0,17,0,684,15,201
2,43675,2|43675,2880,0,0,2967,20,2987,0,143,0,2481,36,363
2,43676,2|43676,1800,0,0,1794,0,1794,0,19,0,1719,25,56
2,44067,2|44067,1460,0,0,1450,10,1460,0,41,0,826,41,593
2,44071,2|44071,2000,0,0,2049,6,2055,0,108,0,1164,53,783
2,44114,2|44114,3000,0,0,0,0,0,0,0,0,0,3000,0
2,44551,2|44551,2400,0,0,5296,8,5304,0,133,0,3483,-2771,1688
2,44581,2|44581,100,0,0,69,0,69,0,0,0,20,31,49
2,44791,2|44791,1500,0,0,437,0,437,0,18,0,190,1081,229
2,44792,2|44792,1500,0,0,222,0,222,0,8,0,85,1286,129
2,44793,2|44793,1500,0,0,254,0,254,0,2,0,98,1248,154
2,44794,2|44794,1500,0,0,214,0,214,0,13,0,99,1299,102
2,45159,2|45159,5280,0,0,2618,0,2618,1,123,0,1476,2786,1018
2,45222,2|45222,1440,0,0,1439,0,1439,1,41,0,1145,43,252
2,45405,2|45405,5160,0,0,2198,0,2198,1,84,0,1359,3047,754
2,45472,2|45472,972,0,0,0,0,0,0,0,0,0,972,0
2,45473,2|45473,240,0,0,0,0,0,0,0,0,0,240,0
2,45614,2|45614,25,0,0,0,0,0,0,0,0,0,25,0
2,45625,2|45625,25,0,0,0,0,0,0,0,0,0,25,0
2,45626,2|45626,25,0,0,0,0,0,0,0,0,0,25,0
2,45629,2|45629,25,0,0,0,0,0,0,0,0,0,25,0
2,45654,2|45654,25,0,0,0,0,0,0,0,0,0,25,0
2,45655,2|45655,25,0,0,0,0,0,0,0,0,0,25,0
2,45656,2|45656,25,0,0,0,0,0,0,0,0,0,25,0
2,45657,2|45657,25,0,0,0,0,0,0,0,0,0,25,0
2,45658,2|45658,25,0,0,0,0,0,0,0,0,0,25,0
2,45659,2|45659,25,0,0,0,0,0,0,0,0,0,25,0
2,45660,2|45660,25,0,0,0,0,0,0,0,0,0,25,0
2,45711,2|45711,2880,0,0,717,0,717,0,6,0,270,2169,441
3,5157,3|5157,840,471,25,895,0,895,0,60,0,838,476,22
3,5174,3|5174,331,0,2,326,0,326,0,22,42,261,27,3
3,5346,3|5346,600,300,16,625,0,625,1,29,0,601,305,10
3,5420,3|5420,316,0,4,327,0,327,0,29,66,228,18,8
3,5499,3|5499,7560,0,0,2257,0,2257,8,57,0,2073,5368,119
3,5516,3|5516,273,0,0,275,0,275,0,18,30,227,16,0
3,5518,3|5518,269,0,0,257,0,257,0,10,39,207,22,1
3,5520,3|5520,274,0,2,266,0,266,2,5,36,225,15,0
3,5592,3|5592,12450,1005,53,12677,0,12677,6,513,1,11751,1297,459
3,5612,3|5612,14880,1181,62,13013,0,13013,6,778,2,11751,3832,538
3,5647,3|5647,16776,495,26,16187,6,16193,16,445,101,15355,1539,302
3,5673,3|5673,3360,422,22,3864,0,3864,4,287,5,3634,209,-44
3,5812,3|5812,1008,0,0,0,0,0,0,0,0,0,1008,0
3,5850,3|5850,600,0,0,616,0,616,0,22,0,592,6,2
3,5898,3|5898,2700,468,25,5496,0,5496,0,120,0,4731,-2208,670
3,5899,3|5899,2700,504,27,5363,0,5363,9,97,0,4522,-2053,762
3,5937,3|5937,8820,504,27,994,0,994,0,48,0,898,8378,75
3,15487,3|15487,120,0,3,16,0,16,0,2,5,20,106,-8
3,15985,3|15985,1602,292,15,0,0,0,0,0,0,0,1894,15
3,17174,3|17174,3600,338,18,3794,0,3794,3,341,2,3173,488,293
3,17183,3|17183,9216,588,31,9638,0,9638,7,575,4,8683,748,400
3,17972,3|17972,25700,1204,63,21049,0,21049,18,679,5,19975,6552,435
3,18084,3|18084,35,0,0,0,0,0,0,0,0,0,35,0
3,18369,3|18369,1950,0,0,4803,0,4803,1,661,8,3994,-2191,139
3,19635,3|19635,4440,518,27,5413,0,5413,1,640,17,4680,186,102
3,19757,3|19757,12300,822,43,12027,0,12027,3,346,10,11429,1444,282
3,19758,3|19758,3000,0,2,3051,0,3051,1,124,28,2867,74,33
3,19759,3|19759,9000,263,14,9260,0,9260,0,338,57,8764,341,115
3,20657,3|20657,5280,290,15,4540,0,4540,2,499,8,4084,1531,-38
3,21721,3|21721,122,0,0,123,0,123,0,4,0,116,3,3
3,21808,3|21808,1600,304,16,1730,0,1730,0,307,109,1252,481,78
3,22934,3|22934,4680,1,0,5372,0,5372,4,537,1,4452,-150,378
3,23267,3|23267,6800,688,36,7830,6,7836,5,619,29,6853,276,366
3,23956,3|23956,5112,2,0,4404,0,4404,1,367,8,3812,1078,216
3,24173,3|24173,720,339,18,1436,0,1436,2,436,51,1137,61,-172
3,24204,3|24204,5184,502,26,5483,0,5483,0,829,14,4918,1032,-252
3,24827,3|24827,5280,555,29,5658,0,5658,4,447,6,4773,628,457
3,24828,3|24828,5904,551,29,6582,0,6582,1,483,10,5748,357,369
3,24855,3|24855,1350,301,16,1620,0,1620,0,272,18,1514,303,-168
3,24856,3|24856,900,291,15,1397,0,1397,1,302,16,1296,97,-203
3,24879,3|24879,1900,245,13,2788,0,2788,1,660,19,2220,18,-99
3,24880,3|24880,1200,205,11,2364,0,2364,2,871,173,1397,-86,-68
3,25128,3|25128,3000,0,0,2876,0,2876,1,177,33,2527,302,138
3,25433,3|25433,1600,431,23,1875,0,1875,0,398,28,1407,554,65
3,26044,3|26044,27036,322,17,24386,6,24392,18,481,7,23343,3465,560
3,26045,3|26045,576,0,0,508,0,508,0,31,0,473,99,4
3,26669,3|26669,4080,399,21,5227,0,5227,8,569,7,4627,-171,37
3,26834,3|26834,4680,927,49,5933,0,5933,3,370,1,5859,47,-251
3,26835,3|26835,3276,782,41,2799,0,2799,0,167,8,2659,1426,6
3,26841,3|26841,2464,439,23,2856,0,2856,0,105,1,2883,152,-110
3,26957,3|26957,304,0,2,303,0,303,1,24,94,202,26,-16
3,27715,3|27715,9450,249,13,3112,0,3112,5,92,19,2574,6684,435
3,27716,3|27716,10500,154,8,3633,0,3633,2,136,12,3034,7159,457
3,29712,3|29712,2268,908,48,2330,0,2330,0,203,0,2139,1049,36
3,29713,3|29713,1056,118,6,107,0,107,0,13,3,94,1080,3
3,29715,3|29715,1950,109,6,27,0,27,0,5,0,30,2037,-2
3,29718,3|29718,4200,327,17,4297,0,4297,9,307,148,3773,546,77
3,29748,3|29748,19440,639,34,21273,0,21273,7,867,9,20316,-320,108
3,30088,3|30088,6336,343,18,6627,0,6627,4,586,1,5988,642,66
3,30189,3|30189,8320,0,0,7858,0,7858,7,477,1,6556,946,817
3,30194,3|30194,6480,628,33,7911,0,7911,6,489,38,7554,-308,-143
3,30195,3|30195,1500,461,24,2449,0,2449,2,283,205,2154,-203,-171
3,30221,3|30221,6468,329,17,85,0,85,0,2,0,118,6714,-18
3,30881,3|30881,1565,0,0,1581,0,1581,1,175,7,1302,160,96
3,30943,3|30943,1200,0,0,1651,0,1651,2,179,10,1483,-270,-23
3,31320,3|31320,1440,308,16,1182,0,1182,1,137,31,1210,704,-181
3,32142,3|32142,1944,170,9,2833,0,2833,1,338,7,2681,-380,-185
3,32505,3|32505,29145,361,19,22600,0,22600,20,583,14,21936,7509,66
3,32506,3|32506,28095,393,21,23755,0,23755,10,549,11,23002,5292,204
3,33628,3|33628,840,0,0,907,0,907,0,412,105,361,345,29
3,33629,3|33629,252,0,0,152,0,152,1,61,53,36,162,1
3,33849,3|33849,7182,119,6,9079,0,9079,3,595,11,8197,-1180,279
3,33932,3|33932,1456,0,0,2149,0,2149,0,58,4,2044,-635,43
3,33933,3|33933,2688,0,3,1569,0,1569,3,45,0,1483,1167,41
3,33934,3|33934,1288,0,3,890,0,890,0,61,0,819,459,13
3,34313,3|34313,1680,0,0,7032,0,7032,3,216,5,6707,-5133,101
3,34450,3|34450,5208,0,0,5395,0,5395,4,318,264,4656,135,153
3,34451,3|34451,2568,0,0,2682,0,2682,0,269,53,2261,155,99
3,34699,3|34699,2420,0,0,1808,0,1808,1,369,292,1099,982,47
3,34992,3|34992,6000,0,0,5792,0,5792,3,571,2,4997,782,219
3,35285,3|35285,1632,0,0,142,0,142,0,24,0,107,1514,11
3,35395,3|35395,2300,0,0,2718,0,2718,3,592,0,2069,177,54
3,35396,3|35396,1620,0,0,1334,0,1334,0,257,0,1053,543,24
3,35901,3|35901,4536,0,0,4597,0,4597,5,119,5,4402,63,66
3,36096,3|36096,7200,0,0,6150,0,6150,3,548,172,5052,1601,375
3,36365,3|36365,600,0,0,830,0,830,1,269,116,396,40,48
3,36403,3|36403,840,0,0,1027,0,1027,0,275,0,668,88,84
3,36404,3|36404,2800,0,0,2952,0,2952,0,202,18,2684,50,48
3,36405,3|36405,960,0,0,1112,0,1112,1,180,0,922,29,9
3,36406,3|36406,720,0,0,943,0,943,0,178,0,751,-45,14
3,36497,3|36497,2952,0,0,3323,0,3323,1,467,215,2630,97,10
3,36504,3|36504,4500,0,0,3770,0,3770,7,380,212,3093,1117,78
3,37048,3|37048,1420,0,0,415,0,415,0,76,0,321,1081,18
3,37049,3|37049,450,0,0,561,0,561,0,152,6,402,41,1
3,37140,3|37140,1200,0,0,20,0,20,0,17,0,2,1197,1
3,37276,3|37276,4500,0,0,4266,0,4266,3,427,62,3326,664,448
3,37537,3|37537,720,0,0,119,0,119,1,64,36,9,666,9
3,37777,3|37777,182,0,0,181,0,181,0,3,59,117,4,2
3,37778,3|37778,433,0,0,405,0,405,1,37,112,275,66,-20
3,37779,3|37779,545,0,0,506,0,506,1,27,153,366,67,-41
3,37780,3|37780,521,0,0,520,0,520,0,51,125,372,52,-28
3,37781,3|37781,60,0,0,38,0,38,0,0,11,27,22,0
3,37782,3|37782,552,0,0,547,0,547,2,39,134,384,46,-12
3,37837,3|37837,19440,0,0,14748,0,14748,6,541,19,13383,5239,799
3,37994,3|37994,20,0,0,0,0,0,0,0,0,0,20,0
3,38079,3|38079,2112,0,0,0,0,0,0,0,0,0,2112,0
3,38745,3|38745,20,0,0,0,0,0,0,0,0,0,20,0
3,38749,3|38749,30,0,0,0,0,0,0,0,0,0,30,0
3,38751,3|38751,20,0,0,0,0,0,0,0,0,0,20,0
3,38992,3|38992,5250,0,0,4212,0,4212,4,349,22,3495,1391,342
3,39084,3|39084,552,0,0,602,0,602,0,113,0,305,63,184
3,39741,3|39741,1440,0,0,1272,0,1272,3,57,0,938,228,274
3,40381,3|40381,3072,0,0,3126,0,3126,0,145,221,2602,91,158
3,40382,3|40382,3072,0,0,3069,0,3069,1,187,0,2828,191,53
3,40383,3|40383,2688,0,0,2991,0,2991,3,117,112,2302,-183,457
3,40385,3|40385,2688,0,0,2737,0,2737,2,179,0,2464,132,92
3,40386,3|40386,2880,0,0,2385,0,2385,4,71,43,1788,570,479
3,40389,3|40389,4392,0,0,1940,0,1940,2,82,0,1450,2536,406
3,40642,3|40642,2970,0,0,1839,0,1839,1,70,0,1424,1202,344
3,40643,3|40643,1440,0,0,1632,0,1632,1,23,0,1289,-168,319
3,40644,3|40644,1440,0,0,1681,0,1681,3,78,0,1516,-160,84
3,40645,3|40645,7900,0,0,6945,0,6945,1,200,0,5947,1156,797
3,41242,3|41242,960,0,0,625,0,625,5,99,204,238,439,79
3,41244,3|41244,288,0,0,299,0,299,2,26,0,236,17,35
3,41659,3|41659,960,0,0,431,0,431,0,13,0,289,542,129
3,41660,3|41660,1536,0,0,1188,0,1188,0,45,0,718,393,425
3,41661,3|41661,960,0,0,68,0,68,0,0,0,36,892,32
3,41662,3|41662,1536,0,0,1252,0,1252,2,49,0,958,335,243
3,41663,3|41663,1536,0,0,1511,0,1511,3,89,0,1336,117,83
3,41664,3|41664,960,0,0,1765,0,1765,1,168,1,1327,-636,268
3,41845,3|41845,1000,0,0,1372,0,1372,5,152,0,910,-215,305
3,42219,3|42219,1440,0,0,1403,0,1403,0,82,0,1063,119,258
3,42229,3|42229,1800,0,0,837,0,837,1,118,90,593,1082,35
3,42751,3|42751,2600,0,0,928,0,928,0,46,0,546,1718,336
3,42753,3|42753,1440,0,0,0,0,0,0,0,0,0,1440,0
3,43593,3|43593,384,0,0,66,0,66,0,0,0,7,318,59
3,43618,3|43618,720,0,0,759,0,759,3,74,0,671,38,11
3,43621,3|43621,480,0,0,483,0,483,0,44,0,444,41,-5
3,43626,3|43626,300,0,0,343,0,343,0,75,0,198,32,70
3,43627,3|43627,300,0,0,337,0,337,0,58,0,237,21,42
3,43629,3|43629,810,0,0,618,0,618,0,52,0,472,244,94
3,43630,3|43630,1920,0,0,1847,0,1847,0,86,0,1367,159,394
3,43992,3|43992,792,0,0,298,0,298,0,37,0,138,531,123
3,44024,3|44024,1008,0,0,153,0,153,2,56,0,50,913,45
3,44026,3|44026,960,0,0,0,0,0,0,0,0,0,960,0
3,44036,3|44036,1530,0,0,838,0,838,0,59,0,513,751,266
3,44037,3|44037,495,0,0,30,0,30,0,7,0,18,472,5
3,44038,3|44038,450,0,0,308,0,308,0,17,0,189,159,102
3,44048,3|44048,828,0,0,804,0,804,0,89,0,646,113,69
3,44070,3|44070,1500,0,0,440,0,440,0,15,0,238,1075,187
3,44566,3|44566,1440,0,0,1883,0,1883,1,81,12,1147,-361,642
3,45705,3|45705,240,0,0,0,0,0,0,0,0,0,240,0
3,45706,3|45706,1800,0,0,488,0,488,0,5,0,269,1317,214
3,45707,3|45707,1080,0,0,19,0,19,1,0,0,3,1062,15
3,45708,3|45708,1125,0,0,27,0,27,0,0,0,11,1098,16
3,45712,3|45712,2320,0,0,0,0,0,0,0,0,0,2320,0
3,45725,3|45725,144,0,0,0,0,0,0,0,0,0,144,0
3,45726,3|45726,120,0,0,0,0,0,0,0,0,0,120,0
3,45794,3|45794,288,0,0,31,0,31,0,0,0,9,257,22
4,3915,4|3915,5712,176,9,721,4,725,4,229,29,4595,5396,-4123
4,3950,4|3950,27228,963,51,4126,56,4182,35,1024,69,25035,25068,-21930
4,3965,4|3965,21900,2720,150,3339,40,3379,21,1130,39,22014,22392,-19675
4,3966,4|3966,22860,2767,152,3796,17,3813,35,1286,55,23270,23135,-20681
4,4218,4|4218,21630,2634,145,2972,9,2981,16,1343,35,17763,22642,-16031
4,4309,4|4309,31320,732,39,5275,27,5302,34,1508,21,36833,28292,-33055
4,4315,4|4315,35184,2016,106,4538,14,4552,23,852,156,30603,33523,-26976
4,4457,4|4457,240,102,5,24,0,24,2,31,0,149,351,-153
4,4458,4|4458,31920,1766,93,4311,10,4321,8,843,30,28573,30216,-25040
4,4470,4|4470,5088,1201,63,605,0,605,2,173,3,3040,5859,-2550
4,4500,4|4500,2400,1326,70,496,0,496,0,263,0,2052,3493,-1749
4,4522,4|4522,4200,189,10,3243,14,3257,12,727,44,20419,1871,-17935
4,4561,4|4561,4590,1839,97,997,3,1000,2,630,8,5444,6061,-4987
4,4596,4|4596,8680,355,19,730,0,730,1,83,22,4822,8389,-4179
4,4621,4|4621,7680,355,19,1097,8,1105,22,243,0,6610,7195,-5751
4,4625,4|4625,35420,2659,147,5538,0,5538,13,1180,59,36210,33734,-31777
4,4627,4|4627,45360,2071,109,5923,9,5932,36,1864,13,39747,43399,-35619
4,4629,4|4629,27840,2485,146,3612,0,3612,11,1075,16,24621,27799,-21965
4,7365,4|7365,21816,1335,70,0,0,0,0,9,0,148,23160,-87
4,14532,4|14532,23436,0,0,3037,14,3051,12,432,0,20424,20829,-17817
4,14623,4|14623,1890,3009,174,252,0,252,0,122,17,1483,4769,-1196
4,15629,4|15629,3630,8,0,4356,14,4370,21,1794,16,29099,1083,-26560
4,16587,4|16587,4500,107,6,4708,6,4714,36,1804,36,29227,1733,-26383
4,17553,4|17553,6480,2366,125,1107,0,1107,6,727,8,7643,8472,-7152
4,19322,4|19322,34752,2666,140,3620,6,3626,33,1819,92,23298,35644,-21476
4,19323,4|19323,36480,2439,128,4366,12,4378,31,2036,58,26673,36608,-24292
4,20466,4|20466,12320,533,28,0,0,0,0,0,0,0,12853,28
4,21805,4|21805,6400,1168,62,1107,0,1107,8,2059,236,5988,8528,-7122
4,22060,4|22060,960,0,0,0,0,0,0,0,0,0,960,0
4,22080,4|22080,39264,1345,71,5443,24,5467,16,3541,127,30121,38699,-28267
4,22928,4|22928,9360,1212,64,874,0,874,15,1022,4,6725,10735,-6828
4,23316,4|23316,4320,1538,81,931,0,931,7,1135,22,5129,6069,-5281
4,23393,4|23393,20100,769,41,2379,5,2384,14,966,29,16130,19465,-14714
4,23512,4|23512,240,175,9,78,0,78,0,395,17,474,732,-799
4,23809,4|23809,2240,1189,63,335,0,335,2,356,16,2367,3452,-2343
4,24208,4|24208,18432,2576,136,1382,0,1382,4,1041,0,8485,20671,-8012
4,24389,4|24389,240,7604,424,438,0,438,0,384,1,2869,7790,-2392
4,24392,4|24392,1920,6500,360,463,0,463,1,295,2,2145,8253,-1620
4,24710,4|24710,1920,827,44,363,0,363,0,260,11,2068,2644,-1932
4,24825,4|24825,9120,723,38,1739,0,1739,13,1191,10,9868,9308,-9305
4,24826,4|24826,7440,697,37,1250,0,1250,4,910,23,7421,7801,-7071
4,24845,4|24845,5035,538,28,814,0,814,2,734,39,4910,5495,-4843
4,24846,4|24846,3570,540,28,627,1,628,6,601,87,3599,4089,-3637
4,24869,4|24869,3800,237,13,488,0,488,4,681,1,2600,4234,-2785
4,24881,4|24881,3400,214,11,495,0,495,1,931,8,2135,4051,-2569
4,25114,4|25114,5760,960,51,634,0,634,0,183,4,5104,6269,-4606
4,25115,4|25115,30240,1362,72,3572,28,3600,8,1396,42,24567,29406,-22341
4,25424,4|25424,12800,1499,79,2213,0,2213,3,2289,160,14407,14378,-14567
4,25447,4|25447,1080,0,0,193,0,193,0,237,0,853,1124,-897
4,27210,4|27210,2148,144,8,399,0,399,1,481,81,1762,2375,-1918
4,27212,4|27212,1440,175,9,238,0,238,0,468,6,1622,1845,-1849
4,27707,4|27707,31920,947,50,0,0,0,0,0,0,0,32867,50
4,27708,4|27708,32700,624,33,0,0,0,0,0,0,0,33324,33
4,27719,4|27719,2496,0,2,419,0,419,3,721,13,2036,2801,-2352
4,27756,4|27756,4480,399,21,671,0,671,3,374,8,4101,4585,-3794
4,27758,4|27758,4200,0,0,0,0,0,0,0,0,0,4200,0
4,27893,4|27893,21,0,0,0,0,0,0,0,0,0,21,0
4,28212,4|28212,10380,275,15,1396,6,1402,16,1179,52,9284,10448,-9114
4,28240,4|28240,4200,0,0,2030,8,2038,11,710,34,13119,2883,-11836
4,28270,4|28270,8625,827,44,1242,0,1242,5,589,10,7290,8804,-6608
4,28275,4|28275,1536,456,24,625,0,625,0,479,5,3484,1846,-3319
4,29710,4|29710,2400,237,13,383,0,383,4,362,0,2345,2620,-2315
4,30180,4|30180,240,218,12,89,0,89,0,328,5,413,697,-645
4,30188,4|30188,38800,1257,66,5630,7,5637,38,4218,0,33925,38676,-32478
4,31326,4|31326,2880,1348,71,688,0,688,2,900,13,6870,4442,-7026
4,31649,4|31649,5100,285,15,1034,0,1034,4,2050,34,5179,6405,-6218
4,31843,4|31843,27216,599,32,3095,14,3109,5,1244,14,19288,25955,-17410
4,32261,4|32261,3240,685,36,597,0,597,0,1046,22,3785,4374,-4220
4,32262,4|32262,20400,507,27,2807,14,2821,27,688,6,20194,18801,-18067
4,32350,4|32350,29860,0,0,3695,0,3695,40,2691,83,25247,28896,-24366
4,32891,4|32891,7560,933,49,0,0,0,0,0,0,0,8493,49
4,33012,4|33012,878,0,0,89,0,89,1,308,291,172,1098,-683
4,33014,4|33014,187,0,0,21,0,21,0,65,52,36,231,-132
4,33016,4|33016,148,0,0,19,0,19,0,43,44,38,172,-106
4,33017,4|33017,256,0,0,28,0,28,0,113,77,16,341,-178
4,33018,4|33018,240,0,0,22,0,22,0,96,78,54,314,-206
4,33207,4|33207,9045,380,20,1350,0,1350,1,261,0,6724,8337,-5616
4,33637,4|33637,960,0,0,9,0,9,1,32,2,31,984,-57
4,34035,4|34035,15240,0,0,1789,0,1789,13,841,34,12557,14305,-11656
4,34394,4|34394,10908,0,0,1218,7,1225,7,647,22,9395,10337,-8846
4,34400,4|34400,2640,0,0,515,7,522,2,368,2,2299,2488,-2149
4,34415,4|34415,720,0,0,0,0,0,0,0,0,0,720,0
4,34416,4|34416,1944,0,0,264,0,264,5,187,6,1100,1872,-1034
4,34417,4|34417,2080,0,0,434,0,434,2,396,138,1620,2044,-1722
4,34433,4|34433,9488,0,0,820,0,820,13,391,1,4633,9072,-4218
4,34509,4|34509,32880,0,0,2954,17,2971,8,1961,13,17745,31878,-16756
4,34694,4|34694,10400,0,0,1161,0,1161,10,1727,99,7004,10976,-7679
4,34933,4|34933,240,0,0,38,0,38,2,82,0,164,286,-210
4,35053,4|35053,1890,0,0,0,0,0,0,0,0,0,1890,0
4,35059,4|35059,2100,0,0,0,0,0,0,0,0,0,2100,0
4,35327,4|35327,11320,0,0,1443,7,1450,10,821,12,7772,10701,-7165
4,35403,4|35403,5500,0,0,594,0,594,4,914,0,3751,5824,-4075
4,35404,4|35404,9000,0,0,562,0,562,4,739,13,2688,9181,-2882
4,35674,4|35674,3600,0,0,403,0,403,3,655,0,2418,3855,-2673
4,36091,4|36091,10560,0,0,1414,0,1414,15,596,5,8781,9757,-7983
4,36092,4|36092,12000,0,0,1428,2,1430,10,1443,180,7893,12023,-8096
4,36344,4|36344,728,0,0,132,0,132,0,180,11,436,776,-495
4,36356,4|36356,4250,0,0,461,0,461,0,903,0,977,4692,-1419
4,36419,4|36419,1560,0,0,231,5,236,1,265,0,1088,1590,-1118
4,36420,4|36420,4828,0,0,655,0,655,2,293,1,3859,4468,-3500
4,36421,4|36421,3456,0,0,0,0,0,0,0,0,0,3456,0
4,36422,4|36422,4684,0,0,729,0,729,8,415,3,5451,4378,-5148
4,36490,4|36490,7632,0,0,992,0,992,4,470,11,6218,7114,-5711
4,36508,4|36508,18860,0,0,1877,46,1923,24,1863,99,10595,18824,-10658
4,36653,4|36653,11500,0,0,1341,0,1341,3,292,1,8379,10454,-7334
4,36654,4|36654,6144,0,0,787,0,787,4,255,0,3846,5616,-3318
4,36819,4|36819,2448,0,0,150,0,150,1,165,0,1565,2464,-1581
4,36824,4|36824,750,0,0,0,0,0,0,16,0,4,766,-20
4,37035,4|37035,6178,0,0,348,0,348,6,294,51,2520,6130,-2523
4,37036,4|37036,6980,0,0,486,0,486,1,453,15,2612,6948,-2595
4,37275,4|37275,10600,0,0,1288,0,1288,7,715,0,8621,10034,-8055
4,37583,4|37583,16884,0,0,953,0,953,2,485,0,5563,16418,-5097
4,37833,4|37833,21000,0,0,2518,0,2518,30,1045,3,15306,19557,-13866
4,38139,4|38139,5232,0,0,470,6,476,5,353,48,2568,5114,-2498
4,38617,4|38617,150,0,0,13,0,13,0,9,0,99,146,-95
4,38913,4|38913,720,0,0,237,0,237,0,252,0,1261,735,-1276
4,38999,4|38999,7776,0,0,864,28,892,1,422,17,4746,7307,-4294
4,39000,4|39000,2000,0,0,0,0,0,0,0,0,0,2000,0
4,39756,4|39756,4500,0,0,0,0,0,0,0,0,0,4500,0
4,39758,4|39758,3000,0,0,0,0,0,0,0,0,0,3000,0
4,40338,4|40338,360,0,0,0,0,0,0,0,0,0,360,0
4,40442,4|40442,1344,0,0,1350,0,1350,10,781,10,8066,785,-7517
4,40659,4|40659,6264,0,0,933,0,933,4,380,10,5492,5715,-4953
4,40707,4|40707,7500,0,0,1372,0,1372,4,721,0,7933,6853,-7286
4,40716,4|40716,480,0,0,90,0,90,0,73,0,433,463,-416
4,40717,4|40717,480,0,0,110,0,110,2,63,0,444,435,-399
4,40718,4|40718,480,0,0,76,0,76,4,86,0,419,494,-433
4,41074,4|41074,1500,0,0,185,0,185,0,63,0,1308,1378,-1186
4,41272,4|41272,960,0,0,180,0,180,6,138,0,441,924,-405
4,41276,4|41276,1400,0,0,68,0,68,1,119,0,371,1452,-423
4,41424,4|41424,6150,0,0,628,0,628,9,661,0,6468,6192,-6510
4,41426,4|41426,1200,0,0,726,3,729,4,589,6,4065,1064,-3935
4,41825,4|41825,8928,0,0,1962,10,1972,25,603,14,10351,7584,-9021
4,42772,4|42772,1700,0,0,302,0,302,1,193,0,1280,1592,-1172
4,42774,4|42774,2160,0,0,364,6,370,3,421,0,1473,2214,-1527
4,42775,4|42775,2112,0,0,330,2,332,0,307,0,1398,2087,-1373
4,42776,4|42776,5750,0,0,549,4,553,4,436,0,3222,5637,-3109
4,43219,4|43219,9344,0,0,1030,6,1036,18,321,0,4807,8647,-4110
4,43617,4|43617,288,0,0,90,0,90,0,29,1,483,227,-423
4,43679,4|43679,4500,0,0,1180,12,1192,18,637,0,5631,3963,-5094
4,43930,4|43930,2400,0,0,409,0,409,0,236,0,1761,2227,-1588
4,43932,4|43932,1200,0,0,195,0,195,0,67,0,1002,1072,-874
4,43934,4|43934,900,0,0,173,0,173,1,77,0,782,805,-687
4,43940,4|43940,1440,0,0,304,0,304,1,150,0,1278,1287,-1125
4,43943,4|43943,2640,0,0,412,0,412,6,190,0,2110,2424,-1894
4,43946,4|43946,3150,0,0,521,0,521,8,132,0,2816,2769,-2435
4,43970,4|43970,5040,0,0,612,0,612,2,196,0,2327,4626,-1913
4,44015,4|44015,800,0,0,181,0,181,0,5,0,216,624,-40
4,44022,4|44022,2880,0,0,387,0,387,0,115,0,1188,2608,-916
4,44051,4|44051,1188,0,0,163,0,163,0,24,0,714,1049,-575
4,44074,4|44074,2400,0,0,338,0,338,2,95,0,1386,2159,-1145
4,44387,4|44387,3915,0,0,693,0,693,4,213,0,2902,3439,-2426
4,44468,4|44468,1200,0,0,143,0,143,1,64,0,426,1122,-348
4,44469,4|44469,960,0,0,45,0,45,0,10,0,138,925,-103
4,44543,4|44543,1350,0,0,18,0,18,0,16,0,48,1348,-46
4,44561,4|44561,2010,0,0,775,0,775,1,83,0,2885,1319,-2194
4,44683,4|44683,60,0,0,0,0,0,0,0,0,2,60,-2
4,44684,4|44684,60,0,0,2,0,2,0,0,0,8,58,-6
4,44685,4|44685,60,0,0,0,0,0,0,0,0,5,60,-5
4,44686,4|44686,60,0,0,5,0,5,0,0,0,0,55,5
4,44687,4|44687,60,0,0,3,0,3,0,0,0,6,57,-3
4,44688,4|44688,60,0,0,7,0,7,0,0,0,3,53,4
4,44690,4|44690,60,0,0,6,0,6,0,0,0,0,54,6
4,44691,4|44691,60,0,0,0,0,0,0,0,0,5,60,-5
4,44692,4|44692,60,0,0,0,0,0,0,0,0,6,60,-6
4,44693,4|44693,216,0,0,12,0,12,0,0,0,25,204,-13
4,44694,4|44694,216,0,0,23,0,23,0,0,0,14,193,9
4,45146,4|45146,1150,0,0,0,0,0,0,0,0,0,1150,0
4,45464,4|45464,1050,0,0,0,0,0,0,0,0,0,1050,0
5,0,5|0,300,0,0,0,0,0,0,0,0,0,300,0
5,3966,5|3966,7200,663,35,0,0,0,0,0,0,0,7863,35
5,4131,5|4131,2520,1360,72,0,0,0,0,0,0,0,3880,72
5,4315,5|4315,312,512,27,0,0,0,0,0,0,0,824,27
5,4470,5|4470,600,428,23,0,0,0,0,0,0,0,1028,23
5,4628,5|4628,17280,1680,88,0,0,0,0,0,0,0,18960,88
5,7240,5|7240,4236,0,0,0,0,0,0,1,0,1,4237,-2
5,7276,5|7276,384,62,3,0,0,0,0,0,0,157,446,-154
5,7297,5|7297,480,2,0,0,0,0,0,0,0,0,482,0
5,7365,5|7365,17640,956,50,0,4,4,25,1102,53,13920,19719,-15046
5,7390,5|7390,3360,0,0,0,6,6,1,500,4,7682,3855,-8181
5,7582,5|7582,7000,0,0,0,0,0,0,0,0,0,7000,0
5,7656,5|7656,61500,3093,163,0,34,34,40,813,43,35325,65412,-36024
5,8309,5|8309,16176,98,5,0,0,0,0,0,0,0,16274,5
5,14876,5|14876,2700,0,0,0,0,0,0,0,0,0,2700,0
5,18578,5|18578,5616,841,44,0,0,0,0,0,0,43,6457,1
5,19313,5|19313,21180,0,0,0,0,0,0,0,0,0,21180,0
5,19963,5|19963,45936,1355,71,0,0,0,0,0,0,0,47291,71
5,22081,5|22081,6048,759,40,0,25,25,94,4684,202,22181,11560,-27096
5,22226,5|22226,3456,1,0,0,38,38,30,2506,54,19522,5955,-22074
5,22227,5|22227,7104,380,20,0,0,0,16,1021,16,5903,8521,-6936
5,22229,5|22229,27840,483,25,0,28,28,32,1335,22,19011,29662,-20347
5,23263,5|23263,6260,779,41,0,7,7,20,863,29,7531,7915,-8395
5,23995,5|23995,5184,1485,78,0,0,0,0,0,0,0,6669,78
5,24739,5|24739,32620,1595,84,0,14,14,31,1816,111,26814,36048,-28674
5,24740,5|24740,32500,1914,101,0,0,0,0,108,7,2082,34522,-2096
5,24789,5|24789,1920,518,27,0,0,0,0,32,0,324,2470,-329
5,24847,5|24847,2460,411,22,0,1,1,13,564,74,2224,3447,-2852
5,24848,5|24848,1860,458,24,0,0,0,16,452,46,1953,2786,-2443
5,24870,5|24870,3600,158,8,0,0,0,39,1125,34,3327,4922,-4517
5,24871,5|24871,4300,332,18,0,0,0,18,1334,19,3700,5984,-5053
5,25455,5|25455,600,0,0,0,1,1,1,356,2,316,956,-674
5,26000,5|26000,30720,2195,116,0,0,0,0,0,0,0,32915,116
5,26195,5|26195,1020,111,6,0,0,0,38,236,262,509,1405,-1039
5,27709,5|27709,42750,1374,72,0,19,19,34,2194,75,37171,46333,-39383
5,27710,5|27710,45590,2113,111,0,11,11,3,1121,61,20308,48816,-21371
5,27712,5|27712,23775,573,30,0,17,17,69,1387,1115,12084,25787,-14608
5,27720,5|27720,360,0,4,0,0,0,0,419,12,190,779,-617
5,27767,5|27767,34360,519,27,0,16,16,24,1559,45,21435,36446,-23020
5,27768,5|27768,2800,680,36,0,0,0,0,48,1,1363,3528,-1376
5,27813,5|27813,3240,472,25,0,0,0,5,113,22,1944,3830,-2059
5,27847,5|27847,13800,890,47,0,4,4,2,80,0,1345,14768,-1376
5,27853,5|27853,6624,625,33,0,0,0,24,1185,64,2188,8458,-3428
5,28084,5|28084,26352,876,46,0,18,18,31,1433,632,27057,28674,-29089
5,28086,5|28086,6480,285,15,0,66,66,33,1510,796,18846,8242,-21104
5,28097,5|28097,6575,720,38,0,0,0,0,13,0,241,7308,-216
5,28281,5|28281,17808,0,0,0,0,0,0,144,0,664,17952,-808
5,28284,5|28284,38964,832,44,0,6,6,85,2559,53,12501,42434,-15148
5,28297,5|28297,9480,547,29,0,19,19,47,2815,62,35786,12870,-38662
5,28308,5|28308,9520,228,12,0,7,7,25,2217,90,14008,11983,-16321
5,28312,5|28312,25168,0,0,0,23,23,27,1782,203,21929,26954,-23918
5,28333,5|28333,4800,571,30,0,22,22,9,297,81,3320,5655,-3655
5,28412,5|28412,2880,323,17,0,0,0,0,140,3,1321,3343,-1447
5,28414,5|28414,8460,229,12,0,0,0,0,34,0,360,8723,-382
5,28837,5|28837,3432,0,0,0,0,0,0,0,0,18,3432,-18
5,28857,5|28857,8400,0,0,0,16,16,18,1732,197,26193,10134,-28124
5,28870,5|28870,35760,189,10,0,0,0,0,12,0,101,35961,-103
5,29002,5|29002,10848,1556,82,0,0,0,14,866,13,8729,13284,-9540
5,29061,5|29061,25200,1600,84,0,0,0,6,88,0,1322,26894,-1332
5,29223,5|29223,90,0,0,0,0,0,0,0,0,0,90,0
5,29228,5|29228,23072,403,21,0,0,0,0,25,0,215,23500,-219
5,29298,5|29298,4440,0,0,0,0,0,0,0,0,0,4440,0
5,29534,5|29534,4350,946,50,0,0,0,0,9,0,171,5305,-130
5,29706,5|29706,9360,0,0,0,0,0,0,0,0,0,9360,0
5,29708,5|29708,8640,399,21,0,0,0,18,1061,188,5047,10118,-6293
5,30181,5|30181,3576,186,10,0,0,0,8,845,19,3725,4615,-4587
5,30187,5|30187,19400,460,24,0,19,19,21,4390,7,17426,24252,-21801
5,31325,5|31325,4176,777,41,0,6,6,6,873,26,5653,5826,-6511
5,31639,5|31639,1150,0,2,0,0,0,15,459,10,798,1624,-1280
5,32185,5|32185,9390,793,42,0,12,12,9,714,18,10908,10894,-11595
5,32186,5|32186,18880,113,6,0,0,0,0,10,0,1,19003,-5
5,32187,5|32187,36208,0,0,0,0,0,0,0,0,44,36208,-44
5,32188,5|32188,9090,237,13,0,0,0,0,10,0,45,9337,-42
5,32258,5|32258,4800,0,0,0,0,0,0,0,0,71,4800,-71
5,32260,5|32260,1920,0,3,0,0,0,0,747,0,1702,2667,-2446
5,32349,5|32349,7700,0,0,0,11,11,74,3504,45,11474,11267,-15086
5,32485,5|32485,2025,214,11,0,0,0,0,96,1,343,2335,-429
5,32695,5|32695,2700,0,0,0,0,0,0,0,0,0,2700,0
5,32982,5|32982,4800,0,0,0,0,0,0,6,0,0,4806,-6
5,33632,5|33632,240,0,0,0,0,0,1,247,0,116,488,-364
5,33633,5|33633,504,0,0,0,0,0,2,558,15,74,1064,-649
5,33747,5|33747,7380,0,0,0,29,29,6,1238,40,9834,8595,-11089
5,34323,5|34323,30552,0,0,0,0,0,0,0,0,0,30552,0
5,34332,5|34332,2688,0,0,0,0,0,6,560,10,2452,3254,-3028
5,34398,5|34398,3720,0,0,0,0,0,13,754,18,3157,4487,-3942
5,34407,5|34407,1900,0,0,0,0,0,0,285,93,454,2185,-832
5,34408,5|34408,5208,0,0,0,0,0,1,588,19,1396,5797,-2004
5,34409,5|34409,300,0,0,0,0,0,2,189,27,765,491,-983
5,34435,5|34435,1440,0,0,0,0,0,0,446,0,1186,1886,-1632
5,34510,5|34510,13680,0,0,0,3,3,27,2031,3,10531,15735,-12589
5,35015,5|35015,103,0,0,0,0,0,0,10,17,50,113,-77
5,35016,5|35016,3,0,0,0,0,0,0,0,0,0,3,0
5,35017,5|35017,6,0,0,0,0,0,0,0,2,7,6,-9
5,35020,5|35020,124,0,0,0,0,0,0,14,11,95,138,-120
5,35021,5|35021,49,0,0,0,0,0,0,2,10,25,51,-37
5,35022,5|35022,98,0,0,0,0,0,1,10,31,47,109,-89
5,35134,5|35134,11250,0,0,0,7,7,17,1138,51,5429,12398,-6628
5,35324,5|35324,8216,0,0,0,4,4,18,710,8,3368,8940,-4100
5,35325,5|35325,4800,0,0,0,0,0,0,8,9,72,4808,-89
5,35406,5|35406,3000,0,0,0,0,0,30,868,65,1611,3898,-2574
5,35407,5|35407,2700,0,0,0,0,0,7,538,6,1063,3245,-1614
5,36089,5|36089,4400,0,0,0,0,0,20,1022,99,3004,5442,-4145
5,36090,5|36090,13680,0,0,0,11,11,8,943,267,7983,14620,-9190
5,36347,5|36347,678,0,0,0,0,0,0,169,56,267,847,-492
5,36378,5|36378,500,0,0,0,6,6,0,186,0,213,680,-393
5,36428,5|36428,600,0,0,0,0,0,3,355,1,410,958,-769
5,36430,5|36430,1152,0,0,0,0,0,0,194,0,1275,1346,-1469
5,36483,5|36483,4752,0,0,0,10,10,12,806,195,2602,5560,-3605
5,36484,5|36484,6768,0,0,0,4,4,15,599,81,3118,7378,-3809
5,36510,5|36510,7290,0,0,0,7,7,21,722,1,3250,8026,-3987
5,36653,5|36653,10764,0,0,0,0,0,0,0,0,0,10764,0
5,36654,5|36654,15264,0,0,0,0,0,0,0,0,0,15264,0
5,37038,5|37038,6120,0,0,0,6,6,9,743,6,3503,6866,-4255
5,37039,5|37039,6528,0,0,0,0,0,10,547,46,3061,7085,-3664
5,37274,5|37274,13000,0,0,0,21,21,14,1023,15,10472,14016,-11503
5,37416,5|37416,11520,0,0,0,1,1,37,2527,7,11814,14083,-14384
5,37587,5|37587,2304,0,0,0,0,0,0,0,0,0,2304,0
5,37826,5|37826,27336,0,0,0,0,0,0,346,3,1538,27682,-1887
5,37830,5|37830,17400,0,0,0,16,16,8,1710,0,15318,19102,-17020
5,39004,5|39004,13500,0,0,0,0,0,0,0,0,13,13500,-13
5,39005,5|39005,4700,0,0,0,6,6,0,386,0,690,5080,-1070
5,39006,5|39006,7200,0,0,0,0,0,0,0,0,0,7200,0
5,39087,5|39087,1220,0,0,0,0,0,0,0,0,0,1220,0
5,39749,5|39749,6900,0,0,0,0,0,0,0,0,0,6900,0
5,40370,5|40370,31680,0,0,0,21,21,14,995,2,20337,32668,-21327
5,40443,5|40443,21696,0,0,0,13,13,12,1110,14,13531,22805,-14654
5,40444,5|40444,5040,0,0,0,0,0,8,435,1,4391,5483,-4835
5,40939,5|40939,840,0,0,0,5,5,6,396,4,2459,1237,-2860
5,41259,5|41259,2400,0,0,0,0,0,0,208,0,1976,2608,-2184
5,41264,5|41264,1350,0,0,0,0,0,0,143,21,323,1493,-487
5,42747,5|42747,11380,0,0,0,0,0,1,361,0,4129,11742,-4491
5,42749,5|42749,6912,0,0,0,0,0,7,82,0,677,7001,-766
5,42750,5|42750,5952,0,0,0,0,0,2,135,0,864,6089,-1001
5,43045,5|43045,288,0,0,0,0,0,0,11,0,292,299,-303
5,43947,5|43947,1440,0,0,0,0,0,0,8,0,1222,1448,-1230
5,43950,5|43950,900,0,0,0,0,0,0,44,0,667,944,-711
5,43951,5|43951,900,0,0,0,0,0,0,32,0,660,932,-692
5,43954,5|43954,1200,0,0,0,0,0,0,35,0,944,1235,-979
5,43956,5|43956,2400,0,0,0,0,0,0,15,0,1691,2415,-1706
5,43958,5|43958,2970,0,0,0,0,0,0,55,0,2272,3025,-2327
5,44039,5|44039,9300,0,0,0,0,0,0,0,0,0,9300,0
5,44045,5|44045,2772,0,0,0,0,0,0,55,0,926,2827,-981
5,44285,5|44285,300,0,0,0,0,0,0,7,0,219,307,-226
5,44498,5|44498,240,0,0,0,0,0,0,4,3,142,244,-149
5,45457,5|45457,288,0,0,0,0,0,0,0,0,123,288,-123
5,45458,5|45458,720,0,0,0,0,0,0,0,0,659,720,-659
6,1636,6|1636,37920,1755,92,0,2521,2521,201,1344,96,22973,38699,-22001
6,1645,6|1645,14112,420,22,0,833,833,21,426,37,9904,14146,-9533
6,1703,6|1703,80700,619,33,0,4458,4458,221,1446,324,38489,78528,-35989
6,1707,6|1707,39900,0,0,0,3126,3126,21,309,202,20662,37104,-18068
6,1709,6|1709,10032,857,45,0,377,377,0,96,11,2300,10608,-1985
6,1710,6|1710,8700,0,0,0,15,15,0,3,0,60,8688,-48
6,1839,6|1839,21912,1659,87,0,1396,1396,65,473,35,8170,22713,-7260
6,1841,6|1841,3938,1141,60,0,259,259,2,142,0,1590,4964,-1415
6,1843,6|1843,46320,0,5,0,3645,3645,39,738,103,26406,43452,-23636
6,1846,6|1846,5880,615,32,0,165,165,1,59,10,1774,6390,-1647
6,1848,6|1848,900,142,8,0,87,87,0,30,7,170,985,-112
6,1890,6|1890,77760,9329,519,0,3150,3150,47,850,61,26942,84836,-24231
6,2013,6|2013,79080,10836,584,0,2849,2849,30,881,55,23902,87978,-21435
6,2053,6|2053,49355,4927,277,0,4742,4742,129,1534,1929,39231,51203,-37804
6,2097,6|2097,66192,0,4,0,4512,4512,271,1394,190,39515,63345,-36854
6,2189,6|2189,1080,0,0,0,0,0,0,0,0,0,1080,0
6,2216,6|2216,21504,406,21,0,2389,2389,3,369,141,15430,19893,-13533
6,2235,6|2235,34800,1820,96,0,1304,1304,1,361,24,7998,35678,-6984
6,2236,6|2236,5040,1532,81,0,378,378,1,192,11,1829,6387,-1574
6,2258,6|2258,6480,0,0,0,1757,1757,12,327,200,8878,5062,-7660
6,2449,6|2449,1800,128,7,0,240,240,17,73,8,1745,1778,-1596
6,2450,6|2450,2775,262,14,0,413,413,0,48,7,2172,2672,-1800
6,2459,6|2459,7800,762,40,0,183,183,0,101,7,1589,8480,-1474
6,4974,6|4974,19368,107,6,0,1011,1011,164,301,42,12313,18929,-11803
6,6246,6|6246,15360,620,33,0,2660,2660,180,707,61,16675,14207,-14930
6,6265,6|6265,27840,13,0,0,4472,4472,552,1342,196,40077,25275,-37695
6,6278,6|6278,1536,2,0,0,663,663,63,138,44,5239,1076,-4821
6,6281,6|6281,14640,28,1,0,882,882,67,186,23,6912,14039,-6305
6,6303,6|6303,3600,0,0,0,171,171,11,64,0,1645,3504,-1549
6,6304,6|6304,4500,0,0,0,454,454,19,77,1,4830,4142,-4473
6,6309,6|6309,23472,0,0,0,2483,2483,144,498,53,18785,21631,-16997
6,6319,6|6319,12600,25,0,0,5237,5237,332,1615,317,39149,9335,-36176
6,6321,6|6321,10080,0,0,0,1377,1377,62,384,72,12739,9149,-11880
6,6322,6|6322,28560,0,0,0,1776,1776,159,440,23,14544,27383,-13390
6,6359,6|6359,1120,409,22,0,130,130,0,69,20,933,1468,-870
6,6361,6|6361,1120,376,20,0,153,153,2,43,7,775,1388,-654
6,6365,6|6365,1120,258,14,0,249,249,1,65,19,921,1195,-743
6,6379,6|6379,1435,0,0,0,647,647,4,199,9,3903,991,-3468
6,6389,6|6389,10944,511,27,0,2232,2232,41,960,135,5958,10224,-4835
6,6423,6|6423,18480,0,0,0,4567,4567,162,1605,261,31245,15680,-28706
6,6433,6|6433,10560,0,0,0,346,346,35,124,113,3486,10373,-3412
6,6452,6|6452,3000,240,13,0,585,585,8,200,51,4544,2863,-4205
6,6459,6|6459,5400,44,0,0,6842,6842,704,1879,320,52183,1185,-48244
6,6462,6|6462,17772,10,0,0,2341,2341,127,785,58,16985,16353,-15614
6,6475,6|6475,7800,0,0,0,8,8,0,0,0,10,7792,-2
6,6507,6|6507,5760,288,15,0,7603,7603,660,1712,351,57460,817,-52565
6,6512,6|6512,84780,6952,394,0,8018,8018,625,2165,395,57064,86504,-51837
6,6519,6|6519,10506,0,0,0,1572,1572,76,372,64,10556,9382,-9496
6,6543,6|6543,1920,0,0,0,17,17,0,0,0,91,1903,-74
6,6555,6|6555,936,0,0,0,1873,1873,350,397,128,16151,-190,-15153
6,6573,6|6573,9600,0,0,0,1510,1510,1,183,2,6250,8274,-4926
6,6583,6|6583,4200,0,0,0,440,440,37,47,5,1602,3844,-1251
6,6613,6|6613,2880,0,0,0,4773,4773,134,1311,147,26921,-448,-23740
6,6620,6|6620,10800,0,0,0,1012,1012,47,249,76,6068,10084,-5428
6,6680,6|6680,2520,928,49,0,328,328,2,116,34,1818,3238,-1593
6,6686,6|6686,4890,2,0,0,567,567,16,143,23,3575,4484,-3190
6,6687,6|6687,4875,13,0,0,493,493,8,145,44,3669,4548,-3373
6,6688,6|6688,1680,0,0,0,0,0,0,3,0,5,1683,-8
6,6696,6|6696,420,0,0,0,0,0,0,0,0,24,420,-24
6,6890,6|6890,1680,0,0,0,0,0,0,0,0,0,1680,0
6,6985,6|6985,18000,9,0,0,1275,1275,88,802,178,8220,17624,-8013
6,6999,6|6999,9800,3,0,0,2914,2914,144,498,204,22439,7531,-20371
6,7146,6|7146,46512,1266,67,0,758,758,128,528,52,5831,47676,-5714
6,7150,6|7150,3600,0,0,0,3185,3185,35,809,148,23806,1259,-21613
6,7165,6|7165,8436,1,0,0,6295,6295,218,2455,365,48362,4815,-45105
6,10836,6|10836,204,183,10,0,92,92,0,12,0,754,307,-664
6,12171,6|12171,1800,228,12,0,222,222,4,56,2,1023,1866,-851
6,14333,6|14333,480,0,0,0,154,154,10,14,3,395,350,-268
6,14506,6|14506,23940,1266,67,0,5041,5041,131,3311,673,25130,23607,-24137
6,14507,6|14507,8400,1167,61,0,2122,2122,41,1148,86,8994,8634,-8086
6,14534,6|14534,15900,162,9,0,127,127,0,24,7,1091,15959,-986
6,14821,6|14821,21830,3432,198,0,2600,2600,128,1911,2150,12788,24701,-14179
6,14822,6|14822,23670,3082,179,0,2814,2814,63,1373,2134,15489,25374,-16066
6,14823,6|14823,48085,5034,277,0,4700,4700,105,1273,1180,42442,49797,-40023
6,14910,6|14910,260,0,3,0,200,200,0,10,0,269,70,-76
6,14912,6|14912,558,104,6,0,427,427,0,34,0,434,269,-35
6,14914,6|14914,819,167,9,0,324,324,0,35,18,704,697,-424
6,14919,6|14919,2471,0,0,0,1193,1193,0,73,168,1634,1351,-682
6,14920,6|14920,2740,0,2,0,2205,2205,1,159,89,2160,695,-202
6,14922,6|14922,4524,0,4,0,2700,2700,7,449,366,3193,2280,-1311
6,14924,6|14924,882,0,4,0,668,668,2,112,113,482,328,-37
6,14925,6|14925,1802,160,8,0,1104,1104,0,425,448,811,1283,-572
6,14926,6|14926,794,0,4,0,574,574,0,74,371,353,294,-220
6,14959,6|14959,2418,322,17,0,2114,2114,0,117,157,1861,743,-4
6,14961,6|14961,3945,617,33,0,2345,2345,3,371,239,2548,2591,-783
6,14962,6|14962,1850,329,17,0,907,907,1,129,71,1260,1402,-537
6,14963,6|14963,10151,995,52,0,7512,7512,2,351,391,7827,3987,-1007
6,14964,6|14964,17536,1691,89,0,8811,8811,70,815,581,12966,11301,-5532
6,14966,6|14966,7200,901,47,0,4798,4798,10,260,104,5397,3573,-926
6,14967,6|14967,1339,115,6,0,1117,1117,0,1,3,1132,338,-13
6,14968,6|14968,2830,325,17,0,1280,1280,5,108,73,1869,1988,-758
6,14970,6|14970,1883,245,13,0,1304,1304,0,36,15,1181,860,85
6,14989,6|14989,2531,257,14,0,1796,1796,0,54,24,1674,1046,58
6,14990,6|14990,3654,381,20,0,1912,1912,1,51,48,2904,2175,-1072
6,14991,6|14991,2075,119,6,0,1155,1155,0,4,6,1412,1043,-261
6,15004,6|15004,440,0,4,0,190,190,0,50,105,264,300,-225
6,15006,6|15006,556,0,4,0,414,414,0,50,67,341,192,-40
6,15007,6|15007,1033,155,8,0,594,594,0,240,156,595,834,-389
6,15021,6|15021,3289,363,19,0,1802,1802,2,56,8,2538,1908,-783
6,15023,6|15023,5082,346,18,0,4489,4489,0,52,21,4157,991,277
6,15024,6|15024,6602,590,31,0,3834,3834,19,144,25,4878,3521,-1201
6,15168,6|15168,1120,866,46,0,169,169,4,109,25,959,1930,-882
6,15393,6|15393,4137,345,18,0,3498,3498,0,116,62,3298,1100,40
6,15394,6|15394,2790,364,19,0,1671,1671,5,56,12,2055,1544,-438
6,15395,6|15395,5472,591,31,0,3167,3167,13,206,95,4185,3115,-1301
6,15619,6|15619,360,116,6,0,352,352,28,81,53,2030,233,-1834
6,15620,6|15620,4060,139,7,0,817,817,20,152,77,3957,3554,-3382
6,15658,6|15658,11616,0,0,0,7151,7151,57,218,184,9663,4740,-2971
6,17109,6|17109,776,118,6,0,419,419,0,5,5,466,480,-51
6,17110,6|17110,1365,379,20,0,827,827,0,23,17,1028,940,-221
6,17112,6|17112,916,254,13,0,492,492,0,31,2,488,709,-16
6,17976,6|17976,62400,1469,77,0,28914,28914,1065,1330,489,46953,37350,-20846
6,18611,6|18611,150,0,0,0,0,0,0,2,0,96,152,-98
6,19472,6|19472,18900,917,48,0,3651,3651,75,1964,215,18625,18205,-17180
6,19569,6|19569,18360,0,0,0,2450,2450,90,654,51,17043,16654,-15388
6,19644,6|19644,27360,2025,107,0,3099,3099,85,1192,398,20844,27563,-19313
6,20055,6|20055,548,0,4,0,194,194,0,102,270,183,456,-357
6,20059,6|20059,676,0,4,0,558,558,0,72,207,294,190,-11
6,20061,6|20061,1287,156,8,0,835,835,0,497,312,508,1105,-474
6,21465,6|21465,12000,762,40,0,1925,1925,32,760,152,11013,11629,-9992
6,21466,6|21466,12000,762,40,0,1765,1765,23,838,104,11736,11858,-10896
6,21468,6|21468,10720,851,45,0,1465,1465,15,594,123,9627,10715,-8849
6,22242,6|22242,13056,2860,167,0,2419,2419,82,1297,194,11631,14876,-10618
6,22244,6|22244,1920,2683,169,0,1479,1479,51,823,175,6852,3998,-6253
6,22245,6|22245,4032,2726,156,0,1258,1258,34,494,29,4311,6028,-3454
6,23097,6|23097,3187,341,18,0,2777,2777,0,17,11,2506,768,261
6,23098,6|23098,2254,372,20,0,1516,1516,1,25,3,1637,1136,-130
6,23099,6|23099,4252,576,30,0,2158,2158,19,113,7,3218,2802,-1169
6,23133,6|23133,2513,252,13,0,1847,1847,1,47,18,1861,966,-67
6,23134,6|23134,2161,118,6,0,1056,1056,0,15,9,1336,1238,-298
6,23135,6|23135,3704,370,20,0,1837,1837,1,77,63,2825,2315,-1109
6,23137,6|23137,2040,152,8,0,1583,1583,0,61,5,1499,670,26
6,23138,6|23138,1375,0,5,0,897,897,0,10,8,1119,488,-235
6,23139,6|23139,3062,249,13,0,1445,1445,0,110,93,2174,1976,-919
6,24053,6|24053,1580,0,0,0,50,50,0,11,1,163,1541,-125
6,24054,6|24054,840,0,0,0,53,53,0,1,1,228,788,-177
6,24819,6|24819,11808,983,52,0,2814,2814,71,2097,212,15191,12145,-14705
6,24820,6|24820,15840,983,52,0,2931,2931,53,1446,101,16261,15391,-14878
6,24839,6|24839,1500,0,1,0,147,147,0,106,0,1290,1459,-1248
6,24840,6|24840,1500,14,0,0,153,153,0,23,0,1339,1384,-1209
6,24960,6|24960,4224,653,34,0,1276,1276,34,541,129,4728,4176,-4122
6,25602,6|25602,3600,743,39,0,570,570,8,204,54,3108,3985,-2765
6,27978,6|27978,450,44,0,0,0,0,0,8,0,6,502,-14
6,30442,6|30442,1277,76,4,0,924,924,0,53,6,824,482,45
6,30443,6|30443,1228,0,2,0,580,580,0,6,5,864,654,-293
6,30444,6|30444,2415,134,7,0,1217,1217,9,51,27,1396,1392,-259
6,30445,6|30445,2223,105,6,0,1453,1453,6,14,3,1605,895,-169
6,30446,6|30446,3177,116,6,0,2522,2522,0,40,11,2290,811,187
6,30447,6|30447,4295,234,12,0,2012,2012,14,81,15,3060,2612,-1146
6,32052,6|32052,13968,960,51,0,2747,2747,56,1404,138,16524,13641,-15324
6,32053,6|32053,2304,548,29,0,1477,1477,26,1110,78,5377,2511,-5085
6,32054,6|32054,8784,960,51,0,2054,2054,44,1226,94,13518,8960,-12777
6,32116,6|32116,3640,432,23,0,963,963,9,400,13,3868,3518,-3304
6,32117,6|32117,17640,599,32,0,3129,3129,60,1991,369,17196,17161,-16455
6,32629,6|32629,2520,299,16,0,762,762,4,400,28,2539,2461,-2193
6,33204,6|33204,13340,138,7,0,1375,1375,25,613,903,10243,12741,-10402
6,33205,6|33205,2470,63,3,0,194,194,0,138,25,625,2477,-591
6,33851,6|33851,14400,166,9,0,2866,2866,55,804,145,21266,12559,-19395
6,33852,6|33852,27100,214,11,0,4067,4067,60,1763,513,26856,25070,-25114
6,33853,6|33853,23400,332,18,0,3302,3302,30,698,440,21090,21158,-18938
6,33854,6|33854,18930,118,6,0,2180,2180,46,1128,279,13994,18042,-13261
6,33855,6|33855,3000,154,8,0,368,368,0,110,6,1731,2896,-1471
6,34346,6|34346,1920,0,0,0,356,356,10,228,34,1442,1802,-1358
6,34347,6|34347,6720,0,0,0,658,658,12,336,19,2151,6410,-1860
6,34752,6|34752,17700,0,0,0,2557,2557,23,1069,1450,14883,16235,-14868
6,34753,6|34753,22650,0,0,0,3073,3073,53,1467,1794,18864,21097,-19105
6,34754,6|34754,21100,0,0,0,2927,2927,62,1245,1379,18680,19480,-18439
6,34755,6|34755,13050,0,0,0,1415,1415,15,586,196,8921,12236,-8303
6,34757,6|34757,14500,0,0,0,947,947,30,676,239,10622,14259,-10620
6,34758,6|34758,36870,0,0,0,3396,3396,71,789,269,22061,34334,-19794
6,34759,6|34759,14700,0,0,0,120,120,3,51,7,525,14634,-466
6,35328,6|35328,2016,0,0,0,277,277,22,216,20,1741,1977,-1722
6,35329,6|35329,4104,0,0,0,593,593,14,282,71,3495,3807,-3269
6,35330,6|35330,1080,0,0,0,138,138,6,68,21,681,1016,-638
6,35375,6|35375,5520,0,0,0,1339,1339,38,490,229,5557,4709,-4975
6,35919,6|35919,2041,0,0,0,912,912,0,0,10,1340,1129,-438
6,35920,6|35920,2106,0,0,0,1491,1491,0,18,3,1452,633,18
6,35921,6|35921,3359,0,0,0,1889,1889,1,31,54,2536,1502,-733
6,36437,6|36437,62640,0,0,0,4659,4659,540,1291,130,36357,59812,-33659
6,36563,6|36563,22152,0,0,0,1008,1008,41,223,77,5132,21408,-4465
6,36571,6|36571,12000,0,0,0,0,0,0,0,0,0,12000,0
6,38162,6|38162,1970,0,0,0,307,307,6,102,199,1319,1771,-1319
6,38621,6|38621,22368,0,0,0,2639,2639,75,383,85,20216,20187,-18120
6,38622,6|38622,9468,0,0,0,937,937,14,360,59,7723,8905,-7219
6,38623,6|38623,7968,0,0,0,1190,1190,54,417,77,7575,7249,-6933
6,38998,6|38998,17400,0,0,0,53,53,0,53,1,474,17400,-475
6,39891,6|39891,8400,0,0,0,1460,1460,35,293,37,6836,7268,-5741
6,40223,6|40223,14400,0,0,0,1655,1655,32,332,27,11648,13109,-10384
6,40224,6|40224,14400,0,0,0,1602,1602,19,277,42,11313,13094,-10049
6,40604,6|40604,2520,0,0,0,532,532,12,164,17,2280,2164,-1941
6,40605,6|40605,180,0,0,0,18,18,0,6,2,65,168,-55
6,40606,6|40606,1275,0,0,0,385,385,13,90,17,1221,993,-956
6,40607,6|40607,640,0,0,0,119,119,0,15,3,289,536,-188
6,40608,6|40608,1200,0,0,0,188,188,2,33,3,466,1047,-316
6,40609,6|40609,960,0,0,0,16,16,0,1,1,138,945,-124
6,40610,6|40610,1260,0,0,0,289,289,9,87,9,1008,1067,-824
6,40611,6|40611,5880,0,0,0,1048,1048,59,172,30,5387,5063,-4600
6,40777,6|40777,132,0,0,0,221,221,1,6,0,255,-82,-41
6,40778,6|40778,344,0,0,0,112,112,0,7,3,83,239,19
6,40779,6|40779,126,0,0,0,321,321,0,7,49,273,-188,-8
6,40780,6|40780,474,0,0,0,49,49,0,6,40,83,431,-80
6,40781,6|40781,288,0,0,0,511,511,1,53,42,484,-169,-69
6,40782,6|40782,856,0,0,0,228,228,0,72,56,148,700,-48
6,41083,6|41083,4800,0,0,0,270,270,42,150,0,3912,4722,-3834
6,41084,6|41084,1188,0,0,0,236,236,2,91,0,1102,1045,-959
6,41085,6|41085,6450,0,0,0,870,870,2,153,49,4155,5735,-3489
6,41392,6|41392,360,0,0,0,125,125,0,6,3,317,241,-201
6,41393,6|41393,270,0,0,0,120,120,0,4,0,185,154,-69
6,41395,6|41395,2040,0,0,0,141,141,6,54,7,831,1959,-757
6,41396,6|41396,2040,0,0,0,431,431,10,80,16,1674,1699,-1349
6,42172,6|42172,4700,0,0,0,691,691,5,100,116,3169,4114,-2699
6,42173,6|42173,7805,0,0,0,708,708,32,146,511,3178,7275,-3159
6,42738,6|42738,4320,0,0,0,0,0,0,0,0,0,4320,0
6,42768,6|42768,2880,0,0,0,336,336,8,82,5,2521,2634,-2280
6,42769,6|42769,10944,0,0,0,1101,1101,36,275,25,8983,10154,-8218
6,42770,6|42770,2880,0,0,0,325,325,18,118,20,2169,2691,-2000
6,42771,6|42771,7200,0,0,0,897,897,17,197,17,5900,6517,-5234
6,42787,6|42787,5700,0,0,0,412,412,0,119,0,2696,5407,-2403
6,42788,6|42788,3300,0,0,0,0,0,0,0,0,0,3300,0
6,43280,6|43280,112,0,0,0,43,43,0,12,45,56,81,-70
6,43281,6|43281,84,0,0,0,73,73,0,3,0,47,14,23
6,43282,6|43282,242,0,0,0,176,176,0,12,89,143,78,-68
6,43283,6|43283,760,0,0,0,738,738,0,5,3,706,27,24
6,43284,6|43284,685,0,0,0,207,207,0,5,2,271,483,-71
6,43285,6|43285,465,0,0,0,95,95,1,8,0,346,379,-260
6,43286,6|43286,386,0,0,0,305,305,0,1,0,262,82,42
6,43287,6|43287,1108,0,0,0,759,759,0,34,0,831,383,-106
6,43288,6|43288,662,0,0,0,508,508,1,15,12,485,170,-5
6,43977,6|43977,2160,0,0,0,371,371,17,47,4,2017,1853,-1714
6,43980,6|43980,960,0,0,0,217,217,0,16,0,664,759,-463
6,43987,6|43987,960,0,0,0,319,319,0,54,0,778,695,-513
6,43988,6|43988,1530,0,0,0,44,44,0,24,0,1319,1510,-1299
6,44244,6|44244,1600,0,0,0,383,383,1,46,10,2633,1264,-2307
6,44514,6|44514,9312,0,0,0,387,387,1,90,2,1626,9016,-1332
6,44516,6|44516,8760,0,0,0,344,344,9,91,0,1917,8516,-1673
6,45129,6|45129,300,0,0,0,1,1,0,6,0,200,305,-205
6,45130,6|45130,570,0,0,0,0,0,0,6,0,105,576,-111
6,45148,6|45148,1200,0,0,0,82,82,0,0,0,126,1118,-44
6,45166,6|45166,1512,0,0,0,66,66,0,15,0,243,1461,-192
6,45167,6|45167,6000,0,0,0,90,90,0,10,0,246,5920,-166
6,45168,6|45168,1200,0,0,0,0,0,0,0,0,0,1200,0
6,45170,6|45170,1200,0,0,0,23,23,0,69,0,663,1246,-709
6,45171,6|45171,1200,0,0,0,6,6,0,8,0,163,1202,-165
6,45172,6|45172,1200,0,0,0,27,27,0,20,0,597,1193,-590
6,45221,6|45221,7920,0,0,0,357,357,8,89,1,2992,7660,-2733
8,10890,8|10890,61440,1905,100,0,10,10,186,1596,772,63199,65117,-65643
8,10945,8|10945,15840,1087,57,0,0,0,28,407,167,5412,17362,-5957
8,10953,8|10953,390,0,0,0,0,0,0,3,0,162,393,-165
8,10975,8|10975,4632,1130,60,0,16,16,8,264,121,3686,6018,-4003
8,10977,8|10977,56736,1327,70,0,47,47,73,1196,338,42682,59285,-44172
8,10990,8|10990,6600,1370,72,0,0,0,5,252,77,4966,8227,-5228
8,10995,8|10995,2760,245,13,0,8,8,18,256,55,2657,3271,-2965
8,11018,8|11018,55500,1572,83,0,23,23,57,1938,403,45680,59044,-47972
8,11021,8|11021,45144,0,0,0,16,16,64,1492,275,41417,46684,-43232
8,11025,8|11025,2280,527,28,0,0,0,11,198,42,2296,3016,-2519
8,11055,8|11055,7968,1280,67,0,21,21,13,231,101,3438,9471,-3695
8,11067,8|11067,50520,0,0,0,31,31,87,1462,666,57022,52038,-59206
8,11068,8|11068,69660,1333,70,0,50,50,160,2218,871,65848,73321,-68977
8,11104,8|11104,14640,1174,62,0,28,28,74,1035,324,15437,16895,-16780
8,11145,8|11145,5960,0,0,0,28,28,4,388,20,5618,6324,-6002
8,11162,8|11162,4560,2640,139,0,0,0,2,118,20,3284,7320,-3285
8,11164,8|11164,576,0,0,0,0,0,0,0,1,16,576,-17
8,11168,8|11168,4080,3,0,0,0,0,17,199,40,3985,4299,-4241
8,11178,8|11178,1980,0,0,0,0,0,0,0,0,0,1980,0
8,11189,8|11189,58212,960,51,0,36,36,114,1533,616,60863,60783,-63039
8,11235,8|11235,68400,2305,149,0,30,30,135,2168,688,62434,72978,-65246
8,11253,8|11253,48192,2641,146,0,47,47,133,2099,391,44909,53018,-47339
8,11382,8|11382,17280,3030,172,0,8,8,31,145,62,2443,20478,-2501
8,11420,8|11420,36630,1616,85,0,18,18,96,1272,383,30123,39596,-31771
8,11464,8|11464,4608,50,3,0,8,8,11,204,129,3218,4865,-3551
8,11820,8|11820,8960,1006,53,0,8,8,17,692,239,10173,10667,-11060
8,11955,8|11955,8640,2499,132,0,0,0,31,402,73,6125,11572,-6499
8,11979,8|11979,1920,0,0,0,0,0,5,125,22,1828,2050,-1980
8,11980,8|11980,1440,0,4,0,0,0,3,82,28,1466,1525,-1575
8,11996,8|11996,3600,316,17,0,8,8,9,231,78,3677,4148,-3970
8,12001,8|12001,61824,1374,72,0,8,8,30,233,89,10636,63453,-10908
8,12084,8|12084,2400,284,15,0,6,6,16,566,156,5458,3260,-6175
8,12118,8|12118,4080,357,19,0,0,0,22,198,72,3005,4657,-3278
8,12119,8|12119,840,0,3,0,0,0,8,42,24,767,890,-838
8,12170,8|12170,1200,586,31,0,0,0,0,0,0,0,1786,31
8,14635,8|14635,480,0,0,0,0,0,0,0,0,0,480,0
8,14803,8|14803,480,0,0,0,0,0,0,0,0,0,480,0
8,15100,8|15100,1980,0,0,0,0,0,0,0,0,0,1980,0
8,15209,8|15209,9792,0,0,0,0,0,0,0,0,0,9792,0
8,15569,8|15569,3600,4,0,0,20,20,117,2767,543,45762,6468,-49169
8,15675,8|15675,213192,13965,805,0,85,85,654,8017,1852,182107,235743,-191740
8,15984,8|15984,2131,326,17,0,0,0,0,0,0,0,2457,17
8,16347,8|16347,54900,1240,65,0,20,20,134,2946,619,52846,59200,-56460
8,16549,8|16549,1200,0,0,0,0,0,0,0,0,0,1200,0
8,18581,8|18581,7380,0,0,0,0,0,0,7,0,0,7387,-7
8,19505,8|19505,38976,0,0,0,0,0,0,0,0,0,38976,0
8,19956,8|19956,43848,2983,169,0,0,0,58,1064,319,23129,47953,-24401
8,20863,8|20863,12400,898,47,0,12,12,27,1647,363,8231,14960,-10209
8,21799,8|21799,2400,154,8,0,0,0,14,128,34,3128,2696,-3296
8,21800,8|21800,6840,2561,147,0,0,0,0,0,1,109,9401,37
8,21813,8|21813,5760,1092,58,0,0,0,20,1622,380,6038,8494,-8002
8,22234,8|22234,12480,0,0,0,0,0,0,0,0,7,12480,-7
8,23030,8|23030,1080,0,1,0,0,0,0,26,0,366,1106,-391
8,23159,8|23159,2400,793,42,0,0,0,3,113,36,1482,3309,-1592
8,23265,8|23265,24080,1048,55,0,21,21,57,1590,388,23053,26754,-25012
8,24028,8|24028,480,0,0,0,0,0,0,0,0,0,480,0
8,24118,8|24118,5950,0,0,0,36,36,4,244,5,5632,6162,-5849
8,24213,8|24213,23040,1918,101,0,0,0,8,326,76,3227,25292,-3536
8,24214,8|24214,78048,1821,96,0,0,0,6,390,37,5112,80265,-5449
8,24833,8|24833,17280,1227,65,0,26,26,47,1238,261,17754,19766,-19209
8,24834,8|24834,19680,1227,65,0,26,26,46,1418,313,18113,22345,-19799
8,24851,8|24851,3600,905,48,0,6,6,18,378,146,4738,4895,-5226
8,24852,8|24852,5400,833,44,0,17,17,16,508,228,6602,6740,-7293
8,24877,8|24877,19000,484,26,0,14,14,91,2265,473,19062,21826,-21851
8,24878,8|24878,19000,491,26,0,18,18,47,2997,842,19074,22517,-22916
8,25426,8|25426,4800,1092,58,0,0,0,0,103,23,640,5995,-708
8,25480,8|25480,257,0,0,0,0,0,13,77,126,48,347,-264
8,25481,8|25481,1062,148,8,0,0,0,27,41,665,284,1278,-1009
8,25482,8|25482,187,0,0,0,0,0,13,41,114,37,241,-205
8,25483,8|25483,230,0,2,0,0,0,8,49,96,67,287,-218
8,25484,8|25484,198,24,0,0,0,0,7,41,123,21,270,-192
8,25485,8|25485,197,0,0,0,0,0,12,37,148,29,246,-226
8,25517,8|25517,36000,1783,94,0,0,0,87,3090,544,36461,40960,-40088
8,25518,8|25518,21600,2011,106,0,8,8,69,1483,378,23947,25155,-25763
8,25721,8|25721,3000,0,0,0,0,0,0,0,0,0,3000,0
8,26851,8|26851,2400,0,0,0,0,0,0,0,0,0,2400,0
8,26939,8|26939,38208,0,0,0,0,0,0,0,0,0,38208,0
8,27207,8|27207,216,0,0,0,0,0,0,0,0,0,216,0
8,27209,8|27209,4128,304,16,0,7,7,14,882,386,4254,5321,-5513
8,27693,8|27693,3000,978,52,0,0,0,0,0,0,0,3978,52
8,27696,8|27696,47700,973,51,0,0,0,4,80,6,1146,48757,-1185
8,27723,8|27723,960,456,24,0,0,0,13,734,277,2706,2163,-3706
8,27771,8|27771,27072,0,3,0,0,0,2,84,13,1249,27158,-1345
8,28053,8|28053,2640,209,11,0,0,0,0,9,0,719,2858,-717
8,29576,8|29576,2640,0,4,0,0,0,0,6,11,1239,2646,-1252
8,30186,8|30186,8000,1349,71,0,12,12,29,1007,370,12036,10373,-13359
8,30221,8|30221,8100,0,0,0,0,0,0,0,0,0,8100,0
8,30429,8|30429,2040,0,2,0,0,0,1,105,21,1580,2146,-1705
8,31263,8|31263,768,0,0,0,0,0,6,31,5,679,805,-721
8,31298,8|31298,480,0,5,0,0,0,10,79,47,722,569,-853
8,31323,8|31323,4320,856,45,0,0,0,18,590,147,7293,5784,-8003
8,31680,8|31680,4800,476,25,0,6,6,35,1532,475,7052,6837,-9063
8,32143,8|32143,24192,1286,68,0,19,19,58,1622,553,28312,27139,-30458
8,32181,8|32181,3600,0,0,0,0,0,0,23,0,408,3623,-431
8,32738,8|32738,900,0,0,0,0,0,3,100,5,1385,1003,-1493
8,33309,8|33309,600,0,4,0,0,0,2,53,20,1277,655,-1348
8,33375,8|33375,2496,151,8,0,0,0,0,142,10,1317,2789,-1461
8,33455,8|33455,300,0,0,0,0,0,0,0,0,0,300,0
8,33626,8|33626,700,0,0,0,0,0,2,197,74,538,899,-811
8,33627,8|33627,1400,0,0,0,0,0,0,1261,93,279,2661,-1633
8,33861,8|33861,480,0,0,0,0,0,0,6,0,0,486,-6
8,33863,8|33863,7992,0,2,0,12,12,30,851,459,6348,8861,-7674
8,33864,8|33864,6930,0,2,0,19,19,29,848,479,5152,7788,-6487
8,34405,8|34405,5040,0,0,0,6,6,3,277,58,4724,5314,-5056
8,34431,8|34431,33120,0,0,0,0,0,0,0,0,0,33120,0
8,34452,8|34452,7224,0,0,0,26,26,15,523,245,6734,7736,-7491
8,34453,8|34453,6264,0,0,0,20,20,17,368,223,5941,6629,-6529
8,34701,8|34701,5590,0,0,0,0,0,10,927,308,4162,6527,-5407
8,35334,8|35334,15480,0,0,0,10,10,27,1148,179,10141,16645,-11485
8,35393,8|35393,10500,0,0,0,0,0,19,2028,407,9851,12547,-12305
8,35394,8|35394,1800,0,0,0,12,12,19,249,85,1538,2056,-1879
8,35693,8|35693,10800,0,0,0,0,0,0,28,27,184,10828,-239
8,36095,8|36095,17040,0,0,0,17,17,55,790,297,15631,17868,-16756
8,36303,8|36303,2400,0,0,0,6,6,1,245,53,509,2640,-802
8,36360,8|36360,1900,0,0,0,4,4,8,329,87,1496,2233,-1916
8,36386,8|36386,1350,0,0,0,6,6,0,137,18,502,1481,-651
8,36394,8|36394,10800,0,0,0,0,0,0,35,20,250,10835,-305
8,36399,8|36399,3500,0,0,0,0,0,5,145,45,3328,3650,-3523
8,36400,8|36400,6000,0,0,0,0,0,23,420,170,4446,6443,-5059
8,36401,8|36401,5328,0,0,0,6,6,6,284,121,5059,5612,-5464
8,36498,8|36498,11520,0,0,0,6,6,22,848,182,5534,12384,-6580
8,36499,8|36499,9360,0,0,0,6,6,9,582,191,5683,9945,-6459
8,36503,8|36503,24020,0,0,0,30,30,23,1485,302,21341,25498,-23121
8,36652,8|36652,4992,0,0,0,0,0,24,244,100,4880,5260,-5248
8,37046,8|37046,6450,0,0,0,6,6,0,113,41,1745,6557,-1893
8,37047,8|37047,11340,0,0,0,6,6,8,264,64,4330,11606,-4660
8,37270,8|37270,19350,0,0,0,14,14,17,1088,231,15299,20441,-16621
8,37273,8|37273,3000,0,0,0,0,0,0,0,0,0,3000,0
8,37285,8|37285,76560,0,0,0,22,22,141,2732,443,72337,79411,-75631
8,37493,8|37493,74160,0,0,0,22,22,168,3410,422,69479,77716,-73457
8,37697,8|37697,5760,0,0,0,0,0,6,409,91,5392,6175,-5898
8,37838,8|37838,6120,0,0,0,6,6,13,469,50,5009,6596,-5535
8,38390,8|38390,480,0,0,0,0,0,0,85,12,420,565,-517
8,38391,8|38391,480,0,0,0,0,0,1,111,17,690,592,-819
8,38989,8|38989,15438,0,0,0,0,0,0,20,1,395,15458,-416
8,38990,8|38990,13600,0,0,0,8,8,12,615,60,10766,14219,-11445
8,39739,8|39739,1440,0,0,0,2,2,3,180,19,2508,1621,-2708
8,39740,8|39740,1440,0,0,0,0,0,3,200,18,3877,1643,-4098
8,39832,8|39832,11808,0,0,0,6,6,74,2510,290,23077,14386,-25945
8,40052,8|40052,1800,0,0,0,0,0,0,32,0,751,1832,-783
8,40058,8|40058,1008,0,0,0,0,0,0,0,0,0,1008,0
8,40059,8|40059,1020,0,0,0,0,0,0,0,0,0,1020,0
8,40060,8|40060,1020,0,0,0,0,0,0,0,0,0,1020,0
8,40509,8|40509,3960,0,0,0,8,8,5,413,43,4427,4370,-4880
8,40972,8|40972,11520,0,0,0,46,46,62,1190,129,16212,12726,-17547
8,40974,8|40974,8832,0,0,0,62,62,47,1109,80,17973,9926,-19147
8,41236,8|41236,1560,0,0,0,0,0,0,92,3,693,1652,-788
8,41238,8|41238,800,0,0,0,16,16,0,138,0,636,922,-758
8,42157,8|42157,9504,0,0,0,1,1,23,533,8,5002,10059,-5565
8,42741,8|42741,8550,0,0,0,6,6,6,188,11,5610,8738,-5809
8,42742,8|42742,6000,0,0,0,0,0,2,74,3,1920,6076,-1999
8,42743,8|42743,3552,0,0,0,0,0,2,38,2,1719,3592,-1761
8,42744,8|42744,3100,0,0,0,0,0,0,84,0,1158,3184,-1242
8,43534,8|43534,2300,0,0,0,0,0,0,67,2,1014,2367,-1083
8,43677,8|43677,960,0,0,0,0,0,0,30,6,222,990,-258
8,43702,8|43702,540,0,0,0,0,0,0,2,0,253,542,-255
8,43727,8|43727,4560,0,0,0,0,0,0,117,0,3906,4677,-4023
8,43730,8|43730,2880,0,0,0,0,0,2,120,2,2122,3002,-2246
8,43735,8|43735,2400,0,0,0,0,0,0,56,1,1297,2456,-1354
8,43736,8|43736,1500,0,0,0,0,0,0,49,4,1196,1549,-1249
8,43737,8|43737,7680,0,0,0,0,0,1,186,1,5045,7867,-5233
8,43738,8|43738,3150,0,0,0,0,0,5,42,0,2219,3197,-2266
8,43995,8|43995,600,0,0,0,0,0,1,66,0,358,667,-425
8,44047,8|44047,1620,0,0,0,0,0,0,46,12,957,1666,-1015
8,44069,8|44069,2816,0,0,0,0,0,0,15,0,96,2831,-111
8,44115,8|44115,2952,0,0,0,0,0,2,14,1,1440,2968,-1457
8,44116,8|44116,8400,0,0,0,0,0,11,65,3,5384,8476,-5463
8,44384,8|44384,450,0,0,0,0,0,0,15,0,397,465,-412
8,44385,8|44385,450,0,0,0,0,0,0,11,0,420,461,-431
8,44386,8|44386,450,0,0,0,0,0,0,0,0,0,450,0
8,44604,8|44604,446,0,0,0,54,54,0,157,0,40,549,-143
8,44924,8|44924,500,0,0,0,0,0,0,0,0,7,500,-7
8,44929,8|44929,936,0,0,0,0,0,0,0,0,0,936,0
8,44934,8|44934,2010,0,0,0,0,0,0,0,0,12,2010,-12
8,44957,8|44957,2000,0,0,0,0,0,0,1,0,336,2001,-337
8,45047,8|45047,1080,0,0,0,0,0,0,6,0,391,1086,-397
8,45048,8|45048,960,0,0,0,0,0,0,4,0,202,964,-206
8,45054,8|45054,780,0,0,0,0,0,0,6,0,139,786,-145
8,45155,8|45155,800,0,0,0,0,0,0,0,0,18,800,-18
8,45156,8|45156,500,0,0,0,0,0,0,0,0,4,500,-4
8,45373,8|45373,720,0,0,0,0,0,1,7,11,573,728,-592
8,45468,8|45468,800,0,0,0,0,0,0,0,0,4,800,-4
8,45469,8|45469,498,0,0,0,0,0,0,12,0,23,510,-35
8,45536,8|45536,1728,0,0,0,0,0,0,112,0,922,1840,-1034
8,45561,8|45561,1020,0,0,0,0,0,0,0,0,120,1020,-120
8,45583,8|45583,1000,0,0,0,0,0,0,0,0,24,1000,-24
8,45584,8|45584,1000,0,0,0,0,0,0,0,0,10,1000,-10
8,45585,8|45585,1000,0,0,0,0,0,0,0,0,14,1000,-14
8,45586,8|45586,1000,0,0,0,0,0,0,0,0,14,1000,-14
8,45661,8|45661,1152,0,0,0,0,0,0,16,0,2,1168,-18
8,45662,8|45662,1152,0,0,0,0,0,0,0,0,0,1152,0
8,45664,8|45664,540,0,0,0,0,0,0,0,0,0,540,0
8,45669,8|45669,1620,0,0,0,0,0,3,0,0,1,1623,-4
8,45672,8|45672,1056,0,0,0,0,0,0,0,0,8,1056,-8
8,45674,8|45674,1000,0,0,0,0,0,0,0,0,0,1000,0
8,45677,8|45677,420,0,0,0,0,0,0,0,0,0,420,0
8,45695,8|45695,1200,0,0,0,0,0,0,0,0,0,1200,0
8,45696,8|45696,960,0,0,0,0,0,0,0,0,0,960,0
8,45756,8|45756,360,0,0,0,0,0,0,0,0,0,360,0
9,8479,9|8479,1008,0,0,0,0,0,1,60,0,954,1069,-1015
9,8489,9|8489,240,0,0,0,0,0,0,31,0,602,271,-633
9,8490,9|8490,216,0,3,0,0,0,0,15,0,299,231,-311
9,8533,9|8533,900,0,0,0,0,0,0,152,15,2818,1052,-2985
9,8537,9|8537,816,0,0,0,0,0,0,7,0,14,823,-21
9,8560,9|8560,2100,141,7,0,0,0,0,243,0,1467,2484,-1703
9,8565,9|8565,4500,127,7,0,0,0,3,366,13,5868,4996,-6243
9,8587,9|8587,180,0,0,0,0,0,0,10,0,141,190,-151
9,8595,9|8595,1200,1581,83,0,0,0,0,23,2,1123,2804,-1065
9,8597,9|8597,476,0,0,0,0,0,0,98,5,1353,574,-1456
9,8603,9|8603,2700,160,8,0,0,0,4,520,17,5042,3384,-5575
9,8610,9|8610,400,750,40,0,0,0,2,107,0,273,1259,-342
9,8613,9|8613,1008,1142,60,0,0,0,0,8,3,915,2158,-866
9,8614,9|8614,816,490,26,0,0,0,0,5,0,715,1311,-694
9,8617,9|8617,6216,567,30,0,1,1,0,654,43,6429,7436,-7095
9,8619,9|8619,6216,454,24,0,0,0,0,545,54,5463,7215,-6038
9,8626,9|8626,2160,0,0,0,0,0,7,548,0,3476,2715,-4031
9,8627,9|8627,9312,0,3,0,0,0,0,1404,111,7149,10716,-8661
9,8629,9|8629,9810,288,15,0,0,0,0,556,48,4814,10654,-5403
9,8630,9|8630,2160,0,0,0,0,0,0,10,0,102,2170,-112
9,8634,9|8634,840,0,2,0,23,23,1,195,0,1586,1013,-1757
9,8637,9|8637,2184,139,7,0,0,0,0,112,75,806,2435,-986
9,8639,9|8639,7168,698,37,0,3,3,0,545,90,5401,8408,-5996
9,8641,9|8641,1650,0,0,0,0,0,0,59,0,1415,1709,-1474
9,8642,9|8642,2409,85,4,0,0,0,2,328,75,3055,2824,-3456
9,8646,9|8646,1404,0,3,0,0,0,5,234,64,1219,1643,-1519
9,8650,9|8650,600,0,0,0,0,0,4,189,0,646,793,-839
9,8654,9|8654,600,0,5,0,0,0,0,36,22,620,636,-673
9,8656,9|8656,672,994,52,0,0,0,0,121,0,947,1787,-1016
9,8657,9|8657,1200,504,27,0,0,0,0,75,0,247,1779,-295
9,8660,9|8660,684,965,51,0,0,0,0,16,0,657,1665,-622
9,8661,9|8661,240,1054,56,0,0,0,0,1,8,236,1295,-189
9,8662,9|8662,1116,256,14,0,0,0,0,89,26,1004,1461,-1105
9,8663,9|8663,720,782,41,0,0,0,1,3,7,442,1506,-412
9,8664,9|8664,1080,346,18,0,0,0,0,22,17,1031,1448,-1052
9,8665,9|8665,408,514,27,0,0,0,0,61,0,747,983,-781
9,8671,9|8671,1152,136,7,0,0,0,0,96,9,13,1384,-111
9,8680,9|8680,5320,485,26,0,2,2,1,516,57,4676,6320,-5222
9,8686,9|8686,264,897,47,0,0,0,0,15,33,720,1176,-721
9,8687,9|8687,540,148,8,0,0,0,7,537,8,2648,1232,-3192
9,8709,9|8709,450,0,0,0,0,0,0,3,0,2,453,-5
9,8937,9|8937,150,0,2,0,0,0,0,37,0,134,187,-169
9,8952,9|8952,640,0,0,0,0,0,0,158,0,405,798,-563
9,8955,9|8955,840,0,0,0,0,0,0,11,6,349,851,-366
9,9812,9|9812,840,0,4,0,0,0,0,4,5,32,844,-37
9,12174,9|12174,900,115,6,0,0,0,6,475,6,2413,1496,-2894
9,14255,9|14255,600,8,0,0,20,20,2,132,0,4869,722,-4983
9,14298,9|14298,236,0,0,0,0,0,2,93,0,542,331,-637
9,14495,9|14495,324,168,9,0,0,0,0,3,0,312,495,-306
9,14496,9|14496,1200,382,20,0,0,0,0,52,0,960,1634,-992
9,14800,9|14800,540,5,0,0,19,19,7,415,0,9603,948,-10006
9,14805,9|14805,1560,0,0,0,0,0,0,0,0,0,1560,0
9,15098,9|15098,1440,142,8,0,0,0,1,179,33,1918,1762,-2123
9,15149,9|15149,480,0,0,0,0,0,0,0,0,0,480,0
9,15246,9|15246,560,141,7,0,0,0,0,74,18,188,775,-273
9,15503,9|15503,2400,478,25,0,0,0,0,64,0,1440,2942,-1479
9,15876,9|15876,2760,0,5,0,0,0,2,263,125,2519,3025,-2904
9,16344,9|16344,3360,0,0,0,0,0,0,27,4,1924,3387,-1955
9,16981,9|16981,720,943,50,0,0,0,0,5,3,692,1668,-650
9,18001,9|18001,640,207,11,0,0,0,0,1281,54,3849,2128,-5173
9,19141,9|19141,3630,0,3,0,0,0,6,588,143,1991,4224,-2725
9,19805,9|19805,2400,0,2,0,0,0,2,174,0,1510,2576,-1684
9,19806,9|19806,1236,0,0,0,0,0,0,307,0,1219,1543,-1526
9,20111,9|20111,210,0,0,0,0,0,2,61,2,408,273,-473
9,20112,9|20112,3120,21,0,0,0,0,0,315,154,1018,3456,-1487
9,21372,9|21372,540,0,0,0,0,0,0,17,1,471,557,-489
9,22275,9|22275,144,0,0,0,14,14,0,13,0,463,143,-462
9,22365,9|22365,432,0,0,0,0,0,0,25,0,285,457,-310
9,23274,9|23274,1000,0,0,0,0,0,13,391,1,703,1404,-1108
9,23275,9|23275,960,0,0,0,0,0,2,122,5,777,1084,-906
9,23724,9|23724,4140,0,0,0,0,0,5,575,116,2054,4720,-2750
9,24286,9|24286,288,435,23,0,0,0,0,108,0,956,831,-1041
9,25307,9|25307,144,0,0,0,0,0,0,0,0,0,144,0
9,25508,9|25508,480,0,0,0,0,0,1,51,3,353,532,-408
9,25984,9|25984,1200,0,0,0,0,0,1,420,83,1116,1621,-1620
9,25985,9|25985,2460,21,0,0,0,0,0,282,117,1344,2763,-1743
9,26411,9|26411,300,233,12,0,0,0,0,78,0,90,611,-156
9,26873,9|26873,60,0,2,0,0,0,0,2,0,51,62,-51
9,26932,9|26932,90,0,0,0,0,0,0,19,0,84,109,-103
9,26933,9|26933,90,0,0,0,0,0,1,60,0,68,151,-129
9,27384,9|27384,120,0,0,0,0,0,0,99,11,373,219,-483
9,27551,9|27551,1620,0,0,0,0,0,0,113,14,1588,1733,-1715
9,27632,9|27632,864,0,1,0,0,0,0,64,0,729,928,-792
9,27636,9|27636,570,0,0,0,0,0,3,103,0,363,676,-469
9,28120,9|28120,300,0,4,0,0,0,0,40,0,269,340,-305
9,29952,9|29952,704,0,0,0,0,0,0,56,6,6,760,-68
9,30614,9|30614,240,418,22,0,0,0,0,1,0,103,659,-82
9,30615,9|30615,240,399,21,0,0,0,0,121,0,1188,760,-1288
9,30616,9|30616,240,343,18,0,0,0,0,3,0,84,586,-69
9,30617,9|30617,320,374,20,0,0,0,0,107,0,1193,801,-1280
9,30618,9|30618,320,482,25,0,0,0,0,20,0,129,822,-124
9,30712,9|30712,120,0,0,0,0,0,0,50,0,18,170,-68
9,31547,9|31547,240,0,4,0,0,0,0,111,2,162,351,-271
9,31549,9|31549,2010,0,3,0,0,0,0,317,26,1798,2327,-2138
9,31550,9|31550,210,0,3,0,0,0,0,32,0,233,242,-262
9,31551,9|31551,1110,130,7,0,0,0,0,170,0,1306,1410,-1469
9,31553,9|31553,6160,322,17,0,0,0,0,1041,55,7614,7523,-8693
9,31555,9|31555,3648,128,7,0,0,0,0,601,35,5795,4377,-6424
9,31704,9|31704,1152,565,30,0,0,0,0,1508,384,1742,3225,-3604
9,31705,9|31705,576,0,0,0,0,0,0,0,0,0,576,0
9,31747,9|31747,320,0,0,0,0,0,0,22,5,209,342,-236
9,31829,9|31829,264,0,0,0,0,0,0,0,0,3,264,-3
9,31831,9|31831,816,0,0,0,0,0,6,157,7,619,979,-789
9,31836,9|31836,576,0,0,0,0,0,0,0,0,0,576,0
9,32151,9|32151,1104,0,4,0,0,0,3,631,170,870,1738,-1670
9,32152,9|32152,288,246,13,0,3,3,0,1225,346,1960,1756,-3515
9,32154,9|32154,864,0,4,0,0,0,0,239,113,721,1103,-1069
9,32191,9|32191,120,0,0,0,0,0,0,56,6,334,176,-396
9,32192,9|32192,1350,0,5,0,0,0,0,52,13,480,1402,-540
9,32193,9|32193,1500,0,1,0,0,0,4,194,22,1576,1698,-1795
9,32230,9|32230,1020,0,0,0,0,0,6,201,0,880,1227,-1087
9,32563,9|32563,120,0,0,0,0,0,0,82,0,196,202,-278
9,32735,9|32735,960,0,0,0,0,0,0,191,20,1375,1151,-1586
9,32810,9|32810,150,106,6,0,0,0,5,162,57,647,423,-865
9,32834,9|32834,600,0,1,0,0,0,2,79,6,202,681,-288
9,32843,9|32843,400,0,0,0,0,0,0,15,3,237,415,-255
9,32845,9|32845,378,0,0,0,0,0,0,62,1,446,440,-509
9,32846,9|32846,300,102,5,0,0,0,0,35,4,205,437,-239
9,32849,9|32849,80,0,0,0,0,0,0,19,0,49,99,-68
9,32866,9|32866,360,0,0,0,0,0,0,0,5,3,360,-8
9,32867,9|32867,1200,0,0,0,0,0,0,9,0,53,1209,-62
9,32870,9|32870,1800,0,0,0,0,0,0,115,0,757,1915,-872
9,32871,9|32871,1080,0,0,0,0,0,0,0,0,0,1080,0
9,32873,9|32873,720,0,2,0,0,0,0,1,0,15,721,-14
9,32875,9|32875,900,0,0,0,0,0,0,0,0,0,900,0
9,32876,9|32876,2688,121,6,0,0,0,0,0,0,0,2809,6
9,32877,9|32877,792,0,4,0,0,0,0,13,0,52,805,-61
9,32878,9|32878,2150,0,0,0,0,0,0,173,0,844,2323,-1017
9,32879,9|32879,2100,0,0,0,0,0,0,33,0,327,2133,-360
9,32880,9|32880,900,0,0,0,0,0,0,0,0,0,900,0
9,32913,9|32913,1000,0,0,0,0,0,5,252,26,1376,1257,-1659
9,32914,9|32914,1000,0,0,0,0,0,0,228,20,925,1228,-1173
9,32917,9|32917,1000,0,0,0,0,0,2,202,125,1243,1204,-1572
9,32946,9|32946,3060,0,0,0,0,0,0,0,0,0,3060,0
9,32947,9|32947,1320,0,0,0,0,0,0,0,0,0,1320,0
9,32948,9|32948,960,0,0,0,0,0,0,0,0,0,960,0
9,33077,9|33077,1050,147,8,0,0,0,0,152,13,1980,1349,-2137
9,33079,9|33079,300,84,4,0,0,0,7,116,0,650,507,-769
9,33083,9|33083,240,0,0,0,0,0,0,8,0,35,248,-43
9,33084,9|33084,240,0,0,0,0,0,0,26,0,55,266,-81
9,33086,9|33086,240,0,2,0,0,0,0,64,0,171,304,-233
9,33087,9|33087,120,0,0,0,0,0,0,20,0,48,140,-68
9,33249,9|33249,2112,128,7,0,0,0,0,4,0,3,2244,0
9,33338,9|33338,600,0,1,0,0,0,1,368,0,442,969,-810
9,33489,9|33489,480,0,2,0,0,0,0,8,0,143,488,-149
9,33621,9|33621,100,0,0,0,0,0,0,20,0,194,120,-214
9,33624,9|33624,1800,142,8,0,0,0,0,270,45,1693,2212,-2000
9,33625,9|33625,1800,0,5,0,0,0,3,221,40,2846,2024,-3105
9,33677,9|33677,1400,0,0,0,0,0,5,245,0,2449,1650,-2699
9,33734,9|33734,900,0,0,0,0,0,0,0,0,0,900,0
9,33741,9|33741,1120,0,0,0,0,0,0,0,2,56,1120,-58
9,33763,9|33763,576,0,0,0,0,0,0,0,0,0,576,0
9,33764,9|33764,1060,0,0,0,0,0,0,3,0,25,1063,-28
9,33775,9|33775,1920,0,0,0,0,0,2,154,14,1276,2076,-1446
9,33791,9|33791,960,0,0,0,0,0,0,0,0,0,960,0
9,33792,9|33792,1200,0,0,0,0,0,0,0,0,0,1200,0
9,33899,9|33899,2280,0,0,0,0,0,0,6,0,12,2286,-18
9,33900,9|33900,360,0,0,0,0,0,3,54,0,341,417,-398
9,33902,9|33902,600,0,0,0,0,0,0,50,0,438,650,-488
9,33966,9|33966,540,0,0,0,0,0,0,9,0,111,549,-120
9,33989,9|33989,7864,0,0,0,0,0,0,497,62,4162,8361,-4721
9,33990,9|33990,960,0,0,0,0,0,0,114,6,506,1074,-626
9,33991,9|33991,2500,0,0,0,0,0,0,195,99,409,2695,-703
9,33992,9|33992,648,0,0,0,0,0,0,0,0,0,648,0
9,33993,9|33993,788,0,0,0,0,0,0,23,96,218,811,-337
9,33994,9|33994,1500,0,0,0,0,0,0,171,41,1429,1671,-1641
9,33995,9|33995,7152,0,0,0,0,0,1,577,97,3937,7730,-4612
9,33996,9|33996,750,0,0,0,0,0,0,44,81,477,794,-602
9,33997,9|33997,4440,0,0,0,0,0,13,573,30,3506,5026,-4122
9,33998,9|33998,4800,0,0,0,0,0,1,501,17,2867,5302,-3386
9,34024,9|34024,900,0,0,0,0,0,1,127,5,820,1028,-953
9,34032,9|34032,1428,0,0,0,0,0,0,52,0,424,1480,-476
9,34033,9|34033,180,0,0,0,0,0,0,2,0,176,182,-178
9,34083,9|34083,6240,0,2,0,6,6,1,498,53,4014,6733,-4558
9,34106,9|34106,3240,0,0,0,6,6,0,590,52,3236,3824,-3872
9,34582,9|34582,360,0,0,0,0,0,4,51,0,262,415,-317
9,34594,9|34594,2828,0,0,0,0,0,0,202,0,1046,3030,-1248
9,34595,9|34595,384,0,0,0,0,0,0,99,0,267,483,-366
9,34691,9|34691,90,0,0,0,0,0,0,40,0,113,130,-153
9,34692,9|34692,300,0,0,0,0,0,0,38,0,160,338,-198
9,34693,9|34693,120,0,0,0,0,0,0,1,0,0,121,-1
9,34900,9|34900,1800,0,0,0,0,0,1,235,0,1574,2036,-1810
9,34949,9|34949,3900,0,0,0,0,0,0,107,41,2211,4007,-2359
9,35496,9|35496,900,0,0,0,0,0,0,0,0,0,900,0
9,35497,9|35497,2340,0,0,0,0,0,11,434,84,1224,2785,-1753
9,35498,9|35498,660,0,0,0,0,0,0,20,52,166,680,-238
9,35500,9|35500,360,0,0,0,0,0,1,215,13,835,576,-1064
9,35501,9|35501,1080,0,0,0,0,0,3,348,52,1017,1431,-1420
9,36112,9|36112,750,0,0,0,0,0,0,61,0,1086,811,-1147
9,36162,9|36162,300,0,0,0,0,0,0,0,0,0,300,0
9,36202,9|36202,80,0,0,0,0,0,0,6,6,15,86,-27
9,36618,9|36618,528,0,0,0,0,0,0,0,0,0,528,0
9,36761,9|36761,576,0,0,0,0,0,0,59,7,342,635,-408
9,36762,9|36762,3144,0,0,0,0,0,0,426,10,2413,3570,-2849
9,36990,9|36990,500,0,0,0,0,0,0,0,4,13,500,-17
9,36992,9|36992,500,0,0,0,0,0,0,0,0,0,500,0
9,37098,9|37098,1500,0,0,0,0,0,1,286,0,1789,1787,-2076
9,37267,9|37267,320,0,0,0,0,0,0,45,16,127,365,-188
9,37572,9|37572,720,0,0,0,0,0,0,2,15,352,722,-369
9,37658,9|37658,504,0,0,0,0,0,0,0,0,0,504,0
9,37737,9|37737,768,0,0,0,0,0,0,0,0,0,768,0
9,37738,9|37738,768,0,0,0,0,0,0,0,0,0,768,0
9,37771,9|37771,700,0,0,0,0,0,0,0,0,0,700,0
9,37975,9|37975,1000,0,0,0,0,0,0,0,0,0,1000,0
9,37986,9|37986,1200,0,0,0,0,0,0,0,0,0,1200,0
9,38046,9|38046,368,0,0,0,0,0,0,55,8,414,423,-477
9,38048,9|38048,300,0,0,0,0,0,0,87,0,284,387,-371
9,38325,9|38325,270,0,0,0,0,0,0,3,53,50,273,-106
9,38614,9|38614,450,0,0,0,0,0,1,48,9,382,499,-440
9,39193,9|39193,112,0,0,0,0,0,0,25,0,106,137,-131
9,39194,9|39194,960,0,0,0,0,0,0,123,0,450,1083,-573
9,39340,9|39340,112,0,0,0,0,0,0,0,0,0,112,0
9,39341,9|39341,1920,0,0,0,0,0,0,88,0,778,2008,-866
9,40316,9|40316,2640,0,0,0,0,0,0,545,13,1586,3185,-2144
9,40317,9|40317,5280,0,0,0,0,0,0,853,4,3371,6133,-4228
9,40318,9|40318,3144,0,0,0,0,0,1,626,9,2028,3771,-2664
9,40319,9|40319,3000,0,0,0,0,0,0,235,2,1795,3235,-2032
9,40378,9|40378,1080,0,0,0,0,0,0,96,14,412,1176,-522
9,40422,9|40422,690,0,0,0,0,0,48,228,6,506,966,-788
9,40423,9|40423,240,0,0,0,0,0,0,33,0,90,273,-123
9,40425,9|40425,128,0,0,0,0,0,0,79,14,61,207,-154
9,40428,9|40428,256,0,0,0,0,0,0,18,0,222,274,-240
9,40435,9|40435,1632,0,0,0,0,0,0,265,3,1282,1897,-1550
9,40436,9|40436,2800,0,0,0,0,0,0,234,11,2013,3034,-2258
9,41034,9|41034,630,0,0,0,0,0,0,190,17,386,820,-593
9,41035,9|41035,810,0,0,0,0,0,0,114,17,417,924,-548
9,41036,9|41036,240,0,0,0,0,0,0,29,0,170,269,-199
9,41037,9|41037,504,0,0,0,0,0,0,16,0,391,520,-407
9,41038,9|41038,2520,0,0,0,8,8,0,45,3,345,2557,-385
9,41039,9|41039,2000,0,0,0,0,0,1,111,0,1497,2112,-1609
9,41040,9|41040,300,0,0,0,0,0,0,24,0,133,324,-157
9,41041,9|41041,2784,0,0,0,5,5,0,211,4,1852,2990,-2062
9,41042,9|41042,600,0,0,0,0,0,0,6,3,238,606,-247
9,41043,9|41043,360,0,0,0,0,0,0,101,6,186,461,-293
9,41044,9|41044,360,0,0,0,0,0,0,116,0,274,476,-390
9,41773,9|41773,400,0,0,0,0,0,0,41,13,290,441,-344
9,41774,9|41774,960,0,0,0,2,2,0,285,3,829,1243,-1115
9,41775,9|41775,600,0,0,0,0,0,0,136,9,564,736,-709
9,41779,9|41779,2230,0,0,0,0,0,0,82,0,1128,2312,-1210
9,41780,9|41780,660,0,0,0,0,0,0,59,0,178,719,-237
9,41782,9|41782,560,0,0,0,0,0,2,27,0,120,589,-149
9,41785,9|41785,1152,0,0,0,0,0,0,0,0,0,1152,0
9,41786,9|41786,576,0,0,0,0,0,0,0,0,3,576,-3
9,42621,9|42621,450,0,0,0,0,0,0,30,0,392,480,-422
9,42622,9|42622,320,0,0,0,0,0,0,61,0,169,381,-230
9,42623,9|42623,600,0,0,0,0,0,0,3,0,152,603,-155
9,42624,9|42624,300,0,0,0,0,0,0,20,0,128,320,-148
9,42625,9|42625,990,0,0,0,0,0,0,81,2,824,1071,-907
9,42650,9|42650,200,0,0,0,0,0,0,14,16,113,214,-143
9,42651,9|42651,1500,0,0,0,0,0,0,163,5,2188,1663,-2356
9,42652,9|42652,840,0,0,0,0,0,0,139,0,542,979,-681
9,42719,9|42719,192,0,0,0,0,0,0,100,0,317,292,-417
9,42793,9|42793,288,0,0,0,0,0,0,0,0,0,288,0
9,42794,9|42794,240,0,0,0,0,0,0,6,0,35,246,-41
9,42796,9|42796,1008,0,0,0,0,0,0,166,1,707,1174,-874
9,42799,9|42799,150,0,0,0,0,0,0,0,0,0,150,0
9,42800,9|42800,150,0,0,0,0,0,0,24,0,81,174,-105
9,42806,9|42806,480,0,0,0,0,0,0,5,0,88,485,-93
9,43052,9|43052,500,0,0,0,0,0,0,68,0,727,568,-795
9,43448,9|43448,600,0,0,0,0,0,0,6,0,133,606,-139
9,43450,9|43450,200,0,0,0,0,0,0,19,0,130,219,-149
9,43522,9|43522,200,0,0,0,0,0,0,0,0,0,200,0
9,44756,9|44756,750,0,0,0,0,0,0,22,0,211,772,-233
9,44757,9|44757,288,0,0,0,0,0,0,0,0,8,288,-8
9,44758,9|44758,576,0,0,0,0,0,0,5,0,407,581,-412
9,44759,9|44759,250,0,0,0,0,0,0,13,0,105,263,-118
9,44815,9|44815,750,0,0,0,0,0,0,14,0,219,764,-233
9,44817,9|44817,336,0,0,0,0,0,0,0,0,134,336,-134
9,44825,9|44825,1250,0,0,0,0,0,0,21,0,18,1271,-39
9,44832,9|44832,240,0,0,0,0,0,0,0,0,130,240,-130
9,45552,9|45552,270,0,0,0,0,0,0,8,0,22,278,-30
9,45553,9|45553,120,0,0,0,0,0,0,3,0,1,123,-4
9,45554,9|45554,192,0,0,0,0,0,0,0,0,4,192,-4
9,45746,9|45746,600,0,0,0,0,0,0,0,0,0,600,0
9,45747,9|45747,240,0,0,0,0,0,0,0,0,0,240,0
9,45748,9|45748,600,0,0,0,0,0,0,0,0,0,600,0
9,45749,9|45749,300,0,0,0,0,0,0,0,0,0,300,0
9,45855,9|45855,420,0,0,0,0,0,0,6,0,20,426,-26
9,45856,9|45856,600,0,0,0,0,0,0,0,0,23,600,-23
9,45869,9|45869,150,0,0,0,0,0,0,0,0,0,150,0
12,9905,12|9905,62124,900,47,0,18,18,49,1585,77,39186,64640,-40832
12,9907,12|9907,1680,0,5,0,0,0,4,119,0,1131,1803,-1249
12,9920,12|9920,21600,170,9,0,160,160,32,524,33,12726,22166,-13146
12,9930,12|9930,2100,0,5,0,0,0,0,41,0,772,2141,-808
12,9959,12|9959,3600,0,0,0,0,0,4,106,8,1012,3710,-1130
12,9962,12|9962,5520,0,0,0,0,0,3,242,4,2609,5765,-2858
12,9964,12|9964,77520,956,50,0,44,44,101,2141,45,46510,80674,-48703
12,10022,12|10022,960,315,17,0,0,0,3,38,1,1146,1316,-1171
12,10041,12|10041,62640,1021,54,0,208,208,106,1994,124,43099,65553,-45061
12,10084,12|10084,1260,840,44,0,0,0,1,76,0,672,2177,-705
12,10140,12|10140,11880,454,24,0,0,0,5,143,5,570,12482,-699
12,10191,12|10191,3072,0,0,0,0,0,6,1,0,787,3079,-794
12,10202,12|10202,3600,0,3,0,6,6,1,321,11,2368,3916,-2692
12,10353,12|10353,1224,0,0,0,0,0,0,17,0,173,1241,-190
12,10392,12|10392,8208,0,0,0,31,31,43,520,40,8174,8740,-8746
12,10732,12|10732,17520,189,10,0,12,12,6,349,165,6015,18052,-6513
12,15668,12|15668,2400,0,0,0,0,0,1,60,0,1524,2461,-1585
12,15984,12|15984,48,0,0,0,0,0,0,0,0,0,48,0
12,16470,12|16470,23760,170,9,0,0,0,0,0,0,0,23930,9
12,21977,12|21977,1440,0,1,0,0,0,0,60,0,591,1500,-650
12,22480,12|22480,68160,952,50,0,28,28,42,588,9,9727,69714,-10288
12,23959,12|23959,2880,0,0,0,0,0,10,83,0,1438,2973,-1531
12,24067,12|24067,2304,0,4,0,0,0,0,1,0,28,2305,-25
12,25054,12|25054,108,0,0,0,0,0,0,1,0,71,109,-72
12,25481,12|25481,24,0,0,0,0,0,0,0,0,0,24,0
12,25483,12|25483,12,0,0,0,0,0,0,0,0,0,12,0
12,25485,12|25485,12,0,0,0,0,0,0,0,0,0,12,0
12,26462,12|26462,17088,308,16,0,45,45,25,506,19,10437,17882,-10926
12,26463,12|26463,7680,304,16,0,66,66,1,316,13,4915,8235,-5163
12,26982,12|26982,15120,251,13,0,18,18,17,768,11,11955,16138,-12720
12,26983,12|26983,10368,251,13,0,16,16,23,755,40,8279,11381,-9068
12,26984,12|26984,15300,309,16,0,0,0,17,582,8,8510,16208,-9101
12,26988,12|26988,24000,184,10,0,22,22,31,167,10,4427,24360,-4603
12,26996,12|26996,792,459,24,0,0,0,2,128,1,659,1381,-766
12,26997,12|26997,2952,451,24,0,0,0,0,14,0,64,3417,-54
12,26998,12|26998,10368,0,0,0,0,0,0,0,0,0,10368,0
12,27005,12|27005,10200,404,21,0,54,54,11,429,33,7305,10990,-7703
12,27006,12|27006,9300,500,26,0,7,7,4,475,29,7049,10272,-7524
12,29643,12|29643,3000,142,8,0,5,5,4,362,73,2327,3503,-2753
12,29644,12|29644,600,189,10,0,0,0,0,176,16,541,965,-723
12,29645,12|29645,44856,1120,59,0,0,0,1,178,0,3239,46155,-3359
12,29646,12|29646,1344,113,6,0,0,0,0,60,12,462,1517,-528
12,29648,12|29648,8850,130,7,0,3,3,0,32,10,584,9009,-616
12,29650,12|29650,26190,332,18,0,0,0,5,228,7,4525,26755,-4747
12,29651,12|29651,26190,118,6,0,101,101,29,1131,157,19006,27367,-20216
12,29653,12|29653,1800,175,9,0,0,0,0,234,137,2054,2209,-2416
12,29654,12|29654,32448,558,29,0,118,118,17,450,21,7028,33355,-7369
12,29655,12|29655,600,148,8,0,0,0,3,162,7,2134,913,-2298
12,29656,12|29656,3960,214,11,0,0,0,2,67,9,946,4243,-1013
12,29657,12|29657,37128,513,27,0,20,20,9,211,17,7229,37841,-7419
12,29663,12|29663,1800,0,4,0,0,0,1,114,1,980,1915,-1092
12,29665,12|29665,576,308,16,0,0,0,3,237,18,2169,1124,-2411
12,29666,12|29666,1152,216,11,0,0,0,0,0,0,0,1368,11
12,29667,12|29667,1152,262,14,0,0,0,0,59,1,237,1473,-283
12,29672,12|29672,1624,310,16,0,0,0,0,32,1,101,1966,-118
12,29673,12|29673,15808,266,14,0,0,0,0,52,0,905,16126,-943
12,30161,12|30161,19200,243,13,0,19,19,33,531,16,12659,19988,-13207
12,31314,12|31314,400,0,0,0,0,0,0,103,2,503,503,-608
12,31392,12|31392,900,214,11,0,0,0,0,39,0,659,1153,-687
12,31401,12|31401,1440,0,0,0,0,0,4,194,8,1754,1638,-1960
12,32174,12|32174,43056,376,20,0,9,9,7,83,0,3111,43513,-3172
12,32177,12|32177,51480,571,30,0,1,1,8,108,4,3956,52166,-4045
12,32178,12|32178,54360,571,30,0,10,10,10,95,0,3659,55026,-3724
12,32210,12|32210,360,0,1,0,0,0,0,24,298,46,384,-367
12,32211,12|32211,458,0,0,0,0,0,0,54,340,65,512,-459
12,32244,12|32244,289,0,0,0,0,0,0,33,196,61,322,-290
12,32245,12|32245,298,0,0,0,0,0,0,6,246,48,304,-300
12,32272,12|32272,459,0,0,0,0,0,0,34,386,31,493,-451
12,32273,12|32273,450,0,0,0,0,0,1,22,377,66,473,-466
12,32274,12|32274,378,0,0,0,0,0,0,58,278,41,436,-377
12,32275,12|32275,108,0,0,0,0,0,0,0,105,12,108,-117
12,32336,12|32336,6480,0,0,0,36,36,19,563,17,3490,7026,-4053
12,32344,12|32344,410,0,0,0,0,0,1,39,323,37,450,-400
12,32345,12|32345,252,0,0,0,0,0,0,17,203,36,269,-256
12,32346,12|32346,187,0,0,0,0,0,0,7,142,29,194,-178
12,33400,12|33400,3200,0,0,0,0,0,0,0,0,10,3200,-10
12,33825,12|33825,1560,0,1,0,0,0,0,4,0,28,1564,-31
12,34388,12|34388,8088,0,0,0,0,0,2,414,55,6253,8504,-6724
12,34696,12|34696,1100,0,0,0,0,0,0,139,36,633,1239,-808
12,35333,12|35333,960,0,0,0,0,0,0,0,0,0,960,0
12,35391,12|35391,1800,0,0,0,2,2,1,400,9,1329,2199,-1737
12,35392,12|35392,7200,0,0,0,14,14,6,317,17,2385,7509,-2711
12,36094,12|36094,12720,0,0,0,55,55,9,510,83,8964,13184,-9511
12,36232,12|36232,8700,0,0,0,0,0,8,151,3,3955,8859,-4117
12,36381,12|36381,2240,0,0,0,0,0,2,105,8,1842,2347,-1957
12,36385,12|36385,2304,0,0,0,0,0,3,121,14,591,2428,-729
12,36500,12|36500,2952,0,0,0,9,9,1,271,30,1291,3215,-1584
12,36501,12|36501,2952,0,0,0,8,8,1,202,18,1478,3147,-1691
12,36958,12|36958,225,0,0,0,0,0,0,15,0,82,240,-97
12,36959,12|36959,225,0,0,0,0,0,0,35,6,199,260,-240
12,36960,12|36960,225,0,0,0,0,0,0,14,0,198,239,-212
12,36976,12|36976,576,0,0,0,0,0,0,0,0,0,576,0
12,37042,12|37042,1680,0,0,0,29,29,0,158,19,1387,1809,-1535
12,37043,12|37043,1200,0,0,0,0,0,0,0,0,0,1200,0
12,37056,12|37056,4608,0,0,0,0,0,0,74,0,1838,4682,-1912
12,37269,12|37269,5160,0,0,0,37,37,7,364,0,3594,5494,-3928
12,37317,12|37317,4350,0,0,0,0,0,0,54,0,705,4404,-759
12,37318,12|37318,2640,0,0,0,0,0,0,20,3,426,2660,-449
12,37421,12|37421,3918,0,0,0,22,22,3,400,0,2427,4299,-2808
12,37564,12|37564,480,0,0,0,0,0,0,18,0,358,498,-376
12,37829,12|37829,12984,0,0,0,39,39,5,358,12,2858,13308,-3194
12,37839,12|37839,16208,0,0,0,0,0,33,668,1,11209,16909,-11911
12,38140,12|38140,14580,0,0,0,150,150,17,367,39,11124,14814,-11397
12,38141,12|38141,2400,0,0,0,24,24,2,101,0,1910,2479,-1989
12,38616,12|38616,240,0,0,0,0,0,0,0,0,0,240,0
12,38988,12|38988,5600,0,0,0,26,26,19,349,0,4575,5942,-4917
12,39085,12|39085,312,0,0,0,3,3,3,38,27,136,350,-201
12,39737,12|39737,576,0,0,0,12,12,1,144,0,1354,709,-1487
12,39738,12|39738,576,0,0,0,12,12,3,150,0,1416,717,-1557
12,40078,12|40078,1728,0,0,0,0,0,0,0,0,18,1728,-18
12,40258,12|40258,10512,0,0,0,0,0,0,13,0,653,10525,-666
12,40693,12|40693,240,0,0,0,4,4,0,22,2,316,258,-336
12,41072,12|41072,96,0,0,0,0,0,0,22,0,81,118,-103
12,41093,12|41093,3000,0,0,0,0,0,2,78,1,1763,3080,-1844
12,41106,12|41106,4008,0,0,0,0,0,4,95,0,1736,4107,-1835
12,41107,12|41107,2688,0,0,0,0,0,3,21,0,753,2712,-777
12,41108,12|41108,1920,0,0,0,0,0,1,5,0,78,1926,-84
12,41141,12|41141,576,0,0,0,0,0,0,23,0,531,599,-554
12,41227,12|41227,282,0,0,0,0,0,0,65,0,235,347,-300
12,42003,12|42003,1980,0,0,0,66,66,2,105,8,1539,2021,-1588
12,42735,12|42735,6200,0,0,0,5,5,12,121,0,2702,6328,-2830
12,42736,12|42736,6000,0,0,0,0,0,0,142,0,2528,6142,-2670
12,42737,12|42737,5472,0,0,0,0,0,0,97,0,2596,5569,-2693
12,42987,12|42987,4032,0,0,0,0,0,1,88,0,1962,4121,-2051
12,43454,12|43454,1200,0,0,0,0,0,2,148,0,996,1350,-1146
12,43597,12|43597,240,0,0,0,0,0,0,8,0,57,248,-65
12,43741,12|43741,1680,0,0,0,26,26,4,60,0,1060,1718,-1098
12,43749,12|43749,720,0,0,0,10,10,0,49,0,500,759,-539
12,43753,12|43753,900,0,0,0,14,14,2,61,0,374,949,-423
12,43754,12|43754,900,0,0,0,0,0,1,50,0,262,951,-313
12,43755,12|43755,3930,0,0,0,0,0,4,85,0,1170,4019,-1259
12,43756,12|43756,1800,0,0,0,11,11,3,84,0,1548,1876,-1624
12,44001,12|44001,1344,0,0,0,0,0,0,61,0,137,1405,-198
15,14243,15|14243,168,348,18,0,0,0,0,0,0,0,516,18
15,14249,15|14249,1400,243,13,0,0,0,0,0,0,170,1643,-157
15,14250,15|14250,3072,207,11,0,0,0,0,0,0,0,3279,11
15,14254,15|14254,4788,419,22,0,0,0,0,0,0,48,5207,-26
15,14255,15|14255,5328,948,50,0,0,0,0,0,0,0,6276,50
15,14258,15|14258,216,1068,56,0,0,0,0,0,0,0,1284,56
15,14259,15|14259,5940,278,15,0,0,0,0,8,0,134,6226,-127
15,14260,15|14260,3000,273,14,0,0,0,0,0,0,86,3273,-72
15,14261,15|14261,4500,359,19,0,0,0,1,71,0,1788,4931,-1841
15,14262,15|14262,3420,244,13,0,0,0,0,34,0,74,3698,-95
15,14263,15|14263,3360,0,0,0,0,0,0,5,0,288,3365,-293
15,14264,15|14264,1680,0,0,0,0,0,0,0,0,18,1680,-18
15,14265,15|14265,1800,591,31,0,0,0,0,0,0,0,2391,31
15,14267,15|14267,540,0,0,0,0,0,0,2,0,107,542,-109
15,14317,15|14317,1080,265,14,0,0,0,0,0,0,0,1345,14
15,14319,15|14319,1080,199,11,0,0,0,0,0,0,0,1279,11
15,14406,15|14406,3360,971,51,0,0,0,0,0,0,254,4331,-203
15,14407,15|14407,2592,635,33,0,0,0,0,1,0,18,3228,14
15,14410,15|14410,6480,456,24,0,0,0,0,1,0,452,6937,-429
15,14505,15|14505,870,137,7,0,0,0,0,0,0,0,1007,7
15,14565,15|14565,7908,0,0,0,0,0,0,56,0,1280,7964,-1336
15,14567,15|14567,5520,233,12,0,0,0,1,7,0,542,5761,-538
15,14568,15|14568,5520,223,12,0,0,0,0,27,0,894,5770,-909
15,14569,15|14569,6090,252,13,0,0,0,0,7,0,604,6349,-598
15,14575,15|14575,4488,1199,63,0,0,0,0,0,0,32,5687,31
15,14711,15|14711,11120,484,26,0,5,5,0,42,0,3996,11641,-4007
15,14712,15|14712,1440,924,49,0,0,0,0,0,0,0,2364,49
15,14791,15|14791,360,0,0,0,0,0,0,0,0,0,360,0
15,14800,15|14800,5720,0,0,0,0,0,0,45,0,729,5765,-774
15,15199,15|15199,8764,619,33,0,5,5,1,33,0,3040,9412,-3036
15,15259,15|15259,273,108,6,0,0,0,0,3,0,94,384,-91
15,15506,15|15506,360,0,0,0,0,0,0,4,0,176,364,-180
15,15597,15|15597,1020,238,13,0,0,0,0,0,0,50,1258,-37
15,15598,15|15598,4800,1648,87,0,0,0,0,0,0,0,6448,87
15,15599,15|15599,4140,549,29,0,0,0,0,0,0,31,4689,-2
15,15604,15|15604,4104,325,17,0,0,0,0,16,0,142,4445,-141
15,15605,15|15605,4224,203,11,0,0,0,0,26,0,287,4453,-302
15,15606,15|15606,2400,0,0,0,0,0,0,3,0,224,2403,-227
15,15607,15|15607,1704,236,12,0,0,0,0,9,0,61,1949,-58
15,15608,15|15608,3984,185,10,0,0,0,0,27,0,132,4196,-149
15,15632,15|15632,16456,247,13,0,7,7,1,82,0,4101,16779,-4164
15,15633,15|15633,21060,604,32,0,7,7,2,115,0,3907,21774,-3985
15,15663,15|15663,840,205,11,0,0,0,0,0,0,0,1045,11
15,15664,15|15664,3850,771,41,0,0,0,0,0,0,47,4621,-6
15,15888,15|15888,1380,0,0,0,0,0,0,0,0,0,1380,0
15,16004,15|16004,384,531,28,0,0,0,0,6,0,33,921,-11
15,16006,15|16006,840,0,0,0,0,0,0,0,0,0,840,0
15,16436,15|16436,280,260,14,0,0,0,0,0,0,0,540,14
15,16698,15|16698,1410,0,4,0,0,0,0,18,0,528,1428,-542
15,16703,15|16703,384,115,6,0,0,0,0,0,0,0,499,6
15,16752,15|16752,3600,0,0,0,0,0,0,51,0,1140,3651,-1191
15,17151,15|17151,576,0,0,0,0,0,0,0,0,0,576,0
15,17162,15|17162,2544,157,8,0,0,0,0,10,4,90,2711,-96
15,17213,15|17213,1560,600,32,0,0,0,0,0,0,0,2160,32
15,17225,15|17225,240,265,14,0,0,0,0,0,0,0,505,14
15,17334,15|17334,540,108,6,0,0,0,0,0,0,0,648,6
15,17463,15|17463,3020,306,16,0,5,5,0,16,8,585,3337,-588
15,17464,15|17464,600,0,0,0,5,5,0,7,0,630,602,-632
15,17525,15|17525,540,142,8,0,0,0,0,0,0,0,682,8
15,17526,15|17526,120,0,5,0,0,0,0,0,0,0,120,5
15,17527,15|17527,6720,398,21,0,5,5,0,20,0,1492,7133,-1486
15,17697,15|17697,1232,224,12,0,0,0,0,8,0,22,1464,-18
15,17878,15|17878,1050,0,4,0,0,0,0,0,0,0,1050,4
15,17886,15|17886,600,0,5,0,4,4,1,11,0,594,608,-597
15,17923,15|17923,750,0,5,0,0,0,0,3,0,260,753,-258
15,18165,15|18165,840,0,4,0,0,0,0,0,0,0,840,4
15,18306,15|18306,900,1060,56,0,0,0,0,0,0,161,1960,-105
15,18471,15|18471,10700,673,35,0,5,5,0,112,14,3205,11480,-3291
15,18506,15|18506,450,0,0,0,0,0,0,0,0,18,450,-18
15,18815,15|18815,600,327,17,0,0,0,0,0,0,0,927,17
15,18935,15|18935,5400,1010,53,0,6,6,0,47,0,1321,6451,-1309
15,18936,15|18936,1440,487,26,0,1,1,0,2,0,162,1928,-137
15,19005,15|19005,3780,0,3,0,0,0,0,35,0,450,3815,-482
15,19015,15|19015,180,343,18,0,0,0,0,56,2,399,579,-439
15,19017,15|19017,864,566,30,0,4,4,0,101,0,1580,1527,-1647
15,19720,15|19720,300,0,0,0,0,0,0,0,0,0,300,0
15,19726,15|19726,768,310,16,0,0,0,0,0,0,0,1078,16
15,19728,15|19728,4050,345,18,0,0,0,0,34,0,521,4429,-537
15,20031,15|20031,1152,0,4,0,0,0,0,0,0,0,1152,4
15,20187,15|20187,1240,416,22,0,2,2,0,0,0,121,1654,-97
15,20325,15|20325,2304,279,15,0,0,0,0,39,0,369,2622,-393
15,20327,15|20327,288,127,7,0,0,0,0,0,0,106,415,-99
15,20565,15|20565,1120,0,0,0,0,0,0,13,0,538,1133,-551
15,20663,15|20663,1050,142,8,0,0,0,0,7,0,2,1199,-1
15,20664,15|20664,600,261,14,0,0,0,0,1,0,18,862,-5
15,20749,15|20749,7644,148,8,0,0,0,0,53,0,2186,7845,-2231
15,21139,15|21139,1350,0,0,0,0,0,0,0,0,0,1350,0
15,21614,15|21614,3456,410,22,0,0,0,0,0,0,192,3866,-170
15,21615,15|21615,1680,151,8,0,0,0,0,0,0,0,1831,8
15,22277,15|22277,360,0,0,0,0,0,0,0,0,0,360,0
15,22278,15|22278,6840,174,9,0,0,0,0,13,0,544,7027,-548
15,22279,15|22279,4560,106,6,0,0,0,0,9,0,888,4675,-891
15,22280,15|22280,5040,257,14,0,0,0,1,59,0,950,5357,-996
15,22364,15|22364,6840,227,12,0,0,0,0,24,0,732,7091,-744
15,22530,15|22530,1200,118,6,0,0,0,0,0,0,0,1318,6
15,22531,15|22531,3000,0,4,0,0,0,2,21,0,811,3023,-830
15,23367,15|23367,150,0,1,0,0,0,0,0,0,5,150,-4
15,23371,15|23371,1200,0,0,0,0,0,0,0,0,0,1200,0
15,23372,15|23372,14700,579,31,0,7,7,1,102,0,2316,15375,-2381
15,23611,15|23611,600,187,10,0,6,6,0,0,0,248,781,-232
15,23790,15|23790,3600,387,20,0,0,0,0,0,0,0,3987,20
15,23791,15|23791,340,0,0,0,0,0,0,0,0,33,340,-33
15,23795,15|23795,360,0,0,0,0,0,0,0,0,0,360,0
15,24099,15|24099,1100,0,0,0,0,0,0,0,0,0,1100,0
15,24625,15|24625,3360,152,8,0,0,0,0,0,0,0,3512,8
15,24628,15|24628,2760,177,9,0,0,0,0,0,0,141,2937,-132
15,25093,15|25093,6300,106,6,0,0,0,0,42,0,811,6448,-847
15,25094,15|25094,7830,290,15,0,0,0,0,103,3,1541,8223,-1632
15,25095,15|25095,2250,0,2,0,6,6,0,8,0,239,2252,-239
15,25096,15|25096,900,0,0,0,0,0,0,27,0,526,927,-553
15,25097,15|25097,6960,0,0,0,0,0,0,38,0,1390,6998,-1428
15,25098,15|25098,4590,0,0,0,0,0,0,33,0,881,4623,-914
15,25100,15|25100,600,106,6,0,0,0,0,2,0,21,708,-17
15,25101,15|25101,750,0,0,0,0,0,0,0,0,3,750,-3
15,25133,15|25133,300,0,0,0,0,0,0,0,0,0,300,0
15,25136,15|25136,26592,266,14,0,0,0,8,109,0,4188,26975,-4291
15,25141,15|25141,200,0,0,0,0,0,0,0,0,8,200,-8
15,25142,15|25142,460,0,0,0,0,0,0,0,0,0,460,0
15,25147,15|25147,30100,33,0,0,0,0,1,129,0,5589,30263,-5719
15,25152,15|25152,384,0,0,0,0,0,0,0,0,0,384,0
15,25210,15|25210,240,247,13,0,0,0,0,0,0,0,487,13
15,25592,15|25592,2010,128,7,0,0,0,0,0,0,0,2138,7
15,25593,15|25593,8160,162,9,0,0,0,0,36,0,1433,8358,-1460
15,25596,15|25596,192,0,0,0,0,0,0,0,0,0,192,0
15,25687,15|25687,72,0,0,0,0,0,0,0,0,0,72,0
15,25968,15|25968,120,0,0,0,0,0,0,0,0,0,120,0
15,25970,15|25970,200,0,0,0,0,0,0,0,0,14,200,-14
15,26186,15|26186,420,332,18,0,0,0,0,11,0,260,763,-253
15,26187,15|26187,420,332,18,0,0,0,0,3,0,301,755,-286
15,26188,15|26188,420,332,18,0,0,0,0,0,0,279,752,-261
15,26465,15|26465,1070,249,13,0,0,0,0,1,0,120,1320,-108
15,26858,15|26858,4770,0,4,0,0,0,0,43,0,600,4813,-639
15,26859,15|26859,3210,0,2,0,0,0,0,11,0,965,3221,-974
15,26861,15|26861,420,0,2,0,0,0,0,12,0,731,432,-741
15,27863,15|27863,1600,0,0,0,0,0,0,0,0,0,1600,0
15,28103,15|28103,1520,335,18,0,0,0,0,44,0,600,1899,-626
15,28165,15|28165,600,0,5,0,0,0,0,9,0,8,609,-12
15,28350,15|28350,540,500,26,0,4,4,0,5,13,208,1041,-196
15,28352,15|28352,540,271,14,0,0,0,0,0,0,0,811,14
15,28353,15|28353,540,456,24,0,6,6,0,0,0,137,990,-107
15,28454,15|28454,480,0,0,0,0,0,0,13,0,69,493,-82
15,28455,15|28455,960,0,2,0,0,0,0,0,0,0,960,2
15,28456,15|28456,2040,0,0,0,0,0,0,3,0,215,2043,-218
15,28457,15|28457,960,0,0,0,0,0,0,18,0,430,978,-448
15,28458,15|28458,536,0,0,0,0,0,0,6,0,2,542,-8
15,28459,15|28459,4412,0,0,0,0,0,0,12,0,107,4424,-119
15,28463,15|28463,360,0,0,0,0,0,0,0,0,0,360,0
15,28464,15|28464,3730,0,0,0,0,0,0,31,0,484,3761,-515
15,29207,15|29207,648,0,0,0,0,0,0,0,0,0,648,0
15,29566,15|29566,6720,547,29,0,6,6,0,85,0,1593,7346,-1643
15,29654,15|29654,1800,0,0,0,0,0,0,0,0,0,1800,0
15,29657,15|29657,2520,0,0,0,0,0,0,0,0,0,2520,0
15,29911,15|29911,2399,0,0,0,0,0,0,0,0,0,2399,0
15,29913,15|29913,1008,0,0,0,0,0,0,0,0,0,1008,0
15,29915,15|29915,3080,281,15,0,0,0,0,0,0,0,3361,15
15,29916,15|29916,1540,326,17,0,0,0,0,0,0,0,1866,17
15,29918,15|29918,1788,0,0,0,0,0,1,7,0,386,1796,-394
15,29922,15|29922,720,0,0,0,0,0,0,0,0,0,720,0
15,29924,15|29924,2640,0,0,0,0,0,0,0,0,0,2640,0
15,29927,15|29927,4464,203,11,0,0,0,1,234,0,1702,4902,-1926
15,29929,15|29929,1080,0,0,0,0,0,0,16,0,390,1096,-406
15,29932,15|29932,1080,0,0,0,0,0,0,18,0,547,1098,-565
15,29934,15|29934,2580,0,0,0,0,0,0,0,0,0,2580,0
15,29936,15|29936,816,0,0,0,0,0,0,109,0,1050,925,-1159
15,30579,15|30579,2776,0,0,0,0,0,0,13,0,270,2789,-283
15,30580,15|30580,4516,0,0,0,0,0,1,13,0,407,4530,-421
15,30581,15|30581,480,0,0,0,0,0,0,0,0,7,480,-7
15,30629,15|30629,420,332,18,0,0,0,0,0,0,0,752,18
15,30634,15|30634,480,889,47,0,0,0,0,1,0,717,1370,-671
15,30636,15|30636,720,422,22,0,1,1,0,34,0,374,1175,-385
15,30637,15|30637,1440,479,25,0,5,5,0,133,0,700,2047,-803
15,30710,15|30710,810,0,0,0,0,0,0,0,0,0,810,0
15,30711,15|30711,720,0,0,0,0,0,0,0,0,0,720,0
15,30813,15|30813,432,662,35,0,4,4,0,16,0,408,1106,-385
15,30814,15|30814,2016,651,34,0,0,0,0,97,0,993,2764,-1056
15,30835,15|30835,3030,416,22,0,0,0,0,16,0,197,3462,-191
15,30855,15|30855,400,159,8,0,0,0,0,0,0,0,559,8
15,30857,15|30857,192,0,3,0,0,0,0,0,0,0,192,3
15,30858,15|30858,540,514,27,0,0,0,0,0,0,0,1054,27
15,30887,15|30887,8076,410,22,0,0,0,0,13,0,181,8499,-172
15,30888,15|30888,11808,285,15,0,0,0,0,103,0,1888,12196,-1976
15,30889,15|30889,1000,332,18,0,0,0,0,0,0,0,1332,18
15,30891,15|30891,14280,510,27,0,0,0,0,0,0,0,14790,27
15,30892,15|30892,980,554,29,0,0,0,0,2,0,88,1536,-61
15,30944,15|30944,1410,0,4,0,6,6,0,1,0,200,1405,-191
15,30945,15|30945,4330,118,6,0,0,0,0,6,0,484,4454,-484
15,30992,15|30992,4080,0,3,0,0,0,0,70,0,995,4150,-1062
15,31525,15|31525,150,0,1,0,0,0,0,0,0,0,150,1
15,31616,15|31616,16860,285,15,0,7,7,1,143,0,2170,17282,-2292
15,31704,15|31704,144,0,0,0,0,0,0,0,0,0,144,0
15,31707,15|31707,3024,525,28,0,0,0,0,46,0,437,3595,-455
15,31834,15|31834,2496,0,0,0,4,4,0,23,0,158,2515,-177
15,32060,15|32060,480,0,0,0,0,0,0,1,0,49,481,-50
15,32119,15|32119,18678,0,4,0,7,7,1,205,0,2611,18877,-2806
15,32166,15|32166,8064,0,5,0,2,2,0,156,0,916,8218,-1065
15,32167,15|32167,8400,0,4,0,0,0,1,76,0,755,8477,-828
15,32169,15|32169,8352,0,4,0,0,0,0,59,0,157,8411,-212
15,32233,15|32233,4680,549,29,0,0,0,1,0,0,137,5230,-109
15,32494,15|32494,690,0,0,0,0,0,0,0,0,10,690,-10
15,32495,15|32495,800,0,0,0,0,0,4,9,0,475,813,-488
15,32496,15|32496,3200,0,2,0,0,0,0,0,0,0,3200,2
15,32510,15|32510,1897,0,0,0,0,0,0,0,0,0,1897,0
15,32533,15|32533,390,0,0,0,0,0,0,0,0,0,390,0
15,32851,15|32851,4770,0,2,0,6,6,0,59,0,864,4823,-915
15,32861,15|32861,14144,274,14,0,0,0,0,9,0,330,14427,-325
15,32878,15|32878,1120,158,8,0,0,0,0,0,0,0,1278,8
15,32879,15|32879,1320,154,8,0,0,0,0,0,0,0,1474,8
15,32920,15|32920,300,0,0,0,0,0,0,0,0,0,300,0
15,32923,15|32923,1750,0,4,0,0,0,0,21,0,1114,1771,-1131
15,32924,15|32924,3000,138,7,0,7,7,0,14,0,1356,3145,-1356
15,32925,15|32925,1750,158,8,0,0,0,0,67,0,1827,1975,-1886
15,32928,15|32928,3750,217,11,0,0,0,0,33,0,844,4000,-866
15,32929,15|32929,1500,217,11,0,0,0,0,25,0,843,1742,-857
15,32930,15|32930,1500,158,8,0,0,0,1,2,0,874,1661,-869
15,32931,15|32931,2250,257,14,0,0,0,0,5,0,62,2512,-53
15,32932,15|32932,3750,0,3,0,0,0,0,31,0,829,3781,-857
15,32979,15|32979,1280,0,0,0,0,0,0,0,0,0,1280,0
15,32980,15|32980,900,0,0,0,0,0,0,0,0,53,900,-53
15,32981,15|32981,720,0,0,0,0,0,0,0,0,0,720,0
15,32997,15|32997,1050,189,10,0,0,0,0,56,0,292,1295,-338
15,33036,15|33036,600,177,9,0,0,0,0,3,0,34,780,-28
15,33046,15|33046,1400,0,5,0,0,0,0,0,0,0,1400,5
15,33047,15|33047,3164,210,11,0,0,0,0,49,0,1451,3423,-1489
15,33063,15|33063,600,142,8,0,7,7,0,2,0,135,737,-122
15,33064,15|33064,600,142,8,0,6,6,0,8,0,166,744,-160
15,33102,15|33102,6760,165,9,0,0,0,0,1,0,58,6926,-50
15,33103,15|33103,6755,158,8,0,0,0,0,1,0,72,6914,-65
15,33104,15|33104,5760,165,9,0,0,0,0,0,0,35,5925,-26
15,33766,15|33766,2700,0,0,0,0,0,0,0,0,0,2700,0
15,34687,15|34687,720,0,0,0,0,0,0,2,0,111,722,-113
15,34876,15|34876,1484,0,0,0,0,0,0,0,0,0,1484,0
15,34877,15|34877,2156,0,0,0,0,0,0,0,0,0,2156,0
15,34878,15|34878,700,0,0,0,0,0,0,2,0,227,702,-229
15,34879,15|34879,600,0,0,0,0,0,0,0,0,0,600,0
15,34880,15|34880,450,0,0,0,0,0,0,0,0,0,450,0
15,34881,15|34881,450,0,0,0,0,0,0,0,0,0,450,0
15,34882,15|34882,4872,0,0,0,0,0,0,0,0,0,4872,0
15,34939,15|34939,3060,0,0,0,0,0,0,0,0,0,3060,0
15,34940,15|34940,1800,0,0,0,0,0,0,0,0,0,1800,0
15,34943,15|34943,700,0,0,0,0,0,0,0,0,0,700,0
15,35080,15|35080,360,0,0,0,0,0,0,1,0,162,361,-163
15,35129,15|35129,330,0,0,0,0,0,0,18,0,282,348,-300
15,35130,15|35130,3030,0,0,0,0,0,1,118,0,1053,3149,-1172
15,35131,15|35131,150,0,0,0,0,0,0,19,0,96,169,-115
15,35276,15|35276,1260,0,0,0,0,0,0,0,0,0,1260,0
15,35277,15|35277,720,0,0,0,0,0,0,0,0,0,720,0
15,35763,15|35763,360,0,0,0,0,0,0,0,0,0,360,0
15,35799,15|35799,1200,0,0,0,0,0,0,0,0,0,1200,0
15,35800,15|35800,800,0,0,0,0,0,0,0,0,0,800,0
15,35801,15|35801,2400,0,0,0,0,0,0,0,0,0,2400,0
15,35802,15|35802,840,0,0,0,0,0,0,0,0,0,840,0
15,35803,15|35803,870,0,0,0,0,0,0,0,0,0,870,0
15,35804,15|35804,240,0,0,0,0,0,0,0,0,0,240,0
15,35805,15|35805,696,0,0,0,0,0,0,0,0,0,696,0
15,35806,15|35806,480,0,0,0,0,0,0,0,0,0,480,0
15,35807,15|35807,400,0,0,0,0,0,0,0,0,0,400,0
15,36054,15|36054,3216,0,0,0,0,0,0,7,0,115,3223,-122
15,36115,15|36115,2750,0,0,0,0,0,0,0,2,312,2750,-314
15,36190,15|36190,840,0,0,0,0,0,0,0,0,0,840,0
15,36336,15|36336,240,0,0,0,0,0,0,0,0,0,240,0
15,36481,15|36481,150,0,0,0,0,0,0,0,0,0,150,0
15,36613,15|36613,552,0,0,0,0,0,0,0,0,0,552,0
15,37074,15|37074,675,0,0,0,0,0,0,0,0,0,675,0
15,37521,15|37521,1932,0,0,0,0,0,0,11,0,374,1943,-385
15,37599,15|37599,540,0,0,0,0,0,0,0,0,0,540,0
15,37607,15|37607,240,0,0,0,0,0,0,0,0,0,240,0
15,37678,15|37678,1080,0,0,0,0,0,0,0,0,0,1080,0
15,37680,15|37680,1856,0,0,0,0,0,0,0,0,12,1856,-12
15,37681,15|37681,480,0,0,0,0,0,0,0,0,10,480,-10
15,37682,15|37682,840,0,0,0,0,0,0,0,0,19,840,-19
15,37683,15|37683,600,0,0,0,0,0,0,0,0,6,600,-6
15,37685,15|37685,672,0,0,0,0,0,0,6,0,14,678,-20
15,37687,15|37687,1932,0,0,0,0,0,0,0,0,0,1932,0
15,37688,15|37688,600,0,0,0,0,0,0,0,0,0,600,0
15,37689,15|37689,240,0,0,0,0,0,0,0,0,0,240,0
15,37695,15|37695,672,0,0,0,0,0,0,0,0,0,672,0
15,37731,15|37731,270,0,0,0,0,0,0,0,0,138,270,-138
15,37732,15|37732,270,0,0,0,0,0,0,0,0,0,270,0
15,37746,15|37746,1840,0,0,0,0,0,0,0,0,0,1840,0
15,37747,15|37747,1260,0,0,0,0,0,0,0,0,65,1260,-65
15,37748,15|37748,720,0,0,0,0,0,0,0,0,0,720,0
15,37981,15|37981,6842,0,0,0,0,0,0,25,0,1183,6867,-1208
15,37982,15|37982,10228,0,0,0,0,0,0,30,0,1592,10258,-1622
15,37983,15|37983,11092,0,0,0,0,0,0,116,0,1503,11208,-1619
15,38084,15|38084,1050,0,0,0,0,0,0,0,0,0,1050,0
15,38085,15|38085,13902,0,0,0,0,0,0,14,0,1721,13916,-1735
15,38148,15|38148,1440,0,0,0,0,0,0,0,0,0,1440,0
15,38210,15|38210,510,0,0,0,0,0,0,0,0,0,510,0
15,38211,15|38211,2250,0,0,0,0,0,1,2,0,45,2253,-48
15,38230,15|38230,450,0,0,0,0,0,0,0,0,0,450,0
15,38231,15|38231,360,0,0,0,0,0,0,0,0,0,360,0
15,38232,15|38232,1056,0,0,0,0,0,0,0,0,0,1056,0
15,38234,15|38234,240,0,0,0,0,0,0,0,0,0,240,0
15,38235,15|38235,420,0,0,0,0,0,0,20,0,54,440,-74
15,38549,15|38549,768,0,0,0,0,0,0,2,0,106,770,-108
15,38612,15|38612,1464,0,0,0,0,0,0,30,0,356,1494,-386
15,38613,15|38613,1000,0,0,0,0,0,1,1,0,334,1002,-336
15,38615,15|38615,4250,0,0,0,0,0,0,10,0,517,4260,-527
15,38901,15|38901,1800,0,0,0,0,0,0,2,0,91,1802,-93
15,38926,15|38926,750,0,0,0,0,0,0,0,0,0,750,0
15,38928,15|38928,1650,0,0,0,0,0,0,1,0,22,1651,-23
15,38931,15|38931,300,0,0,0,0,0,0,0,0,0,300,0
15,38932,15|38932,300,0,0,0,0,0,0,0,0,0,300,0
15,38933,15|38933,300,0,0,0,0,0,0,0,0,0,300,0
15,38936,15|38936,1560,0,0,0,0,0,0,0,0,0,1560,0
15,38939,15|38939,500,0,0,0,0,0,0,6,0,131,506,-137
15,39144,15|39144,240,0,0,0,0,0,0,0,0,0,240,0
15,39428,15|39428,3240,0,0,0,0,0,0,23,0,540,3263,-563
15,39429,15|39429,4440,0,0,0,0,0,0,27,0,548,4467,-575
15,39529,15|39529,500,0,0,0,0,0,0,12,0,108,512,-120
15,39530,15|39530,420,0,0,0,0,0,0,0,0,13,420,-13
15,39531,15|39531,1000,0,0,0,0,0,0,1,0,148,1001,-149
15,39568,15|39568,240,0,0,0,0,0,0,0,0,0,240,0
15,39569,15|39569,168,0,0,0,0,0,0,0,0,0,168,0
15,39614,15|39614,160,0,0,0,0,0,0,0,0,0,160,0
15,39615,15|39615,240,0,0,0,0,0,0,0,0,0,240,0
15,39834,15|39834,7920,0,0,0,0,0,0,9,0,1245,7929,-1254
15,39835,15|39835,1800,0,0,0,0,0,0,16,0,214,1816,-230
15,39851,15|39851,4410,0,0,0,0,0,0,12,0,576,4422,-588
15,40000,15|40000,2700,0,0,0,0,0,0,14,0,208,2714,-222
15,40229,15|40229,1440,0,0,0,0,0,0,0,0,227,1440,-227
15,40230,15|40230,1250,0,0,0,0,0,0,0,0,0,1250,0
15,40232,15|40232,360,0,0,0,0,0,0,0,0,0,360,0
15,40233,15|40233,480,0,0,0,0,0,0,0,0,0,480,0
15,40265,15|40265,675,0,0,0,0,0,0,0,0,68,675,-68
15,40266,15|40266,600,0,0,0,0,0,0,1,0,40,601,-41
15,40268,15|40268,1250,0,0,0,0,0,0,0,0,0,1250,0
15,40355,15|40355,720,0,0,0,0,0,0,0,0,462,720,-462
15,40796,15|40796,1500,0,0,0,0,0,0,5,0,387,1505,-392
15,40797,15|40797,1120,0,0,0,0,0,0,11,0,27,1131,-38
15,40817,15|40817,5520,0,0,0,0,0,0,14,0,651,5534,-665
15,40818,15|40818,780,0,0,0,0,0,0,0,0,0,780,0
15,40880,15|40880,5220,0,0,0,0,0,1,37,0,808,5258,-846
15,41045,15|41045,3840,0,0,0,0,0,0,40,0,615,3880,-655
15,41046,15|41046,4950,0,0,0,0,0,0,17,0,607,4967,-624
15,41047,15|41047,1830,0,0,0,0,0,0,26,0,343,1856,-369
15,41048,15|41048,3210,0,0,0,0,0,0,31,0,457,3241,-488
15,41049,15|41049,980,0,0,0,0,0,0,0,0,0,980,0
15,41050,15|41050,2900,0,0,0,0,0,0,0,0,367,2900,-367
15,41051,15|41051,480,0,0,0,0,0,0,0,0,25,480,-25
15,41053,15|41053,2940,0,0,0,0,0,1,2,0,500,2943,-503
15,41054,15|41054,3556,0,0,0,0,0,0,15,0,523,3571,-538
15,41055,15|41055,360,0,0,0,0,0,0,0,0,34,360,-34
15,41093,15|41093,600,0,0,0,0,0,0,0,0,0,600,0
15,41142,15|41142,1200,0,0,0,0,0,0,4,0,65,1204,-69
15,41143,15|41143,720,0,0,0,0,0,0,0,0,27,720,-27
15,41300,15|41300,4410,0,0,0,0,0,0,18,0,583,4428,-601
15,41593,15|41593,8910,0,0,0,0,0,0,41,0,1793,8951,-1834
15,41594,15|41594,1200,0,0,0,0,0,0,0,0,0,1200,0
15,41595,15|41595,7780,0,0,0,0,0,0,9,0,112,7789,-121
15,41649,15|41649,360,0,0,0,0,0,0,12,0,95,372,-107
15,41655,15|41655,96,0,0,0,0,0,0,0,0,0,96,0
15,41656,15|41656,900,0,0,0,0,0,0,9,0,203,909,-212
15,41657,15|41657,150,0,0,0,0,0,0,0,0,0,150,0
15,41658,15|41658,2100,0,0,0,0,0,0,16,0,163,2116,-179
15,41783,15|41783,180,0,0,0,0,0,0,0,0,0,180,0
15,41790,15|41790,640,0,0,0,0,0,0,0,0,124,640,-124
15,41791,15|41791,150,0,0,0,0,0,0,0,0,0,150,0
15,41903,15|41903,1800,0,0,0,0,0,0,0,0,22,1800,-22
15,41904,15|41904,300,0,0,0,0,0,0,0,0,0,300,0
15,41905,15|41905,1650,0,0,0,0,0,0,0,0,44,1650,-44
15,41906,15|41906,720,0,0,0,0,0,0,9,0,186,729,-195
15,41924,15|41924,300,0,0,0,0,0,0,0,0,90,300,-90
15,42182,15|42182,360,0,0,0,0,0,0,0,0,0,360,0
15,42190,15|42190,1152,0,0,0,0,0,0,0,0,0,1152,0
15,42330,15|42330,240,0,0,0,0,0,0,29,0,44,269,-73
15,42332,15|42332,3304,0,0,0,0,0,0,18,0,456,3322,-474
15,42848,15|42848,144,0,0,0,0,0,0,0,0,0,144,0
15,42850,15|42850,1540,0,0,0,0,0,0,4,0,508,1544,-512
15,42950,15|42950,2400,0,0,0,0,0,0,0,0,46,2400,-46
15,42959,15|42959,720,0,0,0,0,0,0,8,0,160,728,-168
15,42960,15|42960,3250,0,0,0,0,0,0,70,0,1129,3320,-1199
15,43044,15|43044,60,0,0,0,0,0,0,0,0,0,60,0
15,43090,15|43090,360,0,0,0,0,0,0,1,0,16,361,-17
15,43091,15|43091,840,0,0,0,0,0,0,0,0,32,840,-32
15,43092,15|43092,630,0,0,0,0,0,0,0,0,0,630,0
15,43831,15|43831,360,0,0,0,0,0,0,0,0,0,360,0
15,43876,15|43876,750,0,0,0,0,0,0,0,0,11,750,-11
15,43877,15|43877,1000,0,0,0,0,0,0,13,0,303,1013,-316
15,43880,15|43880,1500,0,0,0,0,0,0,18,0,238,1518,-256
15,43881,15|43881,1750,0,0,0,0,0,0,2,0,457,1752,-459
15,43887,15|43887,500,0,0,0,0,0,0,0,0,0,500,0
15,44120,15|44120,1000,0,0,0,0,0,0,7,0,169,1007,-176
15,44578,15|44578,1344,0,0,0,0,0,0,0,0,42,1344,-42
15,44579,15|44579,5952,0,0,0,0,0,1,6,0,165,5959,-172
15,44580,15|44580,2400,0,0,0,0,0,0,0,0,7,2400,-7
15,44584,15|44584,10776,0,0,0,0,0,0,0,0,370,10776,-370
15,44610,15|44610,1500,0,0,0,0,0,0,0,0,0,1500,0
15,44618,15|44618,5160,0,0,0,0,0,0,2,0,155,5162,-157
15,44900,15|44900,96,0,0,0,0,0,0,0,0,0,96,0
15,44901,15|44901,96,0,0,0,0,0,0,0,0,0,96,0
15,45140,15|45140,2160,0,0,0,0,0,0,0,0,516,2160,-516
15,45141,15|45141,2880,0,0,0,0,0,0,2,0,298,2882,-300
15,45160,15|45160,800,0,0,0,0,0,1,0,0,312,801,-313
15,45161,15|45161,400,0,0,0,0,0,0,18,0,256,418,-274
15,45162,15|45162,600,0,0,0,0,0,0,0,0,366,600,-366
15,45163,15|45163,360,0,0,0,0,0,0,6,0,189,366,-195
15,45165,15|45165,240,0,0,0,0,0,0,0,0,123,240,-123
15,45588,15|45588,600,0,0,0,0,0,0,0,0,0,600,0
15,45736,15|45736,240,0,0,0,0,0,0,0,0,6,240,-6
15,45738,15|45738,144,0,0,0,0,0,0,0,0,0,144,0
15,45739,15|45739,144,0,0,0,0,0,0,0,0,11,144,-11
15,45740,15|45740,96,0,0,0,0,0,0,0,0,6,96,-6
15,45741,15|45741,200,0,0,0,0,0,0,0,0,8,200,-8
15,45743,15|45743,96,0,0,0,0,0,0,0,0,0,96,0
15,45744,15|45744,600,0,0,0,0,0,0,0,0,35,600,-35
15,45759,15|45759,1080,0,0,0,0,0,0,0,0,14,1080,-14
15,45771,15|45771,144,0,0,0,0,0,0,0,0,0,144,0
15,45772,15|45772,450,0,0,0,0,0,0,0,0,0,450,0
15,45773,15|45773,240,0,0,0,0,0,0,0,0,0,240,0
15,45774,15|45774,240,0,0,0,0,0,0,0,0,0,240,0
15,45811,15|45811,192,0,0,0,0,0,0,0,0,0,192,0
15,45887,15|45887,240,0,0,0,0,0,0,0,0,0,240,0
16,15935,16|15935,2040,527,28,0,0,0,0,145,3,2436,2712,-2556
16,15936,16|15936,6360,418,22,0,5,5,5,184,4,5898,6962,-6064
16,15937,16|15937,8040,441,23,0,4,4,4,204,4,6719,8685,-6904
16,16206,16|16206,150,119,6,0,0,0,0,147,0,1356,416,-1497
16,16238,16|16238,450,190,10,0,7,7,0,186,15,1549,819,-1733
16,16634,16|16634,4800,189,10,0,0,0,6,210,8,4410,5205,-4624
16,16670,16|16670,6120,529,28,0,5,5,14,268,39,6370,6926,-6658
16,18277,16|18277,6128,243,13,0,6,6,2,304,24,5291,6671,-5602
16,18278,16|18278,2170,252,13,0,12,12,2,181,0,1755,2593,-1913
16,18279,16|18279,8368,190,10,0,18,18,10,271,15,7613,8821,-7881
16,18833,16|18833,1120,0,0,0,2,2,0,44,0,1102,1162,-1144
16,19709,16|19709,7800,882,46,0,9,9,2,387,16,7904,9062,-8254
16,19710,16|19710,7200,680,36,0,16,16,5,451,23,7317,8320,-7744
16,19711,16|19711,1584,262,14,0,6,6,0,274,3,1444,2114,-1701
16,19714,16|19714,2100,442,23,0,0,0,0,36,0,1368,2578,-1381
16,21188,16|21188,22176,1399,74,0,32,32,10,818,2,21702,24371,-22426
16,21520,16|21520,1190,0,0,0,0,0,0,43,0,877,1233,-920
16,21807,16|21807,2880,380,20,0,21,21,3,505,87,1496,3747,-2050
16,22060,16|22060,900,0,0,0,0,0,0,0,0,0,900,0
16,23407,16|23407,3899,116,6,0,0,0,0,213,1,1498,4228,-1706
16,23408,16|23408,3746,276,15,0,6,6,3,246,18,4050,4265,-4296
16,23438,16|23438,10944,548,29,0,2,2,0,489,5,9759,11979,-10222
16,23769,16|23769,4440,142,8,0,0,0,0,0,1,42,4582,-35
16,24212,16|24212,13584,706,37,0,5,5,13,897,0,12076,15195,-12944
16,24650,16|24650,2400,131,7,0,11,11,0,170,12,5186,2690,-5350
16,24651,16|24651,1980,153,8,0,8,8,0,184,1,2106,2309,-2275
16,24652,16|24652,3456,825,43,0,28,28,0,166,10,3128,4419,-3233
16,24653,16|24653,13320,698,37,0,22,22,14,352,23,10849,14362,-11179
16,24831,16|24831,3840,460,24,0,12,12,6,323,5,3505,4617,-3803
16,24832,16|24832,3840,395,21,0,2,2,0,339,4,3120,4572,-3440
16,24849,16|24849,1200,331,17,0,13,13,0,217,120,1696,1735,-2003
16,24850,16|24850,600,229,12,0,3,3,1,323,148,871,1150,-1328
16,24875,16|24875,1200,254,13,0,6,6,2,428,12,1528,1878,-1951
16,24876,16|24876,1200,229,12,0,13,13,0,280,10,1480,1696,-1745
16,25427,16|25427,1600,380,20,0,5,5,0,384,47,1079,2359,-1485
16,25487,16|25487,1500,1296,68,0,0,0,0,0,0,0,2796,68
16,25721,16|25721,9120,0,0,0,0,0,1,82,12,2429,9203,-2524
16,27233,16|27233,960,0,0,0,6,6,0,159,12,314,1113,-479
16,27442,16|27442,3440,139,7,0,8,8,0,179,3,3804,3750,-3971
16,27691,16|27691,7290,0,0,0,0,0,7,172,2,4729,7469,-4910
16,27692,16|27692,7260,0,0,0,0,0,8,146,3,3978,7414,-4135
16,27775,16|27775,728,0,0,0,0,0,0,0,0,0,728,0
16,30185,16|30185,7200,285,15,0,4,4,1,849,26,7046,8331,-7903
16,30309,16|30309,2100,0,0,0,0,0,0,43,0,1849,2143,-1892
16,31630,16|31630,1600,0,3,0,3,3,0,668,176,647,2265,-1485
16,31938,16|31938,6870,159,8,0,19,19,24,379,15,5600,7413,-5991
16,31939,16|31939,1800,170,9,0,1,1,0,154,27,2331,2123,-2502
16,31940,16|31940,4080,0,5,0,7,7,0,218,49,3667,4291,-3922
16,32144,16|32144,15888,343,18,0,12,12,7,1971,31,13803,18197,-15782
16,32229,16|32229,2400,0,5,0,21,21,0,174,5,2847,2553,-3000
16,33102,16|33102,675,0,0,0,0,0,0,0,0,0,675,0
16,33104,16|33104,640,0,0,0,0,0,0,0,0,0,640,0
16,33638,16|33638,1292,0,0,0,0,0,0,77,6,130,1369,-213
16,33639,16|33639,1580,0,0,0,0,0,0,438,9,102,2018,-549
16,34332,16|34332,2256,0,0,0,0,0,0,0,0,0,2256,0
16,34333,16|34333,1104,0,0,0,0,0,0,0,0,0,1104,0
16,34421,16|34421,1464,0,0,0,0,0,5,402,165,608,1871,-1180
16,34432,16|34432,6936,0,0,0,39,39,0,1117,0,3148,8014,-4226
16,34702,16|34702,2640,0,0,0,0,0,12,350,146,1373,3002,-1881
16,35331,16|35331,4560,0,0,0,0,0,1,186,6,2823,4747,-3016
16,35401,16|35401,1200,0,0,0,13,13,1,170,0,1071,1358,-1229
16,35402,16|35402,3000,0,0,0,1,1,1,412,0,1681,3412,-2093
16,35607,16|35607,600,0,0,0,5,5,0,143,10,534,738,-682
16,35905,16|35905,720,0,0,0,0,0,0,0,0,0,720,0
16,35906,16|35906,720,0,0,0,0,0,0,0,0,0,720,0
16,35907,16|35907,675,0,0,0,0,0,0,0,0,0,675,0
16,36093,16|36093,6720,0,0,0,3,3,7,283,273,4731,7007,-5291
16,36348,16|36348,980,0,0,0,0,0,2,41,141,677,1023,-861
16,36377,16|36377,2400,0,0,0,0,0,6,151,187,845,2557,-1189
16,36415,16|36415,960,0,0,0,0,0,0,205,138,315,1165,-658
16,36416,16|36416,432,0,0,0,0,0,0,59,13,412,491,-484
16,36418,16|36418,1120,0,0,0,4,4,9,95,5,1022,1220,-1127
16,36491,16|36491,864,0,0,0,0,0,2,160,12,3203,1026,-3377
16,36492,16|36492,864,0,0,0,2,2,4,189,6,3186,1055,-3383
16,36507,16|36507,7640,0,0,0,6,6,2,353,53,4843,7989,-5245
16,36818,16|36818,960,0,0,0,0,0,0,0,0,0,960,0
16,37040,16|37040,2808,0,0,0,0,0,1,134,31,467,2943,-633
16,37041,16|37041,3720,0,0,0,6,6,2,220,16,2201,3936,-2433
16,37277,16|37277,8280,0,0,0,0,0,7,177,9,6143,8464,-6336
16,37282,16|37282,14400,0,0,0,0,0,6,214,9,8804,14620,-9033
16,37283,16|37283,24480,0,0,0,0,0,4,160,0,12702,24644,-12866
16,37419,16|37419,6552,0,0,0,0,0,3,299,10,3407,6854,-3719
16,37751,16|37751,1200,0,0,0,0,0,0,41,20,1120,1241,-1181
16,37834,16|37834,11700,0,0,0,0,0,3,378,3,8641,12081,-9025
16,38996,16|38996,1728,0,0,0,0,0,3,226,7,1611,1957,-1847
16,38997,16|38997,4800,0,0,0,0,0,4,228,2,4251,5032,-4485
16,39008,16|39008,180,0,0,0,0,0,5,30,97,24,215,-156
16,39009,16|39009,170,0,0,0,0,0,2,50,75,34,222,-161
16,39010,16|39010,190,0,0,0,0,0,2,45,105,21,237,-173
16,39011,16|39011,200,0,0,0,0,0,0,30,90,44,230,-164
16,39012,16|39012,140,0,0,0,0,0,0,26,69,22,166,-117
16,39013,16|39013,190,0,0,0,0,0,2,58,100,8,250,-168
16,39014,16|39014,170,0,0,0,0,0,0,37,83,16,207,-136
16,39015,16|39015,220,0,0,0,0,0,0,19,152,21,239,-192
16,39016,16|39016,150,0,0,0,0,0,0,25,98,5,175,-128
16,39017,16|39017,190,0,0,0,0,0,0,47,88,28,237,-163
16,39082,16|39082,1368,0,0,0,0,0,3,54,25,533,1425,-615
16,39086,16|39086,480,0,0,0,0,0,0,48,1,177,528,-226
16,39281,16|39281,3432,0,0,0,0,0,0,105,3,2611,3537,-2719
16,39754,16|39754,2952,0,0,0,0,0,0,0,0,0,2952,0
16,39755,16|39755,2952,0,0,0,0,0,0,0,0,0,2952,0
16,40254,16|40254,4320,0,0,0,0,0,0,136,0,3883,4456,-4019
16,40349,16|40349,1920,0,0,0,0,0,0,0,0,0,1920,0
16,40657,16|40657,100,0,0,0,0,0,0,0,0,0,100,0
16,40658,16|40658,500,0,0,0,0,0,0,0,0,0,500,0
16,41193,16|41193,5340,0,0,0,0,0,4,238,44,4698,5582,-4984
16,41194,16|41194,5400,0,0,0,0,0,19,153,22,5267,5572,-5461
16,41280,16|41280,840,0,0,0,0,0,0,40,36,64,880,-140
16,41551,16|41551,3720,0,0,0,0,0,2,199,3,2921,3921,-3125
16,41642,16|41642,2016,0,0,0,0,0,0,718,0,3445,2734,-4163
16,41772,16|41772,4200,0,0,0,0,0,0,42,0,3578,4242,-3620
16,42766,16|42766,864,0,0,0,0,0,0,22,0,521,886,-543
16,42767,16|42767,1152,0,0,0,0,0,0,31,0,687,1183,-718
16,43611,16|43611,240,0,0,0,0,0,0,0,0,1,240,-1
16,43709,16|43709,2880,0,0,0,0,0,5,89,0,1830,2974,-1924
16,43711,16|43711,720,0,0,0,0,0,0,12,0,373,732,-385
16,43714,16|43714,960,0,0,0,0,0,1,10,0,490,971,-501
16,43717,16|43717,480,0,0,0,0,0,0,7,0,223,487,-230
16,43723,16|43723,300,0,0,0,0,0,0,7,0,91,307,-98
16,43725,16|43725,300,0,0,0,0,0,0,22,0,76,322,-98
16,44014,16|44014,1000,0,0,0,0,0,0,0,0,27,1000,-27
16,44078,16|44078,1664,0,0,0,0,0,1,36,0,698,1701,-735
16,44978,16|44978,480,0,0,0,0,0,0,0,0,0,480,0
16,44981,16|44981,720,0,0,0,0,0,0,0,0,0,720,0
16,44983,16|44983,480,0,0,0,0,0,0,0,0,0,480,0
16,44984,16|44984,720,0,0,0,0,0,0,0,0,0,720,0
16,44990,16|44990,420,0,0,0,0,0,0,1,0,29,421,-30
16,44995,16|44995,600,0,0,0,0,0,0,7,0,34,607,-41
16,44996,16|44996,540,0,0,0,0,0,0,14,0,27,554,-41
16,44998,16|44998,600,0,0,0,0,0,0,0,0,9,600,-9
16,44999,16|44999,600,0,0,0,0,0,0,6,0,23,606,-29
16,45009,16|45009,720,0,0,0,0,0,0,0,0,0,720,0
16,45036,16|45036,420,0,0,0,0,0,0,10,0,9,430,-19
16,45037,16|45037,420,0,0,0,0,0,0,0,0,12,420,-12
16,45038,16|45038,480,0,0,0,0,0,0,4,0,25,484,-29
16,45039,16|45039,448,0,0,0,0,0,0,4,0,4,452,-8
16,45040,16|45040,600,0,0,0,0,0,0,0,0,17,600,-17
16,45042,16|45042,864,0,0,0,0,0,0,0,0,46,864,-46
16,45043,16|45043,800,0,0,0,0,0,0,5,0,48,805,-53
16,45051,16|45051,600,0,0,0,0,0,0,10,0,17,610,-27
16,45070,16|45070,600,0,0,0,0,0,0,6,0,0,606,-6
16,45423,16|45423,300,0,0,0,0,0,0,0,0,0,300,0
17,11067,17|11067,3600,0,0,0,0,0,0,0,0,0,3600,0
17,14423,17|14423,2160,138,7,0,0,0,0,228,8,1797,2526,-2026
17,14445,17|14445,648,232,12,0,0,0,0,38,0,628,918,-654
17,14456,17|14456,26640,343,18,0,0,0,17,1674,9,25595,28674,-27277
17,14635,17|14635,9960,352,19,0,10,10,9,641,132,9355,10952,-10108
17,14721,17|14721,600,328,17,0,5,5,0,166,0,1273,1089,-1417
17,14722,17|14722,6000,580,31,0,8,8,55,1242,7,29574,7869,-30839
17,14803,17|14803,9792,349,18,0,5,5,7,592,45,9761,10735,-10382
17,15248,17|15248,16590,409,22,0,9,9,7,556,21,15247,17553,-15800
17,15249,17|15249,2310,0,0,0,3,3,0,117,7,3186,2424,-3307
17,15250,17|15250,560,0,0,0,0,0,0,43,0,548,603,-591
17,15389,17|15389,7080,399,21,0,7,7,5,616,16,7791,8093,-8400
17,15406,17|15406,2520,0,0,0,0,0,7,28,0,633,2555,-668
17,15491,17|15491,560,0,0,0,7,7,0,116,0,1205,669,-1314
17,16549,17|16549,11232,356,19,0,13,13,9,709,14,10401,12293,-11101
17,17290,17|17290,640,151,8,0,0,0,0,94,0,623,885,-709
17,17696,17|17696,600,329,17,0,0,0,0,354,3,682,1283,-1022
17,18188,17|18188,2880,417,22,0,0,0,0,18,0,184,3315,-180
17,18189,17|18189,4224,485,26,0,8,8,0,621,0,6659,5322,-7246
17,18191,17|18191,14592,314,17,0,11,11,6,1207,5,13411,16108,-14601
17,18192,17|18192,11712,642,34,0,5,5,3,776,0,11544,13128,-12284
17,18884,17|18884,2880,1131,60,0,0,0,0,189,0,2857,4200,-2986
17,19102,17|19102,3600,1115,59,0,15,15,18,1312,0,6570,6030,-7826
17,19103,17|19103,3600,1100,58,0,0,0,0,1053,0,6156,5753,-7151
17,19426,17|19426,7650,508,27,0,0,0,5,210,0,4294,8373,-4482
17,20865,17|20865,3060,237,13,0,0,0,3,97,0,1656,3397,-1743
17,20866,17|20866,3060,0,0,0,0,0,4,80,1,1918,3144,-2003
17,20869,17|20869,3700,223,12,0,7,7,4,1176,3,3008,5096,-4172
17,21816,17|21816,2880,380,20,0,0,0,0,53,39,113,3313,-185
17,22786,17|22786,1440,253,13,0,0,0,2,178,1,2968,1873,-3136
17,22790,17|22790,912,0,0,0,0,0,0,17,0,24,929,-41
17,22794,17|22794,312,0,0,0,0,0,0,0,6,6,312,-12
17,24028,17|24028,10320,352,19,0,7,7,7,499,23,11496,11171,-11999
17,24215,17|24215,4032,1610,85,0,10,10,1,1664,7,6053,7297,-7630
17,24216,17|24216,13824,972,51,0,23,23,13,2492,7,15128,17278,-17566
17,24558,17|24558,23400,619,33,0,0,0,1,45,0,639,24065,-652
17,24703,17|24703,1440,313,17,0,7,7,0,168,0,1432,1914,-1576
17,24829,17|24829,10080,343,18,0,0,0,0,179,11,244,10602,-416
17,24830,17|24830,3840,399,21,0,0,0,0,461,12,5273,4700,-5725
17,24853,17|24853,2100,261,14,0,0,0,0,397,20,2619,2758,-3022
17,24854,17|24854,2100,261,14,0,0,0,0,436,41,2672,2797,-3135
17,24872,17|24872,900,142,8,0,0,0,0,0,0,0,1042,8
17,24873,17|24873,900,142,8,0,0,0,0,0,0,0,1042,8
17,25428,17|25428,2560,507,27,0,0,0,0,53,31,96,3120,-153
17,27483,17|27483,10800,571,30,0,3,3,7,746,9,11373,12121,-12102
17,27649,17|27649,900,233,12,0,0,0,0,166,0,1517,1299,-1671
17,27684,17|27684,13290,332,18,0,0,0,6,356,5,6000,13984,-6349
17,27685,17|27685,1350,364,19,0,5,5,0,101,0,638,1810,-715
17,27687,17|27687,13560,278,15,0,0,0,0,4,1,107,13842,-97
17,27721,17|27721,720,186,10,0,0,0,0,1079,224,931,1985,-2224
17,27751,17|27751,1050,0,0,0,0,0,0,2,0,54,1052,-56
17,27752,17|27752,1120,0,0,0,0,0,0,0,0,0,1120,0
17,27755,17|27755,5040,293,15,0,0,0,0,0,0,1,5333,14
17,30200,17|30200,19008,428,23,0,7,7,26,1999,117,16707,21454,-18819
17,31311,17|31311,1200,0,5,0,0,0,0,226,7,1273,1426,-1501
17,31312,17|31312,600,103,5,0,0,0,0,232,16,789,935,-1032
17,31321,17|31321,4608,731,39,0,11,11,0,967,109,8096,6295,-9122
17,31655,17|31655,4600,189,10,0,1,1,0,876,75,3047,5664,-3987
17,32096,17|32096,40,0,0,0,0,0,0,0,35,4,40,-39
17,32097,17|32097,40,0,0,0,0,0,0,0,31,3,40,-34
17,32098,17|32098,30,0,0,0,0,0,0,9,12,3,39,-24
17,32100,17|32100,40,0,0,0,0,0,0,0,34,2,40,-36
17,32101,17|32101,40,0,0,0,0,0,0,0,23,13,40,-36
17,32897,17|32897,1530,320,17,0,14,14,1,1085,73,8196,2922,-9324
17,33496,17|33496,8400,0,0,0,0,0,0,0,0,0,8400,0
17,33497,17|33497,560,0,3,0,0,0,0,0,0,0,560,3
17,33630,17|33630,600,0,0,0,0,0,0,0,0,0,600,0
17,33631,17|33631,1200,0,0,0,0,0,0,194,10,182,1394,-386
17,34318,17|34318,1440,0,0,0,1,1,0,124,0,1429,1563,-1552
17,34381,17|34381,600,0,0,0,0,0,0,134,0,579,734,-713
17,34382,17|34382,600,0,0,0,0,0,0,30,0,74,630,-104
17,34383,17|34383,480,0,0,0,0,0,0,215,0,470,695,-685
17,34384,17|34384,600,0,0,0,0,0,0,41,0,158,641,-199
17,34390,17|34390,2088,0,0,0,0,0,0,444,52,1924,2532,-2420
17,34391,17|34391,1344,0,0,0,0,0,0,369,19,1255,1713,-1643
17,34431,17|34431,6432,0,0,0,0,0,3,401,18,2609,6836,-3031
17,34700,17|34700,2200,0,0,0,0,0,1,391,105,1799,2592,-2296
17,34854,17|34854,1200,0,0,0,0,0,0,158,0,1123,1358,-1281
17,34855,17|34855,1200,0,0,0,0,0,1,213,0,1089,1414,-1303
17,34856,17|34856,864,0,0,0,0,0,0,77,0,831,941,-908
17,34857,17|34857,12600,0,0,0,0,0,4,230,8,9915,12834,-10157
17,34858,17|34858,12960,0,0,0,0,0,11,377,11,15998,13348,-16397
17,35053,17|35053,3510,0,0,0,0,0,0,0,0,0,3510,0
17,35333,17|35333,4880,0,0,0,1,1,3,409,12,4319,5291,-4742
17,35398,17|35398,1500,0,0,0,0,0,0,400,0,1791,1900,-2191
17,35399,17|35399,2400,0,0,0,0,0,0,0,0,0,2400,0
17,35968,17|35968,3600,0,0,0,0,0,0,33,0,1,3633,-34
17,36037,17|36037,2400,0,0,0,3,3,1,219,31,1141,2617,-1389
17,36097,17|36097,9600,0,0,0,0,0,1,382,51,8123,9983,-8557
17,36317,17|36317,2880,0,0,0,0,0,0,220,6,2867,3100,-3093
17,36365,17|36365,1200,0,0,0,0,0,0,0,0,0,1200,0
17,36369,17|36369,480,0,0,0,4,4,0,83,15,176,559,-270
17,36372,17|36372,1800,0,0,0,0,0,6,262,61,709,2068,-1038
17,36407,17|36407,624,0,0,0,0,0,0,142,0,393,766,-535
17,36408,17|36408,1120,0,0,0,0,0,0,112,3,2174,1232,-2289
17,36410,17|36410,2560,0,0,0,0,0,2,151,0,1656,2713,-1809
17,36494,17|36494,2304,0,0,0,0,0,2,229,44,2490,2535,-2765
17,36505,17|36505,12000,0,0,0,2,2,8,425,23,9263,12431,-9717
17,37052,17|37052,3528,0,0,0,0,0,2,208,10,2351,3738,-2571
17,37053,17|37053,4708,0,0,0,7,7,3,296,8,3376,5000,-3676
17,37271,17|37271,7350,0,0,0,0,0,6,208,4,6277,7564,-6495
17,37278,17|37278,960,0,0,0,0,0,0,0,0,0,960,0
17,37280,17|37280,25200,0,0,0,8,8,37,646,3,21379,25875,-22057
17,37281,17|37281,25200,0,0,0,3,3,12,215,2,8788,25424,-9014
17,37310,17|37310,4608,0,0,0,0,0,0,0,0,0,4608,0
17,37420,17|37420,5568,0,0,0,0,0,6,181,0,3764,5755,-3951
17,37503,17|37503,1872,0,0,0,0,0,0,268,0,1697,2140,-1965
17,37836,17|37836,14700,0,0,0,2,2,31,841,52,13471,15570,-14393
17,38050,17|38050,10320,0,0,0,9,9,23,278,13,11513,10612,-11818
17,38987,17|38987,3000,0,0,0,0,0,1,238,0,1713,3239,-1952
17,38993,17|38993,5900,0,0,0,1,1,2,225,0,4148,6126,-4374
17,39007,17|39007,3600,0,0,0,3,3,1,150,72,1772,3748,-1992
17,39083,17|39083,480,0,0,0,0,0,0,115,0,307,595,-422
17,39743,17|39743,2160,0,0,0,0,0,0,1,0,159,2161,-160
17,40061,17|40061,1536,0,0,0,0,0,0,106,0,1533,1642,-1639
17,40353,17|40353,13320,0,0,0,7,7,26,525,0,12836,13864,-13380
17,40354,17|40354,3600,0,0,0,2,2,19,156,0,2477,3773,-2650
17,41067,17|41067,10560,0,0,0,3,3,46,375,1,7507,10978,-7926
17,41068,17|41068,9984,0,0,0,4,4,32,324,6,7338,10336,-7696
17,41069,17|41069,8448,0,0,0,0,0,39,391,0,6426,8878,-6856
17,41248,17|41248,1160,0,0,0,0,0,1,69,3,432,1230,-505
17,41250,17|41250,800,0,0,0,0,0,0,37,0,180,837,-217
17,41714,17|41714,960,0,0,0,1,1,2,73,8,1321,1034,-1403
17,42729,17|42729,1800,0,0,0,0,0,4,95,0,1729,1899,-1828
17,42754,17|42754,2000,0,0,0,0,0,1,78,0,2149,2079,-2228
17,42756,17|42756,1728,0,0,0,0,0,0,0,0,0,1728,0
17,43034,17|43034,2400,0,0,0,0,0,6,113,7,1874,2519,-2000
17,43463,17|43463,4400,0,0,0,0,0,0,6,0,226,4406,-232
17,43533,17|43533,2080,0,0,0,0,0,0,0,0,0,2080,0
17,43683,17|43683,500,0,0,0,0,0,0,21,0,488,521,-509
17,43684,17|43684,500,0,0,0,0,0,0,7,0,489,507,-496
17,43685,17|43685,500,0,0,0,0,0,1,7,0,500,508,-508
17,43686,17|43686,200,0,0,0,0,0,5,7,0,200,212,-212
17,43707,17|43707,720,0,0,0,0,0,0,17,0,465,737,-482
17,43710,17|43710,240,0,0,0,0,0,0,32,0,461,272,-493
17,43718,17|43718,300,0,0,0,0,0,0,7,0,206,307,-213
17,43720,17|43720,300,0,0,0,0,0,0,6,0,151,306,-157
17,43722,17|43722,4320,0,0,0,0,0,3,46,0,1189,4369,-1238
17,43724,17|43724,720,0,0,0,0,0,0,18,0,565,738,-583
17,43998,17|43998,800,0,0,0,0,0,0,12,0,80,812,-92
17,43999,17|43999,800,0,0,0,0,0,0,41,0,149,841,-190
17,44000,17|44000,800,0,0,0,0,0,0,4,0,12,804,-16
17,44017,17|44017,2592,0,0,0,0,0,0,31,0,904,2623,-935
17,44028,17|44028,1200,0,0,0,0,0,0,4,0,715,1204,-719
17,44072,17|44072,2300,0,0,0,0,0,1,13,0,897,2314,-911
17,44118,17|44118,3600,0,0,0,0,0,1,37,0,2346,3638,-2384
17,44119,17|44119,3600,0,0,0,0,0,0,14,0,945,3614,-959
17,44126,17|44126,87,0,0,0,0,0,0,29,29,3,116,-61
17,44128,17|44128,130,0,0,0,0,0,0,0,57,5,130,-62
17,44257,17|44257,1152,0,0,0,0,0,5,19,0,1121,1176,-1145
17,44258,17|44258,768,0,0,0,0,0,6,13,0,569,787,-588
17,44259,17|44259,1920,0,0,0,0,0,3,90,0,1192,2013,-1285
17,44260,17|44260,576,0,0,0,0,0,1,8,0,108,585,-117
17,44431,17|44431,360,0,0,0,0,0,0,0,0,0,360,0
17,45402,17|45402,720,0,0,0,0,0,0,7,0,124,727,-131
17,45403,17|45403,720,0,0,0,0,0,0,0,0,126,720,-126
17,45537,17|45537,750,0,0,0,0,0,0,14,0,80,764,-94
17,45538,17|45538,750,0,0,0,0,0,1,0,0,108,751,-109
17,45539,17|45539,750,0,0,0,0,0,0,0,0,141,750,-141
17,45817,17|45817,200,0,0,0,0,0,0,0,0,7,200,-7
22,8671,22|8671,576,0,0,0,0,0,0,0,0,0,576,0
22,18588,22|18588,1176,0,0,0,0,0,0,0,0,0,1176,0
22,18589,22|18589,1176,0,0,0,0,0,0,0,0,0,1176,0
22,18739,22|18739,1176,0,2,0,0,0,0,0,0,0,1176,2
22,18740,22|18740,896,0,0,0,0,0,0,0,0,0,896,0
22,18909,22|18909,560,0,0,0,0,0,0,0,0,0,560,0
22,21010,22|21010,1080,1,0,0,0,0,0,0,0,0,1081,0
22,21158,22|21158,240,0,0,0,0,0,0,0,0,0,240,0
22,21410,22|21410,608,0,0,0,0,0,0,0,0,0,608,0
22,22275,22|22275,576,0,0,0,0,0,0,0,0,0,576,0
22,22707,22|22707,360,12,1,0,0,0,0,0,0,0,372,1
22,23288,22|23288,90,0,0,0,0,0,0,0,0,0,90,0
22,27915,22|27915,360,0,0,0,0,0,0,0,0,0,360,0
22,28626,22|28626,616,0,0,0,0,0,0,0,0,0,616,0
22,29680,22|29680,144,0,0,0,0,0,0,0,0,0,144,0
22,30148,22|30148,360,0,0,0,0,0,0,0,0,0,360,0
22,30680,22|30680,320,0,0,0,0,0,0,0,0,0,320,0
22,30681,22|30681,320,0,1,0,0,0,0,0,0,0,320,1
22,30682,22|30682,240,19,0,0,0,0,0,0,0,0,259,0
22,30683,22|30683,1296,0,0,0,0,0,0,0,0,0,1296,0
22,30684,22|30684,216,0,0,0,0,0,0,0,0,0,216,0
22,30685,22|30685,400,0,2,0,0,0,0,0,0,0,400,2
22,31704,22|31704,576,0,0,0,0,0,0,0,0,0,576,0
22,32151,22|32151,288,0,0,0,0,0,0,0,0,0,288,0
22,32154,22|32154,288,0,0,0,0,0,0,0,0,0,288,0
22,32773,22|32773,600,0,0,0,0,0,0,0,0,0,600,0
22,32774,22|32774,560,0,0,0,0,0,0,0,0,0,560,0
22,32775,22|32775,480,0,0,0,0,0,0,0,0,0,480,0
22,32876,22|32876,384,0,0,0,0,0,0,0,0,0,384,0
22,32877,22|32877,288,0,0,0,0,0,0,0,0,0,288,0
22,33786,22|33786,240,0,0,0,0,0,0,0,0,0,240,0
22,33938,22|33938,600,0,0,0,0,0,0,0,0,0,600,0
22,33964,22|33964,2038,0,0,0,0,0,0,0,0,0,2038,0
22,33965,22|33965,324,0,0,0,0,0,0,0,0,0,324,0
22,33966,22|33966,960,0,0,0,0,0,0,0,0,0,960,0
22,33967,22|33967,720,0,0,0,0,0,0,0,0,0,720,0
22,33968,22|33968,1788,0,0,0,0,0,0,0,0,0,1788,0
22,33969,22|33969,250,0,0,0,0,0,0,0,0,0,250,0
22,33970,22|33970,750,0,0,0,0,0,0,0,0,0,750,0
22,33971,22|33971,1538,0,0,0,0,0,0,0,0,0,1538,0
22,33972,22|33972,360,0,0,0,0,0,0,0,0,0,360,0
22,33978,22|33978,538,0,0,0,0,0,0,0,0,0,538,0
22,33989,22|33989,750,0,0,0,0,0,0,0,0,0,750,0
22,33991,22|33991,750,0,0,0,0,0,0,0,0,0,750,0
22,33995,22|33995,250,0,0,0,0,0,0,0,0,0,250,0
22,33996,22|33996,250,0,0,0,0,0,0,0,0,0,250,0
22,34108,22|34108,300,0,0,0,0,0,0,0,0,0,300,0
22,34109,22|34109,300,0,0,0,0,0,0,0,0,0,300,0
22,34110,22|34110,300,0,0,0,0,0,0,0,0,0,300,0
22,34111,22|34111,240,0,0,0,0,0,0,0,0,0,240,0
22,34113,22|34113,750,0,0,0,0,0,0,0,0,0,750,0
22,35271,22|35271,700,0,0,0,0,0,0,0,0,0,700,0
22,36179,22|36179,344,0,0,0,0,0,0,0,0,0,344,0
22,36180,22|36180,400,0,0,0,0,0,0,0,0,0,400,0
22,36182,22|36182,900,0,0,0,0,0,0,0,0,0,900,0
22,36183,22|36183,500,0,0,0,0,0,0,0,0,0,500,0
22,36185,22|36185,300,0,0,0,0,0,0,0,0,0,300,0
22,36186,22|36186,540,0,0,0,0,0,0,0,0,0,540,0
22,36188,22|36188,600,0,0,0,0,0,0,0,0,0,600,0
22,36213,22|36213,80,0,0,0,0,0,0,0,0,0,80,0
22,36969,22|36969,750,0,0,0,0,0,0,0,0,0,750,0
22,36990,22|36990,750,0,0,0,0,0,0,0,0,0,750,0
22,36991,22|36991,120,0,0,0,0,0,0,0,0,0,120,0
22,36992,22|36992,250,0,0,0,0,0,0,0,0,0,250,0
22,37098,22|37098,750,0,0,0,0,0,0,0,0,0,750,0
22,37733,22|37733,672,0,0,0,0,0,0,0,0,0,672,0
22,37734,22|37734,672,0,0,0,0,0,0,0,0,0,672,0
22,38554,22|38554,588,0,0,0,0,0,0,0,0,0,588,0
22,38555,22|38555,588,0,0,0,0,0,0,0,0,0,588,0
22,38567,22|38567,300,0,0,0,0,0,0,0,0,0,300,0
22,38569,22|38569,300,0,0,0,0,0,0,0,0,0,300,0
22,38570,22|38570,1710,0,0,0,0,0,0,0,0,0,1710,0
22,38571,22|38571,360,0,0,0,0,0,0,0,0,0,360,0
22,38572,22|38572,360,0,0,0,0,0,0,0,0,0,360,0
22,38573,22|38573,360,0,0,0,0,0,0,0,0,0,360,0
22,38574,22|38574,360,0,0,0,0,0,0,0,0,0,360,0
22,38575,22|38575,120,0,0,0,0,0,0,0,0,0,120,0
22,38589,22|38589,240,0,0,0,0,0,0,0,0,0,240,0
22,38591,22|38591,210,0,0,0,0,0,0,0,0,0,210,0
22,40426,22|40426,600,0,0,0,0,0,0,0,0,0,600,0
22,40427,22|40427,600,0,0,0,0,0,0,0,0,0,600,0
22,40428,22|40428,720,0,0,0,0,0,0,0,0,0,720,0
22,40429,22|40429,480,0,0,0,0,0,0,0,0,0,480,0
22,40430,22|40430,1080,0,0,0,0,0,0,0,0,0,1080,0
22,40431,22|40431,240,0,0,0,0,0,0,0,0,0,240,0
22,40432,22|40432,192,0,0,0,0,0,0,0,0,0,192,0
22,40437,22|40437,700,0,0,0,0,0,0,0,0,0,700,0
22,41056,22|41056,150,0,0,0,0,0,0,0,0,0,150,0
22,41057,22|41057,150,0,0,0,0,0,0,0,0,0,150,0
22,43431,22|43431,480,0,0,0,0,0,0,0,0,0,480,0
22,43432,22|43432,480,0,0,0,0,0,0,0,0,0,480,0
22,43433,22|43433,960,0,0,0,0,0,0,0,0,0,960,0
22,43569,22|43569,96,0,0,0,0,0,0,0,0,0,96,0
22,43570,22|43570,128,0,0,0,0,0,0,0,0,0,128,0
22,43571,22|43571,480,0,0,0,0,0,0,0,0,0,480,0
22,45438,22|45438,150,0,0,0,0,0,0,0,0,0,150,0
22,45439,22|45439,150,0,0,0,0,0,0,0,0,0,150,0
22,45441,22|45441,180,0,0,0,0,0,0,0,0,0,180,0
22,45442,22|45442,240,0,0,0,0,0,0,0,0,0,240,0
22,45443,22|45443,192,0,0,0,0,0,0,0,0,0,192,0
22,45444,22|45444,240,0,0,0,0,0,0,0,0,0,240,0
22,45445,22|45445,60,0,0,0,0,0,0,0,0,0,60,0
22,45446,22|45446,450,0,0,0,0,0,0,0,0,0,450,0
22,45650,22|45650,250,0,0,0,0,0,0,0,0,0,250,0
43,27089,43|27089,2772,20,0,0,0,0,0,15,0,384,2807,-399
43,27090,43|27090,3096,47,2,0,0,0,1,1,0,407,3145,-407
43,27091,43|27091,1980,72,4,0,0,0,0,7,0,183,2059,-186
43,27092,43|27092,3024,51,3,0,0,0,2,8,0,550,3085,-557
43,27093,43|27093,144,22,0,0,0,0,0,0,0,56,166,-56
43,27094,43|27094,2112,39,2,0,0,0,2,1,0,337,2154,-338
43,27095,43|27095,2160,57,0,0,0,0,7,1,0,322,2225,-330
43,27096,43|27096,600,19,0,0,0,0,0,1,0,89,620,-90
43,27097,43|27097,3000,54,3,0,0,0,0,14,0,666,3068,-677
43,27099,43|27099,1944,34,0,0,0,0,0,7,0,177,1985,-184
43,27100,43|27100,960,40,0,0,0,0,0,0,0,57,1000,-57
43,27101,43|27101,1596,88,5,0,0,0,0,14,0,489,1698,-498
43,27102,43|27102,2280,102,5,0,0,0,0,17,0,375,2399,-387
43,27103,43|27103,3640,121,6,0,0,0,1,17,0,679,3779,-691
43,27104,43|27104,300,17,0,0,0,0,0,0,0,0,317,0
43,27105,43|27105,300,9,0,0,0,0,0,0,0,0,309,0
43,27107,43|27107,300,42,0,0,0,0,0,0,0,0,342,0
43,27110,43|27110,300,24,1,0,0,0,0,0,0,0,324,1
43,27111,43|27111,300,35,0,0,0,0,0,0,0,0,335,0
43,27115,43|27115,180,2,0,0,0,0,0,0,0,0,182,0
43,28389,43|28389,600,19,0,0,0,0,0,0,0,115,619,-115
43,28436,43|28436,196,5,0,0,0,0,0,1,0,83,202,-84
43,28437,43|28437,1204,27,1,0,0,0,13,9,0,197,1253,-218
43,28438,43|28438,450,9,0,0,0,0,0,1,0,124,460,-125
43,28440,43|28440,480,0,0,0,0,0,1,0,0,162,481,-163
43,28442,43|28442,1152,32,0,0,0,0,2,2,0,329,1188,-333
43,28452,43|28452,300,16,0,0,0,0,0,0,0,0,316,0
43,28453,43|28453,360,0,0,0,0,0,3,2,0,93,365,-98
43,30164,43|30164,1920,7,0,0,0,0,0,0,0,468,1927,-468
43,31699,43|31699,450,0,0,0,0,0,0,5,27,92,455,-124
43,31700,43|31700,1440,0,0,0,0,0,6,13,0,189,1459,-208
43,32021,43|32021,576,0,0,0,0,0,0,3,0,63,579,-66
43,32025,43|32025,720,0,0,0,0,0,0,0,0,0,720,0
43,32073,43|32073,1792,22,0,0,0,0,9,9,0,297,1832,-315
43,32074,43|32074,896,22,0,0,0,0,22,14,0,198,954,-234
43,32490,43|32490,1540,22,0,0,0,0,9,6,0,317,1577,-332
43,34569,43|34569,192,0,0,0,0,0,0,0,0,0,192,0
43,34706,43|34706,1770,0,0,0,0,0,1,0,0,288,1771,-289
43,34707,43|34707,150,0,0,0,0,0,0,0,0,0,150,0
43,34708,43|34708,2040,0,0,0,0,0,1,5,0,390,2046,-396
43,34709,43|34709,2160,0,0,0,0,0,0,9,0,275,2169,-284
43,34710,43|34710,960,0,0,0,0,0,0,2,0,62,962,-64
43,35904,43|35904,1840,0,0,0,0,0,15,13,0,283,1868,-311
43,35908,43|35908,300,0,0,0,0,0,0,0,0,0,300,0
43,35933,43|35933,50,0,0,0,0,0,0,0,0,0,50,0
43,36688,43|36688,288,0,0,0,0,0,0,0,0,0,288,0
43,36689,43|36689,216,0,0,0,0,0,0,0,0,0,216,0
43,36690,43|36690,360,0,0,0,0,0,0,0,0,0,360,0
43,36691,43|36691,216,0,0,0,0,0,0,0,0,0,216,0
43,36692,43|36692,216,0,0,0,0,0,0,0,0,0,216,0
43,36754,43|36754,288,0,0,0,0,0,0,0,0,0,288,0
43,36755,43|36755,90,0,0,0,0,0,0,0,0,0,90,0
43,36756,43|36756,150,0,0,0,0,0,0,0,0,0,150,0
43,37724,43|37724,960,0,0,0,0,0,0,0,0,203,960,-203
43,37725,43|37725,400,0,0,0,0,0,0,0,0,59,400,-59
43,37726,43|37726,200,0,0,0,0,0,0,0,0,0,200,0
43,37727,43|37727,200,0,0,0,0,0,0,0,0,0,200,0
43,37728,43|37728,1440,0,0,0,0,0,3,8,0,312,1451,-323
43,38877,43|38877,360,0,0,0,0,0,0,2,0,134,362,-136
43,38878,43|38878,200,0,0,0,0,0,0,3,0,29,203,-32
43,38879,43|38879,960,0,0,0,0,0,2,5,0,408,967,-415
43,38881,43|38881,1512,0,0,0,0,0,0,0,0,0,1512,0
43,39107,43|39107,1920,0,0,0,0,0,1,1,0,559,1922,-561
43,40472,43|40472,1140,0,0,0,0,0,0,11,0,183,1151,-194
43,40473,43|40473,1224,0,0,0,0,0,0,1,0,195,1225,-196
43,41866,43|41866,576,0,0,0,0,0,1,0,0,144,577,-145
43,41867,43|41867,384,0,0,0,0,0,0,11,0,352,395,-363
43,41868,43|41868,240,0,0,0,0,0,0,0,0,48,240,-48
43,44224,43|44224,240,0,0,0,0,0,0,10,0,66,250,-76
43,44307,43|44307,576,0,0,0,0,0,0,0,0,0,576,0
44,27928,44|27928,1810,0,0,0,0,0,0,275,0,0,2085,-275
44,27931,44|27931,960,0,0,0,0,0,0,182,0,0,1142,-182
44,27936,44|27936,240,0,0,0,0,0,0,72,0,0,312,-72
44,27937,44|27937,1840,0,0,0,0,0,0,116,0,0,1956,-116
44,27938,44|27938,600,0,0,0,0,0,0,21,0,0,621,-21
44,27939,44|27939,816,0,0,0,0,0,0,67,0,0,883,-67
44,27941,44|27941,780,0,0,0,0,0,0,75,0,0,855,-75
44,27942,44|27942,300,0,0,0,0,0,0,66,0,0,366,-66
44,27944,44|27944,2428,0,0,0,0,0,0,90,0,0,2518,-90
44,27945,44|27945,1708,0,0,0,0,0,0,53,0,0,1761,-53
44,27946,44|27946,1708,0,0,0,0,0,0,69,0,0,1777,-69
44,27948,44|27948,300,0,0,0,0,0,0,34,0,0,334,-34
44,27949,44|27949,914,0,0,0,0,0,0,56,0,0,970,-56
44,27950,44|27950,2016,0,0,0,0,0,1,51,0,0,2068,-52
44,27951,44|27951,1020,0,0,0,0,0,0,103,0,0,1123,-103
44,27952,44|27952,1740,0,0,0,0,0,0,146,0,0,1886,-146
44,27953,44|27953,2970,0,0,0,0,0,0,133,0,0,3103,-133
44,27954,44|27954,1008,0,0,0,0,0,0,98,0,0,1106,-98
44,27955,44|27955,300,0,0,0,0,0,0,5,0,0,305,-5
44,27957,44|27957,510,0,0,0,0,0,0,2,0,0,512,-2
44,27959,44|27959,1440,0,0,0,0,0,0,153,0,0,1593,-153
44,27960,44|27960,2160,0,0,0,0,0,0,117,0,0,2277,-117
44,27961,44|27961,216,0,0,0,0,0,0,31,0,0,247,-31
44,27964,44|27964,4340,0,0,0,0,0,0,191,0,0,4531,-191
44,27965,44|27965,3720,0,0,0,0,0,0,163,0,0,3883,-163
44,27968,44|27968,672,0,0,0,0,0,0,51,0,0,723,-51
44,27969,44|27969,1680,0,0,0,0,0,0,276,0,0,1956,-276
44,27972,44|27972,4040,0,0,0,0,0,0,123,0,0,4163,-123
44,27989,44|27989,660,0,0,0,0,0,0,19,0,0,679,-19
44,27993,44|27993,1080,0,0,0,0,0,0,26,0,0,1106,-26
44,27995,44|27995,30,0,0,0,0,0,0,4,0,0,34,-4
44,27997,44|27997,30,0,0,0,0,0,0,7,0,0,37,-7
44,27998,44|27998,1800,0,0,0,0,0,0,39,0,0,1839,-39
44,28000,44|28000,480,0,0,0,0,0,0,85,0,0,565,-85
44,29727,44|29727,60,0,0,0,0,0,0,21,0,0,81,-21
44,29854,44|29854,432,0,0,0,0,0,0,60,0,0,492,-60
44,29856,44|29856,792,0,0,0,0,0,0,48,0,0,840,-48
44,30915,44|30915,1020,0,0,0,0,0,0,85,0,0,1105,-85
44,31725,44|31725,1200,0,0,0,0,0,0,165,0,0,1365,-165
44,31746,44|31746,480,0,0,0,0,0,0,47,0,0,527,-47
44,32358,44|32358,1232,0,0,0,0,0,0,280,0,0,1512,-280
44,32361,44|32361,120,0,0,0,0,0,0,15,0,0,135,-15
44,32362,44|32362,1560,0,0,0,0,0,0,144,0,0,1704,-144
44,32363,44|32363,624,0,0,0,0,0,0,37,0,0,661,-37
44,32743,44|32743,336,0,0,0,0,0,0,48,0,0,384,-48
44,33719,44|33719,1680,0,0,0,0,0,0,191,0,0,1871,-191
44,33720,44|33720,1020,0,0,0,0,0,0,101,0,0,1121,-101
44,35539,44|35539,3720,0,0,0,0,0,0,151,0,0,3871,-151
44,35542,44|35542,150,0,0,0,0,0,0,2,0,0,152,-2
44,35543,44|35543,690,0,0,0,0,0,0,36,0,0,726,-36
44,35544,44|35544,570,0,0,0,0,0,0,68,0,0,638,-68
44,36693,44|36693,450,0,0,0,0,0,0,80,0,0,530,-80
44,36694,44|36694,120,0,0,0,0,0,0,12,0,0,132,-12
44,36695,44|36695,60,0,0,0,0,0,0,1,0,0,61,-1
44,36696,44|36696,120,0,0,0,0,0,0,6,0,0,126,-6
44,36710,44|36710,240,0,0,0,0,0,0,79,0,0,319,-79
44,37347,44|37347,1580,0,0,0,0,0,0,282,0,0,1862,-282
44,37348,44|37348,120,0,0,0,0,0,0,8,0,0,128,-8
44,37349,44|37349,180,0,0,0,0,0,0,5,0,0,185,-5
44,37350,44|37350,320,0,0,0,0,0,0,5,0,0,325,-5
44,37351,44|37351,300,0,0,0,0,0,0,31,0,0,331,-31
44,37352,44|37352,300,0,0,0,0,0,0,18,0,0,318,-18
44,37353,44|37353,12,0,0,0,0,0,0,0,0,0,12,0
44,37354,44|37354,72,0,0,0,0,0,0,27,0,0,99,-27
44,37355,44|37355,60,0,0,0,0,0,0,14,0,0,74,-14
44,37356,44|37356,30,0,0,0,0,0,0,8,0,0,38,-8
44,37357,44|37357,30,0,0,0,0,0,0,5,0,0,35,-5
44,37358,44|37358,1148,0,0,0,0,0,0,44,0,0,1192,-44
44,37359,44|37359,192,0,0,0,0,0,0,33,0,0,225,-33
44,37360,44|37360,800,0,0,0,0,0,0,110,0,0,910,-110
44,37361,44|37361,400,0,0,0,0,0,0,105,0,0,505,-105
44,37362,44|37362,400,0,0,0,0,0,0,75,0,0,475,-75
44,37363,44|37363,80,0,0,0,0,0,0,38,0,0,118,-38
44,37496,44|37496,360,0,0,0,0,0,0,85,0,0,445,-85
44,38365,44|38365,330,0,0,0,0,0,0,6,0,0,336,-6
44,38366,44|38366,30,0,0,0,0,0,0,1,0,0,31,-1
44,38367,44|38367,336,0,0,0,0,0,0,16,0,0,352,-16
44,41097,44|41097,240,0,0,0,0,0,0,7,0,0,247,-7
44,42188,44|42188,720,0,0,0,0,0,0,60,0,0,780,-60
44,43037,44|43037,576,0,0,0,0,0,0,48,0,0,624,-48
44,44894,44|44894,180,0,0,0,0,0,0,2,0,0,182,-2
44,44902,44|44902,240,0,0,0,0,0,0,36,0,0,276,-36
44,45210,44|45210,160,0,0,0,0,0,0,15,0,0,175,-15
66,3915,66|3915,288,0,0,0,0,0,0,0,0,0,288,0
66,3950,66|3950,4416,0,0,0,0,0,0,59,0,0,4475,-59
66,3965,66|3965,4980,0,0,0,0,0,0,250,1,0,5230,-251
66,3966,66|3966,4980,0,0,0,0,0,1,450,6,0,5431,-457
66,4218,66|4218,2100,0,0,0,0,0,0,310,0,0,2410,-310
66,4309,66|4309,5040,0,0,0,0,0,0,500,0,0,5540,-500
66,4315,66|4315,1920,0,0,0,0,0,0,206,2,0,2126,-208
66,4458,66|4458,1728,0,0,0,0,0,0,143,0,0,1871,-143
66,4625,66|4625,2870,0,0,0,0,0,3,327,0,0,3200,-330
66,4627,66|4627,3648,0,0,0,0,0,1,512,0,0,4161,-513
66,4629,66|4629,1488,0,0,0,0,0,0,300,0,0,1788,-300
66,7365,66|7365,1728,0,0,0,0,0,0,0,0,0,1728,0
66,14532,66|14532,6804,0,0,0,0,0,0,9,0,0,6813,-9
66,17553,66|17553,864,0,0,0,0,0,0,397,3,0,1261,-400
66,19322,66|19322,4800,0,0,0,0,0,0,326,0,0,5126,-326
66,19323,66|19323,4800,0,0,0,0,0,0,321,0,0,5121,-321
66,20466,66|20466,3220,0,0,0,0,0,0,0,0,0,3220,0
66,21805,66|21805,320,0,0,0,0,0,0,501,220,0,821,-721
66,22080,66|22080,6048,0,0,0,0,0,3,628,5,0,6679,-636
66,22928,66|22928,1152,0,0,0,0,0,0,115,0,0,1267,-115
66,23393,66|23393,4500,0,0,0,0,0,0,253,0,0,4753,-253
66,24208,66|24208,6000,0,0,0,0,0,0,342,0,0,6342,-342
66,24825,66|24825,3504,0,0,0,0,0,0,197,0,0,3701,-197
66,24826,66|24826,1104,0,0,0,0,0,0,223,0,0,1327,-223
66,24845,66|24845,840,0,0,0,0,0,0,146,3,0,986,-149
66,24869,66|24869,1000,0,0,0,0,0,0,239,0,0,1239,-239
66,24881,66|24881,1000,0,0,0,0,0,0,176,0,0,1176,-176
66,25115,66|25115,1200,0,0,0,0,0,0,657,3,0,1857,-660
66,25424,66|25424,960,0,0,0,0,0,0,426,124,0,1386,-550
66,25447,66|25447,360,0,0,0,0,0,0,0,0,0,360,0
66,27210,66|27210,432,0,0,0,0,0,0,102,14,0,534,-116
66,27212,66|27212,240,0,0,0,0,0,0,99,0,0,339,-99
66,27707,66|27707,6900,0,0,0,0,0,0,0,0,0,6900,0
66,27708,66|27708,6900,0,0,0,0,0,0,0,0,0,6900,0
66,27719,66|27719,960,0,0,0,0,0,0,0,0,0,960,0
66,28212,66|28212,1650,0,0,0,0,0,0,178,0,0,1828,-178
66,28270,66|28270,900,0,0,0,0,0,0,126,0,0,1026,-126
66,29710,66|29710,2700,0,0,0,0,0,0,0,0,0,2700,0
66,30188,66|30188,2600,0,0,0,0,0,0,917,0,0,3517,-917
66,31649,66|31649,600,0,0,0,0,0,0,118,0,0,718,-118
66,31843,66|31843,4266,0,0,0,0,0,0,812,0,0,5078,-812
66,32262,66|32262,4200,0,0,0,0,0,0,103,0,0,4303,-103
66,32350,66|32350,3060,0,0,0,0,0,0,381,0,0,3441,-381
66,33637,66|33637,120,0,0,0,0,0,0,0,0,0,120,0
66,34035,66|34035,900,0,0,0,0,0,0,42,2,0,942,-44
66,34394,66|34394,840,0,0,0,0,0,0,92,0,0,932,-92
66,34400,66|34400,600,0,0,0,0,0,0,56,0,0,656,-56
66,34417,66|34417,1060,0,0,0,0,0,0,0,0,0,1060,0
66,34433,66|34433,984,0,0,0,0,0,0,0,0,0,984,0
66,34509,66|34509,2880,0,0,0,0,0,0,180,0,0,3060,-180
66,34694,66|34694,550,0,0,0,0,0,0,168,0,0,718,-168
66,35327,66|35327,1380,0,0,0,0,0,0,143,0,0,1523,-143
66,35403,66|35403,1000,0,0,0,0,0,0,245,0,0,1245,-245
66,35404,66|35404,2300,0,0,0,0,0,0,0,0,0,2300,0
66,36091,66|36091,1440,0,0,0,0,0,0,10,0,0,1450,-10
66,36092,66|36092,1800,0,0,0,0,0,0,178,0,0,1978,-178
66,36344,66|36344,344,0,0,0,0,0,0,0,0,0,344,0
66,36356,66|36356,600,0,0,0,0,0,0,0,0,0,600,0
66,36419,66|36419,840,0,0,0,0,0,0,0,0,0,840,0
66,36421,66|36421,1260,0,0,0,0,0,0,0,0,0,1260,0
66,36422,66|36422,1440,0,0,0,0,0,0,23,0,0,1463,-23
66,36490,66|36490,1152,0,0,0,0,0,0,149,0,0,1301,-149
66,36508,66|36508,2000,0,0,0,0,0,0,59,0,0,2059,-59
66,36510,66|36510,2000,0,0,0,0,0,0,0,0,0,2000,0
66,36653,66|36653,3000,0,0,0,0,0,0,39,0,0,3039,-39
66,36654,66|36654,1920,0,0,0,0,0,0,70,0,0,1990,-70
66,36787,66|36787,3600,0,0,0,0,0,2,336,0,0,3938,-338
66,36788,66|36788,3000,0,0,0,0,0,5,404,15,0,3409,-424
66,36791,66|36791,3000,0,0,0,0,0,11,1036,0,0,4047,-1047
66,36795,66|36795,11480,0,0,0,0,0,1,445,0,0,11926,-446
66,36797,66|36797,1800,0,0,0,0,0,0,1916,53,0,3716,-1969
66,36799,66|36799,5280,0,0,0,0,0,2,393,0,0,5675,-395
66,36800,66|36800,2592,0,0,0,0,0,11,1136,0,0,3739,-1147
66,36802,66|36802,840,0,0,0,0,0,0,424,0,0,1264,-424
66,36810,66|36810,250,0,0,0,0,0,0,0,0,0,250,0
66,36811,66|36811,360,0,0,0,0,0,4,441,16,0,805,-461
66,36824,66|36824,180,0,0,0,0,0,5,682,3,0,867,-690
66,37025,66|37025,2808,0,0,0,0,0,8,433,6,0,3249,-447
66,37026,66|37026,2880,0,0,0,0,0,4,472,0,0,3356,-476
66,37027,66|37027,2880,0,0,0,0,0,5,601,0,0,3486,-606
66,37035,66|37035,2760,0,0,0,0,0,0,0,0,0,2760,0
66,37036,66|37036,2880,0,0,0,0,0,0,0,0,0,2880,0
66,37275,66|37275,5590,0,0,0,0,0,0,0,0,0,5590,0
66,37369,66|37369,4500,0,0,0,0,0,0,686,0,0,5186,-686
66,37370,66|37370,4500,0,0,0,0,0,4,746,0,0,5250,-750
66,37371,66|37371,1800,0,0,0,0,0,0,242,22,0,2042,-264
66,37414,66|37414,956,0,0,0,0,0,0,58,0,0,1014,-58
66,37577,66|37577,1860,0,0,0,0,0,0,838,0,0,2698,-838
66,37833,66|37833,3600,0,0,0,0,0,0,9,0,0,3609,-9
66,38065,66|38065,4200,0,0,0,0,0,2,197,8,0,4399,-207
66,38067,66|38067,800,0,0,0,0,0,0,625,6,0,1425,-631
66,38069,66|38069,5080,0,0,0,0,0,3,327,0,0,5410,-330
66,38139,66|38139,960,0,0,0,0,0,0,25,0,0,985,-25
66,38683,66|38683,7500,0,0,0,0,0,5,469,0,0,7974,-474
66,38930,66|38930,1000,0,0,0,0,0,0,324,0,0,1324,-324
66,38999,66|38999,1944,0,0,0,0,0,0,0,0,0,1944,0
66,39000,66|39000,1000,0,0,0,0,0,0,0,0,0,1000,0
66,39542,66|39542,1200,0,0,0,0,0,0,517,0,0,1717,-517
66,39990,66|39990,1440,0,0,0,0,0,0,99,0,0,1539,-99
66,39992,66|39992,2448,0,0,0,0,0,0,0,0,0,2448,0
66,40705,66|40705,6528,0,0,0,0,0,1,825,12,0,7354,-838
66,40706,66|40706,6144,0,0,0,0,0,4,675,0,0,6823,-679
66,40822,66|40822,480,0,0,0,0,0,0,148,0,0,628,-148
66,40823,66|40823,480,0,0,0,0,0,0,178,0,0,658,-178
66,40824,66|40824,480,0,0,0,0,0,0,132,0,0,612,-132
66,40825,66|40825,480,0,0,0,0,0,0,118,0,0,598,-118
66,40826,66|40826,3000,0,0,0,0,0,1,409,2,0,3410,-412
66,41272,66|41272,240,0,0,0,0,0,0,0,0,0,240,0
66,41276,66|41276,400,0,0,0,0,0,0,0,0,0,400,0
66,41564,66|41564,2256,0,0,0,0,0,1,400,0,0,2657,-401
66,41810,66|41810,960,0,0,0,0,0,0,333,0,0,1293,-333
66,41811,66|41811,1200,0,0,0,0,0,0,259,0,0,1459,-259
66,41812,66|41812,1440,0,0,0,0,0,2,67,0,0,1509,-69
66,41908,66|41908,1500,0,0,0,0,0,0,182,0,0,1682,-182
66,42143,66|42143,1152,0,0,0,0,0,0,233,0,0,1385,-233
66,42144,66|42144,2520,0,0,0,0,0,1,199,0,0,2720,-200
66,42807,66|42807,3072,0,0,0,0,0,2,307,0,0,3381,-309
66,42808,66|42808,3600,0,0,0,0,0,0,286,0,0,3886,-286
66,42809,66|42809,1152,0,0,0,0,0,0,149,0,0,1301,-149
66,43030,66|43030,800,0,0,0,0,0,0,75,0,0,875,-75
66,43309,66|43309,2560,0,0,0,0,0,0,54,0,0,2614,-54
66,43441,66|43441,800,0,0,0,0,0,0,91,0,0,891,-91
66,43572,66|43572,500,0,0,0,0,0,0,10,0,0,510,-10
66,43960,66|43960,960,0,0,0,0,0,0,42,0,0,1002,-42
66,43962,66|43962,300,0,0,0,0,0,0,24,0,0,324,-24
66,43963,66|43963,300,0,0,0,0,0,0,21,0,0,321,-21
66,43965,66|43965,720,0,0,0,0,0,0,19,0,0,739,-19
66,43967,66|43967,240,0,0,0,0,0,0,14,0,0,254,-14
66,44018,66|44018,1872,0,0,0,0,0,0,6,0,0,1878,-6
66,44065,66|44065,500,0,0,0,0,0,0,26,0,0,526,-26
66,44330,66|44330,720,0,0,0,0,0,0,68,0,0,788,-68
66,44897,66|44897,1350,0,0,0,0,0,1,24,0,0,1375,-25
66,44898,66|44898,1440,0,0,0,0,0,0,34,0,0,1474,-34
66,44899,66|44899,1440,0,0,0,0,0,0,24,0,0,1464,-24
66,45280,66|45280,192,0,0,0,0,0,0,0,0,0,192,0
66,45281,66|45281,5670,0,0,0,0,0,0,15,0,0,5685,-15
66,45848,66|45848,2688,0,0,0,0,0,0,0,0,0,2688,0
1,4,1|4,0,0,0,2034,4,2038,7,1501,14,166,-530,350
1,16,1|16,0,0,0,0,0,0,0,53,0,1,53,-54
1,20,1|20,0,0,0,185,0,185,0,48,2,150,-137,-15
1,317,1|317,0,0,0,0,0,0,0,17,0,0,17,-17
1,350,1|350,0,0,0,7,0,7,0,17,0,0,10,-10
1,384,1|384,0,0,0,7,0,7,0,17,0,0,10,-10
1,386,1|386,0,0,0,0,0,0,8,142,0,0,150,-150
1,390,1|390,0,0,0,0,0,0,0,0,0,0,0,0
1,391,1|391,0,0,0,0,0,0,0,0,0,0,0,0
1,412,1|412,0,0,0,0,0,0,19,119,0,0,138,-138
1,445,1|445,0,0,0,7,0,7,0,0,0,0,-7,7
1,446,1|446,0,0,0,0,0,0,0,20,0,0,20,-20
1,448,1|448,0,0,0,0,0,0,0,40,0,0,40,-40
1,582,1|582,0,0,0,368,0,368,0,19,0,342,-349,7
1,760,1|760,0,0,0,8,0,8,0,8,0,0,0,0
1,1016,1|1016,0,0,0,12,0,12,0,12,0,0,0,0
1,1025,1|1025,0,0,0,27,0,27,0,14,0,13,-13,0
1,1263,1|1263,0,0,0,7,0,7,0,0,0,4,-7,3
1,1347,1|1347,0,0,0,0,0,0,0,0,0,0,0,0
1,1470,1|1470,0,0,0,0,0,0,0,1,0,0,1,-1
1,1591,1|1591,0,0,0,0,0,0,1,10,0,19,11,-30
1,1632,1|1632,0,0,0,0,0,0,0,2,0,0,2,-2
1,1633,1|1633,0,0,0,0,0,0,0,6,0,0,6,-6
1,1636,1|1636,0,0,0,0,0,0,1,33,0,213,34,-247
1,1645,1|1645,0,0,0,0,0,0,3,7,0,53,10,-63
1,1703,1|1703,0,0,0,0,0,0,1,3,6,369,4,-379
1,1707,1|1707,0,0,0,0,0,0,0,1,0,63,1,-64
1,1708,1|1708,0,0,0,0,0,0,0,0,0,15,0,-15
1,1709,1|1709,0,0,0,0,0,0,0,0,0,13,0,-13
1,1712,1|1712,0,0,0,0,0,0,0,1,0,52,1,-53
1,1728,1|1728,0,0,0,0,0,0,0,0,0,33,0,-33
1,1839,1|1839,0,0,0,0,0,0,1,0,0,140,1,-141
1,1843,1|1843,0,0,0,0,0,0,1,1,0,230,2,-232
1,2018,1|2018,0,0,0,0,0,0,0,0,0,52,0,-52
1,2053,1|2053,0,0,0,0,0,0,3,10,19,185,13,-217
1,2075,1|2075,0,0,0,0,0,0,0,12,0,4,12,-16
1,2097,1|2097,0,0,0,0,0,0,1,0,2,237,1,-240
1,2151,1|2151,0,0,0,0,0,0,0,5,0,25,5,-30
1,2216,1|2216,0,0,0,0,0,0,0,1,1,68,1,-70
1,2258,1|2258,0,0,0,0,0,0,0,0,0,33,0,-33
1,2450,1|2450,0,0,0,0,0,0,0,0,0,41,0,-41
1,2511,1|2511,0,0,0,0,0,0,8,0,1,22,8,-31
1,2798,1|2798,0,0,0,0,0,0,0,0,0,3,0,-3
1,3079,1|3079,0,0,0,0,0,0,0,0,0,62,0,-62
1,3327,1|3327,0,0,0,0,0,0,0,20,0,0,20,-20
1,3915,1|3915,0,0,0,0,0,0,0,1,0,19,1,-20
1,3950,1|3950,0,0,0,0,0,0,0,9,0,100,9,-109
1,3965,1|3965,0,0,0,0,0,0,0,8,0,119,8,-127
1,3966,1|3966,0,0,0,0,0,0,0,7,0,132,7,-139
1,4218,1|4218,0,0,0,0,0,0,0,10,0,54,10,-64
1,4309,1|4309,0,0,0,0,0,0,0,1,0,137,1,-138
1,4315,1|4315,0,0,0,0,0,0,0,2,2,95,2,-99
1,4458,1|4458,0,0,0,0,0,0,0,0,0,122,0,-122
1,4470,1|4470,0,0,0,0,0,0,0,3,0,4,3,-7
1,4500,1|4500,0,0,0,0,0,0,0,7,0,7,7,-14
1,4522,1|4522,0,0,0,0,0,0,0,0,0,84,0,-84
1,4561,1|4561,0,0,0,0,0,0,0,5,0,9,5,-14
1,4596,1|4596,0,0,0,0,0,0,0,0,0,27,0,-27
1,4621,1|4621,0,0,0,0,0,0,0,0,0,33,0,-33
1,4625,1|4625,0,0,0,0,0,0,0,9,0,137,9,-146
1,4627,1|4627,0,0,0,0,0,0,0,10,0,221,10,-231
1,4629,1|4629,0,0,0,0,0,0,0,8,0,156,8,-164
1,4687,1|4687,0,0,0,0,0,0,0,0,0,6,0,-6
1,4967,1|4967,0,0,0,0,0,0,0,1,0,0,1,-1
1,4974,1|4974,0,0,0,0,0,0,0,0,0,105,0,-105
1,6246,1|6246,0,0,0,0,0,0,0,2,0,69,2,-71
1,6265,1|6265,0,0,0,0,0,0,0,9,0,75,9,-84
1,6278,1|6278,0,0,0,0,0,0,0,0,0,11,0,-11
1,6280,1|6280,0,0,0,0,0,0,0,0,0,5,0,-5
1,6303,1|6303,0,0,0,0,0,0,0,0,0,16,0,-16
1,6304,1|6304,0,0,0,0,0,0,0,0,0,14,0,-14
1,6309,1|6309,0,0,0,0,0,0,0,1,0,86,1,-87
1,6319,1|6319,0,0,0,0,0,0,0,0,0,37,0,-37
1,6321,1|6321,0,0,0,0,0,0,0,0,0,12,0,-12
1,6322,1|6322,0,0,0,0,0,0,0,0,0,51,0,-51
1,6324,1|6324,0,0,0,0,0,0,0,0,0,35,0,-35
1,6339,1|6339,0,0,0,0,0,0,0,0,0,4,0,-4
1,6359,1|6359,0,0,0,0,0,0,0,7,0,10,7,-17
1,6365,1|6365,0,0,0,0,0,0,0,0,0,10,0,-10
1,6389,1|6389,0,0,0,0,0,0,0,8,0,54,8,-62
1,6423,1|6423,0,0,0,0,0,0,1,9,0,39,10,-49
1,6427,1|6427,0,0,0,0,0,0,2,0,0,10,2,-12
1,6433,1|6433,0,0,0,0,0,0,5,0,0,6,5,-11
1,6442,1|6442,0,0,0,0,0,0,0,7,0,14,7,-21
1,6452,1|6452,0,0,0,0,0,0,0,0,0,44,0,-44
1,6459,1|6459,0,0,0,0,0,0,1,4,2,433,5,-440
1,6462,1|6462,0,0,0,0,0,0,8,2,0,64,10,-74
1,6507,1|6507,0,0,0,0,0,0,2,1,1,333,3,-337
1,6512,1|6512,0,0,0,0,0,0,11,0,7,464,11,-482
1,6519,1|6519,0,0,0,0,0,0,0,0,0,31,0,-31
1,6537,1|6537,0,0,0,0,0,0,0,4,0,80,4,-84
1,6555,1|6555,0,0,0,0,0,0,1,0,0,16,1,-17
1,6583,1|6583,0,0,0,0,0,0,0,0,0,27,0,-27
1,6613,1|6613,0,0,0,0,0,0,0,4,0,250,4,-254
1,6614,1|6614,0,0,0,0,0,0,0,0,0,28,0,-28
1,6620,1|6620,0,0,0,0,0,0,0,0,0,8,0,-8
1,6680,1|6680,0,0,0,0,0,0,0,1,0,15,1,-16
1,6686,1|6686,0,0,0,0,0,0,0,0,0,12,0,-12
1,6693,1|6693,0,0,0,0,0,0,0,16,0,15,16,-31
1,6985,1|6985,0,0,0,0,0,0,0,3,0,54,3,-57
1,6993,1|6993,0,0,0,0,0,0,0,4,0,9,4,-13
1,6999,1|6999,0,0,0,0,0,0,7,2,1,167,9,-177
1,7091,1|7091,0,0,0,0,0,0,0,0,0,54,0,-54
1,7095,1|7095,0,0,0,0,0,0,6,0,0,49,6,-55
1,7146,1|7146,0,0,0,0,0,0,0,8,1,116,8,-125
1,7165,1|7165,0,0,0,0,0,0,0,14,0,69,14,-83
1,7365,1|7365,0,0,0,0,0,0,0,0,0,2,0,-2
1,7373,1|7373,0,0,0,0,0,0,0,2,0,93,2,-95
1,7374,1|7374,0,0,0,0,0,0,0,1,0,68,1,-69
1,7390,1|7390,0,0,0,0,0,0,0,0,0,23,0,-23
1,7423,1|7423,0,0,0,0,0,0,0,1,0,22,1,-23
1,7428,1|7428,0,0,0,0,0,0,0,0,0,18,0,-18
1,7592,1|7592,0,0,0,0,0,0,0,2,0,159,2,-161
1,7593,1|7593,0,0,0,0,0,0,0,0,0,72,0,-72
1,7656,1|7656,0,0,0,0,0,0,0,7,0,230,7,-237
1,7774,1|7774,0,0,0,0,0,0,0,5,0,25,5,-30
1,7778,1|7778,0,0,0,0,0,0,0,0,0,184,0,-184
1,8042,1|8042,0,0,0,0,0,0,0,0,0,2,0,-2
1,8279,1|8279,0,0,0,0,0,0,0,0,0,17,0,-17
1,8294,1|8294,0,0,0,0,0,0,0,0,0,46,0,-46
1,8310,1|8310,0,0,0,0,0,0,0,5,0,68,5,-73
1,8346,1|8346,0,0,0,0,0,0,0,26,0,4,26,-30
1,8446,1|8446,0,0,0,522,0,522,0,5,0,517,-517,0
1,10836,1|10836,0,0,0,0,0,0,0,0,0,9,0,-9
1,12151,1|12151,0,0,0,0,0,0,0,0,0,22,0,-22
1,12157,1|12157,0,0,0,4826,0,4826,0,213,3,4530,-4613,80
1,12208,1|12208,0,0,0,1305,0,1305,0,68,0,1282,-1237,-45
1,12209,1|12209,0,0,0,873,0,873,1,31,0,861,-841,-20
1,12236,1|12236,0,0,0,0,0,0,0,12,0,0,12,-12
1,12243,1|12243,0,0,0,0,0,0,0,2,0,1,2,-3
1,12309,1|12309,0,0,0,0,0,0,0,2,4,0,2,-6
1,12318,1|12318,0,8,0,71,0,71,0,18,0,79,-45,-26
1,12335,1|12335,0,0,0,20,0,20,0,6,0,28,-14,-14
1,12346,1|12346,0,0,0,0,0,0,0,0,0,0,0,0
1,12349,1|12349,0,0,0,0,0,0,0,16,0,0,16,-16
1,12351,1|12351,0,0,0,512,0,512,0,13,0,512,-499,-13
1,12355,1|12355,0,0,0,1881,0,1881,0,51,12,1644,-1830,174
1,12356,1|12356,0,0,0,161,1,162,0,6,0,150,-156,6
1,12357,1|12357,0,0,0,484,0,484,0,10,0,476,-474,-2
1,12358,1|12358,0,0,0,1083,5,1088,0,2,0,1084,-1086,2
1,12378,1|12378,0,0,0,299,0,299,0,3,0,240,-296,56
1,12413,1|12413,0,0,0,7,0,7,0,7,0,0,0,0
1,12414,1|12414,0,0,0,33,0,33,0,1,0,32,-32,0
1,12417,1|12417,0,0,0,2939,0,2939,1,169,0,2850,-2769,-81
1,12433,1|12433,0,0,0,19,0,19,0,3,8,8,-16,0
1,12441,1|12441,0,0,0,3927,0,3927,2,372,79,3833,-3553,-359
1,12443,1|12443,0,0,0,1,0,1,0,0,1,0,-1,0
1,12461,1|12461,0,0,0,1098,0,1098,0,141,74,871,-957,12
1,12472,1|12472,0,0,0,2638,0,2638,7,125,41,2434,-2506,31
1,12473,1|12473,0,0,0,1428,1,1429,5,18,5,1439,-1406,-38
1,12483,1|12483,0,0,0,18,0,18,0,20,0,74,2,-76
1,12485,1|12485,0,0,0,4537,0,4537,0,107,9,4367,-4430,54
1,12540,1|12540,0,0,0,90,0,90,0,0,0,90,-90,0
1,12544,1|12544,0,0,0,907,0,907,2,113,0,796,-792,-4
1,12545,1|12545,0,0,0,215,0,215,0,1,0,214,-214,0
1,12552,1|12552,0,0,0,4125,0,4125,0,63,7,4051,-4062,4
1,12555,1|12555,0,0,0,4,0,4,0,0,0,4,-4,0
1,12567,1|12567,0,0,0,7,0,7,0,2,0,4,-5,1
1,12568,1|12568,0,0,0,19,0,19,0,5,0,14,-14,0
1,12570,1|12570,0,0,0,8,0,8,0,5,0,3,-3,0
1,12632,1|12632,0,3,0,9671,0,9671,0,215,0,9518,-9453,-62
1,12677,1|12677,0,7,0,84,0,84,0,0,0,84,-77,0
1,12792,1|12792,0,17,1,16892,1,16893,5,507,41,15482,-16364,859
1,12824,1|12824,0,0,0,1,0,1,0,0,1,0,-1,0
1,12827,1|12827,0,0,0,1,0,1,0,0,1,0,-1,0
1,12853,1|12853,0,1,0,1875,0,1875,0,51,0,1912,-1823,-88
1,12898,1|12898,0,3,0,937,0,937,0,15,4,925,-919,-7
1,13007,1|13007,0,0,0,6149,1,6150,5,234,28,5869,-5911,14
1,13008,1|13008,0,127,7,13,0,13,0,14,5,8,128,-7
1,13013,1|13013,0,0,0,0,0,0,0,0,0,0,0,0
1,13060,1|13060,0,0,0,3418,68,3486,2,1840,4,2116,-1644,-476
1,13075,1|13075,0,0,0,0,0,0,0,16,0,7,16,-23
1,13076,1|13076,0,0,0,0,0,0,0,5,0,1,5,-6
1,13116,1|13116,0,7,0,532,0,532,0,59,53,481,-466,-61
1,13134,1|13134,0,1,0,3036,0,3036,2,64,2,2937,-2969,31
1,13155,1|13155,0,0,0,1,0,1,0,0,0,1,-1,0
1,13164,1|13164,0,401,21,5,0,5,0,11,7,8,407,0
1,13165,1|13165,0,1,0,97,0,97,0,9,17,89,-87,-18
1,13191,1|13191,0,0,0,187,0,187,0,13,0,167,-174,7
1,13201,1|13201,0,0,0,163,0,163,0,4,0,156,-159,3
1,13205,1|13205,0,0,0,664,0,664,0,26,0,647,-638,-9
1,13206,1|13206,0,0,0,273,0,273,0,4,0,269,-269,0
1,13227,1|13227,0,0,0,1658,0,1658,0,35,0,1572,-1623,51
1,13232,1|13232,0,1,0,313,0,313,0,25,0,289,-287,-1
1,13235,1|13235,0,2,0,3815,0,3815,0,63,3,3798,-3750,-49
1,13236,1|13236,0,0,0,13,0,13,0,15,0,58,2,-60
1,13245,1|13245,0,0,0,909,0,909,2,35,0,877,-872,-5
1,13247,1|13247,0,0,0,3655,0,3655,0,19,0,3633,-3636,3
1,13262,1|13262,0,0,0,2004,0,2004,0,29,0,1971,-1975,4
1,13265,1|13265,0,0,0,4462,2,4464,0,105,0,4329,-4359,30
1,13298,1|13298,0,0,0,22,0,22,0,4,8,20,-18,-10
1,13313,1|13313,0,0,0,0,0,0,0,2,0,0,2,-2
1,13334,1|13334,0,0,0,2512,0,2512,0,24,0,2468,-2488,20
1,13349,1|13349,0,33,0,21,0,21,0,34,45,47,46,-105
1,13359,1|13359,0,0,0,53,0,53,2,0,0,58,-51,-7
1,13361,1|13361,0,0,0,10,0,10,0,10,0,0,0,0
1,13381,1|13381,0,4,0,19,0,19,0,5,10,14,-10,-10
1,13382,1|13382,0,10,0,197,0,197,0,12,13,192,-175,-20
1,13395,1|13395,0,0,0,0,0,0,0,5,0,2,5,-7
1,13396,1|13396,0,0,0,8,0,8,0,4,0,11,-4,-7
1,13448,1|13448,0,0,0,125,0,125,3,100,1,106,-22,-85
1,13479,1|13479,0,0,0,40,0,40,0,8,0,32,-32,0
1,13542,1|13542,0,0,0,12,0,12,0,12,0,0,0,0
1,13584,1|13584,0,36,2,0,0,0,0,5,0,2,41,-5
1,13587,1|13587,0,0,0,70,0,70,0,0,0,70,-70,0
1,13622,1|13622,0,121,6,541,0,541,0,23,0,534,-397,-10
1,13629,1|13629,0,3,0,584,0,584,0,3,0,581,-578,0
1,13668,1|13668,0,3,0,8,0,8,0,6,0,2,1,0
1,13728,1|13728,0,0,0,64,0,64,0,3,40,16,-61,5
1,13731,1|13731,0,0,0,5,0,5,0,3,0,2,-2,0
1,13764,1|13764,0,0,0,10,0,10,0,10,0,0,0,0
1,13774,1|13774,0,0,0,86,0,86,0,10,0,76,-76,0
1,13775,1|13775,0,0,0,7,0,7,0,0,0,7,-7,0
1,13792,1|13792,0,0,0,1,0,1,0,0,1,0,-1,0
1,13830,1|13830,0,6,0,250,0,250,0,4,0,267,-240,-21
1,13831,1|13831,0,0,0,39,0,39,0,4,0,35,-35,0
1,13848,1|13848,0,0,0,7888,1,7889,7,340,57,7900,-7542,-415
1,13954,1|13954,0,283,15,942,0,942,0,174,79,591,-485,113
1,13965,1|13965,0,0,0,20,0,20,0,12,0,7,-8,1
1,13970,1|13970,0,0,0,1048,0,1048,0,209,198,569,-839,72
1,13979,1|13979,0,0,0,190,0,190,0,0,0,175,-190,15
1,13987,1|13987,0,0,0,4,0,4,0,0,4,0,-4,0
1,13992,1|13992,0,0,0,7,0,7,0,7,1,0,0,-1
1,14011,1|14011,0,148,8,101,0,101,0,20,0,113,67,-24
1,14018,1|14018,0,1,0,28,0,28,0,0,0,33,-27,-5
1,14097,1|14097,0,0,0,0,0,0,0,11,12,16,11,-39
1,14133,1|14133,0,824,43,30,0,30,0,42,6,66,836,-41
1,14172,1|14172,0,0,0,4092,0,4092,3,158,87,4083,-3931,-239
1,14174,1|14174,0,647,34,0,0,0,0,1,3,1,648,29
1,14175,1|14175,0,1123,59,37,0,37,0,11,16,56,1097,13
1,14288,1|14288,0,0,0,0,0,0,0,0,5,0,0,-5
1,14333,1|14333,0,0,0,0,0,0,0,0,0,7,0,-7
1,14506,1|14506,0,0,0,0,0,0,1,26,5,100,27,-132
1,14507,1|14507,0,0,0,0,0,0,0,8,0,63,8,-71
1,14532,1|14532,0,0,0,0,0,0,0,4,0,78,4,-82
1,14533,1|14533,0,0,0,0,0,0,0,0,0,34,0,-34
1,14692,1|14692,0,1804,95,236,0,236,0,97,39,317,1665,-122
1,14693,1|14693,0,1537,81,2,0,2,0,14,23,33,1549,13
1,14694,1|14694,0,23,0,4210,0,4210,5,77,10,4138,-4105,-20
1,14769,1|14769,0,219,12,274,0,274,0,89,9,185,34,3
1,14770,1|14770,0,192,10,1171,0,1171,0,167,0,1016,-812,-2
1,14821,1|14821,0,0,0,0,0,0,14,52,37,43,66,-146
1,14822,1|14822,0,0,0,0,0,0,1,17,35,26,18,-79
1,14823,1|14823,0,0,0,0,0,0,5,7,7,163,12,-182
1,14860,1|14860,0,25,0,5563,0,5563,2,327,60,4929,-5209,245
1,14880,1|14880,0,0,0,1319,0,1319,0,112,4,1134,-1207,69
1,14882,1|14882,0,0,0,32,0,32,0,44,9,72,12,-93
1,14894,1|14894,0,18,1,4781,0,4781,13,371,114,4738,-4379,-454
1,14910,1|14910,0,0,0,0,0,0,0,0,0,2,0,-2
1,14912,1|14912,0,0,0,0,0,0,0,15,0,29,15,-44
1,14920,1|14920,0,0,0,0,0,0,1,34,27,127,35,-189
1,14924,1|14924,0,0,0,0,0,0,0,13,21,41,13,-75
1,14962,1|14962,0,0,0,0,0,0,5,20,19,107,25,-151
1,14966,1|14966,0,0,0,0,0,0,2,28,23,351,30,-404
1,14970,1|14970,0,0,0,0,0,0,0,24,0,33,24,-57
1,14989,1|14989,0,0,0,0,0,0,0,9,0,134,9,-143
1,15006,1|15006,0,0,0,0,0,0,0,9,20,30,9,-59
1,15021,1|15021,0,0,0,0,0,0,3,2,3,170,5,-178
1,15058,1|15058,0,8,0,299,0,299,0,16,4,306,-275,-27
1,15071,1|15071,0,0,0,2,0,2,0,0,0,2,-2,0
1,15110,1|15110,0,23,1,6671,15,6686,0,122,26,5068,-6541,1471
1,15133,1|15133,0,0,0,7,0,7,0,7,11,9,0,-20
1,15141,1|15141,0,0,0,81,0,81,0,49,0,77,-32,-45
1,15171,1|15171,0,0,0,2037,0,2037,0,151,26,2133,-1886,-273
1,15172,1|15172,0,9,0,93,0,93,0,67,64,132,-17,-170
1,15174,1|15174,0,0,0,2320,0,2320,1,34,6,2221,-2285,58
1,15194,1|15194,0,0,0,3078,0,3078,1,314,94,3305,-2763,-636
1,15247,1|15247,0,0,0,86,0,86,0,14,0,72,-72,0
1,15286,1|15286,0,0,0,641,0,641,0,0,0,651,-641,-10
1,15290,1|15290,0,0,0,7,0,7,0,0,4,3,-7,0
1,15292,1|15292,0,0,0,95,0,95,0,10,40,37,-85,8
1,15294,1|15294,0,0,0,49,0,49,0,2,24,23,-47,0
1,15303,1|15303,0,0,2,15,0,15,0,0,12,3,-15,2
1,15305,1|15305,0,0,0,118,0,118,0,14,35,69,-104,0
1,15318,1|15318,0,0,3,14,0,14,0,0,10,4,-14,3
1,15320,1|15320,0,0,3,28,0,28,0,0,9,19,-28,3
1,15323,1|15323,0,0,0,14,0,14,0,0,8,6,-14,0
1,15394,1|15394,0,0,0,0,0,0,0,4,2,126,4,-132
1,15619,1|15619,0,0,0,0,0,0,0,0,0,5,0,-5
1,15620,1|15620,0,0,0,0,0,0,0,0,0,22,0,-22
1,15629,1|15629,0,0,0,0,0,0,0,10,0,62,10,-72
1,15658,1|15658,0,0,0,0,0,0,8,2,0,32,10,-42
1,15714,1|15714,0,0,0,0,0,0,0,11,0,7,11,-18
1,15827,1|15827,0,1,0,3425,0,3425,1,83,2,3244,-3340,95
1,15842,1|15842,0,0,0,0,0,0,0,0,0,24,0,-24
1,15846,1|15846,0,0,0,0,0,0,0,0,0,0,0,0
1,15954,1|15954,0,0,0,25,0,25,0,0,0,10,-25,15
1,16038,1|16038,0,0,0,0,0,0,0,0,0,26,0,-26
1,16340,1|16340,0,325,17,13,0,13,0,2,0,10,314,18
1,16383,1|16383,0,0,0,0,0,0,1,10,2,0,11,-13
1,16405,1|16405,0,0,0,498,0,498,0,10,0,483,-488,5
1,16485,1|16485,0,0,0,0,0,0,0,15,0,14,15,-29
1,16587,1|16587,0,0,0,0,0,0,0,4,0,105,4,-109
1,17112,1|17112,0,0,0,0,0,0,0,18,0,44,18,-62
1,17248,1|17248,0,0,0,4,0,4,0,0,0,4,-4,0
1,17315,1|17315,0,0,0,0,0,0,0,3,0,5,3,-8
1,17369,1|17369,0,2431,153,34,0,34,0,55,20,58,2452,54
1,17416,1|17416,0,0,5,65,0,65,0,1,35,26,-64,8
1,17519,1|17519,0,0,0,85,0,85,0,27,0,58,-58,0
1,17553,1|17553,0,0,0,0,0,0,0,0,0,21,0,-21
1,17611,1|17611,0,507,27,0,0,0,0,2,0,0,509,25
1,17625,1|17625,0,0,0,7,0,7,0,0,3,4,-7,0
1,17626,1|17626,0,0,0,37,0,37,0,1,10,23,-36,3
1,17675,1|17675,0,0,0,83,0,83,0,48,0,41,-35,-6
1,17889,1|17889,0,0,0,13691,4,13695,10,276,6,13504,-13409,-101
1,17951,1|17951,0,329,17,4797,0,4797,6,343,140,4913,-4119,-588
1,17952,1|17952,0,324,17,6818,0,6818,2,408,322,6737,-6084,-634
1,17976,1|17976,0,0,0,0,0,0,27,1,3,238,28,-269
1,18082,1|18082,0,0,2,1,0,1,0,0,1,0,-1,2
1,18245,1|18245,0,0,0,2218,0,2218,1,1,0,2207,-2216,9
1,18259,1|18259,0,0,0,0,0,0,0,16,0,0,16,-16
1,18316,1|18316,0,694,37,0,0,0,0,3,0,0,697,34
1,18317,1|18317,0,812,43,0,0,0,0,7,4,0,819,32
1,18570,1|18570,0,0,0,0,0,0,0,6,0,15,6,-21
1,18608,1|18608,0,0,0,21,0,21,0,14,0,27,-7,-20
1,18785,1|18785,0,0,0,876,0,876,0,211,0,653,-665,12
1,18977,1|18977,0,0,0,0,0,0,0,5,0,3,5,-8
1,19238,1|19238,0,32,0,4452,0,4452,0,57,0,4400,-4363,-5
1,19322,1|19322,0,0,0,0,0,0,0,8,0,88,8,-96
1,19323,1|19323,0,0,0,0,0,0,0,9,0,82,9,-91
1,19432,1|19432,0,887,47,3107,0,3107,3,72,12,3071,-2145,-4
1,19472,1|19472,0,0,0,0,0,0,1,10,2,59,11,-72
1,19504,1|19504,0,0,0,93,0,93,0,1,0,92,-92,0
1,19506,1|19506,0,0,0,0,0,0,0,6,0,10,6,-16
1,19544,1|19544,0,0,0,0,0,0,0,6,0,19,6,-25
1,19569,1|19569,0,0,0,0,0,0,0,0,0,66,0,-66
1,19644,1|19644,0,0,0,0,0,0,0,5,4,120,5,-129
1,19718,1|19718,0,890,47,0,0,0,0,15,0,1,905,31
1,19796,1|19796,0,0,0,18,0,18,0,2,0,16,-16,0
1,20059,1|20059,0,0,0,0,0,0,0,8,49,20,8,-77
1,20288,1|20288,0,0,0,0,0,0,0,0,0,10,0,-10
1,20391,1|20391,0,0,0,1113,6,1119,0,45,0,1084,-1074,-10
1,20417,1|20417,0,0,0,8,0,8,0,0,0,8,-8,0
1,20439,1|20439,0,2231,117,0,0,0,0,4,0,9,2235,104
1,20514,1|20514,0,0,0,0,0,0,0,14,0,40,14,-54
1,20770,1|20770,0,0,0,6989,0,6989,1,223,5,6840,-6765,-80
1,20778,1|20778,0,12,1,4817,0,4817,0,156,32,4451,-4649,179
1,20785,1|20785,0,157,8,646,0,646,0,33,8,574,-456,39
1,20815,1|20815,0,0,0,17,0,17,0,1,0,16,-16,0
1,20817,1|20817,0,0,0,77,0,77,0,21,10,42,-56,4
1,20823,1|20823,0,1520,80,425,0,425,3,357,99,963,1455,-917
1,20845,1|20845,0,306,16,4789,0,4789,1,138,8,4285,-4344,373
1,20849,1|20849,0,840,44,0,0,0,0,2,0,0,842,42
1,20854,1|20854,0,1241,65,7263,7,7270,2,259,191,6692,-5768,191
1,20887,1|20887,0,0,0,4759,1,4760,0,68,0,4709,-4692,-17
1,20936,1|20936,0,0,0,168,0,168,0,13,0,154,-155,1
1,20937,1|20937,0,0,0,195,0,195,0,33,0,162,-162,0
1,21240,1|21240,0,0,0,1123,0,1123,0,8,0,1116,-1115,-1
1,21292,1|21292,0,0,0,254,2,256,0,1,0,250,-255,5
1,21304,1|21304,0,0,0,143,0,143,0,9,0,105,-134,29
1,21312,1|21312,0,0,0,42,0,42,0,37,6,120,-5,-121
1,21313,1|21313,0,0,0,403,0,403,0,19,0,380,-384,4
1,21342,1|21342,0,0,0,4,0,4,0,0,0,4,-4,0
1,21345,1|21345,0,0,0,8,0,8,0,6,10,13,-2,-21
1,21347,1|21347,0,0,0,0,0,0,0,0,0,7,0,-7
1,21356,1|21356,0,0,0,0,0,0,0,0,0,20,0,-20
1,21358,1|21358,0,0,0,0,0,0,0,1,0,12,1,-13
1,21390,1|21390,0,467,25,5031,0,5031,1,314,206,4317,-4249,218
1,21434,1|21434,0,0,0,1323,0,1323,0,77,17,1310,-1246,-81
1,21450,1|21450,0,0,0,8,0,8,0,7,0,1,-1,0
1,21463,1|21463,0,0,0,14072,21,14093,2,543,131,11860,-13548,1557
1,21465,1|21465,0,0,0,0,0,0,2,7,0,61,9,-70
1,21466,1|21466,0,0,0,0,0,0,0,0,0,42,0,-42
1,21467,1|21467,0,0,0,0,0,0,0,0,0,38,0,-38
1,21468,1|21468,0,0,0,0,0,0,0,0,0,15,0,-15
1,21543,1|21543,0,0,0,151,0,151,0,4,0,153,-147,-6
1,21656,1|21656,0,0,0,3054,0,3054,1,278,73,3086,-2775,-384
1,21666,1|21666,0,0,0,98,0,98,0,0,0,88,-98,10
1,21694,1|21694,0,1709,90,6,0,6,0,2,4,2,1705,88
1,21695,1|21695,0,633,33,23,0,23,0,56,13,48,666,-61
1,21791,1|21791,0,797,42,50,0,50,0,75,4,77,822,-64
1,21805,1|21805,0,0,0,0,0,0,0,29,0,22,29,-51
1,21818,1|21818,0,0,0,42,0,42,0,32,11,48,-10,-49
1,21820,1|21820,0,0,0,6977,0,6977,6,373,169,6727,-6598,-298
1,21837,1|21837,0,0,0,2531,0,2531,0,2,0,2527,-2529,2
1,21848,1|21848,0,0,0,23,0,23,0,2,0,21,-21,0
1,22007,1|22007,0,0,0,239,0,239,0,151,0,241,-88,-153
1,22063,1|22063,0,0,0,705,0,705,0,6,0,717,-699,-18
1,22079,1|22079,0,1490,78,0,0,0,0,2,1,0,1492,75
1,22080,1|22080,0,0,0,0,0,0,0,15,0,58,15,-73
1,22081,1|22081,0,0,0,0,0,0,0,5,0,207,5,-212
1,22124,1|22124,0,0,0,21069,6,21075,18,432,132,18886,-20625,1607
1,22226,1|22226,0,0,0,0,0,0,0,12,0,167,12,-179
1,22227,1|22227,0,0,0,0,0,0,0,5,0,44,5,-49
1,22229,1|22229,0,0,0,0,0,0,0,5,0,125,5,-130
1,22242,1|22242,0,0,0,0,0,0,0,9,0,44,9,-53
1,22244,1|22244,0,0,0,0,0,0,0,9,0,12,9,-21
1,22245,1|22245,0,0,0,0,0,0,4,7,0,33,11,-44
1,22348,1|22348,0,0,0,257,0,257,0,5,0,256,-252,-4
1,22400,1|22400,0,629,33,17,0,17,0,7,7,23,619,13
1,22411,1|22411,0,0,0,111,0,111,0,3,0,108,-108,0
1,22690,1|22690,0,46,2,12,0,12,0,9,7,9,43,-11
1,22928,1|22928,0,0,0,0,0,0,0,3,0,4,3,-7
1,23098,1|23098,0,0,0,0,0,0,0,1,0,85,1,-86
1,23133,1|23133,0,0,0,0,0,0,0,15,0,143,15,-158
1,23137,1|23137,0,0,0,0,0,0,0,19,0,96,19,-115
1,23151,1|23151,0,0,0,1895,0,1895,0,90,8,1757,-1805,40
1,23261,1|23261,0,0,0,0,0,0,0,0,0,24,0,-24
1,23263,1|23263,0,0,0,0,0,0,0,2,0,48,2,-50
1,23310,1|23310,0,0,0,475,0,475,0,64,0,466,-411,-55
1,23316,1|23316,0,0,0,0,0,0,0,14,0,37,14,-51
1,23374,1|23374,0,214,11,696,0,696,2,110,33,629,-370,-67
1,23375,1|23375,0,286,15,695,0,695,0,117,17,670,-292,-94
1,23393,1|23393,0,0,0,0,0,0,0,4,0,57,4,-61
1,23395,1|23395,0,0,0,0,0,0,0,1,0,45,1,-46
1,23458,1|23458,0,0,0,33,0,33,0,1,9,30,-32,-7
1,23502,1|23502,0,221,12,0,0,0,0,4,0,0,225,8
1,23511,1|23511,0,0,0,0,0,0,0,0,0,8,0,-8
1,23514,1|23514,0,37,2,77,0,77,0,67,29,76,27,-93
1,23635,1|23635,0,0,0,9,0,9,0,1,4,4,-8,0
1,23649,1|23649,0,927,49,0,0,0,0,0,1,0,927,48
1,23809,1|23809,0,0,0,0,0,0,0,6,0,7,6,-13
1,24184,1|24184,0,1026,54,2273,0,2273,0,271,90,2190,-976,-224
1,24185,1|24185,0,1238,65,404,0,404,0,246,81,814,1080,-672
1,24193,1|24193,0,288,15,1,0,1,0,0,1,0,287,15
1,24202,1|24202,0,2715,158,46,0,46,0,39,8,97,2708,60
1,24208,1|24208,0,0,0,0,0,0,0,1,0,29,1,-30
1,24225,1|24225,0,0,0,0,0,0,0,0,0,8,0,-8
1,24322,1|24322,0,0,0,28,0,28,0,0,0,16,-28,12
1,24337,1|24337,0,0,0,2083,0,2083,0,12,0,2085,-2071,-14
1,24389,1|24389,0,0,0,0,0,0,0,4,0,18,4,-22
1,24390,1|24390,0,0,0,0,0,0,0,5,0,31,5,-36
1,24469,1|24469,0,0,0,0,0,0,0,11,0,0,11,-11
1,24710,1|24710,0,0,0,0,0,0,0,1,0,11,1,-12
1,24739,1|24739,0,0,0,0,0,0,0,19,0,115,19,-134
1,24778,1|24778,0,0,0,0,0,0,0,0,0,4,0,-4
1,24779,1|24779,0,0,0,0,0,0,0,0,0,4,0,-4
1,24819,1|24819,0,0,0,0,0,0,0,1,0,35,1,-36
1,24820,1|24820,0,0,0,0,0,0,0,0,0,24,0,-24
1,24825,1|24825,0,0,0,0,0,0,0,9,0,29,9,-38
1,24826,1|24826,0,0,0,0,0,0,0,5,0,26,5,-31
1,24837,1|24837,0,704,37,75,0,75,0,45,7,84,674,-24
1,24845,1|24845,0,0,0,0,0,0,0,0,0,14,0,-14
1,24846,1|24846,0,0,0,0,0,0,0,2,3,8,2,-13
1,24847,1|24847,0,0,0,0,0,0,0,8,0,21,8,-29
1,24848,1|24848,0,0,0,0,0,0,0,10,0,16,10,-26
1,24864,1|24864,0,110,6,0,0,0,0,0,2,0,110,4
1,24867,1|24867,0,0,0,0,0,0,0,9,0,3,9,-12
1,24869,1|24869,0,0,0,0,0,0,0,5,0,5,5,-10
1,24870,1|24870,0,0,0,0,0,0,0,1,0,16,1,-17
1,24871,1|24871,0,0,0,0,0,0,0,3,0,18,3,-21
1,24881,1|24881,0,0,0,0,0,0,0,10,0,7,10,-17
1,24960,1|24960,0,0,0,0,0,0,0,14,0,30,14,-44
1,24972,1|24972,0,0,0,26,0,26,0,12,0,11,-14,3
1,25032,1|25032,0,40,2,0,0,0,0,0,3,0,40,-1
1,25046,1|25046,0,0,0,1,1,2,0,0,0,0,-2,2
1,25114,1|25114,0,0,0,0,0,0,0,1,0,18,1,-19
1,25115,1|25115,0,0,0,0,0,0,0,10,0,106,10,-116
1,25424,1|25424,0,0,0,0,0,0,0,21,0,36,21,-57
1,25430,1|25430,0,0,0,0,0,0,0,10,0,13,10,-23
1,25445,1|25445,0,0,0,0,0,0,0,1,0,1,1,-2
1,25447,1|25447,0,0,0,0,0,0,0,4,0,4,4,-8
1,25448,1|25448,0,0,0,131,0,131,0,27,0,82,-104,22
1,25450,1|25450,0,476,25,414,1,415,0,126,26,394,187,-106
1,25455,1|25455,0,0,0,0,0,0,0,0,0,8,0,-8
1,25602,1|25602,0,0,0,0,0,0,0,1,0,22,1,-23
1,26011,1|26011,0,0,0,0,0,0,0,5,4,5,5,-14
1,26012,1|26012,0,0,0,0,0,0,0,0,0,8,0,-8
1,26013,1|26013,0,0,0,0,0,0,0,0,3,6,0,-9
1,26214,1|26214,0,1840,97,140,0,140,0,29,9,196,1729,3
1,26629,1|26629,0,0,5,52,0,52,0,52,19,44,0,-58
1,26633,1|26633,0,0,0,2,0,2,0,4,0,6,2,-8
1,26738,1|26738,0,0,0,0,0,0,0,18,0,23,18,-41
1,26759,1|26759,0,0,0,0,0,0,0,0,0,7,0,-7
1,27064,1|27064,0,0,0,0,0,0,0,6,0,0,6,-6
1,27175,1|27175,0,627,33,15,0,15,0,23,60,56,635,-91
1,27179,1|27179,0,0,0,0,0,0,0,0,1,0,0,-1
1,27187,1|27187,0,0,0,0,0,0,0,1,0,1,1,-2
1,27212,1|27212,0,0,0,0,0,0,0,9,0,4,9,-13
1,27697,1|27697,0,702,37,29,0,29,0,44,6,63,717,-47
1,27699,1|27699,0,488,26,47,0,47,0,28,21,45,469,-21
1,27700,1|27700,0,118,6,0,0,0,0,4,17,2,122,-17
1,27701,1|27701,0,0,0,0,0,0,0,19,0,40,19,-59
1,27702,1|27702,0,0,0,0,0,0,0,5,3,49,5,-57
1,27706,1|27706,0,0,0,0,0,0,0,4,0,4,4,-8
1,27709,1|27709,0,0,0,0,0,0,0,4,0,153,4,-157
1,27710,1|27710,0,0,0,0,0,0,0,6,0,265,6,-271
1,27712,1|27712,0,0,0,0,0,0,0,4,0,70,4,-74
1,27718,1|27718,0,0,0,0,0,0,0,0,6,0,0,-6
1,27719,1|27719,0,0,0,0,0,0,0,4,0,1,4,-5
1,27733,1|27733,0,0,0,0,0,0,0,3,0,6,3,-9
1,27734,1|27734,0,0,0,0,0,0,0,10,0,11,10,-21
1,27735,1|27735,0,0,0,0,0,0,0,5,0,7,5,-12
1,27756,1|27756,0,0,0,0,0,0,0,9,0,28,9,-37
1,27767,1|27767,0,0,0,0,0,0,0,6,0,83,6,-89
1,27768,1|27768,0,0,0,0,0,0,0,2,0,25,2,-27
1,27802,1|27802,0,0,0,0,0,0,0,0,0,11,0,-11
1,27814,1|27814,0,603,32,0,0,0,0,0,3,0,603,29
1,27815,1|27815,0,1079,57,164,0,164,0,119,23,593,1034,-514
1,27843,1|27843,0,0,0,0,0,0,0,2,0,125,2,-127
1,27846,1|27846,0,0,0,0,0,0,0,4,0,14,4,-18
1,27899,1|27899,0,891,47,2019,0,2019,1,46,0,1995,-1081,24
1,27900,1|27900,0,0,0,1426,0,1426,0,30,0,1319,-1396,77
1,27901,1|27901,0,274,14,0,0,0,0,2,2,1,276,9
1,28084,1|28084,0,0,0,0,0,0,0,6,5,78,6,-89
1,28086,1|28086,0,0,0,0,0,0,0,5,1,120,5,-126
1,28090,1|28090,0,0,0,0,0,0,0,5,0,1,5,-6
1,28096,1|28096,0,0,0,0,0,0,1,12,0,110,13,-123
1,28146,1|28146,0,1371,72,9,0,9,0,11,0,20,1373,50
1,28212,1|28212,0,0,0,0,0,0,0,7,0,22,7,-29
1,28230,1|28230,0,332,18,135,0,135,0,20,42,179,217,-88
1,28232,1|28232,0,390,21,1228,0,1228,1,145,18,1110,-692,-25
1,28240,1|28240,0,0,0,0,0,0,0,4,0,46,4,-50
1,28270,1|28270,0,0,0,0,0,0,0,8,0,32,8,-40
1,28275,1|28275,0,0,0,0,0,0,0,0,0,20,0,-20
1,28277,1|28277,0,0,0,0,0,0,0,0,0,10,0,-10
1,28279,1|28279,0,0,0,0,0,0,0,3,0,22,3,-25
1,28282,1|28282,0,0,0,0,0,0,0,1,0,13,1,-14
1,28284,1|28284,0,0,0,0,0,0,0,12,0,41,12,-53
1,28294,1|28294,0,0,0,0,0,0,0,1,0,5,1,-6
1,28295,1|28295,0,0,0,0,0,0,0,2,0,25,2,-27
1,28297,1|28297,0,0,0,0,0,0,0,18,0,239,18,-257
1,28298,1|28298,0,0,0,0,0,0,0,4,0,49,4,-53
1,28302,1|28302,0,0,0,0,0,0,0,0,0,24,0,-24
1,28308,1|28308,0,0,0,0,0,0,0,29,0,92,29,-121
1,28309,1|28309,0,0,0,0,0,0,0,1,0,31,1,-32
1,28312,1|28312,0,0,0,0,0,0,0,18,0,138,18,-156
1,28313,1|28313,0,0,0,0,0,0,0,5,0,71,5,-76
1,28316,1|28316,0,0,0,0,0,0,0,1,0,16,1,-17
1,28318,1|28318,0,0,0,0,0,0,0,2,0,50,2,-52
1,28320,1|28320,0,0,0,0,0,0,0,0,0,17,0,-17
1,28328,1|28328,0,0,0,0,0,0,0,0,0,137,0,-137
1,28333,1|28333,0,0,0,0,0,0,0,3,0,17,3,-20
1,28335,1|28335,0,0,0,0,0,0,0,0,0,65,0,-65
1,28399,1|28399,0,0,0,0,0,0,0,3,0,0,3,-3
1,28412,1|28412,0,0,0,0,0,0,0,0,0,6,0,-6
1,28712,1|28712,0,425,22,10,0,10,0,1,0,11,416,20
1,28802,1|28802,0,0,0,0,0,0,0,3,0,21,3,-24
1,28805,1|28805,0,0,0,0,0,0,0,0,0,40,0,-40
1,28810,1|28810,0,0,0,0,0,0,1,20,0,39,21,-60
1,28819,1|28819,0,0,0,0,0,0,0,0,0,6,0,-6
1,28857,1|28857,0,0,0,0,0,0,0,15,0,74,15,-89
1,28880,1|28880,0,0,0,0,0,0,0,0,0,16,0,-16
1,28930,1|28930,0,0,0,0,0,0,0,0,3,22,0,-25
1,28975,1|28975,0,0,0,0,0,0,0,3,0,123,3,-126
1,29002,1|29002,0,0,0,0,0,0,0,5,0,3,5,-8
1,29061,1|29061,0,0,0,0,0,0,0,6,0,30,6,-36
1,29504,1|29504,0,0,0,0,0,0,0,0,0,14,0,-14
1,29541,1|29541,0,833,44,18,0,18,0,22,2,24,837,14
1,29708,1|29708,0,0,0,0,0,0,0,4,0,32,4,-36
1,29710,1|29710,0,0,0,0,0,0,0,0,0,6,0,-6
1,29725,1|29725,0,0,0,0,0,0,0,8,0,27,8,-35
1,29825,1|29825,0,0,0,0,0,0,0,2,2,1,2,-5
1,29901,1|29901,0,0,0,1,0,1,0,0,0,1,-1,0
1,30087,1|30087,0,909,48,19,0,19,0,57,10,78,947,-78
1,30168,1|30168,0,290,15,67,0,67,0,64,8,103,287,-93
1,30181,1|30181,0,0,0,0,0,0,0,3,0,17,3,-20
1,30187,1|30187,0,0,0,0,0,0,0,26,0,128,26,-154
1,30188,1|30188,0,0,0,0,0,0,0,23,0,79,23,-102
1,30197,1|30197,0,0,0,0,0,0,0,0,2,8,0,-10
1,30198,1|30198,0,1143,60,0,0,0,0,6,4,1,1149,49
1,30199,1|30199,0,690,36,58,0,58,2,66,64,96,700,-134
1,30224,1|30224,0,0,0,93,0,93,0,7,0,101,-86,-15
1,30385,1|30385,0,476,25,15,0,15,0,5,0,10,466,25
1,30442,1|30442,0,0,0,0,0,0,0,14,0,62,14,-76
1,30445,1|30445,0,0,0,0,0,0,0,3,0,83,3,-86
1,30562,1|30562,0,0,0,11,0,11,0,8,0,3,-3,0
1,30642,1|30642,0,0,0,0,0,0,0,4,0,0,4,-4
1,30748,1|30748,0,0,0,0,0,0,0,1,0,3,1,-4
1,30838,1|30838,0,0,0,26,0,26,0,34,30,33,8,-71
1,30873,1|30873,0,0,0,0,0,0,0,0,0,7,0,-7
1,30946,1|30946,0,0,0,31,0,31,0,9,0,47,-22,-25
1,31212,1|31212,0,0,0,2,0,2,0,1,0,1,-1,0
1,31285,1|31285,0,0,4,846,0,846,0,79,117,599,-767,55
1,31289,1|31289,0,0,0,0,0,0,0,1,0,2,1,-3
1,31303,1|31303,0,0,0,0,0,0,0,0,0,14,0,-14
1,31309,1|31309,0,0,0,114,0,114,0,21,3,99,-93,-9
1,31310,1|31310,0,189,10,465,0,465,0,40,0,443,-236,-8
1,31322,1|31322,0,800,42,2992,0,2992,10,369,142,3798,-1813,-1285
1,31325,1|31325,0,0,0,0,0,0,0,2,0,52,2,-54
1,31326,1|31326,0,0,0,0,0,0,0,6,0,27,6,-33
1,31383,1|31383,0,0,0,0,0,0,0,5,0,64,5,-69
1,31417,1|31417,0,0,0,0,0,0,0,3,0,4,3,-7
1,31639,1|31639,0,0,0,0,0,0,0,6,0,7,6,-13
1,31644,1|31644,0,0,5,875,0,875,3,74,40,831,-798,-68
1,31649,1|31649,0,0,0,0,0,0,0,9,0,1,9,-10
1,31658,1|31658,0,237,13,224,0,224,0,36,0,167,49,34
1,31843,1|31843,0,0,0,0,0,0,0,0,0,116,0,-116
1,31893,1|31893,0,0,0,0,0,0,0,3,0,6,3,-9
1,31918,1|31918,0,0,0,195,0,195,0,0,0,185,-195,10
1,32052,1|32052,0,0,0,0,0,0,0,4,0,36,4,-40
1,32053,1|32053,0,0,0,0,0,0,0,6,0,30,6,-36
1,32054,1|32054,0,0,0,0,0,0,0,6,0,55,6,-61
1,32116,1|32116,0,0,0,0,0,0,0,3,0,21,3,-24
1,32117,1|32117,0,0,0,0,0,0,1,6,0,47,7,-54
1,32140,1|32140,0,0,0,0,0,0,0,14,0,18,14,-32
1,32179,1|32179,0,343,18,3536,0,3536,2,522,324,3829,-2669,-1123
1,32185,1|32185,0,0,0,0,0,0,0,3,0,69,3,-72
1,32190,1|32190,0,0,0,0,0,0,0,10,0,6,10,-16
1,32219,1|32219,0,0,0,0,0,0,0,4,0,0,4,-4
1,32261,1|32261,0,0,0,0,0,0,0,2,0,17,2,-19
1,32262,1|32262,0,0,0,0,0,0,0,8,0,86,8,-94
1,32347,1|32347,0,0,0,0,0,0,0,0,0,12,0,-12
1,32350,1|32350,0,0,0,0,0,0,0,2,0,139,2,-141
1,32415,1|32415,0,0,0,0,0,0,0,1,0,3,1,-4
1,32489,1|32489,0,0,0,0,0,0,0,8,0,44,8,-52
1,32507,1|32507,0,0,0,0,0,0,0,0,6,31,0,-37
1,32508,1|32508,0,0,0,0,0,0,0,0,9,20,0,-29
1,32552,1|32552,0,0,0,0,0,0,0,1,0,17,1,-18
1,32597,1|32597,0,1524,80,37412,2,37414,12,1733,1430,35111,-34145,-792
1,32598,1|32598,0,1905,100,13314,0,13314,7,1879,707,11790,-9523,-969
1,32599,1|32599,0,2684,150,20553,0,20553,4,2608,872,18302,-15257,-1083
1,32789,1|32789,0,0,0,64,0,64,0,33,0,45,-31,-14
1,32790,1|32790,0,0,0,35,0,35,0,0,0,44,-35,-9
1,32899,1|32899,0,0,0,0,0,0,0,0,0,5,0,-5
1,32999,1|32999,0,0,0,0,0,0,0,0,0,0,0,0
1,33185,1|33185,0,0,0,4,0,4,0,3,0,9,-1,-8
1,33204,1|33204,0,0,0,0,0,0,0,3,3,27,3,-33
1,33207,1|33207,0,0,0,0,0,0,0,0,0,42,0,-42
1,33228,1|33228,0,0,0,0,0,0,0,5,0,0,5,-5
1,33529,1|33529,0,0,0,2950,0,2950,7,482,497,3194,-2461,-1230
1,33530,1|33530,0,0,0,561,0,561,0,42,27,486,-519,6
1,33531,1|33531,0,0,0,1125,0,1125,0,77,37,1044,-1048,-33
1,33532,1|33532,0,0,0,343,0,343,0,45,11,250,-298,37
1,33533,1|33533,0,0,0,0,0,0,0,1,0,2,1,-3
1,33534,1|33534,0,0,0,266,0,266,0,100,53,433,-166,-320
1,33535,1|33535,0,0,0,262,0,262,0,59,18,363,-203,-178
1,33685,1|33685,0,0,0,0,0,0,0,0,0,2,0,-2
1,33747,1|33747,0,0,0,0,0,0,0,1,0,48,1,-49
1,33824,1|33824,0,0,0,2475,0,2475,0,1661,851,48,-814,-85
1,33851,1|33851,0,0,0,0,0,0,0,9,0,151,9,-160
1,33852,1|33852,0,0,0,0,0,0,0,23,7,141,23,-171
1,33853,1|33853,0,0,0,0,0,0,3,5,3,83,8,-94
1,33854,1|33854,0,0,0,0,0,0,0,24,0,91,24,-115
1,33855,1|33855,0,0,0,0,0,0,0,12,0,15,12,-27
1,33895,1|33895,0,0,2,459,0,459,0,46,3,439,-413,-27
1,33896,1|33896,0,0,0,408,0,408,0,16,0,432,-392,-40
1,33897,1|33897,0,0,0,431,0,431,0,35,3,434,-396,-41
1,34098,1|34098,0,0,0,64,0,64,0,40,0,9,-24,15
1,34100,1|34100,0,0,0,186,0,186,0,116,5,52,-70,13
1,34101,1|34101,0,0,0,210,0,210,0,82,16,68,-128,44
1,34102,1|34102,0,0,0,107,0,107,0,79,0,9,-28,19
1,34103,1|34103,0,0,0,62,0,62,0,28,11,12,-34,11
1,34104,1|34104,0,0,0,110,0,110,0,52,4,26,-58,28
1,34105,1|34105,0,0,0,57,0,57,0,44,0,6,-13,7
1,34196,1|34196,0,0,0,61,0,61,0,12,21,28,-49,0
1,34197,1|34197,0,0,0,136,0,136,0,11,12,106,-125,7
1,34198,1|34198,0,0,0,32,0,32,0,13,11,8,-19,0
1,34199,1|34199,0,0,0,224,0,224,0,44,2,156,-180,22
1,34200,1|34200,0,0,0,36,0,36,0,6,4,26,-30,0
1,34201,1|34201,0,0,0,222,1,223,0,86,1,131,-137,5
1,34202,1|34202,0,0,0,217,0,217,0,135,6,21,-82,55
1,34228,1|34228,0,0,0,13,0,13,0,0,0,9,-13,4
1,34332,1|34332,0,0,0,0,0,0,0,0,0,21,0,-21
1,34346,1|34346,0,0,0,0,0,0,0,1,0,17,1,-18
1,34347,1|34347,0,0,0,0,0,0,0,5,0,18,5,-23
1,34364,1|34364,0,0,0,0,0,0,0,1,0,22,1,-23
1,34394,1|34394,0,0,0,0,0,0,0,0,0,62,0,-62
1,34398,1|34398,0,0,0,0,0,0,0,2,0,21,2,-23
1,34402,1|34402,0,0,0,0,0,0,0,3,0,4,3,-7
1,34407,1|34407,0,0,0,0,0,0,0,11,0,6,11,-17
1,34408,1|34408,0,0,0,0,0,0,0,0,0,10,0,-10
1,34417,1|34417,0,0,0,0,0,0,0,5,2,3,5,-10
1,34423,1|34423,0,0,0,0,0,0,0,0,0,1,0,-1
1,34424,1|34424,0,0,0,0,0,0,0,0,0,4,0,-4
1,34425,1|34425,0,0,0,0,0,0,0,0,0,2,0,-2
1,34426,1|34426,0,0,0,0,0,0,0,0,0,1,0,-1
1,34509,1|34509,0,0,0,0,0,0,0,6,0,60,6,-66
1,34510,1|34510,0,0,0,0,0,0,0,31,0,35,31,-66
1,34600,1|34600,0,0,0,12,0,12,0,0,0,7,-12,5
1,34601,1|34601,0,0,0,12,0,12,0,3,0,3,-9,6
1,34605,1|34605,0,0,0,0,0,0,0,10,0,3,10,-13
1,34694,1|34694,0,0,0,0,0,0,0,13,0,35,13,-48
1,34698,1|34698,0,0,0,0,0,0,0,1,0,7,1,-8
1,34752,1|34752,0,0,0,0,0,0,19,32,35,64,51,-150
1,34753,1|34753,0,0,0,0,0,0,10,27,27,55,37,-119
1,34754,1|34754,0,0,0,0,0,0,5,15,19,76,20,-115
1,34755,1|34755,0,0,0,0,0,0,0,0,0,19,0,-19
1,34757,1|34757,0,0,0,0,0,0,1,2,4,23,3,-30
1,34758,1|34758,0,0,0,0,0,0,0,3,0,76,3,-79
1,34835,1|34835,0,0,0,0,0,0,0,0,0,0,0,0
1,35133,1|35133,0,0,0,4197,1,4198,1,153,196,3501,-4044,347
1,35134,1|35134,0,0,0,0,0,0,0,4,0,51,4,-55
1,35156,1|35156,0,0,0,0,0,0,0,1,0,0,1,-1
1,35324,1|35324,0,0,0,0,0,0,0,5,0,13,5,-18
1,35327,1|35327,0,0,0,0,0,0,0,2,0,36,2,-38
1,35328,1|35328,0,0,0,0,0,0,0,0,0,31,0,-31
1,35330,1|35330,0,0,0,0,0,0,0,0,0,4,0,-4
1,35332,1|35332,0,0,0,0,0,0,0,3,0,3,3,-6
1,35372,1|35372,0,0,0,0,0,0,0,1,0,26,1,-27
1,35373,1|35373,0,0,0,0,0,0,0,1,0,21,1,-22
1,35374,1|35374,0,0,0,0,0,0,0,10,0,8,10,-18
1,35375,1|35375,0,0,0,0,0,0,0,0,0,16,0,-16
1,35399,1|35399,0,0,0,0,0,0,0,9,0,1,9,-10
1,35403,1|35403,0,0,0,0,0,0,0,7,0,31,7,-38
1,35404,1|35404,0,0,0,0,0,0,0,7,0,10,7,-17
1,35407,1|35407,0,0,0,0,0,0,0,7,0,10,7,-17
1,35513,1|35513,0,0,0,3,0,3,0,0,0,3,-3,0
1,35514,1|35514,0,0,0,3,0,3,0,0,0,3,-3,0
1,35515,1|35515,0,0,0,3,0,3,0,1,0,2,-2,0
1,35516,1|35516,0,0,0,3,0,3,0,0,0,3,-3,0
1,35518,1|35518,0,0,0,3,0,3,0,0,0,3,-3,0
1,35520,1|35520,0,0,0,2,0,2,0,2,0,0,0,0
1,35521,1|35521,0,0,0,3,0,3,0,0,0,0,-3,3
1,35523,1|35523,0,0,0,3,0,3,0,0,0,1,-3,2
1,35524,1|35524,0,0,0,3,0,3,0,0,0,0,-3,3
1,35525,1|35525,0,0,0,3,0,3,0,0,0,3,-3,0
1,35527,1|35527,0,0,0,3,0,3,0,1,0,2,-2,0
1,35531,1|35531,0,0,0,1,0,1,0,0,0,1,-1,0
1,35533,1|35533,0,0,0,1,0,1,0,0,0,1,-1,0
1,35534,1|35534,0,0,0,1,0,1,0,0,0,1,-1,0
1,35636,1|35636,0,0,0,0,0,0,0,0,0,4,0,-4
1,35674,1|35674,0,0,0,0,0,0,0,10,0,14,10,-24
1,35920,1|35920,0,0,0,0,0,0,0,2,0,83,2,-85
1,36089,1|36089,0,0,0,0,0,0,0,5,0,31,5,-36
1,36090,1|36090,0,0,0,0,0,0,0,4,0,47,4,-51
1,36091,1|36091,0,0,0,0,0,0,0,3,0,10,3,-13
1,36092,1|36092,0,0,0,0,0,0,0,5,0,14,5,-19
1,36099,1|36099,0,0,0,0,0,0,0,0,0,2,0,-2
1,36126,1|36126,0,0,0,0,0,0,0,6,0,0,6,-6
1,36155,1|36155,0,0,0,40,0,40,10,50,0,0,20,-20
1,36156,1|36156,0,0,0,40,0,40,0,40,0,0,0,0
1,36157,1|36157,0,0,0,50,0,50,0,0,0,0,-50,50
1,36158,1|36158,0,0,0,30,0,30,20,50,0,0,40,-40
1,36159,1|36159,0,0,0,50,0,50,0,0,0,0,-50,50
1,36184,1|36184,0,0,0,0,0,0,0,0,0,21,0,-21
1,36344,1|36344,0,0,0,0,0,0,0,4,0,2,4,-6
1,36356,1|36356,0,0,0,0,0,0,0,9,0,9,9,-18
1,36420,1|36420,0,0,0,0,0,0,0,0,0,41,0,-41
1,36422,1|36422,0,0,0,0,0,0,0,1,0,17,1,-18
1,36437,1|36437,0,0,0,0,0,0,1,17,0,233,18,-251
1,36483,1|36483,0,0,0,0,0,0,0,4,0,33,4,-37
1,36484,1|36484,0,0,0,0,0,0,0,2,0,17,2,-19
1,36486,1|36486,0,0,0,5862,0,5862,6,519,25,5157,-5337,155
1,36490,1|36490,0,0,0,0,0,0,0,5,0,15,5,-20
1,36508,1|36508,0,0,0,0,0,0,0,8,0,53,8,-61
1,36510,1|36510,0,0,0,0,0,0,0,0,0,7,0,-7
1,36563,1|36563,0,0,0,0,0,0,0,0,0,67,0,-67
1,36629,1|36629,0,0,0,65,0,65,0,2,0,63,-63,0
1,36653,1|36653,0,0,0,0,0,0,0,0,0,21,0,-21
1,36654,1|36654,0,0,0,0,0,0,0,0,0,7,0,-7
1,36819,1|36819,0,0,0,0,0,0,0,0,0,6,0,-6
1,36953,1|36953,0,0,0,0,0,0,0,4,0,0,4,-4
1,36955,1|36955,0,0,0,0,0,0,0,6,0,0,6,-6
1,37035,1|37035,0,0,0,0,0,0,0,3,0,21,3,-24
1,37036,1|37036,0,0,0,0,0,0,0,7,1,12,7,-20
1,37038,1|37038,0,0,0,0,0,0,0,0,0,7,0,-7
1,37274,1|37274,0,0,0,0,0,0,0,0,0,54,0,-54
1,37275,1|37275,0,0,0,0,0,0,0,4,0,36,4,-40
1,37414,1|37414,0,0,0,0,0,0,0,0,0,6,0,-6
1,37416,1|37416,0,0,0,0,0,0,0,2,0,71,2,-73
1,37417,1|37417,0,0,0,0,0,0,0,0,0,39,0,-39
1,37418,1|37418,0,0,0,0,0,0,0,0,0,17,0,-17
1,37583,1|37583,0,0,0,0,0,0,0,2,0,52,2,-54
1,37822,1|37822,0,0,0,0,0,0,0,0,0,0,0,0
1,37830,1|37830,0,0,0,0,0,0,0,3,0,87,3,-90
1,37833,1|37833,0,0,0,0,0,0,0,3,0,75,3,-78
1,37835,1|37835,0,0,0,0,0,0,0,0,0,21,0,-21
1,37936,1|37936,0,0,0,6,0,6,0,6,0,0,0,0
1,38079,1|38079,0,0,0,143,0,143,0,56,0,86,-87,1
1,38139,1|38139,0,0,0,0,0,0,0,0,0,10,0,-10
1,38225,1|38225,0,0,0,0,0,0,0,4,0,0,4,-4
1,38326,1|38326,0,0,0,7,0,7,0,4,0,1,-3,2
1,38327,1|38327,0,0,0,25,0,25,0,22,0,2,-3,1
1,38429,1|38429,0,0,0,23,0,23,0,19,0,2,-4,2
1,38435,1|38435,0,0,0,0,0,0,0,4,0,0,4,-4
1,38530,1|38530,0,0,0,0,0,0,0,3,0,12,3,-15
1,38531,1|38531,0,0,0,0,0,0,0,0,0,16,0,-16
1,38592,1|38592,0,0,0,198,0,198,0,12,0,62,-186,124
1,38621,1|38621,0,0,0,0,0,0,0,0,0,74,0,-74
1,38622,1|38622,0,0,0,0,0,0,0,0,2,21,0,-23
1,38623,1|38623,0,0,0,0,0,0,0,0,0,20,0,-20
1,38913,1|38913,0,0,0,0,0,0,0,1,0,6,1,-7
1,38922,1|38922,0,0,0,0,0,0,0,4,0,0,4,-4
1,38995,1|38995,0,0,0,0,0,0,0,0,0,22,0,-22
1,38999,1|38999,0,0,0,0,0,0,0,7,0,17,7,-24
1,39021,1|39021,0,0,0,1763,0,1763,0,7,0,1760,-1756,-4
1,39270,1|39270,0,0,0,0,0,0,0,4,0,0,4,-4
1,39433,1|39433,0,0,0,0,0,0,0,0,0,33,0,-33
1,39580,1|39580,0,0,0,0,0,0,0,5,0,0,5,-5
1,39746,1|39746,0,0,0,0,0,0,0,6,0,24,6,-30
1,39760,1|39760,0,0,0,45,0,45,0,0,0,43,-45,2
1,39891,1|39891,0,0,0,0,0,0,0,0,0,34,0,-34
1,40057,1|40057,0,0,0,0,0,0,0,0,0,37,0,-37
1,40223,1|40223,0,0,0,0,0,0,0,0,0,35,0,-35
1,40224,1|40224,0,0,0,0,0,0,0,0,1,24,0,-25
1,40261,1|40261,0,0,0,0,0,0,0,2,0,4,2,-6
1,40321,1|40321,0,0,0,0,0,0,0,7,0,0,7,-7
1,40343,1|40343,0,0,0,64,0,64,0,0,0,5,-64,59
1,40350,1|40350,0,0,0,0,0,0,0,0,0,2,0,-2
1,40363,1|40363,0,0,0,0,0,0,0,0,0,28,0,-28
1,40370,1|40370,0,0,0,0,0,0,0,3,0,20,3,-23
1,40438,1|40438,0,0,0,0,0,0,0,8,0,7,8,-15
1,40439,1|40439,0,0,0,0,0,0,0,5,0,12,5,-17
1,40441,1|40441,0,0,0,0,0,0,0,0,0,21,0,-21
1,40442,1|40442,0,0,0,0,0,0,0,0,0,11,0,-11
1,40443,1|40443,0,0,0,0,0,0,0,13,0,60,13,-73
1,40444,1|40444,0,0,0,0,0,0,0,2,0,11,2,-13
1,40445,1|40445,0,0,0,0,0,0,0,2,0,26,2,-28
1,40508,1|40508,0,0,0,0,0,0,0,0,0,35,0,-35
1,40539,1|40539,0,0,0,0,0,0,0,0,0,8,0,-8
1,40604,1|40604,0,0,0,0,0,0,0,0,0,12,0,-12
1,40606,1|40606,0,0,0,0,0,0,0,0,0,5,0,-5
1,40609,1|40609,0,0,0,0,0,0,0,0,0,4,0,-4
1,40610,1|40610,0,0,0,0,0,0,0,0,0,7,0,-7
1,40611,1|40611,0,0,0,0,0,0,0,0,0,28,0,-28
1,40653,1|40653,0,0,0,0,0,0,0,0,0,31,0,-31
1,40659,1|40659,0,0,0,0,0,0,0,3,0,24,3,-27
1,40662,1|40662,0,0,0,2709,8,2717,14,216,30,1536,-2487,921
1,40665,1|40665,0,0,0,1283,9,1292,7,49,17,897,-1236,322
1,40707,1|40707,0,0,0,0,0,0,0,1,0,37,1,-38
1,40712,1|40712,0,0,0,0,0,0,0,0,0,3,0,-3
1,40713,1|40713,0,0,0,0,0,0,0,0,0,11,0,-11
1,40732,1|40732,0,0,0,0,0,0,0,0,0,6,0,-6
1,40734,1|40734,0,0,0,0,0,0,0,4,0,2,4,-6
1,40777,1|40777,0,0,0,0,0,0,3,1,0,23,4,-27
1,40778,1|40778,0,0,0,0,0,0,0,1,1,5,1,-7
1,40781,1|40781,0,0,0,0,0,0,0,0,0,0,0,0
1,40829,1|40829,0,0,0,1096,10,1106,3,79,0,804,-1024,220
1,40852,1|40852,0,0,0,0,0,0,0,8,0,0,8,-8
1,40877,1|40877,0,0,0,0,0,0,0,6,0,17,6,-23
1,40895,1|40895,0,0,0,0,0,0,0,2,0,47,2,-49
1,40896,1|40896,0,0,0,0,0,0,0,9,0,10,9,-19
1,40939,1|40939,0,0,0,0,0,0,0,1,0,6,1,-7
1,41074,1|41074,0,0,0,0,0,0,0,2,0,11,2,-13
1,41083,1|41083,0,0,0,0,0,0,0,0,0,19,0,-19
1,41140,1|41140,0,0,0,0,0,0,0,0,0,29,0,-29
1,41179,1|41179,0,0,0,0,0,0,0,0,0,4,0,-4
1,41190,1|41190,0,0,0,0,0,0,0,0,0,30,0,-30
1,41257,1|41257,0,0,0,0,0,0,0,0,0,8,0,-8
1,41396,1|41396,0,0,0,0,0,0,0,0,0,18,0,-18
1,41398,1|41398,0,0,0,0,0,0,0,0,0,5,0,-5
1,41424,1|41424,0,0,0,0,0,0,0,7,0,13,7,-20
1,41426,1|41426,0,0,0,0,0,0,0,4,0,15,4,-19
1,41427,1|41427,0,0,0,0,0,0,0,11,0,3,11,-14
1,41572,1|41572,0,0,0,0,0,0,0,0,0,10,0,-10
1,41651,1|41651,0,0,0,0,0,0,0,0,0,13,0,-13
1,41807,1|41807,0,0,0,0,0,0,0,0,0,43,0,-43
1,41808,1|41808,0,0,0,0,0,0,0,0,0,16,0,-16
1,41809,1|41809,0,0,0,0,0,0,0,3,0,14,3,-17
1,41823,1|41823,0,0,0,0,0,0,0,0,0,2,0,-2
1,41824,1|41824,0,0,0,0,0,0,0,0,0,6,0,-6
1,41825,1|41825,0,0,0,0,0,0,0,0,0,50,0,-50
1,41842,1|41842,0,0,0,1022,0,1022,0,89,2,869,-933,62
1,41945,1|41945,0,0,0,0,0,0,0,0,0,50,0,-50
1,41963,1|41963,0,0,0,340,0,340,0,15,0,281,-325,44
1,42000,1|42000,0,0,0,4860,6,4866,0,254,29,4259,-4612,324
1,42001,1|42001,0,0,0,1538,0,1538,0,112,11,1345,-1426,70
1,42107,1|42107,0,0,0,0,0,0,0,6,0,23,6,-29
1,42108,1|42108,0,0,0,0,0,0,0,0,0,8,0,-8
1,42172,1|42172,0,0,0,0,0,0,0,0,0,2,0,-2
1,42173,1|42173,0,0,0,0,0,0,0,1,15,12,1,-28
1,42293,1|42293,0,0,0,13,0,13,0,10,0,0,-3,3
1,42671,1|42671,0,0,0,0,0,0,0,2,0,4,2,-6
1,42672,1|42672,0,0,0,0,0,0,0,1,0,11,1,-12
1,42721,1|42721,0,0,0,0,0,0,0,0,0,19,0,-19
1,42725,1|42725,0,0,0,3411,30,3441,0,240,43,2495,-3201,663
1,42732,1|42732,0,0,0,0,0,0,0,0,0,7,0,-7
1,42749,1|42749,0,0,0,0,0,0,0,0,0,6,0,-6
1,42750,1|42750,0,0,0,0,0,0,0,0,0,4,0,-4
1,42758,1|42758,0,0,0,0,0,0,0,0,0,5,0,-5
1,42759,1|42759,0,0,0,0,0,0,0,0,0,9,0,-9
1,42760,1|42760,0,0,0,0,0,0,0,0,0,1,0,-1
1,42761,1|42761,0,0,0,0,0,0,0,0,0,6,0,-6
1,42762,1|42762,0,0,0,0,0,0,0,0,0,6,0,-6
1,42768,1|42768,0,0,0,0,0,0,0,0,0,27,0,-27
1,42769,1|42769,0,0,0,0,0,0,0,0,0,17,0,-17
1,42770,1|42770,0,0,0,0,0,0,0,0,0,20,0,-20
1,42771,1|42771,0,0,0,0,0,0,0,0,1,26,0,-27
1,42774,1|42774,0,0,0,0,0,0,0,0,0,20,0,-20
1,42776,1|42776,0,0,0,0,0,0,0,3,0,18,3,-21
1,42780,1|42780,0,0,0,1104,13,1117,0,16,7,809,-1101,285
1,42787,1|42787,0,0,0,0,0,0,0,0,0,14,0,-14
1,42791,1|42791,0,0,0,825,0,825,0,111,33,440,-714,241
1,42919,1|42919,0,0,0,0,0,0,0,2,0,9,2,-11
1,42920,1|42920,0,0,0,2657,8,2665,1,203,19,2278,-2461,164
1,42958,1|42958,0,0,0,0,0,0,0,0,0,1,0,-1
1,43219,1|43219,0,0,0,0,0,0,0,7,0,29,7,-36
1,43281,1|43281,0,0,0,0,0,0,0,1,0,3,1,-4
1,43285,1|43285,0,0,0,0,0,0,0,0,0,26,0,-26
1,43286,1|43286,0,0,0,0,0,0,0,0,0,19,0,-19
1,43345,1|43345,0,0,0,558,0,558,0,88,5,364,-470,101
1,43346,1|43346,0,0,0,654,6,660,0,3,4,445,-657,208
1,43347,1|43347,0,0,0,193,0,193,0,32,4,44,-161,113
1,43382,1|43382,0,0,0,0,0,0,0,0,0,26,0,-26
1,43383,1|43383,0,0,0,0,0,0,0,0,0,7,0,-7
1,43384,1|43384,0,0,0,0,0,0,0,0,0,22,0,-22
1,43385,1|43385,0,0,0,0,0,0,0,0,0,16,0,-16
1,43581,1|43581,0,0,0,6,0,6,0,0,0,2,-6,4
1,43587,1|43587,0,0,0,0,0,0,0,20,0,0,20,-20
1,43607,1|43607,0,0,0,0,0,0,0,0,0,4,0,-4
1,43617,1|43617,0,0,0,0,0,0,0,0,0,1,0,-1
1,43661,1|43661,0,0,0,0,0,0,0,0,0,8,0,-8
1,43664,1|43664,0,0,0,0,0,0,0,0,0,8,0,-8
1,43675,1|43675,0,0,0,0,0,0,0,0,0,10,0,-10
1,43676,1|43676,0,0,0,0,0,0,0,0,0,6,0,-6
1,43679,1|43679,0,0,0,0,0,0,0,0,0,24,0,-24
1,43932,1|43932,0,0,0,0,0,0,0,0,0,4,0,-4
1,43934,1|43934,0,0,0,0,0,0,0,3,0,5,3,-8
1,43940,1|43940,0,0,0,0,0,0,0,0,0,13,0,-13
1,43946,1|43946,0,0,0,0,0,0,0,0,0,8,0,-8
1,43970,1|43970,0,0,0,0,0,0,0,0,0,5,0,-5
1,43977,1|43977,0,0,0,0,0,0,0,0,0,11,0,-11
1,44022,1|44022,0,0,0,0,0,0,0,8,0,0,8,-8
1,44071,1|44071,0,0,0,0,0,0,0,0,0,5,0,-5
1,44074,1|44074,0,0,0,0,0,0,0,0,0,11,0,-11
1,44117,1|44117,0,0,0,2069,0,2069,2,73,0,1630,-1994,364
1,44244,1|44244,0,0,0,0,0,0,0,0,0,9,0,-9
1,44387,1|44387,0,0,0,0,0,0,0,0,0,11,0,-11
1,44514,1|44514,0,0,0,0,0,0,0,0,0,1,0,-1
1,44551,1|44551,0,0,0,0,0,0,0,0,0,19,0,-19
1,44561,1|44561,0,0,0,0,0,0,0,0,0,0,0,0
1,44792,1|44792,0,0,0,0,0,0,0,0,0,3,0,-3
1,44793,1|44793,0,0,0,0,0,0,0,0,0,0,0,0
1,45157,1|45157,0,0,0,0,0,0,0,0,0,2,0,-2
1,45159,1|45159,0,0,0,0,0,0,0,0,0,8,0,-8
1,45221,1|45221,0,0,0,0,0,0,0,0,0,6,0,-6
1,45303,1|45303,0,0,0,46,0,46,0,0,0,16,-46,30
1,45405,1|45405,0,0,0,0,0,0,0,0,0,9,0,-9
1,45563,1|45563,0,0,0,379,0,379,0,0,0,314,-379,65
1,45564,1|45564,0,0,0,2379,0,2379,0,41,1,1274,-2338,1063
2,4,2|4,0,0,0,0,0,0,0,2,0,1,2,-3
2,61,2|61,0,0,0,3,0,3,0,3,0,0,0,0
2,62,2|62,0,0,0,6,0,6,0,6,0,0,0,0
2,64,2|64,0,0,0,1,0,1,0,0,1,0,-1,0
2,2060,2|2060,0,0,0,27,0,27,0,0,0,27,-27,0
2,2075,2|2075,0,2453,129,36234,0,36234,23,1765,0,34303,-31993,272
2,2076,2|2076,0,1817,96,17,0,17,0,9,5,39,1809,60
2,2150,2|2150,0,591,31,42,0,42,0,10,0,35,559,28
2,2585,2|2585,0,100,5,0,0,0,0,4,0,0,104,1
2,2618,2|2618,0,0,0,151,0,151,0,25,12,171,-126,-57
2,2701,2|2701,0,0,0,285,0,285,0,18,5,302,-267,-40
2,2772,2|2772,0,0,0,3,0,3,0,3,0,0,0,0
2,2946,2|2946,0,1,0,0,0,0,0,0,0,3,1,-3
2,2987,2|2987,0,2,0,15,0,15,0,0,0,14,-13,1
2,2991,2|2991,0,3,0,30,0,30,0,0,0,29,-27,1
2,2993,2|2993,0,1,0,15,0,15,0,2,0,11,-12,2
2,2999,2|2999,0,2,0,17,0,17,0,0,0,17,-15,0
2,3025,2|3025,0,0,0,176,0,176,0,9,0,183,-167,-16
2,3033,2|3033,0,0,0,158,0,158,0,1,0,158,-157,-1
2,3051,2|3051,0,1774,93,0,0,0,0,3,0,0,1777,90
2,3198,2|3198,0,0,0,1,0,1,0,0,1,0,-1,0
2,3230,2|3230,0,0,0,94,0,94,0,0,0,94,-94,0
2,3352,2|3352,0,1317,69,0,0,0,0,5,0,2,1322,62
2,3436,2|3436,0,0,0,1,0,1,0,1,0,0,0,0
2,3437,2|3437,0,0,0,1,0,1,0,1,0,0,0,0
2,4967,2|4967,0,0,0,1800,131,1931,5,943,8,922,-983,53
2,5592,2|5592,0,0,0,0,0,0,0,3,0,228,3,-231
2,5612,2|5612,0,0,0,0,0,0,1,10,0,116,11,-127
2,5647,2|5647,0,0,0,0,0,0,0,2,0,51,2,-53
2,5673,2|5673,0,0,0,0,0,0,0,6,0,0,6,-6
2,5775,2|5775,0,0,0,0,0,0,0,10,0,50,10,-60
2,5898,2|5898,0,0,0,0,0,0,0,2,0,68,2,-70
2,5899,2|5899,0,0,0,0,0,0,0,6,0,39,6,-45
2,12152,2|12152,0,56,3,0,0,0,0,9,0,7,65,-13
2,12156,2|12156,0,0,0,2,0,2,0,0,0,2,-2,0
2,12157,2|12157,0,0,0,0,0,0,0,3,0,43,3,-46
2,12327,2|12327,0,0,0,0,0,0,0,16,14,155,16,-185
2,12441,2|12441,0,0,0,0,0,0,0,7,0,59,7,-66
2,12792,2|12792,0,0,0,0,0,0,0,0,0,25,0,-25
2,12795,2|12795,0,0,0,0,0,0,0,6,0,17,6,-23
2,12823,2|12823,0,0,0,0,0,0,0,5,1,0,5,-6
2,12854,2|12854,0,0,0,10,0,10,0,8,6,129,-2,-133
2,13007,2|13007,0,0,0,0,0,0,0,3,0,9,3,-12
2,13060,2|13060,0,0,0,8,0,8,0,7,0,17,-1,-16
2,13135,2|13135,0,0,0,0,0,0,0,5,0,161,5,-166
2,13152,2|13152,0,0,0,0,0,0,0,0,8,0,0,-8
2,13156,2|13156,0,0,0,0,0,0,0,0,5,1,0,-6
2,13164,2|13164,0,0,0,0,0,0,0,3,0,5,3,-8
2,13236,2|13236,0,0,0,0,0,0,0,0,0,5,0,-5
2,13728,2|13728,0,0,0,0,0,0,0,5,0,0,5,-5
2,13743,2|13743,0,0,0,0,0,0,0,2,0,171,2,-173
2,13744,2|13744,0,0,0,0,0,0,0,3,1,150,3,-154
2,13786,2|13786,0,0,0,0,0,0,0,2,7,39,2,-48
2,13813,2|13813,0,0,0,0,0,0,0,0,0,13,0,-13
2,13848,2|13848,0,0,0,0,0,0,0,0,0,8,0,-8
2,14017,2|14017,0,0,0,0,0,0,0,1,7,153,1,-161
2,14167,2|14167,0,0,0,0,0,0,0,0,0,32,0,-32
2,14172,2|14172,0,0,0,0,0,0,0,4,0,89,4,-93
2,14670,2|14670,0,0,0,5,0,5,1,0,0,4,-4,0
2,14692,2|14692,0,0,0,0,0,0,0,2,0,7,2,-9
2,14860,2|14860,0,0,0,0,0,0,0,2,0,48,2,-50
2,15110,2|15110,0,0,0,0,0,0,0,0,0,6,0,-6
2,15137,2|15137,0,0,0,34,0,34,0,0,0,34,-34,0
2,15171,2|15171,0,0,0,0,0,0,0,0,0,10,0,-10
2,15172,2|15172,0,0,0,0,0,0,0,2,0,0,2,-2
2,15174,2|15174,0,0,0,0,0,0,0,0,0,50,0,-50
2,15194,2|15194,0,0,0,0,0,0,0,2,0,28,2,-30
2,15373,2|15373,0,0,0,10,0,10,0,0,0,10,-10,0
2,15430,2|15430,0,0,0,0,0,0,0,9,0,100,9,-109
2,15827,2|15827,0,0,0,0,0,0,0,0,0,9,0,-9
2,16037,2|16037,0,0,0,0,0,0,7,22,10,371,29,-410
2,16340,2|16340,0,0,0,0,0,0,0,6,0,1,6,-7
2,17174,2|17174,0,0,0,0,0,0,0,5,0,14,5,-19
2,17183,2|17183,0,0,0,0,0,0,0,15,0,37,15,-52
2,17376,2|17376,0,0,0,25,0,25,0,10,0,17,-15,-2
2,17414,2|17414,0,0,0,0,0,0,0,1,4,2,1,-7
2,17415,2|17415,0,0,0,0,0,0,0,1,1,1,1,-3
2,17416,2|17416,0,0,0,0,0,0,0,3,0,0,3,-3
2,17417,2|17417,0,0,0,0,0,0,0,1,5,1,1,-7
2,17674,2|17674,0,0,0,318,0,318,0,24,0,364,-294,-70
2,17703,2|17703,0,0,0,0,0,0,0,0,1,1,0,-2
2,17951,2|17951,0,0,0,0,0,0,0,12,0,40,12,-52
2,17952,2|17952,0,0,0,0,0,0,0,10,1,45,10,-56
2,17972,2|17972,0,0,0,0,0,0,0,10,0,125,10,-135
2,18083,2|18083,0,0,0,0,0,0,0,0,4,2,0,-6
2,18087,2|18087,0,0,0,0,0,0,0,0,12,4,0,-16
2,18089,2|18089,0,0,0,75,0,75,0,3,0,110,-72,-38
2,18105,2|18105,0,0,0,20,0,20,0,9,0,50,-11,-39
2,18345,2|18345,0,871,46,0,0,0,0,2,0,5,873,39
2,18369,2|18369,0,0,0,0,0,0,1,8,1,102,9,-112
2,18370,2|18370,0,0,0,0,0,0,0,8,0,68,8,-76
2,18556,2|18556,0,0,0,0,0,0,1,4,0,98,5,-103
2,18581,2|18581,0,0,0,0,0,0,0,0,0,5,0,-5
2,18642,2|18642,0,0,0,4,0,4,0,0,0,4,-4,0
2,18652,2|18652,0,0,0,34,0,34,0,0,0,34,-34,0
2,18974,2|18974,0,0,0,22,0,22,0,0,0,13,-22,9
2,19097,2|19097,0,0,0,70,0,70,0,3,0,67,-67,0
2,19434,2|19434,0,0,0,0,0,0,0,3,19,25,3,-47
2,19435,2|19435,0,0,0,0,0,0,0,0,9,5,0,-14
2,19500,2|19500,0,0,0,0,0,0,0,5,3,83,5,-91
2,19501,2|19501,0,0,0,0,0,0,3,15,2,78,18,-98
2,19502,2|19502,0,0,0,0,0,0,0,1,2,35,1,-38
2,19505,2|19505,0,254,13,74,0,74,0,3,0,201,183,-117
2,19635,2|19635,0,0,0,0,0,0,1,7,0,71,8,-79
2,19757,2|19757,0,0,0,0,0,0,0,0,2,121,0,-123
2,19758,2|19758,0,0,0,0,0,0,0,3,0,20,3,-23
2,19759,2|19759,0,0,0,0,0,0,0,7,0,52,7,-59
2,20165,2|20165,0,0,0,85,0,85,1,13,0,78,-71,-7
2,20288,2|20288,0,0,0,5595,0,5595,0,179,9,5389,-5416,18
2,20519,2|20519,0,0,0,9,0,9,0,25,12,53,16,-81
2,20523,2|20523,0,0,0,0,0,0,0,7,20,30,7,-57
2,20657,2|20657,0,0,0,0,0,0,0,7,0,32,7,-39
2,20778,2|20778,0,0,0,0,0,0,0,1,2,26,1,-29
2,20808,2|20808,0,0,0,0,0,0,0,2,0,36,2,-38
2,20823,2|20823,0,0,0,0,0,0,0,10,5,12,10,-27
2,20845,2|20845,0,0,0,0,0,0,0,0,0,37,0,-37
2,20848,2|20848,0,0,0,0,0,0,0,24,0,269,24,-293
2,20850,2|20850,0,0,0,0,0,0,0,4,0,20,4,-24
2,20851,2|20851,0,0,0,0,0,0,0,6,0,35,6,-41
2,20852,2|20852,0,0,0,0,0,0,0,11,0,90,11,-101
2,21390,2|21390,0,0,0,0,0,0,0,1,0,33,1,-34
2,21419,2|21419,0,0,0,8,0,8,0,0,0,8,-8,0
2,21656,2|21656,0,0,0,0,0,0,0,0,0,18,0,-18
2,21720,2|21720,0,0,0,0,0,0,0,4,0,7,4,-11
2,21808,2|21808,0,0,0,0,0,0,0,10,0,16,10,-26
2,21817,2|21817,0,0,3,571,0,571,0,14,11,558,-557,-9
2,21820,2|21820,0,0,0,0,0,0,0,7,9,77,7,-93
2,21851,2|21851,0,0,0,0,0,0,0,4,6,61,4,-71
2,22007,2|22007,0,0,0,0,0,0,0,5,0,2,5,-7
2,22124,2|22124,0,0,0,0,0,0,0,0,0,39,0,-39
2,22556,2|22556,0,0,0,0,0,0,0,1,0,8,1,-9
2,22921,2|22921,0,0,0,0,0,0,0,0,4,6,0,-10
2,22926,2|22926,0,0,0,0,0,0,0,5,9,109,5,-123
2,22934,2|22934,0,0,0,0,0,0,0,4,0,44,4,-48
2,22944,2|22944,0,0,0,0,0,0,0,0,4,6,0,-10
2,23151,2|23151,0,0,0,0,0,0,0,0,0,12,0,-12
2,23260,2|23260,0,0,0,10,0,10,0,4,3,31,-6,-28
2,23267,2|23267,0,0,0,0,0,0,0,10,0,53,10,-63
2,23375,2|23375,0,0,0,0,0,0,0,0,6,5,0,-11
2,23513,2|23513,0,322,17,505,0,505,0,183,68,588,0,-317
2,23514,2|23514,0,0,0,0,0,0,0,0,0,3,0,-3
2,23548,2|23548,0,0,0,0,0,0,0,7,0,25,7,-32
2,23637,2|23637,0,0,0,0,0,0,0,1,0,41,1,-42
2,23638,2|23638,0,0,0,0,0,0,0,19,5,159,19,-183
2,23639,2|23639,0,0,0,0,0,0,0,7,3,92,7,-102
2,23956,2|23956,0,0,0,0,0,0,0,6,0,35,6,-41
2,24204,2|24204,0,0,0,0,0,0,0,7,0,54,7,-61
2,24210,2|24210,0,543,29,0,0,0,0,0,0,5,543,24
2,24322,2|24322,0,0,0,0,0,0,0,0,0,14,0,-14
2,24691,2|24691,0,343,18,1794,0,1794,0,35,0,1698,-1416,79
2,24746,2|24746,0,0,0,0,0,0,0,0,0,13,0,-13
2,24827,2|24827,0,0,0,0,0,0,0,0,0,40,0,-40
2,24836,2|24836,0,647,34,0,0,0,0,0,7,22,647,5
2,24838,2|24838,0,0,0,0,0,0,0,4,0,80,4,-84
2,24841,2|24841,0,0,0,0,0,0,0,2,0,4,2,-6
2,24842,2|24842,0,547,29,0,0,0,0,6,0,0,553,23
2,24843,2|24843,0,0,0,0,0,0,0,7,0,19,7,-26
2,24855,2|24855,0,0,0,0,0,0,0,3,0,13,3,-16
2,24856,2|24856,0,0,0,0,0,0,0,3,1,19,3,-23
2,24865,2|24865,0,0,0,10,0,10,0,12,13,14,2,-29
2,24866,2|24866,0,0,0,0,0,0,0,22,0,7,22,-29
2,24868,2|24868,0,817,43,23,0,23,0,28,23,67,822,-52
2,24879,2|24879,0,0,0,0,0,0,0,10,0,32,10,-42
2,24880,2|24880,0,0,0,0,0,0,0,12,5,14,12,-31
2,25431,2|25431,0,0,0,0,0,0,0,0,3,4,0,-7
2,25432,2|25432,0,0,0,0,0,0,0,12,0,8,12,-20
2,25433,2|25433,0,0,0,0,0,0,0,4,6,26,4,-36
2,25441,2|25441,0,142,8,226,0,226,0,116,96,315,32,-293
2,25442,2|25442,0,142,8,50,0,50,0,45,31,127,137,-145
2,25443,2|25443,0,158,8,4,0,4,0,0,0,4,154,8
2,25445,2|25445,0,495,26,6,0,6,0,18,4,56,507,-46
2,25451,2|25451,0,0,0,0,0,0,0,3,0,13,3,-16
2,25452,2|25452,0,0,0,0,0,0,0,6,0,15,6,-21
2,25609,2|25609,0,0,0,0,0,0,0,13,0,63,13,-76
2,25610,2|25610,0,0,0,0,0,0,0,36,1,123,36,-160
2,26013,2|26013,0,304,16,2,0,2,0,0,16,1,302,1
2,26044,2|26044,0,0,0,0,0,0,0,12,0,150,12,-162
2,26060,2|26060,0,0,0,0,0,0,0,16,5,115,16,-136
2,26061,2|26061,0,0,0,0,0,0,0,7,0,37,7,-44
2,26630,2|26630,0,151,8,37,0,37,1,13,38,43,128,-50
2,26669,2|26669,0,0,0,0,0,0,0,6,0,3,6,-9
2,26831,2|26831,0,0,0,0,0,0,0,6,0,19,6,-25
2,26834,2|26834,0,0,0,0,0,0,0,6,0,18,6,-24
2,26835,2|26835,0,0,0,0,0,0,0,9,0,17,9,-26
2,26841,2|26841,0,0,0,0,0,0,0,1,0,19,1,-20
2,26951,2|26951,0,0,0,0,0,0,0,3,0,0,3,-3
2,27155,2|27155,0,0,3,2,0,2,0,2,0,9,0,-6
2,27175,2|27175,0,0,0,0,0,0,0,1,0,1,1,-2
2,27179,2|27179,0,722,38,0,0,0,0,4,11,6,726,17
2,27180,2|27180,0,528,28,0,0,0,0,0,2,0,528,26
2,27207,2|27207,0,0,0,0,0,0,0,1,4,0,1,-5
2,27382,2|27382,0,0,0,0,0,0,0,2,0,31,2,-33
2,27703,2|27703,0,166,9,0,0,0,0,5,14,0,171,-10
2,27704,2|27704,0,294,16,2,0,2,0,1,7,36,293,-26
2,27715,2|27715,0,0,0,0,0,0,0,0,0,103,0,-103
2,27716,2|27716,0,0,0,0,0,0,0,0,0,33,0,-33
2,27732,2|27732,0,0,0,5,0,5,0,0,0,5,-5,0
2,27837,2|27837,0,252,13,12,0,12,0,3,0,11,243,11
2,27897,2|27897,0,0,0,0,0,0,0,1,0,44,1,-45
2,28229,2|28229,0,0,0,0,0,0,0,0,15,47,0,-62
2,28230,2|28230,0,0,0,0,0,0,0,0,7,0,0,-7
2,28231,2|28231,0,0,0,0,0,0,0,3,0,15,3,-18
2,28232,2|28232,0,0,0,0,0,0,0,1,0,62,1,-63
2,28622,2|28622,0,0,0,0,0,0,0,3,0,0,3,-3
2,29542,2|29542,0,571,30,6,0,6,0,13,20,25,578,-22
2,29600,2|29600,0,0,0,0,0,0,0,6,0,6,6,-12
2,29604,2|29604,0,0,0,0,0,0,0,0,0,71,0,-71
2,29718,2|29718,0,0,0,0,0,0,0,6,4,46,6,-56
2,29748,2|29748,0,0,0,0,0,0,0,7,0,83,7,-90
2,30088,2|30088,0,0,0,0,0,0,0,4,1,112,4,-117
2,30168,2|30168,0,0,0,0,0,0,0,4,0,8,4,-12
2,30189,2|30189,0,0,0,0,0,0,0,0,0,122,0,-122
2,30194,2|30194,0,0,0,0,0,0,0,14,0,41,14,-55
2,30195,2|30195,0,0,0,0,0,0,0,4,0,12,4,-16
2,30197,2|30197,0,809,43,1135,0,1135,1,80,78,1431,-245,-412
2,30199,2|30199,0,0,0,0,0,0,0,4,0,0,4,-4
2,30482,2|30482,0,0,0,0,0,0,0,7,0,38,7,-45
2,30484,2|30484,0,0,0,10,0,10,0,6,0,209,-4,-205
2,30485,2|30485,0,0,0,10,0,10,0,13,0,123,3,-126
2,30748,2|30748,0,118,6,9,0,9,0,11,6,60,120,-62
2,30820,2|30820,0,0,0,0,0,0,0,3,1,154,3,-158
2,30838,2|30838,0,0,0,0,0,0,0,1,0,1,1,-2
2,30866,2|30866,0,161,9,996,0,996,1,132,212,977,-702,-317
2,30881,2|30881,0,0,0,0,0,0,0,5,0,26,5,-31
2,30948,2|30948,0,0,0,0,0,0,0,0,4,1,0,-5
2,31091,2|31091,0,0,0,0,0,0,0,12,0,31,12,-43
2,31285,2|31285,0,0,0,0,0,0,0,5,0,2,5,-7
2,31288,2|31288,0,0,4,28,0,28,0,9,7,90,-19,-74
2,31296,2|31296,0,0,0,31,0,31,0,7,0,21,-24,3
2,31315,2|31315,0,0,4,10,0,10,0,5,8,42,-5,-41
2,31317,2|31317,0,685,36,1571,0,1571,0,59,12,2226,-827,-690
2,31320,2|31320,0,0,0,0,0,0,0,0,0,0,0,0
2,31322,2|31322,0,0,0,0,0,0,0,2,3,14,2,-19
2,31394,2|31394,0,0,0,63,0,63,1,63,0,110,1,-111
2,31437,2|31437,0,0,0,38,0,38,0,62,0,5,24,-29
2,31438,2|31438,0,0,0,37,0,37,0,39,6,20,2,-28
2,31441,2|31441,0,0,0,5,0,5,0,5,0,0,0,0
2,31442,2|31442,0,0,0,8,0,8,0,8,0,0,0,0
2,31443,2|31443,0,0,0,64,0,64,0,87,0,3,23,-26
2,31447,2|31447,0,0,0,114,0,114,0,123,0,4,9,-13
2,31448,2|31448,0,0,0,95,0,95,0,106,0,9,11,-20
2,31450,2|31450,0,0,0,88,0,88,0,115,0,6,27,-33
2,31451,2|31451,0,0,0,42,0,42,0,60,0,21,18,-39
2,31452,2|31452,0,0,0,60,0,60,0,80,0,10,20,-30
2,31453,2|31453,0,0,0,86,0,86,0,115,0,2,29,-31
2,31454,2|31454,0,0,0,65,0,65,0,75,0,16,10,-26
2,31457,2|31457,0,0,0,30,0,30,0,51,0,10,21,-31
2,31458,2|31458,0,0,0,34,0,34,0,36,21,4,2,-27
2,31459,2|31459,0,0,0,12,0,12,0,14,0,15,2,-17
2,31460,2|31460,0,0,0,19,0,19,0,27,0,6,8,-14
2,31461,2|31461,0,0,0,16,0,16,0,19,14,13,3,-30
2,31463,2|31463,0,0,0,19,0,19,0,8,0,6,-11,5
2,31464,2|31464,0,0,0,31,0,31,1,37,2,21,7,-30
2,31473,2|31473,0,0,0,0,0,0,0,0,2,0,0,-2
2,31475,2|31475,0,0,0,0,0,0,0,0,4,2,0,-6
2,31659,2|31659,0,0,0,0,0,0,0,4,0,6,4,-10
2,31685,2|31685,0,0,0,0,0,0,0,12,0,7,12,-19
2,32142,2|32142,0,0,0,0,0,0,0,7,0,31,7,-38
2,32179,2|32179,0,0,0,0,0,0,0,2,5,21,2,-28
2,32180,2|32180,0,228,12,100,0,100,3,94,41,305,225,-331
2,32348,2|32348,0,0,0,0,0,0,0,31,24,109,31,-164
2,32413,2|32413,0,0,4,4,0,4,0,1,6,78,-3,-77
2,32489,2|32489,0,1905,100,23300,0,23300,12,387,1679,22200,-20996,-878
2,32505,2|32505,0,0,0,0,0,0,0,7,0,80,7,-87
2,32506,2|32506,0,0,0,0,0,0,0,2,0,101,2,-103
2,32507,2|32507,0,2726,150,14881,0,14881,12,327,1830,14219,-11816,-1357
2,32508,2|32508,0,952,50,10591,0,10591,7,306,1900,9630,-9326,-1202
2,32555,2|32555,0,0,0,0,0,0,0,11,0,104,11,-115
2,32597,2|32597,0,0,0,0,0,0,0,13,16,96,13,-125
2,32598,2|32598,0,0,0,0,0,0,0,5,10,45,5,-60
2,32599,2|32599,0,0,0,0,0,0,0,41,0,77,41,-118
2,32899,2|32899,0,609,32,790,0,790,4,31,1,1147,-146,-361
2,32970,2|32970,0,0,0,10,0,10,0,0,0,9,-10,1
2,33020,2|33020,0,0,0,0,0,0,0,4,1,1,4,-6
2,33021,2|33021,0,0,0,0,0,0,0,3,0,3,3,-6
2,33022,2|33022,0,0,0,0,0,0,0,1,0,1,1,-2
2,33023,2|33023,0,0,0,0,0,0,0,0,7,2,0,-9
2,33185,2|33185,0,0,0,0,0,0,0,1,0,7,1,-8
2,33525,2|33525,0,0,0,0,0,0,0,3,6,12,3,-21
2,33526,2|33526,0,0,0,0,0,0,0,2,5,12,2,-19
2,33527,2|33527,0,0,0,0,0,0,0,9,0,41,9,-50
2,33528,2|33528,0,0,0,0,0,0,0,2,0,40,2,-42
2,33529,2|33529,0,0,0,0,0,0,0,5,9,6,5,-20
2,33586,2|33586,0,0,0,5,0,5,0,5,0,123,0,-123
2,33587,2|33587,0,0,0,2307,0,2307,0,88,4,2627,-2219,-412
2,33588,2|33588,0,0,0,1715,0,1715,3,107,0,1517,-1605,88
2,33589,2|33589,0,0,0,789,0,789,4,27,0,734,-758,24
2,33628,2|33628,0,0,0,0,0,0,0,5,0,6,5,-11
2,33629,2|33629,0,0,0,0,0,0,0,4,0,2,4,-6
2,33768,2|33768,0,0,0,0,0,0,0,8,0,7,8,-15
2,33770,2|33770,0,0,0,0,0,0,0,2,14,100,2,-116
2,33771,2|33771,0,0,0,0,0,0,0,4,0,18,4,-22
2,33772,2|33772,0,0,0,0,0,0,0,4,0,9,4,-13
2,33849,2|33849,0,0,0,0,0,0,0,1,1,93,1,-95
2,33932,2|33932,0,0,0,0,0,0,0,1,0,14,1,-15
2,33933,2|33933,0,0,0,0,0,0,0,1,0,27,1,-28
2,34006,2|34006,0,0,0,0,0,0,0,0,12,6,0,-18
2,34122,2|34122,0,0,0,28,0,28,0,0,0,23,-28,5
2,34313,2|34313,0,0,0,0,0,0,0,2,0,44,2,-46
2,34351,2|34351,0,0,0,0,0,0,0,5,0,21,5,-26
2,34396,2|34396,0,0,0,0,0,0,0,16,6,46,16,-68
2,34397,2|34397,0,0,0,0,0,0,0,7,11,35,7,-53
2,34399,2|34399,0,0,0,0,0,0,0,5,0,9,5,-14
2,34411,2|34411,0,0,0,0,0,0,0,0,5,0,0,-5
2,34434,2|34434,0,0,0,0,0,0,0,3,7,18,3,-28
2,34450,2|34450,0,0,0,0,0,0,0,6,0,100,6,-106
2,34451,2|34451,0,0,0,0,0,0,0,3,0,49,3,-52
2,34697,2|34697,0,0,0,0,0,0,0,0,10,2,0,-12
2,34824,2|34824,0,0,0,0,0,0,0,0,0,1,0,-1
2,34825,2|34825,0,0,0,0,0,0,0,1,0,0,1,-1
2,34827,2|34827,0,0,0,0,0,0,0,0,1,0,0,-1
2,34992,2|34992,0,0,0,0,0,0,0,0,0,59,0,-59
2,35079,2|35079,0,0,0,0,0,0,0,0,0,23,0,-23
2,35224,2|35224,0,0,0,0,0,0,0,1,0,9,1,-10
2,35236,2|35236,0,0,0,3,0,3,0,3,0,0,0,0
2,35243,2|35243,0,0,0,3,0,3,0,3,0,0,0,0
2,35250,2|35250,0,0,0,3,0,3,0,0,0,1,-3,2
2,35251,2|35251,0,0,0,2,0,2,0,2,0,0,0,0
2,35253,2|35253,0,0,0,3,0,3,0,2,0,0,-1,1
2,35254,2|35254,0,0,0,2,0,2,0,0,0,0,-2,2
2,35285,2|35285,0,0,0,0,0,0,0,2,0,8,2,-10
2,35326,2|35326,0,0,0,0,0,0,0,0,0,20,0,-20
2,35371,2|35371,0,0,0,0,0,0,0,0,0,13,0,-13
2,35395,2|35395,0,0,0,0,0,0,0,7,0,4,7,-11
2,35396,2|35396,0,0,0,0,0,0,0,1,0,7,1,-8
2,35687,2|35687,0,0,0,0,0,0,0,0,0,10,0,-10
2,35901,2|35901,0,0,0,0,0,0,0,4,3,17,4,-24
2,36036,2|36036,0,0,0,0,0,0,0,0,0,2,0,-2
2,36087,2|36087,0,0,0,0,0,0,0,0,9,7,0,-16
2,36088,2|36088,0,0,0,0,0,0,0,8,18,15,8,-41
2,36096,2|36096,0,0,0,0,0,0,0,13,4,38,13,-55
2,36305,2|36305,0,0,0,0,0,0,0,0,0,4,0,-4
2,36365,2|36365,0,0,0,0,0,0,0,5,7,23,5,-35
2,36403,2|36403,0,0,0,0,0,0,0,6,0,6,6,-12
2,36404,2|36404,0,0,0,0,0,0,0,3,0,20,3,-23
2,36424,2|36424,0,0,0,0,0,0,0,5,0,0,5,-5
2,36425,2|36425,0,0,0,0,0,0,0,3,0,13,3,-16
2,36486,2|36486,0,0,0,0,0,0,0,13,0,1,13,-14
2,36488,2|36488,0,0,0,0,0,0,0,3,0,18,3,-21
2,36497,2|36497,0,0,0,0,0,0,0,8,0,10,8,-18
2,36504,2|36504,0,0,0,0,0,0,0,6,5,20,6,-31
2,36509,2|36509,0,0,0,0,0,0,0,0,2,39,0,-41
2,36628,2|36628,0,0,0,0,0,0,0,1,0,8,1,-9
2,36631,2|36631,0,0,0,0,0,0,0,2,0,13,2,-15
2,36632,2|36632,0,0,0,0,0,0,0,0,3,2,0,-5
2,36635,2|36635,0,0,0,0,0,0,0,3,10,14,3,-27
2,36636,2|36636,0,0,0,0,0,0,0,2,0,29,2,-31
2,36637,2|36637,0,0,0,0,0,0,0,6,15,19,6,-40
2,36639,2|36639,0,0,0,0,0,0,0,2,9,19,2,-30
2,36640,2|36640,0,0,0,0,0,0,0,2,6,19,2,-27
2,36642,2|36642,0,0,0,0,0,0,0,0,12,2,0,-14
2,36757,2|36757,0,0,0,0,0,0,0,0,0,3,0,-3
2,36766,2|36766,0,0,0,0,0,0,0,4,0,14,4,-18
2,37045,2|37045,0,0,0,0,0,0,0,2,3,5,2,-10
2,37049,2|37049,0,0,0,0,0,0,0,7,0,4,7,-11
2,37276,2|37276,0,0,0,0,0,0,0,0,1,29,0,-30
2,37490,2|37490,0,0,0,0,0,0,0,7,0,5,7,-12
2,37491,2|37491,0,0,0,0,0,0,0,10,0,7,10,-17
2,37537,2|37537,0,0,0,0,0,0,0,8,0,3,8,-11
2,37620,2|37620,0,0,0,0,0,0,0,5,0,15,5,-20
2,37772,2|37772,0,0,0,66,0,66,0,1,7,54,-65,4
2,37832,2|37832,0,0,0,0,0,0,0,0,0,135,0,-135
2,37837,2|37837,0,0,0,0,0,0,0,12,0,59,12,-71
2,38049,2|38049,0,0,0,0,0,0,0,3,3,138,3,-144
2,38244,2|38244,0,0,0,0,0,0,0,8,0,115,8,-123
2,38826,2|38826,0,0,0,0,0,0,0,6,0,7,6,-13
2,38992,2|38992,0,0,0,0,0,0,0,0,0,36,0,-36
2,39001,2|39001,0,0,0,10,0,10,0,0,4,3,-10,3
2,39002,2|39002,0,0,0,0,0,0,0,0,0,10,0,-10
2,39084,2|39084,0,0,0,0,0,0,0,0,0,1,0,-1
2,39332,2|39332,0,0,0,14,0,14,0,4,0,10,-10,0
2,39741,2|39741,0,0,0,0,0,0,0,0,0,7,0,-7
2,40381,2|40381,0,0,0,0,0,0,0,4,7,33,4,-44
2,40382,2|40382,0,0,0,0,0,0,0,6,0,35,6,-41
2,40383,2|40383,0,0,0,0,0,0,0,0,0,14,0,-14
2,40385,2|40385,0,0,0,0,0,0,0,1,0,39,1,-40
2,40386,2|40386,0,0,0,0,0,0,0,0,0,10,0,-10
2,40389,2|40389,0,0,0,0,0,0,0,0,0,1,0,-1
2,40642,2|40642,0,0,0,0,0,0,0,0,0,9,0,-9
2,40645,2|40645,0,0,0,0,0,0,0,5,0,45,5,-50
2,40661,2|40661,0,0,0,0,0,0,0,0,0,3,0,-3
2,40667,2|40667,0,0,0,0,0,0,0,2,0,4,2,-6
2,40668,2|40668,0,0,0,0,0,0,0,0,0,3,0,-3
2,40669,2|40669,0,0,0,0,0,0,0,1,0,5,1,-6
2,40670,2|40670,0,0,0,0,0,0,0,2,0,8,2,-10
2,40802,2|40802,0,0,0,305,0,305,0,18,6,287,-287,-6
2,40829,2|40829,0,0,0,0,0,0,0,0,0,4,0,-4
2,41242,2|41242,0,0,0,0,0,0,0,12,0,0,12,-12
2,41375,2|41375,0,0,0,49,0,49,0,2,0,43,-47,4
2,41659,2|41659,0,0,0,0,0,0,0,0,0,2,0,-2
2,41660,2|41660,0,0,0,0,0,0,0,0,0,5,0,-5
2,41663,2|41663,0,0,0,0,0,0,0,5,0,11,5,-16
2,41664,2|41664,0,0,0,0,0,0,0,6,0,4,6,-10
2,41817,2|41817,0,0,0,0,0,0,0,0,0,20,0,-20
2,41845,2|41845,0,0,0,0,0,0,0,0,0,0,0,0
2,41965,2|41965,0,0,0,0,0,0,0,0,0,0,0,0
2,41968,2|41968,0,0,0,0,0,0,0,0,0,1,0,-1
2,42000,2|42000,0,0,0,0,0,0,0,0,0,16,0,-16
2,42001,2|42001,0,0,0,0,0,0,0,1,0,11,1,-12
2,42045,2|42045,0,0,0,51,0,51,0,0,5,41,-51,5
2,42229,2|42229,0,0,0,0,0,0,0,7,0,16,7,-23
2,42283,2|42283,0,0,0,5,0,5,0,0,0,0,-5,5
2,42290,2|42290,0,0,0,0,0,0,0,3,0,0,3,-3
2,42293,2|42293,0,0,0,0,0,0,0,3,0,0,3,-3
2,42298,2|42298,0,0,0,3,0,3,0,0,0,1,-3,2
2,42300,2|42300,0,0,0,17,0,17,0,0,0,3,-17,14
2,42321,2|42321,0,0,0,0,0,0,0,5,0,0,5,-5
2,42322,2|42322,0,0,0,0,0,0,0,5,0,0,5,-5
2,42404,2|42404,0,0,0,4,0,4,0,4,0,0,0,0
2,42406,2|42406,0,0,0,4,0,4,0,2,0,1,-2,1
2,42409,2|42409,0,0,0,3,0,3,0,0,0,0,-3,3
2,42417,2|42417,0,0,0,10,0,10,0,0,0,2,-10,8
2,42420,2|42420,0,0,0,6,0,6,0,0,0,1,-6,5
2,42423,2|42423,0,0,0,12,0,12,0,4,0,0,-8,8
2,42426,2|42426,0,0,0,4,0,4,0,0,0,0,-4,4
2,42427,2|42427,0,0,0,8,0,8,0,0,0,1,-8,7
2,42509,2|42509,0,0,0,4,0,4,0,0,0,0,-4,4
2,42512,2|42512,0,0,0,6,0,6,0,2,0,1,-4,3
2,42556,2|42556,0,0,0,5,0,5,0,0,0,0,-5,5
2,42558,2|42558,0,0,0,6,0,6,0,0,0,1,-6,5
2,42560,2|42560,0,0,0,5,0,5,0,0,0,0,-5,5
2,42562,2|42562,0,0,0,3,0,3,0,0,0,0,-3,3
2,42569,2|42569,0,0,0,4,0,4,0,0,0,0,-4,4
2,42570,2|42570,0,0,0,3,0,3,0,2,0,0,-1,1
2,42571,2|42571,0,0,0,3,0,3,0,0,0,0,-3,3
2,42574,2|42574,0,0,0,2,0,2,0,0,0,0,-2,2
2,42588,2|42588,0,0,0,3,0,3,0,0,0,0,-3,3
2,42590,2|42590,0,0,0,6,0,6,0,0,0,2,-6,4
2,42724,2|42724,0,0,0,0,0,0,0,0,0,27,0,-27
2,42751,2|42751,0,0,0,0,0,0,0,0,0,6,0,-6
2,42778,2|42778,0,0,0,0,0,0,0,0,0,1,0,-1
2,43304,2|43304,0,0,0,65,0,65,0,19,0,2,-46,44
2,43305,2|43305,0,0,0,62,0,62,1,17,0,13,-44,31
2,43345,2|43345,0,0,0,0,0,0,0,0,0,5,0,-5
2,43540,2|43540,0,0,0,12,0,12,0,3,0,4,-9,5
2,43593,2|43593,0,0,0,0,0,0,0,0,0,0,0,0
2,43621,2|43621,0,0,0,0,0,0,0,4,0,10,4,-14
2,43626,2|43626,0,0,0,0,0,0,0,0,0,1,0,-1
2,43629,2|43629,0,0,0,0,0,0,0,0,0,16,0,-16
2,43630,2|43630,0,0,0,0,0,0,0,0,0,6,0,-6
2,43632,2|43632,0,0,0,0,0,0,0,0,0,0,0,0
2,43634,2|43634,0,0,0,0,0,0,0,0,0,4,0,-4
2,43639,2|43639,0,0,0,0,0,0,0,0,0,6,0,-6
2,43640,2|43640,0,0,0,0,0,0,0,0,0,12,0,-12
2,43642,2|43642,0,0,0,3,0,3,0,0,0,0,-3,3
2,43772,2|43772,0,0,0,7,0,7,0,0,0,0,-7,7
2,43776,2|43776,0,0,0,20,0,20,0,4,0,0,-16,16
2,44027,2|44027,0,0,0,0,0,0,0,0,0,0,0,0
2,44036,2|44036,0,0,0,0,0,0,0,0,0,3,0,-3
2,44117,2|44117,0,0,0,0,0,0,0,0,0,13,0,-13
2,44566,2|44566,0,0,0,0,0,0,0,0,0,9,0,-9
2,45653,2|45653,0,0,0,193,0,193,0,1,0,157,-192,35
2,45706,2|45706,0,0,0,0,0,0,0,6,0,3,6,-9
3,4,3|4,0,0,0,3500,342,3842,13,2190,25,1524,-1639,90
3,475,3|475,0,0,0,19,0,19,0,13,0,10,-6,-4
3,1022,3|1022,0,0,0,178,0,178,0,1,0,172,-177,5
3,2022,3|2022,0,0,0,13,0,13,0,0,0,13,-13,0
3,2023,3|2023,0,0,0,10,0,10,0,0,0,10,-10,0
3,5152,3|5152,0,0,0,676,0,676,0,78,0,407,-598,191
3,5153,3|5153,0,0,0,215,0,215,0,18,0,119,-197,78
3,5167,3|5167,0,0,0,43,0,43,0,24,0,16,-19,3
3,5199,3|5199,0,0,0,2168,0,2168,0,53,0,1676,-2115,439
3,5245,3|5245,0,133,7,153,0,153,0,10,0,142,-10,8
3,5249,3|5249,0,0,0,26,0,26,0,7,0,19,-19,0
3,5250,3|5250,0,0,0,6,0,6,0,0,0,6,-6,0
3,5347,3|5347,0,0,3,24,0,24,0,0,0,22,-24,5
3,5371,3|5371,0,0,0,27,0,27,0,22,0,24,-5,-19
3,5432,3|5432,0,0,0,132,0,132,0,0,0,132,-132,0
3,5445,3|5445,0,0,2,18,0,18,0,0,0,17,-18,3
3,5485,3|5485,0,0,0,89,0,89,0,11,0,76,-78,2
3,5579,3|5579,0,0,0,290,0,290,0,8,0,273,-282,9
3,5606,3|5606,0,0,0,12,0,12,0,0,0,12,-12,0
3,5616,3|5616,0,0,0,1,0,1,0,1,0,0,0,0
3,5621,3|5621,0,0,0,7,0,7,0,7,0,0,0,0
3,5623,3|5623,0,0,0,33,0,33,0,12,0,20,-21,1
3,5676,3|5676,0,0,0,954,0,954,1,192,0,604,-761,157
3,5707,3|5707,0,0,0,2040,0,2040,0,34,0,1937,-2006,69
3,5713,3|5713,0,0,0,18,0,18,0,0,0,18,-18,0
3,5747,3|5747,0,0,0,4,0,4,0,0,0,4,-4,0
3,5750,3|5750,0,485,26,18,0,18,0,0,0,15,467,29
3,5775,3|5775,0,0,0,6616,0,6616,0,238,5,6354,-6378,19
3,5799,3|5799,0,0,0,233,0,233,0,42,14,196,-191,-19
3,5800,3|5800,0,0,0,13,0,13,0,7,0,6,-6,0
3,5813,3|5813,0,0,0,12,0,12,0,0,0,11,-12,1
3,5819,3|5819,0,0,0,28,0,28,0,0,0,28,-28,0
3,5889,3|5889,0,0,0,20,0,20,0,0,0,20,-20,0
3,5931,3|5931,0,0,0,6,0,6,0,0,0,6,-6,0
3,6019,3|6019,0,0,0,30,0,30,0,0,0,29,-30,1
3,6035,3|6035,0,0,0,199,0,199,0,1,0,191,-198,7
3,6052,3|6052,0,269,14,180,0,180,0,43,0,123,132,28
3,6093,3|6093,0,0,0,12,0,12,0,2,0,10,-10,0
3,6190,3|6190,0,0,0,205,0,205,0,28,0,193,-177,-16
3,14854,3|14854,0,0,0,10,0,10,0,3,0,7,-7,0
3,16279,3|16279,0,432,23,237,0,237,0,2,0,271,197,-13
3,18367,3|18367,0,0,0,2002,0,2002,0,281,3,1566,-1721,152
3,18368,3|18368,0,0,0,1998,0,1998,0,259,50,1498,-1739,191
3,18370,3|18370,0,0,0,2958,0,2958,0,429,117,2408,-2529,4
3,19636,3|19636,0,445,23,4,0,4,0,8,0,4,449,15
3,20465,3|20465,0,470,25,15,0,15,0,6,0,22,461,12
3,21719,3|21719,0,0,0,61,0,61,0,10,0,67,-51,-16
3,21720,3|21720,0,0,0,1350,0,1350,0,120,1,1209,-1230,20
3,22374,3|22374,0,0,0,27,0,27,0,4,0,14,-23,9
3,22943,3|22943,0,0,0,44,0,44,0,4,0,43,-40,-3
3,23624,3|23624,0,0,3,10,0,10,0,0,0,10,-10,3
3,24172,3|24172,0,287,15,18,0,18,0,34,1,24,303,-26
3,25976,3|25976,0,0,0,6,0,6,0,0,0,1,-6,5
3,25993,3|25993,0,233,12,273,0,273,0,70,0,195,30,20
3,25996,3|25996,0,0,0,0,0,0,0,5,0,8,5,-13
3,26827,3|26827,0,0,0,22,0,22,0,6,0,15,-16,1
3,26830,3|26830,0,0,0,1,0,1,0,1,0,0,0,0
3,26831,3|26831,0,298,16,1780,0,1780,1,172,14,1648,-1309,-39
3,26842,3|26842,0,0,0,1913,0,1913,1,98,6,1791,-1814,17
3,27204,3|27204,0,172,9,0,0,0,0,4,0,6,176,-1
3,27382,3|27382,0,0,0,1080,0,1080,4,63,6,1033,-1013,-26
3,28481,3|28481,0,0,0,38,0,38,0,1,0,35,-37,2
3,29545,3|29545,0,451,24,122,0,122,1,49,26,170,379,-100
3,29546,3|29546,0,170,9,0,0,0,0,2,0,2,172,5
3,29597,3|29597,0,0,0,131,0,131,0,9,0,115,-122,7
3,29598,3|29598,0,0,0,41,0,41,0,1,0,44,-40,-4
3,29600,3|29600,0,0,0,2046,0,2046,1,145,0,1865,-1900,35
3,29602,3|29602,0,0,0,36,0,36,0,3,0,33,-33,0
3,29604,3|29604,0,0,0,7884,0,7884,10,216,9,7421,-7658,228
3,29717,3|29717,0,0,0,215,0,215,0,17,0,209,-198,-11
3,30173,3|30173,0,0,0,10,0,10,0,1,0,42,-9,-33
3,30369,3|30369,0,188,10,0,0,0,0,2,0,9,190,-1
3,30864,3|30864,0,0,2,13,0,13,0,1,10,46,-12,-42
3,30865,3|30865,0,0,2,34,0,34,0,0,15,60,-34,-39
3,31569,3|31569,0,0,0,39,0,39,0,51,5,54,12,-71
3,31685,3|31685,0,0,4,134,0,134,0,29,0,77,-105,32
3,32184,3|32184,0,170,9,934,0,934,0,151,25,1035,-613,-268
3,32206,3|32206,0,260,14,732,0,732,3,127,0,1060,-342,-444
3,33935,3|33935,0,0,1,237,0,237,0,14,0,222,-223,2
3,34314,3|34314,0,0,0,1728,0,1728,1,111,0,1600,-1616,16
3,37536,3|37536,0,0,0,15,0,15,0,4,0,11,-11,0
3,37620,3|37620,0,0,0,1458,0,1458,2,286,0,1145,-1170,25
3,38826,3|38826,0,0,0,2342,0,2342,0,276,9,1932,-2066,125
3,42752,3|42752,0,0,0,187,0,187,0,0,0,109,-187,78
3,43623,3|43623,0,0,0,6,0,6,0,6,0,0,0,0
3,44035,3|44035,0,0,0,28,0,28,0,0,0,28,-28,0
4,539,4|539,0,0,0,0,0,0,0,10,0,0,10,-10
4,1018,4|1018,0,0,0,0,0,0,0,7,0,0,7,-7
4,3217,4|3217,0,0,0,0,0,0,0,4,0,0,4,-4
4,3912,4|3912,0,0,0,5,0,5,0,0,0,43,-5,-38
4,3917,4|3917,0,0,0,0,0,0,0,1,0,0,1,-1
4,3941,4|3941,0,0,0,0,0,0,0,0,0,0,0,0
4,4011,4|4011,0,987,52,0,0,0,0,4,0,0,991,48
4,4056,4|4056,0,0,0,23,0,23,0,0,0,67,-23,-44
4,4102,4|4102,0,0,0,10,0,10,0,7,0,40,-3,-37
4,4131,4|4131,0,0,0,0,0,0,0,0,0,42,0,-42
4,4141,4|4141,0,0,0,278,20,298,9,1133,7,968,844,-1819
4,4180,4|4180,0,0,0,0,0,0,0,8,0,73,8,-81
4,4296,4|4296,0,0,0,21,0,21,0,19,0,103,-2,-101
4,4329,4|4329,0,0,0,43,0,43,0,54,0,121,11,-132
4,4423,4|4423,0,0,0,0,0,0,0,18,0,37,18,-55
4,4424,4|4424,0,125,7,0,0,0,0,0,0,7,125,0
4,4450,4|4450,0,0,0,0,0,0,0,0,0,1,0,-1
4,4527,4|4527,0,0,0,8,0,8,0,13,0,72,5,-77
4,4528,4|4528,0,0,0,36,0,36,0,40,0,198,4,-202
4,4619,4|4619,0,0,0,6,0,6,0,2,0,2,-4,2
4,4620,4|4620,0,0,0,29,0,29,0,24,0,209,-5,-204
4,4626,4|4626,0,572,30,0,0,0,0,4,0,0,576,26
4,4687,4|4687,0,0,0,177,0,177,2,49,0,1149,-126,-1023
4,4691,4|4691,0,0,0,80,0,80,0,9,0,332,-71,-261
4,4714,4|4714,0,0,0,0,0,0,0,0,0,1,0,-1
4,4763,4|4763,0,0,0,0,0,0,0,0,0,16,0,-16
4,4968,4|4968,0,0,0,0,0,0,0,2,0,1,2,-3
4,7202,4|7202,0,0,0,0,0,0,0,14,0,16,14,-30
4,7279,4|7279,0,0,0,5,0,5,0,5,0,0,0,0
4,7373,4|7373,0,0,0,0,0,0,0,1,1,220,1,-222
4,7374,4|7374,0,0,0,0,0,0,0,14,0,108,14,-122
4,7390,4|7390,0,0,0,0,0,0,0,0,0,39,0,-39
4,7428,4|7428,0,0,0,0,0,0,0,0,0,14,0,-14
4,7490,4|7490,0,0,0,0,0,0,0,25,0,5,25,-30
4,7498,4|7498,0,0,0,25,0,25,0,25,0,121,0,-121
4,7535,4|7535,0,0,0,0,0,0,0,0,0,19,0,-19
4,7545,4|7545,0,0,0,0,0,0,0,7,0,0,7,-7
4,7581,4|7581,0,0,0,0,0,0,0,0,0,15,0,-15
4,7588,4|7588,0,0,0,11,0,11,0,2,0,22,-9,-13
4,7589,4|7589,0,0,0,2,0,2,0,0,0,33,-2,-31
4,7592,4|7592,0,0,0,0,0,0,0,22,0,50,22,-72
4,7593,4|7593,0,0,0,0,0,0,0,7,0,143,7,-150
4,7604,4|7604,0,0,0,3,0,3,0,3,0,68,0,-68
4,7627,4|7627,0,0,0,0,0,0,0,2,0,91,2,-93
4,7654,4|7654,0,0,0,0,0,0,0,4,0,2,4,-6
4,7656,4|7656,0,0,0,0,0,0,0,5,0,173,5,-178
4,7768,4|7768,0,0,0,1,1,2,0,0,0,7,-2,-5
4,7778,4|7778,0,0,0,0,0,0,0,59,0,273,59,-332
4,7780,4|7780,0,0,0,0,0,0,0,7,0,6,7,-13
4,7795,4|7795,0,0,0,0,0,0,0,1,0,0,1,-1
4,7828,4|7828,0,0,0,0,0,0,0,0,0,0,0,0
4,8028,4|8028,0,0,0,0,0,0,0,5,0,10,5,-15
4,8042,4|8042,0,0,0,0,0,0,0,29,0,17,29,-46
4,8174,4|8174,0,0,0,0,0,0,0,0,0,0,0,0
4,8294,4|8294,0,0,0,0,0,0,0,1,0,76,1,-77
4,8310,4|8310,0,0,0,0,0,0,0,6,0,152,6,-158
4,8346,4|8346,0,0,0,0,0,0,0,44,0,83,44,-127
4,14819,4|14819,0,969,51,8,0,8,0,84,16,157,1045,-198
4,15226,4|15226,0,0,0,0,0,0,0,5,0,4,5,-9
4,15319,4|15319,0,0,0,0,0,0,0,0,0,4,0,-4
4,15339,4|15339,0,0,5,0,0,0,0,5,0,0,5,0
4,15424,4|15424,0,0,0,39,0,39,0,20,0,351,-19,-332
4,15714,4|15714,0,2137,113,128,0,128,3,601,23,1782,2613,-2168
4,15719,4|15719,0,0,5,0,0,0,0,5,22,10,5,-32
4,15726,4|15726,0,0,0,6,0,6,0,49,18,43,43,-104
4,15842,4|15842,0,0,0,0,0,0,0,3,0,33,3,-36
4,15851,4|15851,0,0,0,0,0,0,0,3,0,3,3,-6
4,16038,4|16038,0,1107,58,168,0,168,0,80,0,1743,1019,-1597
4,16389,4|16389,0,0,0,19,0,19,0,17,0,245,-2,-243
4,16419,4|16419,0,0,0,0,0,0,0,15,0,43,15,-58
4,16485,4|16485,0,1671,88,246,0,246,2,999,19,2316,2426,-3002
4,16820,4|16820,0,0,0,0,0,0,0,10,0,0,10,-10
4,16860,4|16860,0,0,0,3,0,3,0,1,0,7,-2,-5
4,17613,4|17613,0,1232,65,0,0,0,0,6,0,4,1238,55
4,18416,4|18416,0,1,0,28,0,28,0,334,8,432,307,-746
4,18640,4|18640,0,0,0,39,0,39,0,6,0,207,-33,-174
4,19963,4|19963,0,0,0,0,0,0,0,2,0,5,2,-7
4,20625,4|20625,0,1,0,5,0,5,0,8,0,26,4,-29
4,20652,4|20652,0,0,0,35,0,35,0,19,0,130,-16,-114
4,21698,4|21698,0,1567,83,7,0,7,1,100,0,302,1661,-313
4,21810,4|21810,0,0,0,0,0,0,0,13,0,2,13,-15
4,22081,4|22081,0,0,0,0,0,0,0,45,0,54,45,-99
4,22224,4|22224,0,0,0,4,0,4,0,11,3,80,7,-90
4,22226,4|22226,0,0,0,0,0,0,0,9,0,16,9,-25
4,22227,4|22227,0,0,0,0,0,0,0,6,0,7,6,-13
4,22229,4|22229,0,0,0,0,0,0,0,18,0,56,18,-74
4,22778,4|22778,0,0,0,0,0,0,0,4,0,7,4,-11
4,23042,4|23042,0,0,0,8,0,8,0,0,0,24,-8,-16
4,23262,4|23262,0,612,32,0,0,0,0,0,0,11,612,21
4,23263,4|23263,0,0,0,0,0,0,0,4,0,47,4,-51
4,23317,4|23317,0,1,0,0,0,0,0,26,0,32,27,-58
4,23394,4|23394,0,801,42,0,0,0,0,3,0,3,804,36
4,23395,4|23395,0,940,50,210,2,212,8,230,10,989,966,-975
4,23460,4|23460,0,0,0,0,0,0,0,0,0,2,0,-2
4,23468,4|23468,0,0,0,0,0,0,0,0,0,15,0,-15
4,23511,4|23511,0,0,0,0,0,0,0,0,0,10,0,-10
4,23712,4|23712,0,0,0,0,0,0,0,34,0,65,34,-99
4,23745,4|23745,0,0,0,0,0,0,0,1,0,13,1,-14
4,23986,4|23986,0,0,0,15,0,15,0,0,0,19,-15,-4
4,23987,4|23987,0,0,0,17,0,17,0,5,0,23,-12,-11
4,24003,4|24003,0,0,0,0,0,0,0,2,0,15,2,-17
4,24004,4|24004,0,0,0,0,0,0,0,0,0,7,0,-7
4,24006,4|24006,0,0,0,0,0,0,0,2,0,4,2,-6
4,24008,4|24008,0,0,0,10,0,10,0,0,0,45,-10,-35
4,24081,4|24081,0,297,16,5,0,5,0,32,0,102,324,-113
4,24390,4|24390,0,2613,138,631,0,631,3,397,3,4967,2382,-4601
4,24739,4|24739,0,0,0,0,0,0,0,5,0,131,5,-136
4,24791,4|24791,0,0,0,10,0,10,0,2,0,23,-8,-15
4,24797,4|24797,0,0,0,0,0,0,0,0,0,3,0,-3
4,24805,4|24805,0,0,0,0,0,0,0,0,0,2,0,-2
4,24813,4|24813,0,0,0,0,0,0,0,6,0,13,6,-19
4,24847,4|24847,0,0,0,0,0,0,0,5,0,14,5,-19
4,24870,4|24870,0,0,0,0,0,0,0,12,0,20,12,-32
4,24871,4|24871,0,0,0,0,0,0,0,5,0,3,5,-8
4,25269,4|25269,0,0,0,3,0,3,0,6,0,32,3,-35
4,25278,4|25278,0,0,0,0,0,0,0,7,0,41,7,-48
4,25455,4|25455,0,0,0,0,0,0,0,10,0,4,10,-14
4,25611,4|25611,0,0,0,0,0,0,0,0,0,12,0,-12
4,26686,4|26686,0,0,5,0,0,0,0,7,0,12,7,-14
4,26687,4|26687,0,0,5,0,0,0,0,23,0,7,23,-25
4,27183,4|27183,0,510,27,0,0,0,0,47,3,7,557,-30
4,27184,4|27184,0,961,51,6,0,6,0,40,13,65,995,-61
4,27434,4|27434,0,0,0,8,0,8,0,13,0,33,5,-38
4,27436,4|27436,0,0,0,0,0,0,0,5,0,3,5,-8
4,27706,4|27706,0,587,31,1,0,1,0,2,0,3,588,27
4,27709,4|27709,0,645,34,0,0,0,0,29,0,132,674,-127
4,27710,4|27710,0,0,0,0,0,0,0,58,0,212,58,-270
4,27712,4|27712,0,0,0,0,0,0,0,24,10,57,24,-91
4,27757,4|27757,0,173,9,6,0,6,0,2,0,4,169,9
4,27767,4|27767,0,0,0,0,0,0,0,8,0,37,8,-45
4,27768,4|27768,0,0,0,0,0,0,0,0,0,28,0,-28
4,27813,4|27813,0,0,0,0,0,0,0,0,0,24,0,-24
4,27843,4|27843,0,0,0,0,0,0,1,2,0,208,3,-211
4,27853,4|27853,0,0,0,0,0,0,0,11,0,19,11,-30
4,27855,4|27855,0,0,0,0,0,0,0,2,0,6,2,-8
4,27856,4|27856,0,0,0,0,0,0,0,0,0,17,0,-17
4,28084,4|28084,0,0,0,0,0,0,0,49,0,86,49,-135
4,28086,4|28086,0,0,0,0,0,0,0,21,8,65,21,-94
4,28096,4|28096,0,0,0,0,0,0,1,7,0,122,8,-130
4,28176,4|28176,0,0,0,601,0,601,2,319,0,6603,-280,-6323
4,28182,4|28182,0,0,0,10,0,10,0,0,0,89,-10,-79
4,28184,4|28184,0,0,0,10,0,10,0,0,0,30,-10,-20
4,28220,4|28220,0,0,0,9,0,9,0,14,0,102,5,-107
4,28244,4|28244,0,0,0,73,0,73,0,26,0,446,-47,-399
4,28248,4|28248,0,0,0,0,0,0,0,2,0,11,2,-13
4,28249,4|28249,0,0,0,14,0,14,0,4,0,97,-10,-87
4,28263,4|28263,0,0,0,101,0,101,0,47,0,717,-54,-663
4,28272,4|28272,0,0,0,0,0,0,0,0,0,8,0,-8
4,28277,4|28277,0,0,0,0,0,0,0,1,0,9,1,-10
4,28279,4|28279,0,0,0,0,0,0,0,0,0,6,0,-6
4,28282,4|28282,0,0,0,0,0,0,0,12,0,2,12,-14
4,28284,4|28284,0,0,0,0,0,0,0,9,0,83,9,-92
4,28294,4|28294,0,0,0,0,0,0,0,0,0,8,0,-8
4,28295,4|28295,0,0,0,0,0,0,0,7,0,4,7,-11
4,28297,4|28297,0,0,0,0,0,0,0,50,0,66,50,-116
4,28298,4|28298,0,0,0,0,0,0,0,5,0,19,5,-24
4,28300,4|28300,0,0,0,0,0,0,0,5,0,3,5,-8
4,28302,4|28302,0,0,0,0,0,0,0,7,0,32,7,-39
4,28308,4|28308,0,0,0,0,0,0,0,30,0,44,30,-74
4,28312,4|28312,0,0,0,0,0,0,0,27,0,51,27,-78
4,28313,4|28313,0,0,0,0,0,0,0,11,0,26,11,-37
4,28316,4|28316,0,0,0,0,0,0,0,2,0,8,2,-10
4,28318,4|28318,0,0,0,0,0,0,0,0,0,10,0,-10
4,28320,4|28320,0,0,0,0,0,0,0,6,0,3,6,-9
4,28328,4|28328,0,0,0,0,0,0,0,0,0,18,0,-18
4,28329,4|28329,0,0,0,0,0,0,0,11,0,10,11,-21
4,28335,4|28335,0,0,0,0,0,0,0,5,0,36,5,-41
4,28412,4|28412,0,0,0,0,0,0,0,1,0,6,1,-7
4,28414,4|28414,0,237,13,0,0,0,0,0,0,9,237,4
4,28433,4|28433,0,0,0,0,0,0,0,3,0,7,3,-10
4,28472,4|28472,0,0,0,0,0,0,0,11,7,11,11,-29
4,28473,4|28473,0,0,0,0,0,0,0,5,3,10,5,-18
4,28802,4|28802,0,0,0,0,0,0,0,10,0,118,10,-128
4,28810,4|28810,0,0,0,0,0,0,0,8,0,4,8,-12
4,28857,4|28857,0,0,0,0,0,0,0,10,0,149,10,-159
4,28975,4|28975,0,0,0,0,0,0,0,8,0,30,8,-38
4,29002,4|29002,0,0,0,0,0,0,0,0,0,82,0,-82
4,29061,4|29061,0,0,0,0,0,0,0,11,0,102,11,-113
4,29195,4|29195,0,0,0,0,0,0,0,1,0,0,1,-1
4,29504,4|29504,0,0,0,0,0,0,0,7,0,1,7,-8
4,29622,4|29622,0,0,0,0,0,0,0,8,0,33,8,-41
4,29708,4|29708,0,0,0,0,0,0,0,8,0,63,8,-71
4,29711,4|29711,0,0,0,10,4,14,0,17,2,144,3,-149
4,29725,4|29725,0,0,0,0,0,0,0,22,0,44,22,-66
4,30174,4|30174,0,702,37,14,0,14,0,7,0,186,695,-142
4,30181,4|30181,0,0,0,0,0,0,0,3,0,18,3,-21
4,30187,4|30187,0,0,0,0,0,0,0,19,0,36,19,-55
4,30872,4|30872,0,0,0,4,0,4,0,50,35,52,46,-133
4,31048,4|31048,0,0,0,20,0,20,0,12,0,102,-8,-94
4,31049,4|31049,0,0,0,4,0,4,0,0,0,13,-4,-9
4,31056,4|31056,0,0,0,0,0,0,0,7,0,0,7,-7
4,31220,4|31220,0,0,0,10,0,10,0,45,0,13,35,-48
4,31290,4|31290,0,0,5,64,0,64,0,54,0,333,-10,-318
4,31303,4|31303,0,0,0,0,0,0,0,0,0,27,0,-27
4,31306,4|31306,0,275,15,63,0,63,0,75,0,447,287,-444
4,31325,4|31325,0,0,0,0,0,0,0,18,0,38,18,-56
4,31383,4|31383,0,0,0,0,0,0,0,0,0,91,0,-91
4,31639,4|31639,0,0,0,0,0,0,0,6,0,1,6,-7
4,31646,4|31646,0,0,0,0,0,0,0,12,0,2,12,-14
4,32185,4|32185,0,0,0,0,0,0,0,23,0,63,23,-86
4,32256,4|32256,0,189,10,5,0,5,0,63,0,60,247,-108
4,32349,4|32349,0,0,0,0,0,0,0,14,0,16,14,-30
4,32415,4|32415,0,0,0,0,0,0,0,0,0,5,0,-5
4,32485,4|32485,0,0,0,0,0,0,0,15,0,46,15,-61
4,32672,4|32672,0,0,0,34,0,34,1,8,0,323,-25,-298
4,32795,4|32795,0,0,0,10,0,10,0,13,0,41,3,-44
4,33208,4|33208,0,298,16,9,0,9,0,117,0,330,406,-422
4,33284,4|33284,0,0,0,6,0,6,0,6,0,7,0,-7
4,33304,4|33304,0,0,0,0,0,0,0,18,0,0,18,-18
4,33632,4|33632,0,0,0,0,0,0,0,7,0,1,7,-8
4,33747,4|33747,0,0,0,0,0,0,0,7,0,103,7,-110
4,34332,4|34332,0,0,0,0,0,0,0,7,0,11,7,-18
4,34398,4|34398,0,0,0,0,0,0,0,2,0,93,2,-95
4,34407,4|34407,0,0,0,0,0,0,0,18,0,11,18,-29
4,34408,4|34408,0,0,0,0,0,0,0,1,0,5,1,-6
4,34435,4|34435,0,0,0,0,0,0,0,23,0,9,23,-32
4,34436,4|34436,0,0,0,0,0,0,0,0,0,0,0,0
4,34510,4|34510,0,0,0,0,0,0,0,22,0,108,22,-130
4,35134,4|35134,0,0,0,0,0,0,0,6,0,133,6,-139
4,35324,4|35324,0,0,0,0,0,0,0,3,0,53,3,-56
4,35406,4|35406,0,0,0,0,0,0,0,11,0,3,11,-14
4,35407,4|35407,0,0,0,0,0,0,0,3,0,12,3,-15
4,36090,4|36090,0,0,0,0,0,0,0,8,0,46,8,-54
4,36347,4|36347,0,0,0,0,0,0,0,4,0,5,4,-9
4,36357,4|36357,0,0,0,63,0,63,0,135,0,189,72,-261
4,36428,4|36428,0,0,0,0,0,0,0,5,0,1,5,-6
4,36430,4|36430,0,0,0,0,0,0,0,1,0,14,1,-15
4,36483,4|36483,0,0,0,0,0,0,0,13,0,6,13,-19
4,36484,4|36484,0,0,0,0,0,0,0,9,0,25,9,-34
4,36489,4|36489,0,0,0,0,0,0,0,6,0,5,6,-11
4,36510,4|36510,0,0,0,0,0,0,0,8,0,16,8,-24
4,36787,4|36787,0,0,0,0,0,0,0,26,0,0,26,-26
4,36788,4|36788,0,0,0,0,0,0,0,35,0,0,35,-35
4,36789,4|36789,0,0,0,0,0,0,0,4,0,0,4,-4
4,36791,4|36791,0,0,0,0,0,0,0,39,0,7,39,-46
4,36792,4|36792,0,0,0,0,0,0,0,1,0,0,1,-1
4,36793,4|36793,0,0,0,0,0,0,0,0,0,0,0,0
4,36795,4|36795,0,0,0,0,0,0,0,23,0,0,23,-23
4,36797,4|36797,0,0,0,0,0,0,0,95,0,0,95,-95
4,36798,4|36798,0,0,0,0,0,0,0,0,0,0,0,0
4,36799,4|36799,0,0,0,0,0,0,0,12,0,0,12,-12
4,36800,4|36800,0,0,0,0,0,0,0,43,0,0,43,-43
4,36801,4|36801,0,0,0,0,0,0,0,22,0,0,22,-22
4,36802,4|36802,0,0,0,0,0,0,0,18,0,0,18,-18
4,36803,4|36803,0,0,0,0,0,0,0,0,0,2,0,-2
4,36804,4|36804,0,0,0,0,0,0,0,10,0,0,10,-10
4,36808,4|36808,0,0,0,0,0,0,0,18,0,0,18,-18
4,36809,4|36809,0,0,0,0,0,0,0,9,0,0,9,-9
4,36811,4|36811,0,0,0,0,0,0,0,15,0,0,15,-15
4,36813,4|36813,0,0,0,0,0,0,0,11,0,0,11,-11
4,36815,4|36815,0,0,0,0,0,0,0,8,0,0,8,-8
4,36820,4|36820,0,0,0,0,0,0,0,5,0,0,5,-5
4,36821,4|36821,0,0,0,0,0,0,0,6,0,0,6,-6
4,36822,4|36822,0,0,0,0,0,0,0,4,0,0,4,-4
4,36823,4|36823,0,0,0,0,0,0,0,6,0,0,6,-6
4,36825,4|36825,0,0,0,0,0,0,0,1,0,0,1,-1
4,36875,4|36875,0,0,0,0,0,0,0,99,0,6,99,-105
4,36898,4|36898,0,0,0,0,0,0,0,0,0,0,0,0
4,36943,4|36943,0,0,0,0,0,0,0,15,0,0,15,-15
4,37025,4|37025,0,0,0,0,0,0,0,3,0,0,3,-3
4,37026,4|37026,0,0,0,0,0,0,0,8,0,0,8,-8
4,37027,4|37027,0,0,0,0,0,0,0,7,0,0,7,-7
4,37038,4|37038,0,0,0,0,0,0,0,7,0,28,7,-35
4,37039,4|37039,0,0,0,0,0,0,0,7,0,17,7,-24
4,37054,4|37054,0,0,0,0,0,0,0,8,4,0,8,-12
4,37055,4|37055,0,0,0,0,0,0,0,11,0,0,11,-11
4,37274,4|37274,0,0,0,0,0,0,0,8,0,41,8,-49
4,37366,4|37366,0,0,0,0,0,0,0,7,0,3,7,-10
4,37369,4|37369,0,0,0,0,0,0,0,16,0,0,16,-16
4,37370,4|37370,0,0,0,0,0,0,0,30,0,0,30,-30
4,37371,4|37371,0,0,0,0,0,0,0,7,0,0,7,-7
4,37391,4|37391,0,0,0,0,0,0,0,5,0,0,5,-5
4,37392,4|37392,0,0,0,0,0,0,0,3,0,0,3,-3
4,37393,4|37393,0,0,0,0,0,0,0,53,0,2,53,-55
4,37403,4|37403,0,0,0,0,0,0,0,5,0,0,5,-5
4,37414,4|37414,0,0,0,137,0,137,0,182,0,2070,45,-2115
4,37416,4|37416,0,0,0,0,0,0,0,21,0,75,21,-96
4,37417,4|37417,0,0,0,0,0,0,0,0,0,11,0,-11
4,37418,4|37418,0,0,0,0,0,0,0,9,0,49,9,-58
4,37576,4|37576,0,0,0,0,0,0,0,7,0,0,7,-7
4,37577,4|37577,0,0,0,0,0,0,0,15,0,0,15,-15
4,37579,4|37579,0,0,0,0,0,0,0,7,0,0,7,-7
4,37760,4|37760,0,0,0,0,0,0,0,15,0,4,15,-19
4,37826,4|37826,0,0,0,0,0,0,0,8,0,40,8,-48
4,37830,4|37830,0,0,0,0,0,0,0,30,0,17,30,-47
4,38065,4|38065,0,0,0,0,0,0,0,8,0,0,8,-8
4,38066,4|38066,0,0,0,0,0,0,0,7,0,0,7,-7
4,38068,4|38068,0,0,0,0,0,0,0,1,0,0,1,-1
4,38069,4|38069,0,0,0,0,0,0,0,15,0,0,15,-15
4,38683,4|38683,0,0,0,0,0,0,0,6,0,9,6,-15
4,38684,4|38684,0,0,0,0,0,0,0,23,0,0,23,-23
4,38927,4|38927,0,0,0,0,0,0,0,1,0,0,1,-1
4,38929,4|38929,0,0,0,0,0,0,0,7,0,2,7,-9
4,38930,4|38930,0,0,0,0,0,0,0,7,0,0,7,-7
4,39005,4|39005,0,0,0,0,0,0,0,2,0,6,2,-8
4,39433,4|39433,0,0,0,0,0,0,0,0,0,8,0,-8
4,39462,4|39462,0,0,0,0,0,0,0,3,0,0,3,-3
4,39542,4|39542,0,0,0,0,0,0,0,20,0,0,20,-20
4,39551,4|39551,0,0,0,0,0,0,0,8,0,0,8,-8
4,39959,4|39959,0,0,0,0,0,0,0,1,0,1,1,-2
4,39963,4|39963,0,0,0,0,0,0,0,0,0,0,0,0
4,39964,4|39964,0,0,0,0,0,0,0,0,0,0,0,0
4,39966,4|39966,0,0,0,0,0,0,0,0,0,1,0,-1
4,39985,4|39985,0,0,0,0,0,0,0,32,0,0,32,-32
4,40264,4|40264,0,0,0,0,0,0,0,0,0,7,0,-7
4,40340,4|40340,0,0,0,12,0,12,0,2,0,20,-10,-10
4,40370,4|40370,0,0,0,0,0,0,0,27,0,37,27,-64
4,40438,4|40438,0,0,0,446,0,446,9,266,0,2554,-171,-2383
4,40439,4|40439,0,0,0,155,0,155,5,101,2,569,-49,-522
4,40440,4|40440,0,0,0,758,0,758,1,770,0,5987,13,-6000
4,40441,4|40441,0,0,0,994,0,994,6,736,1,5700,-252,-5449
4,40443,4|40443,0,0,0,0,0,0,0,9,0,24,9,-33
4,40445,4|40445,0,0,0,0,0,0,0,4,0,5,4,-9
4,40478,4|40478,0,0,0,0,0,0,0,16,0,239,16,-255
4,40705,4|40705,0,0,0,0,0,0,0,34,0,0,34,-34
4,40706,4|40706,0,0,0,0,0,0,0,18,0,0,18,-18
4,40714,4|40714,0,0,0,0,0,0,0,9,0,23,9,-32
4,40723,4|40723,0,0,0,6,0,6,0,0,0,24,-6,-18
4,40724,4|40724,0,0,0,0,0,0,0,4,0,9,4,-13
4,40725,4|40725,0,0,0,0,0,0,0,6,0,0,6,-6
4,40726,4|40726,0,0,0,8,0,8,0,14,0,21,6,-27
4,40727,4|40727,0,0,0,0,0,0,0,15,0,3,15,-18
4,40728,4|40728,0,0,0,0,0,0,0,1,0,0,1,-1
4,40729,4|40729,0,0,0,0,0,0,0,1,0,0,1,-1
4,40730,4|40730,0,0,0,0,0,0,0,4,0,4,4,-8
4,40731,4|40731,0,0,0,0,0,0,0,23,0,29,23,-52
4,40732,4|40732,0,0,0,224,0,224,2,68,0,848,-154,-694
4,40733,4|40733,0,0,0,10,0,10,0,2,0,9,-8,-1
4,40734,4|40734,0,0,0,250,0,250,0,79,0,837,-171,-666
4,40735,4|40735,0,0,0,0,0,0,0,0,0,8,0,-8
4,40738,4|40738,0,0,0,0,0,0,0,0,0,12,0,-12
4,40739,4|40739,0,0,0,0,0,0,0,7,0,0,7,-7
4,40741,4|40741,0,0,0,1,0,1,0,0,0,27,-1,-26
4,40742,4|40742,0,0,0,0,0,0,0,2,0,0,2,-2
4,40743,4|40743,0,0,0,0,0,0,0,0,0,31,0,-31
4,40744,4|40744,0,0,0,0,0,0,0,0,0,24,0,-24
4,40745,4|40745,0,0,0,12,0,12,0,17,0,57,5,-62
4,40749,4|40749,0,0,0,0,0,0,0,1,0,7,1,-8
4,40750,4|40750,0,0,0,0,0,0,0,0,0,3,0,-3
4,40751,4|40751,0,0,0,0,0,0,0,0,0,14,0,-14
4,40752,4|40752,0,0,0,426,6,432,3,167,0,2767,-262,-2505
4,40823,4|40823,0,0,0,0,0,0,0,2,0,0,2,-2
4,40824,4|40824,0,0,0,0,0,0,0,2,0,0,2,-2
4,40825,4|40825,0,0,0,0,0,0,0,9,0,0,9,-9
4,40826,4|40826,0,0,0,0,0,0,0,13,0,0,13,-13
4,40855,4|40855,0,0,0,0,0,0,0,3,0,0,3,-3
4,40877,4|40877,0,0,0,297,0,297,5,258,0,1629,-34,-1595
4,40895,4|40895,0,0,0,0,0,0,0,7,0,0,7,-7
4,40939,4|40939,0,0,0,0,0,0,0,7,0,3,7,-10
4,41140,4|41140,0,0,0,0,0,0,0,24,0,4,24,-28
4,41321,4|41321,0,0,0,175,0,175,0,209,0,1048,34,-1082
4,41398,4|41398,0,0,0,0,0,0,0,9,0,3,9,-12
4,41425,4|41425,0,0,0,101,0,101,0,163,1,1218,62,-1281
4,41427,4|41427,0,0,0,930,10,940,5,1250,0,4299,315,-4614
4,41564,4|41564,0,0,0,0,0,0,0,17,0,0,17,-17
4,41810,4|41810,0,0,0,0,0,0,0,12,0,0,12,-12
4,41811,4|41811,0,0,0,0,0,0,0,6,0,0,6,-6
4,41812,4|41812,0,0,0,0,0,0,0,12,0,0,12,-12
4,41823,4|41823,0,0,0,478,0,478,12,274,3,2180,-192,-1991
4,41824,4|41824,0,0,0,510,6,516,8,376,1,2601,-132,-2470
4,41907,4|41907,0,0,0,0,0,0,0,7,0,0,7,-7
4,41908,4|41908,0,0,0,0,0,0,0,14,0,0,14,-14
4,42142,4|42142,0,0,0,0,0,0,0,8,0,0,8,-8
4,42143,4|42143,0,0,0,0,0,0,0,15,0,0,15,-15
4,42144,4|42144,0,0,0,0,0,0,0,3,0,0,3,-3
4,42145,4|42145,0,0,0,0,0,0,0,12,0,0,12,-12
4,42552,4|42552,0,0,0,0,0,0,0,0,0,16,0,-16
4,42807,4|42807,0,0,0,0,0,0,0,22,0,0,22,-22
4,42808,4|42808,0,0,0,0,0,0,0,18,0,0,18,-18
4,42809,4|42809,0,0,0,0,0,0,0,16,0,0,16,-16
4,42919,4|42919,0,0,0,392,0,392,4,322,0,2094,-66,-2028
4,43030,4|43030,0,0,0,0,0,0,0,12,0,0,12,-12
4,43047,4|43047,0,0,0,0,0,0,0,17,0,0,17,-17
4,43309,4|43309,0,0,0,0,0,0,0,5,0,0,5,-5
4,43310,4|43310,0,0,0,0,0,0,0,3,0,0,3,-3
4,43441,4|43441,0,0,0,0,0,0,0,28,0,0,28,-28
4,43572,4|43572,0,0,0,0,0,0,0,0,0,0,0,0
4,43574,4|43574,0,0,0,0,0,0,0,24,0,0,24,-24
4,43631,4|43631,0,0,0,41,0,41,0,264,0,403,223,-626
4,43678,4|43678,0,0,0,0,0,0,0,18,0,0,18,-18
4,43918,4|43918,0,0,0,0,0,0,0,0,0,2,0,-2
4,43938,4|43938,0,0,0,30,0,30,0,119,0,86,89,-175
4,43960,4|43960,0,0,0,0,0,0,0,27,0,0,27,-27
4,43962,4|43962,0,0,0,0,0,0,0,7,0,0,7,-7
4,43963,4|43963,0,0,0,0,0,0,0,8,0,0,8,-8
4,43965,4|43965,0,0,0,0,0,0,0,7,0,0,7,-7
4,43967,4|43967,0,0,0,0,0,0,0,7,0,0,7,-7
4,44004,4|44004,0,0,0,0,0,0,0,0,0,0,0,0
4,44018,4|44018,0,0,0,0,0,0,0,6,0,0,6,-6
4,44065,4|44065,0,0,0,0,0,0,0,39,0,0,39,-39
4,44151,4|44151,0,0,0,0,0,0,0,0,0,0,0,0
4,44330,4|44330,0,0,0,0,0,0,0,5,0,0,5,-5
4,44388,4|44388,0,0,0,0,0,0,0,1,0,0,1,-1
4,44389,4|44389,0,0,0,0,0,0,0,12,0,0,12,-12
4,44478,4|44478,0,0,0,25,0,25,0,5,0,56,-20,-36
4,44508,4|44508,0,0,0,0,0,0,0,0,0,0,0,0
4,44615,4|44615,0,0,0,0,0,0,0,8,0,0,8,-8
4,44616,4|44616,0,0,0,0,0,0,0,15,0,0,15,-15
4,44897,4|44897,0,0,0,0,0,0,0,5,0,0,5,-5
4,44898,4|44898,0,0,0,0,0,0,0,0,0,0,0,0
4,44899,4|44899,0,0,0,0,0,0,0,1,0,0,1,-1
4,45280,4|45280,0,0,0,0,0,0,0,0,0,0,0,0
4,45281,4|45281,0,0,0,0,0,0,0,19,0,0,19,-19
4,45420,4|45420,0,0,0,0,0,0,0,0,0,0,0,0
4,45421,4|45421,0,0,0,0,0,0,0,7,0,0,7,-7
4,45848,4|45848,0,0,0,0,0,0,0,0,0,0,0,0
5,3864,5|3864,0,0,0,0,0,0,0,3,0,0,3,-3
5,3865,5|3865,0,133,7,0,1,1,0,11,0,1,143,-4
5,7178,5|7178,0,0,0,0,0,0,0,0,0,0,0,0
5,7193,5|7193,0,49,3,0,0,0,0,15,0,31,64,-43
5,7201,5|7201,0,0,0,0,0,0,0,39,0,14,39,-53
5,7232,5|7232,0,3,0,0,0,0,0,4,0,47,7,-51
5,7284,5|7284,0,0,0,0,0,0,0,4,0,0,4,-4
5,7286,5|7286,0,0,0,0,0,0,0,78,0,171,78,-249
5,7299,5|7299,0,0,0,0,0,0,0,0,0,55,0,-55
5,7336,5|7336,0,6,0,0,0,0,0,1,1,0,7,-2
5,7373,5|7373,0,0,0,0,26,26,29,1460,97,25854,1463,-27414
5,7374,5|7374,0,0,0,0,19,19,28,1058,43,14522,1067,-15632
5,7423,5|7423,0,560,30,0,0,0,10,382,20,2757,952,-3139
5,7428,5|7428,0,0,0,0,0,0,1,24,0,1004,25,-1029
5,7429,5|7429,0,0,0,0,0,0,0,0,0,40,0,-40
5,7504,5|7504,0,0,0,0,0,0,0,0,0,0,0,0
5,7508,5|7508,0,0,0,0,0,0,0,0,0,25,0,-25
5,7509,5|7509,0,0,0,0,0,0,0,5,0,0,5,-5
5,7510,5|7510,0,0,0,0,0,0,0,0,0,31,0,-31
5,7592,5|7592,0,44,0,0,21,21,36,1105,25,13319,1164,-14464
5,7593,5|7593,0,52,3,0,23,23,46,1149,41,23762,1224,-24972
5,7627,5|7627,0,0,0,0,0,0,0,77,1,927,77,-1005
5,7650,5|7650,0,0,0,0,0,0,0,1,0,0,1,-1
5,7654,5|7654,0,732,39,0,0,0,0,56,0,243,788,-260
5,7676,5|7676,0,0,0,0,0,0,0,79,0,502,79,-581
5,7748,5|7748,0,2,0,0,0,0,1,64,0,658,67,-723
5,7774,5|7774,0,0,0,0,0,0,8,595,15,4875,603,-5493
5,7778,5|7778,0,0,0,0,5,5,21,2830,40,27506,2846,-30392
5,7808,5|7808,0,10,1,0,0,0,0,13,2,107,23,-121
5,7819,5|7819,0,0,0,0,0,0,0,6,0,55,6,-61
5,8042,5|8042,0,0,0,0,12,12,9,716,6,790,713,-1509
5,8086,5|8086,0,0,0,0,0,0,0,1,0,0,1,-1
5,8151,5|8151,0,0,0,0,0,0,0,7,0,22,7,-29
5,8174,5|8174,0,1,0,0,0,0,0,72,3,499,73,-574
5,8185,5|8185,0,0,0,0,0,0,0,14,0,50,14,-64
5,8264,5|8264,0,0,0,0,0,0,0,4,0,20,4,-24
5,8279,5|8279,0,0,0,0,0,0,4,525,30,1885,529,-2444
5,8294,5|8294,0,0,0,0,6,6,31,596,15,11292,621,-11928
5,8310,5|8310,0,1,0,0,5,5,17,760,81,13953,773,-14806
5,8328,5|8328,0,0,0,0,0,0,0,0,0,8,0,-8
5,8334,5|8334,0,1,0,0,0,0,0,22,0,82,23,-104
5,8339,5|8339,0,0,0,0,0,0,0,7,0,14,7,-21
5,8346,5|8346,0,9,0,0,0,0,39,2075,45,5999,2123,-8158
5,8381,5|8381,0,0,0,0,0,0,0,0,0,40,0,-40
5,14283,5|14283,0,0,0,0,0,0,0,1,0,0,1,-1
5,15842,5|15842,0,20,1,0,5,5,8,657,12,6009,680,-6680
5,15846,5|15846,0,7,0,0,0,0,5,88,7,355,100,-455
5,15851,5|15851,0,2,0,0,0,0,0,26,0,24,28,-50
5,18088,5|18088,0,113,6,0,0,0,1,328,1,412,442,-736
5,18576,5|18576,0,51,3,0,0,0,0,0,0,20,51,-17
5,19404,5|19404,0,547,29,0,0,0,0,0,0,17,547,12
5,19646,5|19646,0,0,0,0,0,0,0,0,3,0,0,-3
5,19651,5|19651,0,0,0,0,0,0,0,0,7,0,0,-7
5,20514,5|20514,0,28,0,0,5,5,53,1218,11,13186,1294,-14463
5,21708,5|21708,0,1036,55,0,0,0,2,65,1,1183,1103,-1196
5,21806,5|21806,0,254,13,0,0,0,0,54,0,64,308,-105
5,21811,5|21811,0,0,0,0,0,0,0,275,16,774,275,-1065
5,22228,5|22228,0,0,0,0,0,0,0,93,0,375,93,-468
5,22929,5|22929,0,0,0,0,0,0,0,0,0,60,0,-60
5,22938,5|22938,0,2,0,0,0,0,0,3,0,50,5,-53
5,23398,5|23398,0,173,9,0,0,0,0,102,0,667,275,-760
5,23400,5|23400,0,180,10,0,0,0,0,196,7,465,376,-658
5,23511,5|23511,0,105,6,0,0,0,4,287,11,286,396,-582
5,23712,5|23712,0,579,31,0,0,0,3,328,1,1222,910,-1523
5,23818,5|23818,0,338,18,0,0,0,0,19,0,98,357,-99
5,23970,5|23970,0,0,0,0,0,0,0,40,0,1410,40,-1450
5,23971,5|23971,0,1,0,0,0,0,3,112,0,203,116,-318
5,23972,5|23972,0,36,0,0,0,0,0,13,0,3,49,-16
5,23974,5|23974,0,1,0,0,0,0,0,0,0,8,1,-8
5,24225,5|24225,0,373,20,0,0,0,3,692,0,9621,1068,-10296
5,24790,5|24790,0,0,0,0,0,0,0,0,0,11,0,-11
5,25117,5|25117,0,2161,114,0,0,0,0,208,0,2551,2369,-2645
5,25266,5|25266,0,0,0,0,0,0,0,9,0,2,9,-11
5,25368,5|25368,0,0,0,0,0,0,0,5,0,10,5,-15
5,26738,5|26738,0,0,0,0,0,0,0,880,88,3342,880,-4310
5,27187,5|27187,0,488,26,0,0,0,0,117,35,72,605,-198
5,27188,5|27188,0,277,15,0,0,0,0,6,8,7,283,-6
5,27213,5|27213,0,0,4,0,0,0,0,6,0,1,6,-3
5,27763,5|27763,0,177,9,0,0,0,0,14,0,0,191,-5
5,27764,5|27764,0,382,20,0,0,0,0,93,6,3705,475,-3784
5,27843,5|27843,0,0,0,0,20,20,35,1238,30,18765,1253,-20048
5,27844,5|27844,0,0,0,0,0,0,0,7,0,81,7,-88
5,27846,5|27846,0,0,0,0,0,0,0,93,0,121,93,-214
5,27851,5|27851,0,0,0,0,0,0,0,0,0,3,0,-3
5,27855,5|27855,0,571,30,0,0,0,0,144,0,1754,715,-1868
5,27856,5|27856,0,0,0,0,0,0,0,95,0,1441,95,-1536
5,28089,5|28089,0,0,0,0,0,0,0,15,4,273,15,-292
5,28090,5|28090,0,177,9,0,0,0,0,163,18,552,340,-724
5,28091,5|28091,0,0,0,0,0,0,0,5,0,76,5,-81
5,28092,5|28092,0,414,22,0,0,0,0,239,0,622,653,-839
5,28096,5|28096,0,1104,58,0,7,7,26,1094,46,14427,2217,-15528
5,28277,5|28277,0,0,0,0,0,0,0,47,0,445,47,-492
5,28278,5|28278,0,0,0,0,0,0,0,39,0,691,39,-730
5,28279,5|28279,0,0,0,0,0,0,0,66,1,557,66,-624
5,28282,5|28282,0,0,0,0,0,0,0,802,0,2362,802,-3164
5,28283,5|28283,0,0,0,0,0,0,2,203,0,352,205,-557
5,28288,5|28288,0,0,0,0,0,0,0,53,18,139,53,-210
5,28293,5|28293,0,0,0,0,0,0,0,119,10,457,119,-586
5,28294,5|28294,0,0,0,0,0,0,0,43,7,465,43,-515
5,28295,5|28295,0,0,4,0,0,0,0,226,1,1444,226,-1667
5,28296,5|28296,0,0,0,0,0,0,0,7,0,10,7,-17
5,28298,5|28298,0,0,0,0,1,1,16,280,73,4764,295,-5132
5,28300,5|28300,0,297,16,0,1,1,2,440,5,7552,738,-7982
5,28302,5|28302,0,0,0,0,0,0,6,331,11,19949,337,-20297
5,28304,5|28304,0,0,0,0,0,0,0,3,0,2,3,-5
5,28306,5|28306,0,0,0,0,0,0,4,5,0,402,9,-411
5,28307,5|28307,0,0,0,0,0,0,0,10,0,116,10,-126
5,28309,5|28309,0,0,0,0,0,0,0,16,0,121,16,-137
5,28313,5|28313,0,845,45,0,2,2,14,684,28,12883,1541,-13562
5,28315,5|28315,0,0,0,0,0,0,0,44,5,103,44,-152
5,28316,5|28316,0,0,0,0,2,2,8,453,3,6652,459,-7114
5,28317,5|28317,0,0,0,0,0,0,0,0,0,13,0,-13
5,28318,5|28318,0,0,0,0,0,0,17,438,2,5212,455,-5669
5,28320,5|28320,0,0,0,0,1,1,0,41,0,1705,40,-1745
5,28323,5|28323,0,0,0,0,0,0,0,43,10,183,43,-236
5,28328,5|28328,0,0,0,0,0,0,0,210,3,3879,210,-4092
5,28329,5|28329,0,0,0,0,0,0,1,248,0,3131,249,-3380
5,28335,5|28335,0,0,0,0,0,0,0,84,3,1139,84,-1226
5,28339,5|28339,0,0,0,0,0,0,0,12,0,65,12,-77
5,28341,5|28341,0,0,0,0,0,0,0,42,14,1363,42,-1419
5,28346,5|28346,0,0,0,0,0,0,2,86,6,2118,88,-2212
5,28388,5|28388,0,0,0,0,0,0,0,462,0,549,462,-1011
5,28399,5|28399,0,285,15,0,0,0,0,31,0,119,316,-135
5,28400,5|28400,0,0,0,0,0,0,0,5,0,2,5,-7
5,28401,5|28401,0,0,0,0,0,0,1,9,0,91,10,-101
5,28406,5|28406,0,0,0,0,0,0,3,4,2,26,7,-35
5,28418,5|28418,0,0,0,0,0,0,0,4,0,23,4,-27
5,28428,5|28428,0,0,0,0,0,0,0,13,0,274,13,-287
5,28429,5|28429,0,0,0,0,0,0,11,43,2,949,54,-1005
5,28433,5|28433,0,736,39,0,0,0,0,208,3,2224,944,-2396
5,28724,5|28724,0,0,0,0,0,0,0,0,4,6,0,-10
5,28727,5|28727,0,0,0,0,0,0,0,7,7,58,7,-72
5,28731,5|28731,0,0,0,0,0,0,0,3,0,0,3,-3
5,28748,5|28748,0,0,0,0,0,0,0,18,0,131,18,-149
5,28797,5|28797,0,0,4,0,0,0,4,53,10,218,57,-281
5,28802,5|28802,0,0,0,0,0,0,0,683,0,7279,683,-7962
5,28805,5|28805,0,0,0,0,0,0,0,84,0,880,84,-964
5,28807,5|28807,0,0,0,0,0,0,0,2,0,13,2,-15
5,28810,5|28810,0,0,0,0,28,28,23,1077,6,12787,1072,-13865
5,28811,5|28811,0,0,0,0,0,0,0,2,0,19,2,-21
5,28813,5|28813,0,0,0,0,0,0,0,123,31,160,123,-314
5,28819,5|28819,0,0,0,0,0,0,2,100,10,485,102,-597
5,28821,5|28821,0,0,0,0,0,0,0,0,0,3,0,-3
5,28833,5|28833,0,0,0,0,0,0,0,9,0,84,9,-93
5,28836,5|28836,0,151,8,0,0,0,0,128,2,1265,279,-1387
5,28849,5|28849,0,0,0,0,0,0,0,5,0,2,5,-7
5,28867,5|28867,0,0,0,0,0,0,0,22,2,129,22,-153
5,28876,5|28876,0,0,0,0,0,0,0,64,0,13,64,-77
5,28878,5|28878,0,0,0,0,0,0,0,1,0,27,1,-28
5,28880,5|28880,0,0,0,0,0,0,0,38,0,178,38,-216
5,28882,5|28882,0,0,0,0,0,0,0,0,0,8,0,-8
5,28883,5|28883,0,0,0,0,0,0,0,0,0,5,0,-5
5,28888,5|28888,0,0,0,0,0,0,2,53,3,454,55,-512
5,28892,5|28892,0,0,0,0,0,0,0,1,0,27,1,-28
5,28902,5|28902,0,0,0,0,0,0,0,245,8,272,245,-525
5,28905,5|28905,0,0,0,0,0,0,0,8,0,18,8,-26
5,28909,5|28909,0,0,0,0,0,0,0,3,0,2,3,-5
5,28911,5|28911,0,0,0,0,0,0,0,6,0,8,6,-14
5,28912,5|28912,0,0,0,0,0,0,0,3,0,41,3,-44
5,28913,5|28913,0,0,0,0,0,0,0,31,0,27,31,-58
5,28923,5|28923,0,0,0,0,0,0,0,1,0,64,1,-65
5,28924,5|28924,0,0,0,0,0,0,0,68,15,1268,68,-1351
5,28925,5|28925,0,0,0,0,0,0,0,4,0,34,4,-38
5,28926,5|28926,0,0,0,0,0,0,0,7,0,31,7,-38
5,28930,5|28930,0,0,0,0,0,0,5,829,6,3869,834,-4709
5,28932,5|28932,0,0,0,0,0,0,0,0,0,21,0,-21
5,28946,5|28946,0,0,0,0,0,0,0,6,0,7,6,-13
5,28950,5|28950,0,0,0,0,0,0,0,36,0,891,36,-927
5,28951,5|28951,0,0,0,0,0,0,0,107,0,1219,107,-1326
5,28953,5|28953,0,0,0,0,0,0,0,0,4,0,0,-4
5,28975,5|28975,0,0,0,0,24,24,12,1134,108,19644,1122,-20874
5,28983,5|28983,0,0,0,0,0,0,0,0,0,61,0,-61
5,28984,5|28984,0,0,0,0,0,0,0,3,0,4,3,-7
5,29058,5|29058,0,0,0,0,0,0,0,110,0,849,110,-959
5,29059,5|29059,0,0,0,0,0,0,0,18,6,186,18,-210
5,29060,5|29060,0,0,0,0,0,0,0,10,0,0,10,-10
5,29064,5|29064,0,0,0,0,10,10,0,84,0,1178,74,-1252
5,29068,5|29068,0,0,0,0,0,0,0,49,5,458,49,-512
5,29069,5|29069,0,0,0,0,0,0,0,2,0,4,2,-6
5,29079,5|29079,0,0,0,0,0,0,0,15,29,638,15,-682
5,29082,5|29082,0,0,0,0,0,0,0,52,0,1359,52,-1411
5,29084,5|29084,0,303,16,0,0,0,3,107,5,1615,413,-1714
5,29085,5|29085,0,0,0,0,0,0,0,143,7,1902,143,-2052
5,29087,5|29087,0,0,0,0,0,0,0,10,0,1,10,-11
5,29091,5|29091,0,0,0,0,0,0,0,1,3,1,1,-5
5,29104,5|29104,0,166,9,0,0,0,0,8,0,168,174,-167
5,29105,5|29105,0,0,0,0,0,0,0,9,2,16,9,-27
5,29107,5|29107,0,0,0,0,0,0,0,33,0,37,33,-70
5,29108,5|29108,0,0,0,0,0,0,0,3,0,13,3,-16
5,29111,5|29111,0,0,0,0,0,0,0,104,12,303,104,-419
5,29112,5|29112,0,0,0,0,0,0,0,7,0,4,7,-11
5,29113,5|29113,0,0,0,0,0,0,0,31,0,443,31,-474
5,29131,5|29131,0,0,0,0,0,0,0,7,0,3,7,-10
5,29132,5|29132,0,0,0,0,0,0,0,7,5,41,7,-53
5,29154,5|29154,0,0,0,0,0,0,0,111,2,245,111,-358
5,29178,5|29178,0,0,0,0,0,0,0,3,1,0,3,-4
5,29184,5|29184,0,0,0,0,0,0,0,5,0,13,5,-18
5,29185,5|29185,0,0,0,0,0,0,0,3,0,85,3,-88
5,29186,5|29186,0,0,0,0,0,0,0,36,7,459,36,-502
5,29187,5|29187,0,0,0,0,0,0,2,9,0,188,11,-199
5,29191,5|29191,0,0,0,0,0,0,0,1,0,1,1,-2
5,29237,5|29237,0,0,0,0,0,0,0,6,0,7,6,-13
5,29241,5|29241,0,0,0,0,0,0,0,7,0,101,7,-108
5,29249,5|29249,0,0,0,0,0,0,0,25,0,53,25,-78
5,29285,5|29285,0,0,0,0,0,0,0,3,1,3,3,-7
5,29304,5|29304,0,0,0,0,0,0,0,19,0,12,19,-31
5,29340,5|29340,0,0,0,0,0,0,0,10,0,692,10,-702
5,29392,5|29392,0,0,0,0,0,0,0,0,0,193,0,-193
5,29447,5|29447,0,0,0,0,0,0,0,10,0,87,10,-97
5,29495,5|29495,0,0,0,0,0,0,0,6,0,0,6,-6
5,29503,5|29503,0,0,0,0,5,5,0,10,0,113,5,-118
5,29504,5|29504,0,0,0,0,0,0,7,467,5,7053,474,-7532
5,29506,5|29506,0,0,0,0,0,0,0,43,6,72,43,-121
5,29530,5|29530,0,0,0,0,0,0,0,3,0,1,3,-4
5,29533,5|29533,0,0,0,0,0,0,0,4,0,27,4,-31
5,29535,5|29535,0,0,0,0,0,0,0,1,0,2,1,-3
5,29536,5|29536,0,0,0,0,0,0,10,62,0,92,72,-164
5,29562,5|29562,0,523,28,0,0,0,9,37,0,289,569,-307
5,29590,5|29590,0,0,0,0,0,0,0,0,0,10,0,-10
5,29622,5|29622,0,0,0,0,0,0,0,2,0,2,2,-4
5,29697,5|29697,0,0,0,0,0,0,1,3,0,89,4,-93
5,29707,5|29707,0,237,13,0,0,0,0,28,0,77,265,-92
5,29725,5|29725,0,0,0,0,12,12,0,460,13,4807,448,-5268
5,29732,5|29732,0,0,0,0,0,0,1,4,0,46,5,-51
5,29802,5|29802,0,0,0,0,0,0,0,0,0,21,0,-21
5,30175,5|30175,0,307,16,0,0,0,0,4,0,2,311,10
5,30873,5|30873,0,0,5,0,0,0,3,194,63,236,197,-491
5,30913,5|30913,0,514,27,0,0,0,3,143,18,565,660,-702
5,31147,5|31147,0,0,0,0,0,0,3,0,0,19,3,-22
5,31289,5|31289,0,0,5,0,0,0,0,124,10,172,124,-301
5,31303,5|31303,0,0,3,0,0,0,0,43,1,384,43,-425
5,31304,5|31304,0,0,0,0,0,0,0,1,0,8,1,-9
5,31383,5|31383,0,0,0,0,5,5,12,1235,40,13317,1242,-14599
5,31635,5|31635,0,0,0,0,0,0,0,13,0,57,13,-70
5,31636,5|31636,0,0,0,0,0,0,0,7,0,5,7,-12
5,32415,5|32415,0,0,3,0,0,0,3,41,0,559,44,-600
5,32484,5|32484,0,0,0,0,0,0,0,4,0,9,4,-13
5,32692,5|32692,0,0,0,0,0,0,0,0,0,45,0,-45
5,32881,5|32881,0,0,0,0,0,0,0,3,0,12,3,-15
5,33253,5|33253,0,113,6,0,0,0,0,10,5,35,123,-44
5,33556,5|33556,0,0,0,0,0,0,0,115,9,398,115,-522
5,33748,5|33748,0,0,3,0,0,0,0,288,0,415,288,-700
5,34364,5|34364,0,0,0,0,52,52,23,1079,8,5324,1050,-6382
5,34436,5|34436,0,0,0,0,0,0,0,0,0,1,0,-1
5,36429,5|36429,0,0,0,0,0,0,0,6,0,21,6,-27
5,36432,5|36432,0,0,0,0,0,0,0,43,0,308,43,-351
5,37417,5|37417,0,0,0,0,0,0,6,179,0,2855,185,-3040
5,37418,5|37418,0,0,0,0,0,0,0,303,1,6202,303,-6506
5,37584,5|37584,0,0,0,0,0,0,0,6,0,23,6,-29
5,38756,5|38756,0,0,0,0,0,0,0,0,0,12,0,-12
5,39433,5|39433,0,0,0,0,11,11,3,731,7,10996,723,-11726
5,40261,5|40261,0,0,0,0,0,0,2,93,11,147,95,-253
5,40264,5|40264,0,0,0,0,0,0,0,77,4,1671,77,-1752
5,40445,5|40445,0,0,0,0,0,0,1,432,6,4002,433,-4441
5,40633,5|40633,0,0,0,0,0,0,0,2,0,14,2,-16
5,40635,5|40635,0,0,0,0,0,0,0,14,0,910,14,-924
5,40895,5|40895,0,0,0,0,16,16,10,1109,21,15597,1103,-16721
5,40896,5|40896,0,0,0,0,0,0,0,567,0,1788,567,-2355
5,41140,5|41140,0,0,0,0,0,0,11,683,81,5445,694,-6220
5,41398,5|41398,0,0,0,0,0,0,1,451,0,3763,452,-4215
5,41651,5|41651,0,0,0,0,1,1,2,357,18,3247,358,-3623
5,41736,5|41736,0,0,0,0,4,4,2,159,5,1379,157,-1541
5,41737,5|41737,0,0,0,0,0,0,0,6,0,1,6,-7
5,41738,5|41738,0,0,0,0,0,0,0,31,0,1897,31,-1928
5,41739,5|41739,0,0,0,0,0,0,0,200,0,1594,200,-1794
5,41807,5|41807,0,0,0,0,9,9,0,274,178,4990,265,-5433
5,41808,5|41808,0,0,0,0,0,0,4,551,1,8257,555,-8813
5,41809,5|41809,0,0,0,0,10,10,3,462,0,4994,455,-5449
5,41814,5|41814,0,0,0,0,3,3,2,227,3,2555,226,-2784
5,41815,5|41815,0,0,0,0,15,15,0,90,0,1374,75,-1449
5,41945,5|41945,0,0,0,0,5,5,5,1010,0,4399,1010,-5409
5,42671,5|42671,0,0,0,0,0,0,0,130,0,928,130,-1058
5,42672,5|42672,0,0,0,0,6,6,0,212,0,1491,206,-1697
5,42748,5|42748,0,0,0,0,0,0,0,62,0,262,62,-324
5,43046,5|43046,0,0,0,0,0,0,0,34,0,2647,34,-2681
5,43607,5|43607,0,0,0,0,0,0,1,189,0,924,190,-1114
5,43911,5|43911,0,0,0,0,0,0,0,14,0,93,14,-107
5,43915,5|43915,0,0,0,0,0,0,0,0,0,14,0,-14
5,43917,5|43917,0,0,0,0,0,0,0,0,0,43,0,-43
5,43927,5|43927,0,0,0,0,0,0,0,0,0,7,0,-7
5,43928,5|43928,0,0,0,0,0,0,0,3,0,2,3,-5
5,43929,5|43929,0,0,0,0,0,0,0,2,0,50,2,-52
5,43933,5|43933,0,0,0,0,0,0,0,89,0,1783,89,-1872
5,43945,5|43945,0,0,0,0,0,0,0,5,0,109,5,-114
5,43953,5|43953,0,0,0,0,0,0,0,37,0,265,37,-302
5,44094,5|44094,0,0,0,0,0,0,0,11,0,33,11,-44
5,44284,5|44284,0,0,0,0,0,0,1,0,0,505,1,-506
5,44549,5|44549,0,0,0,0,0,0,0,21,0,810,21,-831
5,44761,5|44761,0,0,0,0,0,0,0,44,1,1460,44,-1505
5,44768,5|44768,0,0,0,0,0,0,0,4,0,1,4,-5
5,44769,5|44769,0,0,0,0,0,0,0,3,0,33,3,-36
6,61,6|61,0,0,0,0,1,1,0,1,0,0,0,0
6,62,6|62,0,0,0,0,10,10,0,10,0,0,0,0
6,63,6|63,0,0,0,0,1,1,0,1,0,0,0,0
6,1591,6|1591,0,0,0,0,1188,1188,85,1420,47,1357,317,-1721
6,1632,6|1632,0,0,2,0,109,109,0,101,1,132,-8,-123
6,1633,6|1633,0,544,29,0,50,50,0,55,1,0,549,23
6,1634,6|1634,0,0,0,0,9,9,0,9,0,0,0,0
6,1635,6|1635,0,127,7,0,1,1,0,13,0,0,139,-5
6,1638,6|1638,0,0,0,0,1,1,0,1,0,0,0,0
6,1639,6|1639,0,0,0,0,31,31,0,22,8,97,-9,-96
6,1643,6|1643,0,0,0,0,94,94,0,44,0,87,-50,-37
6,1647,6|1647,0,0,0,0,22,22,0,29,0,27,7,-34
6,1648,6|1648,0,280,15,0,2,2,0,2,0,0,280,15
6,1650,6|1650,0,3095,174,0,143,143,0,63,0,642,3015,-388
6,1654,6|1654,0,0,0,0,16,16,1,0,0,258,-15,-243
6,1708,6|1708,0,285,15,0,423,423,0,89,37,4779,-49,-4467
6,1711,6|1711,0,0,0,0,4,4,0,15,0,221,11,-232
6,1712,6|1712,0,610,32,0,693,693,0,45,14,6249,-38,-5583
6,1713,6|1713,0,0,0,0,829,829,7,330,14,4221,-492,-3743
6,1722,6|1722,0,2627,138,0,118,118,0,19,0,295,2528,-58
6,1728,6|1728,0,0,0,0,385,385,0,68,75,5055,-317,-4813
6,1826,6|1826,0,690,36,0,126,126,0,14,0,224,578,-76
6,1829,6|1829,0,304,16,0,15,15,0,14,0,13,303,4
6,1831,6|1831,0,0,0,0,0,0,0,5,0,4,5,-9
6,1832,6|1832,0,0,0,0,13,13,0,13,0,0,0,0
6,1833,6|1833,0,0,5,0,91,91,0,62,0,1915,-29,-1881
6,1855,6|1855,0,151,8,0,7,7,0,0,0,7,144,8
6,1868,6|1868,0,0,0,0,8,8,0,8,0,4,0,-4
6,1870,6|1870,0,0,0,0,8,8,0,20,0,25,12,-37
6,1914,6|1914,0,1803,95,0,85,85,0,45,0,409,1763,-274
6,1916,6|1916,0,0,0,0,69,69,0,3,0,221,-66,-155
6,1967,6|1967,0,0,0,0,16,16,0,6,0,150,-10,-140
6,1976,6|1976,0,1047,55,0,0,0,0,7,0,0,1054,48
6,1978,6|1978,0,1463,77,0,4,4,0,16,2,52,1475,11
6,1999,6|1999,0,0,0,0,32,32,0,1,0,31,-31,0
6,2018,6|2018,0,0,3,0,3840,3840,10,1026,87,25376,-2804,-22656
6,2093,6|2093,0,3,0,0,355,355,0,154,4,1942,-198,-1745
6,2119,6|2119,0,892,47,0,0,0,0,1,0,0,893,46
6,2125,6|2125,0,0,0,0,511,511,0,242,0,5527,-269,-5258
6,2141,6|2141,0,0,0,0,172,172,1,20,23,1607,-151,-1479
6,2196,6|2196,0,0,0,0,1,1,0,1,0,0,0,0
6,2200,6|2200,0,182,10,0,4,4,0,4,0,0,182,10
6,2472,6|2472,0,182,10,0,0,0,0,0,10,1,182,-1
6,2510,6|2510,0,0,0,0,19,19,0,5,0,26,-14,-12
6,2511,6|2511,0,0,0,0,4470,4470,73,152,55,5490,-4245,-1300
6,2513,6|2513,0,0,0,0,3,3,0,38,0,17,35,-52
6,2515,6|2515,0,0,0,0,14,14,0,14,0,0,0,0
6,2516,6|2516,0,0,0,0,6,6,0,0,0,6,-6,0
6,3950,6|3950,0,0,0,0,0,0,0,0,0,21,0,-21
6,3965,6|3965,0,0,0,0,0,0,0,0,0,37,0,-37
6,3966,6|3966,0,0,0,0,0,0,0,0,0,59,0,-59
6,4141,6|4141,0,0,0,0,0,0,0,6,0,1,6,-7
6,4315,6|4315,0,0,0,0,0,0,0,0,0,24,0,-24
6,4458,6|4458,0,0,0,0,0,0,0,0,0,68,0,-68
6,4470,6|4470,0,0,0,0,0,0,0,0,0,6,0,-6
6,4500,6|4500,0,0,0,0,0,0,0,0,0,35,0,-35
6,4522,6|4522,0,0,0,0,0,0,0,0,0,70,0,-70
6,4561,6|4561,0,0,0,0,0,0,0,3,0,28,3,-31
6,4596,6|4596,0,0,0,0,0,0,0,7,0,1,7,-8
6,4621,6|4621,0,0,0,0,0,0,0,0,0,6,0,-6
6,4625,6|4625,0,0,0,0,0,0,0,0,2,11,0,-13
6,4627,6|4627,0,0,0,0,0,0,0,1,0,33,1,-34
6,4629,6|4629,0,0,0,0,0,0,0,0,0,20,0,-20
6,4751,6|4751,0,0,0,0,23,23,0,9,0,186,-14,-172
6,4970,6|4970,0,0,0,0,0,0,0,5,0,0,5,-5
6,5017,6|5017,0,0,0,0,21,21,0,0,0,64,-21,-43
6,6262,6|6262,0,27,0,0,31,31,2,37,0,328,35,-336
6,6266,6|6266,0,0,0,0,202,202,7,85,11,1812,-110,-1713
6,6277,6|6277,0,0,0,0,35,35,0,5,0,33,-30,-3
6,6279,6|6279,0,0,0,0,55,55,0,16,7,461,-39,-429
6,6280,6|6280,0,0,0,0,409,409,22,72,0,1769,-315,-1454
6,6313,6|6313,0,0,0,0,22,22,0,33,0,405,11,-416
6,6318,6|6318,0,0,0,0,8,8,6,19,3,162,17,-182
6,6320,6|6320,0,0,0,0,19,19,21,7,9,598,9,-616
6,6323,6|6323,0,0,0,0,74,74,2,3,6,323,-69,-260
6,6324,6|6324,0,17,0,0,2521,2521,213,673,36,17647,-1618,-16048
6,6325,6|6325,0,0,0,0,64,64,4,56,0,579,-4,-575
6,6326,6|6326,0,0,0,0,19,19,0,10,0,34,-9,-25
6,6331,6|6331,0,0,0,0,459,459,46,67,2,3795,-346,-3451
6,6338,6|6338,0,0,0,0,38,38,0,154,9,211,116,-336
6,6339,6|6339,0,0,0,0,43,43,0,15,0,256,-28,-228
6,6369,6|6369,0,0,0,0,0,0,0,14,0,1,14,-15
6,6380,6|6380,0,0,0,0,12,12,0,3,0,86,-9,-77
6,6393,6|6393,0,0,0,0,70,70,7,17,11,590,-46,-555
6,6402,6|6402,0,0,0,0,11,11,0,16,0,16,5,-21
6,6403,6|6403,0,0,0,0,101,101,7,93,0,102,-1,-101
6,6419,6|6419,0,292,15,0,5,5,0,0,0,5,287,15
6,6420,6|6420,0,100,5,0,1,1,0,0,0,1,99,5
6,6427,6|6427,0,0,0,0,2695,2695,22,153,61,3825,-2520,-1366
6,6430,6|6430,0,0,0,0,0,0,0,0,0,35,0,-35
6,6434,6|6434,0,0,0,0,0,0,0,8,0,0,8,-8
6,6442,6|6442,0,0,0,0,165,165,0,76,7,564,-89,-482
6,6445,6|6445,0,0,0,0,18,18,0,1,1,16,-17,0
6,6448,6|6448,0,0,0,0,5,5,0,0,0,5,-5,0
6,6449,6|6449,0,35,2,0,9,9,0,4,1,91,30,-85
6,6482,6|6482,0,1091,57,0,36,36,0,19,0,59,1074,15
6,6490,6|6490,0,83,4,0,1,1,0,20,0,0,102,-15
6,6511,6|6511,0,0,0,0,35,35,51,51,6,849,67,-922
6,6513,6|6513,0,0,0,0,4,4,0,0,0,4,-4,0
6,6518,6|6518,0,0,0,0,75,75,15,15,3,1161,-45,-1119
6,6536,6|6536,0,0,0,0,0,0,0,5,0,1,5,-6
6,6537,6|6537,0,0,0,0,2184,2184,71,557,17,15604,-1556,-14065
6,6550,6|6550,0,0,0,0,42,42,0,19,1,126,-23,-104
6,6551,6|6551,0,0,0,0,730,730,14,207,11,3232,-509,-2734
6,6585,6|6585,0,0,0,0,6,6,0,6,0,0,0,0
6,6601,6|6601,0,0,0,0,1432,1432,4,115,10,5886,-1313,-4583
6,6614,6|6614,0,0,0,0,989,989,43,423,57,4909,-523,-4443
6,6621,6|6621,0,0,0,0,0,0,0,0,0,5,0,-5
6,6689,6|6689,0,0,0,0,2,2,0,0,0,2,-2,0
6,6693,6|6693,0,0,0,0,523,523,14,290,57,2860,-219,-2698
6,6698,6|6698,0,0,0,0,3,3,0,1,1,17,-2,-16
6,6699,6|6699,0,0,0,0,35,35,0,30,0,26,-5,-21
6,6701,6|6701,0,0,0,0,16,16,0,0,0,155,-16,-139
6,6704,6|6704,0,2,0,0,10,10,0,2,4,14,-6,-10
6,6705,6|6705,0,87,5,0,70,70,3,71,14,104,91,-117
6,6772,6|6772,0,0,0,0,87,87,0,21,0,150,-66,-84
6,6813,6|6813,0,0,0,0,13,13,0,5,0,45,-8,-37
6,6861,6|6861,0,0,0,0,2,2,0,2,0,0,0,0
6,6862,6|6862,0,0,0,0,23,23,0,11,0,134,-12,-122
6,6863,6|6863,0,0,0,0,42,42,0,10,3,128,-32,-99
6,6993,6|6993,0,0,0,0,154,154,2,71,17,691,-81,-627
6,7000,6|7000,0,0,0,0,62,62,0,27,2,541,-35,-508
6,7047,6|7047,0,0,0,0,118,118,0,5,0,164,-113,-51
6,7051,6|7051,0,0,0,0,74,74,6,30,0,251,-38,-213
6,7091,6|7091,0,0,0,0,1876,1876,41,704,264,12642,-1131,-11775
6,7095,6|7095,0,1,0,0,582,582,44,323,20,5684,-214,-5489
6,7120,6|7120,0,0,0,0,3,3,0,4,0,1,1,-2
6,7144,6|7144,0,0,0,0,1395,1395,75,382,56,5430,-938,-4548
6,7151,6|7151,0,0,0,0,857,857,51,209,28,6849,-597,-6280
6,14532,6|14532,0,0,0,0,0,0,0,0,0,15,0,-15
6,14533,6|14533,0,199,11,0,1807,1807,31,377,135,11038,-1200,-9763
6,14555,6|14555,0,173,9,0,6,6,0,3,0,6,170,6
6,14724,6|14724,0,0,0,0,0,0,0,0,0,5,0,-5
6,14819,6|14819,0,0,0,0,0,0,0,0,0,17,0,-17
6,14913,6|14913,0,0,0,0,5,5,0,0,0,5,-5,0
6,14915,6|14915,0,0,2,0,3,3,0,0,0,9,-3,-4
6,14960,6|14960,0,0,0,0,8,8,0,12,0,9,4,-13
6,14965,6|14965,0,0,0,0,12,12,0,11,0,1,-1,0
6,14988,6|14988,0,0,0,0,0,0,0,0,0,2,0,-2
6,14996,6|14996,0,0,0,0,73,73,0,1,6,77,-72,-11
6,15005,6|15005,0,0,0,0,5,5,0,0,4,1,-5,0
6,15020,6|15020,0,0,0,0,46,46,0,0,0,53,-46,-7
6,15396,6|15396,0,0,0,0,0,0,0,0,0,4,0,-4
6,15475,6|15475,0,238,13,0,0,0,0,4,0,0,242,9
6,15615,6|15615,0,0,0,0,0,0,0,5,0,5,5,-10
6,15616,6|15616,0,0,0,0,4,4,0,3,0,9,-1,-8
6,15617,6|15617,0,0,0,0,18,18,0,11,0,30,-7,-23
6,15629,6|15629,0,0,0,0,0,0,0,0,0,89,0,-89
6,15714,6|15714,0,0,0,0,0,0,0,0,0,8,0,-8
6,16389,6|16389,0,0,0,0,0,0,0,0,0,2,0,-2
6,16587,6|16587,0,0,0,0,0,0,0,4,0,65,4,-69
6,16895,6|16895,0,0,0,0,0,0,0,4,0,0,4,-4
6,17522,6|17522,0,241,13,0,1,1,0,1,0,0,241,13
6,17553,6|17553,0,0,0,0,0,0,0,0,0,16,0,-16
6,17975,6|17975,0,396,21,0,0,0,0,5,0,0,401,16
6,17977,6|17977,0,158,8,0,4,4,0,1,0,194,155,-183
6,17978,6|17978,0,237,13,0,0,0,0,7,0,0,244,6
6,18416,6|18416,0,0,0,0,0,0,0,0,0,6,0,-6
6,19322,6|19322,0,0,0,0,0,0,0,9,0,33,9,-42
6,19323,6|19323,0,0,0,0,0,0,0,5,0,26,5,-31
6,19570,6|19570,0,0,0,0,15,15,0,0,0,31,-15,-16
6,19576,6|19576,0,0,4,0,34,34,0,59,0,64,25,-85
6,19820,6|19820,0,445,23,0,0,0,0,4,0,0,449,19
6,19830,6|19830,0,218,12,0,0,0,1,13,1,2,232,-5
6,19831,6|19831,0,156,8,0,0,0,0,3,0,0,159,5
6,21467,6|21467,0,0,0,0,10,10,0,50,2,103,40,-145
6,21746,6|21746,0,358,19,0,0,0,0,4,0,0,362,15
6,21747,6|21747,0,573,30,0,0,0,0,2,0,0,575,28
6,21748,6|21748,0,572,30,0,0,0,0,4,0,0,576,26
6,21805,6|21805,0,0,0,0,6,6,0,10,0,6,4,-10
6,22026,6|22026,0,2362,124,0,7,7,0,7,0,80,2362,44
6,22080,6|22080,0,0,0,0,0,0,0,0,0,25,0,-25
6,22224,6|22224,0,0,0,0,0,0,0,0,0,7,0,-7
6,23136,6|23136,0,0,0,0,0,0,0,5,0,7,5,-12
6,23316,6|23316,0,0,0,0,0,0,0,0,25,6,0,-31
6,23393,6|23393,0,0,0,0,0,0,0,0,0,6,0,-6
6,24046,6|24046,0,0,0,0,0,0,0,0,0,5,0,-5
6,24048,6|24048,0,142,8,0,22,22,0,24,4,604,144,-602
6,24049,6|24049,0,161,9,0,0,0,0,2,1,20,163,-14
6,24051,6|24051,0,0,0,0,2,2,0,7,0,9,5,-14
6,24055,6|24055,0,0,1,0,25,25,0,5,0,92,-20,-71
6,24063,6|24063,0,0,0,0,2,2,2,12,0,94,12,-106
6,24205,6|24205,0,0,0,0,1,1,0,0,0,2,-1,-1
6,24208,6|24208,0,0,0,0,0,0,0,0,0,6,0,-6
6,24285,6|24285,0,0,0,0,0,0,0,4,0,6,4,-10
6,24825,6|24825,0,0,0,0,0,0,0,0,0,27,0,-27
6,24826,6|24826,0,0,0,0,0,0,0,0,0,7,0,-7
6,25114,6|25114,0,0,0,0,0,0,0,0,0,8,0,-8
6,25115,6|25115,0,0,0,0,0,0,0,0,2,59,0,-61
6,25424,6|25424,0,0,0,0,0,0,0,3,5,20,3,-28
6,25447,6|25447,0,0,0,0,0,0,0,0,0,8,0,-8
6,27184,6|27184,0,0,0,0,0,0,0,0,0,7,0,-7
6,27756,6|27756,0,0,0,0,0,0,0,0,0,10,0,-10
6,28176,6|28176,0,0,0,0,0,0,0,1,0,13,1,-14
6,28270,6|28270,0,0,0,0,0,0,0,0,0,8,0,-8
6,30174,6|30174,0,0,0,0,0,0,0,2,0,38,2,-40
6,30180,6|30180,0,0,0,0,0,0,0,0,0,6,0,-6
6,30188,6|30188,0,0,0,0,0,0,0,0,0,25,0,-25
6,30705,6|30705,0,0,5,0,0,0,0,1,0,5,1,-1
6,31326,6|31326,0,0,0,0,0,0,0,0,0,11,0,-11
6,31843,6|31843,0,0,0,0,0,0,0,0,7,37,0,-44
6,32118,6|32118,0,0,0,0,1,1,0,24,0,26,23,-49
6,32262,6|32262,0,0,0,0,0,0,0,0,0,20,0,-20
6,32285,6|32285,0,0,0,0,4,4,0,0,0,8,-4,-4
6,32286,6|32286,0,0,0,0,0,0,0,6,0,8,6,-14
6,32350,6|32350,0,0,0,0,0,0,0,12,0,52,12,-64
6,32458,6|32458,0,182,10,0,23,23,0,2,0,34,161,-3
6,33207,6|33207,0,0,0,0,0,0,0,0,0,6,0,-6
6,34035,6|34035,0,0,0,0,0,0,0,0,0,7,0,-7
6,34509,6|34509,0,0,0,0,0,0,0,0,5,31,0,-36
6,34694,6|34694,0,0,0,0,0,0,0,9,0,5,9,-14
6,35327,6|35327,0,0,0,0,0,0,0,0,0,22,0,-22
6,35372,6|35372,0,0,0,0,661,661,16,303,101,3670,-342,-3429
6,35373,6|35373,0,0,0,0,503,503,8,299,7,2106,-196,-1917
6,35374,6|35374,0,0,0,0,386,386,8,274,45,1802,-104,-1743
6,35403,6|35403,0,0,0,0,0,0,0,0,0,20,0,-20
6,35404,6|35404,0,0,0,0,0,0,0,7,0,7,7,-14
6,35636,6|35636,0,0,0,0,932,932,8,390,44,3763,-534,-3273
6,36091,6|36091,0,0,0,0,0,0,0,0,0,3,0,-3
6,36092,6|36092,0,0,0,0,0,0,0,7,6,5,7,-18
6,36356,6|36356,0,0,0,0,0,0,0,0,0,0,0,0
6,36419,6|36419,0,0,0,0,0,0,0,1,0,12,1,-13
6,36420,6|36420,0,0,0,0,0,0,0,0,0,6,0,-6
6,36490,6|36490,0,0,0,0,0,0,0,0,0,20,0,-20
6,36508,6|36508,0,0,0,0,0,0,0,0,5,13,0,-18
6,37275,6|37275,0,0,0,0,0,0,0,0,0,6,0,-6
6,37833,6|37833,0,0,0,0,0,0,0,0,0,17,0,-17
6,39836,6|39836,0,0,0,0,0,0,0,7,0,5,7,-12
6,40659,6|40659,0,0,0,0,0,0,0,0,0,14,0,-14
6,40707,6|40707,0,0,0,0,0,0,0,0,0,15,0,-15
6,40732,6|40732,0,0,0,0,0,0,0,0,0,8,0,-8
6,40752,6|40752,0,0,0,0,0,0,0,0,0,8,0,-8
6,41276,6|41276,0,0,0,0,0,0,0,0,0,6,0,-6
6,41382,6|41382,0,0,0,0,0,0,0,0,14,63,0,-77
6,41384,6|41384,0,0,0,0,175,175,0,9,31,557,-166,-422
6,41405,6|41405,0,0,0,0,0,0,0,26,0,0,26,-26
6,41424,6|41424,0,0,0,0,0,0,0,0,0,7,0,-7
6,41425,6|41425,0,0,0,0,0,0,0,0,0,6,0,-6
6,41426,6|41426,0,0,0,0,0,0,0,8,0,7,8,-15
6,41580,6|41580,0,0,0,0,87,87,0,1,86,328,-86,-328
6,41823,6|41823,0,0,0,0,0,0,0,0,0,6,0,-6
6,41824,6|41824,0,0,0,0,0,0,0,0,0,13,0,-13
6,41825,6|41825,0,0,0,0,0,0,0,8,0,6,8,-14
6,42774,6|42774,0,0,0,0,0,0,0,2,0,6,2,-8
6,42775,6|42775,0,0,0,0,0,0,0,5,0,2,5,-7
6,42776,6|42776,0,0,0,0,0,0,0,0,0,8,0,-8
6,42786,6|42786,0,0,0,0,384,384,2,105,0,2641,-277,-2364
6,43219,6|43219,0,0,0,0,0,0,0,0,0,4,0,-4
6,43564,6|43564,0,0,0,0,35,35,0,4,6,118,-31,-93
6,43565,6|43565,0,0,0,0,0,0,0,0,23,71,0,-94
6,43566,6|43566,0,0,0,0,0,0,0,12,0,0,12,-12
6,43679,6|43679,0,0,0,0,0,0,0,0,0,9,0,-9
6,43930,6|43930,0,0,0,0,0,0,0,0,0,9,0,-9
6,43943,6|43943,0,0,0,0,0,0,0,0,0,2,0,-2
6,43946,6|43946,0,0,0,0,0,0,0,0,0,6,0,-6
6,43970,6|43970,0,0,0,0,0,0,0,6,0,7,6,-13
6,43978,6|43978,0,0,0,0,29,29,0,11,0,17,-18,1
6,43981,6|43981,0,0,0,0,0,0,0,0,0,0,0,0
6,44022,6|44022,0,0,0,0,0,0,0,0,0,0,0,0
6,44468,6|44468,0,0,0,0,0,0,0,0,0,0,0,0
6,45157,6|45157,0,0,0,0,336,336,0,79,2,893,-257,-638
6,45565,6|45565,0,0,0,0,33,33,0,6,0,404,-27,-377
8,4,8|4,0,0,0,0,0,0,0,0,0,1,0,-1
8,10833,8|10833,0,0,0,0,0,0,0,4,0,0,4,-4
8,10889,8|10889,0,0,0,0,0,0,0,18,0,0,18,-18
8,10907,8|10907,0,0,0,0,0,0,27,378,113,7917,405,-8435
8,10912,8|10912,0,0,0,0,0,0,9,98,1,291,107,-399
8,10940,8|10940,0,202,11,0,0,0,40,561,214,14485,803,-15289
8,10941,8|10941,0,0,0,0,0,0,0,1,0,7,1,-8
8,10944,8|10944,0,1968,104,0,22,22,41,514,195,8194,2501,-8818
8,10976,8|10976,0,0,0,0,0,0,1,4,12,169,5,-186
8,10978,8|10978,0,1,0,0,0,0,28,99,40,4324,128,-4491
8,10979,8|10979,0,2,0,0,0,0,0,25,0,22,27,-47
8,10992,8|10992,0,0,0,0,0,0,3,45,0,19,48,-67
8,10994,8|10994,0,134,7,0,8,8,18,313,120,6594,457,-7030
8,11019,8|11019,0,0,0,0,8,8,35,304,109,7219,331,-7659
8,11026,8|11026,0,0,0,0,0,0,0,0,0,8,0,-8
8,11037,8|11037,0,0,0,0,0,0,0,3,0,4,3,-7
8,11105,8|11105,0,3,0,0,0,0,0,27,6,53,30,-86
8,11109,8|11109,0,1913,101,0,0,0,0,8,1,5,1921,87
8,11110,8|11110,0,9,0,0,0,0,0,0,1,3,9,-4
8,11111,8|11111,0,0,0,0,0,0,0,2,1,35,2,-38
8,11115,8|11115,0,0,0,0,0,0,0,11,0,10,11,-21
8,11124,8|11124,0,223,12,0,0,0,0,8,0,0,231,4
8,11126,8|11126,0,0,0,0,0,0,0,24,3,26,24,-53
8,11173,8|11173,0,25,0,0,0,0,0,1,0,15,26,-16
8,11175,8|11175,0,717,38,0,0,0,0,30,0,43,747,-35
8,11182,8|11182,0,16,0,0,30,30,145,3152,688,29851,3283,-33806
8,11190,8|11190,0,0,0,0,0,0,0,0,0,18,0,-18
8,11224,8|11224,0,0,0,0,0,0,11,113,0,85,124,-209
8,11234,8|11234,0,0,0,0,0,0,15,318,84,2981,333,-3398
8,11236,8|11236,0,4,0,0,6,6,14,189,59,5603,201,-5859
8,11247,8|11247,0,0,0,0,0,0,0,6,0,0,6,-6
8,11254,8|11254,0,1279,67,0,0,0,11,217,97,2013,1507,-2271
8,11255,8|11255,0,1158,61,0,0,0,0,25,4,9,1183,23
8,11268,8|11268,0,0,0,0,0,0,0,63,13,589,63,-665
8,11312,8|11312,0,0,0,0,0,0,0,0,0,8,0,-8
8,11315,8|11315,0,0,0,0,0,0,0,172,2,519,172,-693
8,11344,8|11344,0,0,0,0,0,0,0,1,0,0,1,-1
8,11346,8|11346,0,0,0,0,0,0,0,6,8,18,6,-32
8,11418,8|11418,0,0,0,0,0,0,0,5,0,2,5,-7
8,11427,8|11427,0,0,0,0,58,58,17,5324,95,1715,5283,-7093
8,11439,8|11439,0,103,5,0,18,18,55,1373,561,12421,1513,-14387
8,11440,8|11440,0,0,0,0,0,0,45,911,287,8704,956,-9947
8,11442,8|11442,0,0,0,0,0,0,1,20,9,133,21,-163
8,11480,8|11480,0,0,0,0,0,0,0,0,0,35,0,-35
8,11481,8|11481,0,0,0,0,0,0,0,0,1,14,0,-15
8,11517,8|11517,0,0,0,0,0,0,0,4,0,0,4,-4
8,11523,8|11523,0,0,0,0,53,53,108,2438,353,30228,2493,-33074
8,11536,8|11536,0,0,0,0,0,0,0,2,0,9,2,-11
8,11547,8|11547,0,0,0,0,0,0,0,9,0,95,9,-104
8,11556,8|11556,0,0,0,0,0,0,0,0,0,8,0,-8
8,11563,8|11563,0,0,0,0,0,0,0,22,1,334,22,-357
8,11598,8|11598,0,0,0,0,0,0,1,0,0,7,1,-8
8,11641,8|11641,0,0,0,0,0,0,16,166,47,1215,182,-1444
8,11642,8|11642,0,0,0,0,0,0,2,70,7,500,72,-579
8,11646,8|11646,0,0,0,0,0,0,0,8,0,8,8,-16
8,11647,8|11647,0,0,0,0,0,0,0,18,1,23,18,-42
8,11721,8|11721,0,0,0,0,0,0,5,28,0,20,33,-53
8,11804,8|11804,0,1446,76,0,0,0,0,5,0,0,1451,71
8,11938,8|11938,0,0,0,0,0,0,6,13,0,200,19,-219
8,11939,8|11939,0,3,0,0,0,0,0,6,3,264,9,-273
8,11956,8|11956,0,206,11,0,0,0,1,118,20,2057,325,-2185
8,11969,8|11969,0,3,0,0,6,6,2,22,2,270,21,-290
8,11974,8|11974,0,0,0,0,0,0,0,9,0,1,9,-10
8,11995,8|11995,0,0,0,0,0,0,0,13,2,35,13,-50
8,11997,8|11997,0,13,1,0,0,0,0,9,0,48,22,-56
8,12000,8|12000,0,15,1,0,17,17,82,964,665,43137,1044,-44830
8,12140,8|12140,0,203,11,0,0,0,0,7,0,1,210,3
8,12164,8|12164,0,0,0,0,0,0,2,37,20,607,39,-666
8,14208,8|14208,0,3,0,0,0,0,0,28,7,30,31,-65
8,14211,8|14211,0,2,0,0,7,7,51,526,228,5798,572,-6596
8,14499,8|14499,0,0,0,0,0,0,0,7,0,225,7,-232
8,14500,8|14500,0,0,4,0,8,8,2,115,27,1438,109,-1570
8,14564,8|14564,0,0,0,0,0,0,0,6,0,3,6,-9
8,14782,8|14782,0,3,0,0,0,0,0,1,0,0,4,-1
8,14798,8|14798,0,0,0,0,0,0,0,4,0,3,4,-7
8,15335,8|15335,0,0,0,0,0,0,0,1,0,0,1,-1
8,15361,8|15361,0,0,0,0,0,0,0,14,0,15,14,-29
8,15464,8|15464,0,0,0,0,0,0,1,93,10,397,94,-501
8,15468,8|15468,0,0,0,0,0,0,33,727,209,1787,760,-2756
8,15591,8|15591,0,672,35,0,0,0,0,5,0,0,677,30
8,15593,8|15593,0,0,0,0,0,0,0,10,2,31,10,-43
8,15638,8|15638,0,0,0,0,0,0,0,1,2,39,1,-42
8,16133,8|16133,0,0,0,0,0,0,0,2,0,13,2,-15
8,16248,8|16248,0,0,0,0,0,0,0,0,0,6,0,-6
8,16249,8|16249,0,1272,67,0,0,0,2,59,4,211,1333,-209
8,16483,8|16483,0,0,0,0,0,0,0,9,0,6,9,-15
8,16959,8|16959,0,45,2,0,0,0,0,133,56,319,178,-506
8,16960,8|16960,0,10,1,0,0,0,0,27,21,136,37,-183
8,17317,8|17317,0,912,48,0,0,0,0,7,0,8,919,33
8,17608,8|17608,0,0,0,0,0,0,5,215,78,1219,220,-1517
8,17615,8|17615,0,491,26,0,0,0,0,0,5,3,491,18
8,17709,8|17709,0,583,31,0,0,0,0,20,0,12,603,-1
8,17755,8|17755,0,367,19,0,0,0,0,17,0,0,384,2
8,18117,8|18117,0,23,0,0,0,0,0,14,0,0,37,-14
8,18203,8|18203,0,664,35,0,0,0,0,23,0,20,687,-8
8,18243,8|18243,0,755,40,0,0,0,0,12,0,0,767,28
8,19053,8|19053,0,396,21,0,0,0,0,5,5,9,401,2
8,19492,8|19492,0,9,0,0,0,0,0,13,0,8,22,-21
8,19495,8|19495,0,0,0,0,0,0,0,1,0,16,1,-17
8,19957,8|19957,0,3946,215,0,0,0,24,407,142,5038,4377,-5396
8,21490,8|21490,0,0,0,0,16,16,34,1012,218,21642,1030,-22890
8,21715,8|21715,0,1,0,0,0,0,0,1,0,7,2,-8
8,21801,8|21801,0,2582,136,0,0,0,0,8,0,0,2590,128
8,21812,8|21812,0,0,0,0,20,20,32,1356,362,4791,1368,-6521
8,22058,8|22058,0,1202,63,0,0,0,0,11,0,1,1213,51
8,22059,8|22059,0,1355,71,0,0,0,0,2,0,4,1357,65
8,22235,8|22235,0,0,0,0,6,6,0,93,40,1569,87,-1696
8,22236,8|22236,0,0,0,0,6,6,0,20,0,19,14,-33
8,22237,8|22237,0,0,0,0,0,0,52,1247,219,23462,1299,-24980
8,22692,8|22692,0,573,30,0,0,0,0,9,0,0,582,21
8,22693,8|22693,0,1755,92,0,0,0,5,202,46,1377,1962,-1538
8,22694,8|22694,0,2231,117,0,0,0,0,18,0,13,2249,86
8,22695,8|22695,0,961,51,0,0,0,0,63,4,184,1024,-200
8,22917,8|22917,0,0,0,0,0,0,0,6,0,0,6,-6
8,22940,8|22940,0,0,5,0,0,0,0,21,0,153,21,-169
8,23083,8|23083,0,3,0,0,0,0,0,6,0,0,9,-6
8,23147,8|23147,0,1,0,0,0,0,0,6,0,0,7,-6
8,23261,8|23261,0,0,0,0,0,0,0,7,0,0,7,-7
8,23402,8|23402,0,887,47,0,0,0,24,108,16,712,1019,-813
8,23404,8|23404,0,878,46,0,0,0,8,140,38,1402,1026,-1542
8,23405,8|23405,0,0,0,0,0,0,0,8,0,45,8,-53
8,23406,8|23406,0,578,30,0,0,0,0,5,0,0,583,25
8,24117,8|24117,0,0,0,0,0,0,0,0,0,40,0,-40
8,24127,8|24127,0,0,0,0,0,0,0,0,0,30,0,-30
8,24183,8|24183,0,352,19,0,0,0,0,0,0,3,352,16
8,24350,8|24350,0,1957,103,0,0,0,0,53,4,198,2010,-152
8,24351,8|24351,0,1569,83,0,0,0,13,149,28,567,1731,-674
8,24352,8|24352,0,2238,118,0,0,0,0,1,5,12,2239,100
8,25629,8|25629,0,0,0,0,0,0,0,1,1,33,1,-35
8,26010,8|26010,0,0,0,0,0,0,0,12,0,10,12,-22
8,26219,8|26219,0,0,5,0,0,0,0,6,4,16,6,-21
8,26316,8|26316,0,0,0,0,0,0,0,6,0,52,6,-58
8,26317,8|26317,0,0,0,0,0,0,0,3,11,203,3,-217
8,27191,8|27191,0,493,26,0,0,0,0,1,3,7,494,15
8,27192,8|27192,0,277,15,0,0,0,0,5,0,9,282,1
8,27215,8|27215,0,189,10,0,0,0,0,22,10,4,211,-26
8,27225,8|27225,0,126,7,0,0,0,7,164,52,674,297,-890
8,27396,8|27396,0,0,0,0,0,0,0,4,1,46,4,-51
8,27430,8|27430,0,0,0,0,0,0,0,1,0,161,1,-162
8,27432,8|27432,0,0,0,0,3,3,5,224,38,2903,226,-3167
8,27489,8|27489,0,0,0,0,0,0,1,24,1,350,25,-376
8,27558,8|27558,0,0,0,0,6,6,4,134,13,786,132,-931
8,27695,8|27695,0,0,0,0,0,0,0,0,0,55,0,-55
8,27773,8|27773,0,1049,55,0,0,0,0,3,1,2,1052,49
8,28049,8|28049,0,0,4,0,0,0,0,0,0,11,0,-7
8,28081,8|28081,0,0,0,0,0,0,0,2,0,6,2,-8
8,29550,8|29550,0,380,20,0,0,0,0,4,0,9,384,7
8,29739,8|29739,0,723,38,0,0,0,0,57,0,43,780,-62
8,30201,8|30201,0,868,46,0,0,0,0,136,55,214,1004,-359
8,30427,8|30427,0,294,16,0,0,0,0,14,1,353,308,-352
8,30554,8|30554,0,0,0,0,0,0,0,1,0,3,1,-4
8,30595,8|30595,0,0,0,0,0,0,0,4,0,3,4,-7
8,30730,8|30730,0,209,11,0,0,0,7,398,101,1063,614,-1558
8,30738,8|30738,0,136,7,0,0,0,0,45,9,44,181,-91
8,31291,8|31291,0,147,8,0,0,0,0,40,10,230,187,-272
8,31678,8|31678,0,0,0,0,0,0,2,311,51,649,313,-1013
8,31801,8|31801,0,0,0,0,0,0,0,0,0,46,0,-46
8,31803,8|31803,0,0,0,0,0,0,0,4,0,421,4,-425
8,32741,8|32741,0,0,0,0,0,0,0,0,0,23,0,-23
8,32967,8|32967,0,0,0,0,0,0,0,51,19,53,51,-123
8,32968,8|32968,0,0,1,0,0,0,0,73,16,55,73,-143
8,33410,8|33410,0,0,0,0,0,0,0,5,0,1,5,-6
8,34429,8|34429,0,0,0,0,29,29,71,1197,410,16879,1239,-18528
8,35697,8|35697,0,0,0,0,0,0,0,114,3,144,114,-261
8,35698,8|35698,0,0,0,0,0,0,0,55,29,244,55,-328
8,35699,8|35699,0,0,0,0,0,0,0,96,14,137,96,-247
8,35700,8|35700,0,0,0,0,0,0,0,63,30,215,63,-308
8,35701,8|35701,0,0,0,0,0,0,0,261,8,461,261,-730
8,35702,8|35702,0,0,0,0,0,0,0,0,0,10,0,-10
8,35703,8|35703,0,0,0,0,0,0,0,6,0,10,6,-16
8,35704,8|35704,0,0,0,0,0,0,0,34,10,49,34,-93
8,35705,8|35705,0,0,0,0,0,0,0,20,0,73,20,-93
8,35706,8|35706,0,0,0,0,0,0,0,11,2,14,11,-27
8,35707,8|35707,0,0,0,0,0,0,0,46,8,104,46,-158
8,35708,8|35708,0,0,0,0,0,0,0,35,7,166,35,-208
8,35709,8|35709,0,0,0,0,0,0,0,16,0,5,16,-21
8,35712,8|35712,0,0,0,0,0,0,0,7,6,91,7,-104
8,35713,8|35713,0,0,0,0,0,0,0,106,2,120,106,-228
8,35714,8|35714,0,0,0,0,0,0,0,40,6,18,40,-64
8,35715,8|35715,0,0,0,0,0,0,0,14,0,0,14,-14
8,35716,8|35716,0,0,0,0,0,0,0,14,0,88,14,-102
8,35720,8|35720,0,0,0,0,0,0,11,34,2,199,45,-246
8,35722,8|35722,0,0,0,0,0,0,0,2,8,15,2,-25
8,35723,8|35723,0,0,0,0,0,0,0,8,0,11,8,-19
8,35724,8|35724,0,0,0,0,0,0,0,64,6,192,64,-262
8,35725,8|35725,0,0,0,0,0,0,0,8,10,120,8,-138
8,35727,8|35727,0,0,0,0,0,0,0,6,12,21,6,-39
8,35728,8|35728,0,0,0,0,0,0,0,30,1,75,30,-106
8,35729,8|35729,0,0,0,0,0,0,0,28,4,89,28,-121
8,35731,8|35731,0,0,0,0,0,0,0,34,0,1,34,-35
8,35732,8|35732,0,0,0,0,0,0,0,25,2,92,25,-119
8,35733,8|35733,0,0,0,0,0,0,0,14,8,75,14,-97
8,35734,8|35734,0,0,0,0,0,0,0,20,0,4,20,-24
8,35735,8|35735,0,0,0,0,0,0,0,153,5,318,153,-476
8,35736,8|35736,0,0,0,0,0,0,0,16,8,24,16,-48
8,35737,8|35737,0,0,0,0,0,0,0,45,1,164,45,-210
8,35754,8|35754,0,0,0,0,0,0,0,5,5,32,5,-42
8,35755,8|35755,0,0,0,0,0,0,0,8,0,1,8,-9
8,35756,8|35756,0,0,0,0,0,0,0,0,2,16,0,-18
8,35757,8|35757,0,0,0,0,0,0,0,7,1,17,7,-25
8,35758,8|35758,0,0,0,0,0,0,0,8,11,27,8,-46
8,35759,8|35759,0,0,0,0,0,0,0,2,14,38,2,-54
8,36301,8|36301,0,0,0,0,6,6,70,2006,236,22918,2070,-25224
8,36302,8|36302,0,0,0,0,0,0,26,440,141,8098,466,-8705
8,36390,8|36390,0,0,0,0,0,0,0,90,8,49,90,-147
8,36391,8|36391,0,0,0,0,0,0,0,2,6,14,2,-22
8,36393,8|36393,0,0,0,0,0,0,0,1,0,5,1,-6
8,36763,8|36763,0,0,0,0,0,0,0,3,2,59,3,-64
8,36764,8|36764,0,0,0,0,0,0,0,44,13,80,44,-137
8,36765,8|36765,0,0,0,0,0,0,0,12,0,65,12,-77
8,37013,8|37013,0,0,0,0,0,0,0,17,0,29,17,-46
8,37014,8|37014,0,0,0,0,0,0,0,35,7,79,35,-121
8,37015,8|37015,0,0,0,0,0,0,0,0,0,18,0,-18
8,37017,8|37017,0,0,0,0,0,0,0,32,0,29,32,-61
8,37022,8|37022,0,0,0,0,0,0,0,11,0,8,11,-19
8,37057,8|37057,0,0,0,0,0,0,2,132,34,1367,134,-1535
8,37063,8|37063,0,0,0,0,0,0,0,2,0,46,2,-48
8,37594,8|37594,0,0,0,0,0,0,0,156,27,549,156,-732
8,37618,8|37618,0,0,0,0,0,0,0,3,0,5,3,-8
8,37809,8|37809,0,0,0,0,8,8,2,195,60,2951,189,-3200
8,40084,8|40084,0,0,0,0,6,6,17,760,90,12306,771,-13167
8,40110,8|40110,0,0,0,0,0,0,0,1842,14,1063,1842,-2919
8,40247,8|40247,0,0,0,0,0,0,0,2,0,5,2,-7
8,40390,8|40390,0,0,0,0,0,0,20,1248,141,4489,1268,-5898
8,40466,8|40466,0,0,0,0,0,0,0,8,0,38,8,-46
8,40467,8|40467,0,0,0,0,0,0,0,53,19,50,53,-122
8,40468,8|40468,0,0,0,0,0,0,0,54,0,116,54,-170
8,40469,8|40469,0,0,0,0,0,0,0,169,0,377,169,-546
8,40470,8|40470,0,0,0,0,0,0,0,40,0,56,40,-96
8,40471,8|40471,0,0,0,0,0,0,0,30,0,30,30,-60
8,40536,8|40536,0,0,0,0,0,0,0,122,0,198,122,-320
8,40537,8|40537,0,0,0,0,0,0,0,18,0,40,18,-58
8,40573,8|40573,0,0,0,0,0,0,0,29,2,234,29,-265
8,40622,8|40622,0,0,0,0,0,0,0,0,0,9,0,-9
8,40640,8|40640,0,0,0,0,0,0,0,3,0,21,3,-24
8,40909,8|40909,0,0,0,0,22,22,34,769,217,21760,781,-22758
8,40910,8|40910,0,0,0,0,0,0,0,42,0,78,42,-120
8,40921,8|40921,0,0,0,0,15,15,6,401,110,5757,392,-6259
8,40973,8|40973,0,0,0,0,0,0,0,1,0,6,1,-7
8,41347,8|41347,0,0,0,0,0,0,0,5,5,15,5,-25
8,41578,8|41578,0,0,0,0,0,0,15,465,56,7490,480,-8026
8,41585,8|41585,0,0,0,0,0,0,0,21,0,36,21,-57
8,41771,8|41771,0,0,0,0,0,0,0,5,0,7,5,-12
8,41837,8|41837,0,0,0,0,0,0,6,20,0,27,26,-53
8,41901,8|41901,0,0,0,0,0,0,27,201,17,2666,228,-2911
8,41934,8|41934,0,0,0,0,1,1,3,56,3,1933,58,-1994
8,41957,8|41957,0,0,0,0,0,0,0,6,4,18,6,-28
8,41958,8|41958,0,0,0,0,0,0,0,3,0,7,3,-10
8,41969,8|41969,0,0,0,0,6,6,0,261,17,5413,255,-5685
8,42140,8|42140,0,0,0,0,0,0,0,4,0,8,4,-12
8,42261,8|42261,0,0,0,0,0,0,9,336,19,4672,345,-5036
8,42262,8|42262,0,0,0,0,0,0,5,185,33,2570,190,-2793
8,42802,8|42802,0,0,0,0,0,0,0,1,0,13,1,-14
8,42815,8|42815,0,0,0,0,0,0,0,16,0,29,16,-45
8,42816,8|42816,0,0,0,0,0,0,0,26,0,18,26,-44
8,42817,8|42817,0,0,0,0,0,0,0,36,0,47,36,-83
8,42818,8|42818,0,0,0,0,0,0,0,26,0,11,26,-37
8,42819,8|42819,0,0,0,0,0,0,0,56,5,25,56,-86
8,42820,8|42820,0,0,0,0,0,0,0,18,0,12,18,-30
8,42821,8|42821,0,0,0,0,0,0,0,15,0,10,15,-25
8,42822,8|42822,0,0,0,0,0,0,0,120,0,56,120,-176
8,42823,8|42823,0,0,0,0,0,0,0,7,0,36,7,-43
8,42824,8|42824,0,0,0,0,0,0,0,59,0,102,59,-161
8,42825,8|42825,0,0,0,0,0,0,0,264,0,179,264,-443
8,42826,8|42826,0,0,0,0,0,0,0,56,0,37,56,-93
8,42827,8|42827,0,0,0,0,0,0,0,49,3,46,49,-98
8,42828,8|42828,0,0,0,0,0,0,0,23,0,26,23,-49
8,42829,8|42829,0,0,0,0,0,0,0,104,0,32,104,-136
8,42830,8|42830,0,0,0,0,0,0,0,43,0,46,43,-89
8,42832,8|42832,0,0,0,0,0,0,0,22,0,29,22,-51
8,42833,8|42833,0,0,0,0,0,0,0,32,0,48,32,-80
8,42834,8|42834,0,0,0,0,0,0,0,40,0,9,40,-49
8,42835,8|42835,0,0,0,0,0,0,0,41,0,59,41,-100
8,42836,8|42836,0,0,0,0,0,0,0,16,0,22,16,-38
8,42837,8|42837,0,0,0,0,0,0,0,17,0,14,17,-31
8,42838,8|42838,0,0,0,0,0,0,0,64,2,44,64,-110
8,42839,8|42839,0,0,0,0,0,0,0,29,0,19,29,-48
8,42840,8|42840,0,0,0,0,0,0,0,86,0,30,86,-116
8,42841,8|42841,0,0,0,0,0,0,0,6,0,3,6,-9
8,42869,8|42869,0,0,0,0,0,0,0,14,0,51,14,-65
8,42870,8|42870,0,0,0,0,0,0,0,17,0,0,17,-17
8,42871,8|42871,0,0,0,0,0,0,0,93,0,76,93,-169
8,42872,8|42872,0,0,0,0,0,0,0,15,0,23,15,-38
8,42873,8|42873,0,0,0,0,0,0,0,33,0,24,33,-57
8,42874,8|42874,0,0,0,0,0,0,0,23,0,10,23,-33
8,42916,8|42916,0,0,0,0,0,0,0,24,5,32,24,-61
8,42930,8|42930,0,0,0,0,0,0,0,12,0,2,12,-14
8,43609,8|43609,0,0,0,0,0,0,0,1,0,17,1,-18
8,43731,8|43731,0,0,0,0,0,0,0,1,0,10,1,-11
8,43734,8|43734,0,0,0,0,0,0,0,10,0,54,10,-64
8,43872,8|43872,0,0,0,0,0,0,0,8,0,2,8,-10
8,44378,8|44378,0,0,0,0,0,0,7,121,9,7012,128,-7149
8,44392,8|44392,0,0,0,0,0,0,0,11,0,425,11,-436
8,44560,8|44560,0,0,0,0,0,0,0,24,0,187,24,-211
8,44932,8|44932,0,0,0,0,0,0,0,0,0,4,0,-4
8,44950,8|44950,0,0,0,0,0,0,0,0,0,8,0,-8
8,44958,8|44958,0,0,0,0,0,0,0,0,0,1,0,-1
8,44959,8|44959,0,0,0,0,0,0,0,3,0,205,3,-208
8,45053,8|45053,0,0,0,0,0,0,0,4,0,2,4,-6
8,45055,8|45055,0,0,0,0,0,0,0,6,0,228,6,-234
8,45122,8|45122,0,0,0,0,0,0,0,23,2,990,23,-1015
8,45371,8|45371,0,0,0,0,0,0,0,311,0,97,311,-408
8,45400,8|45400,0,0,0,0,0,0,0,23,0,194,23,-217
8,45670,8|45670,0,0,0,0,0,0,0,0,0,14,0,-14
9,4,9|4,0,0,0,0,0,0,0,1,0,7,1,-8
9,3965,9|3965,0,0,0,0,0,0,0,3,0,88,3,-91
9,3966,9|3966,0,0,0,0,0,0,0,2,0,98,2,-100
9,4141,9|4141,0,0,0,0,1,1,0,2,0,1,1,-2
9,4218,9|4218,0,0,0,0,0,0,0,12,0,424,12,-436
9,4309,9|4309,0,0,0,0,0,0,0,25,0,295,25,-320
9,4315,9|4315,0,0,0,0,0,0,0,1,0,96,1,-97
9,4458,9|4458,0,0,0,0,0,0,0,1,0,188,1,-189
9,4500,9|4500,0,0,0,0,0,0,0,0,0,14,0,-14
9,4522,9|4522,0,0,0,0,0,0,0,0,0,162,0,-162
9,4561,9|4561,0,0,0,0,0,0,0,0,0,5,0,-5
9,4625,9|4625,0,0,0,0,0,0,0,5,0,163,5,-168
9,4627,9|4627,0,0,0,0,0,0,0,0,0,90,0,-90
9,4629,9|4629,0,0,0,0,0,0,0,1,0,112,1,-113
9,7768,9|7768,0,0,0,0,0,0,0,0,0,1,0,-1
9,8449,9|8449,0,0,0,0,0,0,0,2,0,0,2,-2
9,8488,9|8488,0,0,0,0,0,0,0,25,0,13,25,-38
9,8504,9|8504,0,7,0,0,0,0,0,8,0,685,15,-693
9,8532,9|8532,0,0,0,0,0,0,2,37,0,457,39,-496
9,8540,9|8540,0,0,0,0,0,0,0,1,0,73,1,-74
9,8550,9|8550,0,0,0,0,0,0,0,0,4,0,0,-4
9,8557,9|8557,0,0,0,0,0,0,2,535,0,874,537,-1411
9,8561,9|8561,0,0,0,0,0,0,0,51,0,1517,51,-1568
9,8566,9|8566,0,0,0,0,0,0,0,51,4,1210,51,-1265
9,8569,9|8569,0,0,0,0,0,0,3,197,23,593,200,-816
9,8572,9|8572,0,0,0,0,0,0,0,0,0,24,0,-24
9,8585,9|8585,0,0,0,0,0,0,0,21,0,9,21,-30
9,8592,9|8592,0,0,0,0,0,0,7,0,0,75,7,-82
9,8601,9|8601,0,0,0,0,0,0,1,231,3,109,232,-344
9,8625,9|8625,0,0,0,0,0,0,4,42,0,466,46,-512
9,8635,9|8635,0,0,0,0,0,0,0,0,1,3,0,-4
9,8638,9|8638,0,0,0,0,0,0,1,80,5,166,81,-252
9,8647,9|8647,0,0,0,0,0,0,0,160,0,520,160,-680
9,8651,9|8651,0,0,0,0,0,0,0,7,0,9,7,-16
9,8658,9|8658,0,0,0,0,0,0,0,146,0,829,146,-975
9,8666,9|8666,0,105,6,0,0,0,0,14,57,104,119,-169
9,8670,9|8670,0,0,5,0,6,6,16,805,143,1601,815,-2554
9,8675,9|8675,0,0,0,0,4,4,2,247,5,287,245,-537
9,8689,9|8689,0,0,0,0,0,0,0,0,0,15,0,-15
9,8711,9|8711,0,0,0,0,0,0,0,0,0,23,0,-23
9,8845,9|8845,0,0,0,0,0,0,0,10,0,23,10,-33
9,8847,9|8847,0,0,0,0,0,0,0,8,0,14,8,-22
9,8876,9|8876,0,0,0,0,0,0,0,213,0,1054,213,-1267
9,8946,9|8946,0,0,0,0,0,0,0,0,0,0,0,0
9,12190,9|12190,0,0,0,0,0,0,0,11,0,9,11,-20
9,14213,9|14213,0,0,0,0,0,0,1,689,0,189,690,-879
9,14215,9|14215,0,0,0,0,0,0,0,1,0,1,1,-2
9,14247,9|14247,0,0,0,0,20,20,1,144,0,3764,125,-3889
9,14249,9|14249,0,0,0,0,0,0,0,58,13,1024,58,-1095
9,14250,9|14250,0,6,0,0,23,23,8,99,1,5564,90,-5649
9,14254,9|14254,0,0,0,0,0,0,14,87,17,5494,101,-5612
9,14258,9|14258,0,5,0,0,0,0,0,22,0,179,27,-201
9,14259,9|14259,0,3,0,0,6,6,0,153,0,5541,150,-5688
9,14260,9|14260,0,1,0,0,0,0,0,45,0,2795,46,-2840
9,14261,9|14261,0,1,0,0,6,6,10,288,0,5980,293,-6272
9,14262,9|14262,0,1,0,0,0,0,3,57,0,3254,61,-3314
9,14263,9|14263,0,0,0,0,0,0,1,53,0,2309,54,-2363
9,14264,9|14264,0,0,0,0,0,0,0,7,0,463,7,-470
9,14265,9|14265,0,1,0,0,0,0,5,22,0,2621,28,-2648
9,14267,9|14267,0,0,0,0,0,0,0,10,0,211,10,-221
9,14312,9|14312,0,0,0,0,0,0,0,0,0,2,0,-2
9,14317,9|14317,0,1,0,0,8,8,5,74,1,1451,72,-1523
9,14319,9|14319,0,0,0,0,13,13,15,135,0,3412,137,-3549
9,14347,9|14347,0,153,8,0,0,0,0,6,0,0,159,2
9,14406,9|14406,0,9,0,0,0,0,0,68,0,2910,77,-2978
9,14407,9|14407,0,0,0,0,0,0,5,63,0,2764,68,-2832
9,14410,9|14410,0,0,0,0,0,0,13,217,8,7050,230,-7288
9,14474,9|14474,0,0,3,0,0,0,0,4,0,13,4,-14
9,14505,9|14505,0,1,0,0,10,10,0,28,0,0,19,-18
9,14543,9|14543,0,0,5,0,0,0,3,180,15,1636,183,-1829
9,14544,9|14544,0,0,0,0,0,0,0,5,11,21,5,-37
9,14565,9|14565,0,0,0,0,6,6,1,186,0,5427,181,-5608
9,14567,9|14567,0,6,0,0,26,26,1,121,0,3931,102,-4027
9,14568,9|14568,0,4,0,0,16,16,3,128,0,5167,119,-5282
9,14569,9|14569,0,1,0,0,49,49,15,400,10,6126,367,-6502
9,14574,9|14574,0,0,0,0,0,0,0,12,0,142,12,-154
9,14575,9|14575,0,0,0,0,26,26,2,161,0,3982,137,-4119
9,14620,9|14620,0,0,0,0,0,0,0,0,0,20,0,-20
9,14638,9|14638,0,0,0,0,0,0,0,1,0,13,1,-14
9,14711,9|14711,0,1,0,0,98,98,8,425,0,11637,336,-11972
9,14712,9|14712,0,16,0,0,0,0,12,117,0,1356,145,-1485
9,14849,9|14849,0,0,1,0,0,0,2,52,24,1202,54,-1279
9,14850,9|14850,0,0,0,0,0,0,2,64,0,468,66,-534
9,15040,9|15040,0,1,0,0,0,0,0,0,0,20,1,-20
9,15045,9|15045,0,0,0,0,0,0,0,29,0,712,29,-741
9,15046,9|15046,0,0,0,0,0,0,0,13,0,23,13,-36
9,15148,9|15148,0,0,0,0,0,0,0,9,0,261,9,-270
9,15159,9|15159,0,0,0,0,0,0,0,1,0,19,1,-20
9,15199,9|15199,0,0,0,0,39,39,10,346,0,9601,317,-9918
9,15245,9|15245,0,0,4,0,0,0,0,15,0,0,15,-11
9,15259,9|15259,0,0,0,0,0,0,0,36,0,159,36,-195
9,15470,9|15470,0,0,0,0,0,0,0,18,0,217,18,-235
9,15506,9|15506,0,0,0,0,0,0,0,19,0,246,19,-265
9,15597,9|15597,0,0,2,0,0,0,0,0,0,54,0,-52
9,15598,9|15598,0,10,0,0,0,0,7,160,1,7017,177,-7185
9,15599,9|15599,0,0,0,0,23,23,2,174,0,5304,153,-5457
9,15604,9|15604,0,3,0,0,4,4,1,125,73,4067,125,-4262
9,15605,9|15605,0,3,0,0,0,0,6,88,4,4204,97,-4302
9,15606,9|15606,0,0,0,0,0,0,1,112,0,2412,113,-2525
9,15607,9|15607,0,3,0,0,0,0,3,84,4,1739,90,-1830
9,15608,9|15608,0,2,0,0,21,21,1,103,0,3947,85,-4030
9,15629,9|15629,0,0,0,0,0,0,0,1,0,337,1,-338
9,15632,9|15632,0,7,0,0,53,53,10,350,0,12973,314,-13280
9,15633,9|15633,0,0,0,0,89,89,11,561,1,20285,483,-20769
9,15663,9|15663,0,0,0,0,0,0,0,7,0,820,7,-827
9,15664,9|15664,0,3,0,0,0,0,1,66,0,3095,70,-3162
9,15875,9|15875,0,0,0,0,0,0,0,72,0,40,72,-112
9,15888,9|15888,0,0,0,0,0,0,1,69,16,1312,70,-1398
9,16004,9|16004,0,4,0,0,0,0,0,9,0,815,13,-824
9,16006,9|16006,0,0,0,0,0,0,0,34,0,257,34,-291
9,16436,9|16436,0,2,0,0,0,0,0,10,0,248,12,-258
9,16587,9|16587,0,0,0,0,0,0,0,1,0,184,1,-185
9,16698,9|16698,0,0,0,0,2,2,5,154,0,3157,157,-3314
9,16703,9|16703,0,0,2,0,0,0,0,6,0,348,6,-352
9,16752,9|16752,0,0,0,0,0,0,3,85,0,3578,88,-3666
9,16824,9|16824,0,0,3,0,0,0,0,0,0,0,0,3
9,16825,9|16825,0,213,11,0,0,0,0,0,5,0,213,6
9,17162,9|17162,0,3,0,0,4,4,2,101,53,3040,102,-3192
9,17213,9|17213,0,0,0,0,0,0,0,9,0,579,9,-588
9,17334,9|17334,0,3,0,0,0,0,0,12,0,522,15,-534
9,17398,9|17398,0,0,3,0,0,0,0,23,0,162,23,-182
9,17440,9|17440,0,0,0,0,0,0,0,10,0,70,10,-80
9,17463,9|17463,0,1,0,0,11,11,2,84,12,3398,76,-3485
9,17464,9|17464,0,0,0,0,5,5,0,21,0,465,16,-481
9,17525,9|17525,0,2,0,0,0,0,1,16,0,518,19,-535
9,17526,9|17526,0,4,0,0,12,12,0,0,0,112,-8,-100
9,17527,9|17527,0,1,0,0,7,7,3,115,0,4767,112,-4878
9,17598,9|17598,0,0,0,0,0,0,4,14,0,127,18,-145
9,17697,9|17697,0,0,0,0,0,0,0,9,0,106,9,-115
9,17758,9|17758,0,0,0,0,0,0,0,24,0,301,24,-325
9,17766,9|17766,0,0,0,0,0,0,0,29,0,643,29,-672
9,17870,9|17870,0,0,0,0,0,0,0,3,0,2,3,-5
9,17873,9|17873,0,0,0,0,0,0,0,0,0,1,0,-1
9,17878,9|17878,0,0,0,0,0,0,0,75,0,1265,75,-1340
9,17884,9|17884,0,0,0,0,0,0,1,76,0,712,77,-789
9,17886,9|17886,0,0,0,0,0,0,0,49,5,853,49,-907
9,17887,9|17887,0,0,0,0,0,0,2,116,0,1282,118,-1400
9,17923,9|17923,0,0,0,0,0,0,0,66,0,1015,66,-1081
9,17925,9|17925,0,0,0,0,0,0,0,12,0,3,12,-15
9,17963,9|17963,0,0,0,0,0,0,0,0,0,18,0,-18
9,18165,9|18165,0,0,0,0,0,0,6,40,0,840,46,-886
9,18173,9|18173,0,0,0,0,4,4,0,43,0,500,39,-539
9,18179,9|18179,0,0,0,0,0,0,0,56,0,177,56,-233
9,18181,9|18181,0,0,0,0,0,0,0,32,0,228,32,-260
9,18184,9|18184,0,0,0,0,0,0,0,13,0,6,13,-19
9,18221,9|18221,0,0,0,0,0,0,5,191,0,11888,196,-12084
9,18285,9|18285,0,0,0,0,0,0,0,51,20,114,51,-185
9,18287,9|18287,0,0,0,0,0,0,0,271,53,447,271,-771
9,18306,9|18306,0,8,0,0,0,0,1,4,0,1589,13,-1594
9,18385,9|18385,0,1,0,0,0,0,0,2,0,111,3,-113
9,18402,9|18402,0,0,5,0,0,0,0,0,0,7,0,-2
9,18453,9|18453,0,0,3,0,0,0,0,2,0,70,2,-69
9,18456,9|18456,0,0,0,0,0,0,0,7,0,2,7,-9
9,18471,9|18471,0,0,0,0,72,72,3,366,17,7563,297,-7877
9,18506,9|18506,0,0,0,0,0,0,0,0,0,214,0,-214
9,18547,9|18547,0,231,12,0,0,0,1,112,0,1035,344,-1136
9,18548,9|18548,0,170,9,0,0,0,0,93,0,847,263,-931
9,18549,9|18549,0,0,2,0,0,0,0,37,0,822,37,-857
9,18551,9|18551,0,227,12,0,0,0,0,0,0,5,227,7
9,18588,9|18588,0,0,4,0,17,17,0,9,0,1104,-8,-1092
9,18589,9|18589,0,0,0,0,17,17,0,17,0,681,0,-681
9,18739,9|18739,0,76,4,0,18,18,0,20,0,1125,78,-1123
9,18740,9|18740,0,0,5,0,14,14,0,3,0,1274,-11,-1258
9,18815,9|18815,0,1,0,0,5,5,1,53,0,886,50,-935
9,18909,9|18909,0,0,0,0,16,16,0,12,0,468,-4,-464
9,18926,9|18926,0,0,0,0,0,0,0,4,0,18,4,-22
9,18934,9|18934,0,0,0,0,0,0,0,0,0,6,0,-6
9,18935,9|18935,0,1,0,0,4,4,4,472,73,5924,473,-6469
9,18936,9|18936,0,0,0,0,5,5,0,40,0,1038,35,-1073
9,19005,9|19005,0,1,0,0,18,18,10,215,0,3357,208,-3564
9,19006,9|19006,0,0,0,0,0,0,0,28,0,480,28,-508
9,19015,9|19015,0,0,0,0,0,0,0,41,2,234,41,-277
9,19017,9|19017,0,19,0,0,53,53,14,1005,3,10399,985,-11368
9,19019,9|19019,0,0,0,0,16,16,0,34,0,554,18,-572
9,19023,9|19023,0,0,0,0,0,0,0,24,0,112,24,-136
9,19143,9|19143,0,0,1,0,0,0,2,13,8,21,15,-43
9,19322,9|19322,0,0,0,0,0,0,0,6,0,442,6,-448
9,19323,9|19323,0,0,0,0,0,0,0,6,0,441,6,-447
9,19465,9|19465,0,0,0,0,0,0,0,163,0,1129,163,-1292
9,19560,9|19560,0,0,0,0,0,0,1,157,15,3168,158,-3341
9,19616,9|19616,0,0,0,0,0,0,0,2,0,109,2,-111
9,19630,9|19630,0,0,0,0,0,0,0,25,0,1472,25,-1497
9,19726,9|19726,0,0,1,0,0,0,5,77,0,710,82,-791
9,19728,9|19728,0,0,0,0,0,0,4,211,3,3865,215,-4083
9,19729,9|19729,0,0,0,0,0,0,0,0,0,448,0,-448
9,19803,9|19803,0,21,0,0,0,0,0,0,0,48,21,-48
9,19804,9|19804,0,0,0,0,2,2,0,224,6,332,222,-560
9,20031,9|20031,0,0,0,0,8,8,0,17,0,584,9,-593
9,20187,9|20187,0,4,0,0,15,15,0,19,0,843,8,-847
9,20272,9|20272,0,0,0,0,0,0,0,0,0,1,0,-1
9,20273,9|20273,0,0,0,0,0,0,0,10,0,60,10,-70
9,20274,9|20274,0,0,0,0,0,0,0,16,0,27,16,-43
9,20325,9|20325,0,13,1,0,14,14,1,151,0,1453,151,-1590
9,20327,9|20327,0,12,0,0,0,0,0,143,7,747,155,-897
9,20426,9|20426,0,0,0,0,0,0,0,0,0,16,0,-16
9,20550,9|20550,0,0,0,0,0,0,0,0,0,9,0,-9
9,20558,9|20558,0,0,0,0,0,0,0,6,0,0,6,-6
9,20565,9|20565,0,0,0,0,4,4,0,0,0,106,-4,-102
9,20566,9|20566,0,0,0,0,0,0,1,1,0,10,2,-12
9,20663,9|20663,0,0,0,0,0,0,5,192,2,1986,197,-2185
9,20664,9|20664,0,0,0,0,0,0,1,86,3,827,87,-917
9,20666,9|20666,0,14,0,0,0,0,2,57,0,1414,73,-1473
9,20667,9|20667,0,15,0,0,0,0,0,52,0,1490,67,-1542
9,20668,9|20668,0,5,0,0,0,0,3,71,0,1417,79,-1491
9,20671,9|20671,0,0,0,0,0,0,0,13,0,199,13,-212
9,20748,9|20748,0,0,0,0,0,0,0,64,0,2073,64,-2137
9,20749,9|20749,0,0,0,0,87,87,13,264,2,5916,190,-6108
9,21010,9|21010,0,0,0,0,57,57,0,58,0,2372,1,-2373
9,21139,9|21139,0,0,0,0,0,0,1,48,2,1348,49,-1399
9,21157,9|21157,0,0,0,0,0,0,0,0,0,265,0,-265
9,21158,9|21158,0,0,0,0,0,0,0,15,0,189,15,-204
9,21410,9|21410,0,0,0,0,14,14,0,170,0,406,156,-562
9,21412,9|21412,0,0,0,0,0,0,0,6,0,31,6,-37
9,21476,9|21476,0,0,0,0,4,4,0,15,0,135,11,-146
9,21614,9|21614,0,0,0,0,0,0,1,63,0,2456,64,-2520
9,21615,9|21615,0,0,0,0,0,0,4,42,0,1615,46,-1661
9,21805,9|21805,0,0,0,0,0,0,0,1,0,39,1,-40
9,22080,9|22080,0,0,0,0,0,0,0,0,0,102,0,-102
9,22276,9|22276,0,0,0,0,0,0,0,14,0,22,14,-36
9,22278,9|22278,0,9,0,0,19,19,8,278,7,5746,276,-6020
9,22279,9|22279,0,0,0,0,62,62,2,133,0,4157,73,-4230
9,22280,9|22280,0,0,0,0,26,26,4,225,9,5729,203,-5941
9,22364,9|22364,0,0,0,0,12,12,4,271,0,5447,263,-5710
9,22530,9|22530,0,1,0,0,0,0,1,12,9,1641,14,-1663
9,22531,9|22531,0,9,0,0,50,50,3,98,0,1861,60,-1912
9,22707,9|22707,0,0,0,0,0,0,0,24,0,8,24,-32
9,22771,9|22771,0,0,0,0,3,3,0,1,0,106,-2,-104
9,23273,9|23273,0,0,5,0,0,0,0,0,0,0,0,5
9,23287,9|23287,0,0,0,0,0,0,0,14,0,9,14,-23
9,23288,9|23288,0,0,0,0,14,14,0,0,0,87,-14,-73
9,23367,9|23367,0,0,0,0,0,0,0,20,0,229,20,-249
9,23371,9|23371,0,0,0,0,0,0,0,2,0,5,2,-7
9,23372,9|23372,0,0,0,0,48,48,9,241,1,14676,202,-14879
9,23393,9|23393,0,0,0,0,0,0,0,5,0,108,5,-113
9,23395,9|23395,0,0,0,0,0,0,0,2,0,21,2,-23
9,23604,9|23604,0,1,0,0,0,0,0,7,0,5,8,-12
9,23605,9|23605,0,0,0,0,0,0,0,11,0,13,11,-24
9,23611,9|23611,0,0,0,0,0,0,4,38,0,754,42,-796
9,23680,9|23680,0,0,0,0,0,0,0,7,0,6,7,-13
9,23790,9|23790,0,4,0,0,1,1,5,143,5,3161,151,-3313
9,23791,9|23791,0,0,0,0,0,0,0,0,0,249,0,-249
9,23792,9|23792,0,0,0,0,0,0,0,0,0,226,0,-226
9,24099,9|24099,0,0,0,0,0,0,2,163,0,2776,165,-2941
9,24287,9|24287,0,0,0,0,0,0,0,18,0,128,18,-146
9,24292,9|24292,0,19,0,0,0,0,0,3,0,135,22,-138
9,24354,9|24354,0,0,2,0,0,0,4,46,0,1298,50,-1346
9,24625,9|24625,0,1,0,0,18,18,3,112,0,3256,98,-3353
9,24628,9|24628,0,0,0,0,2,2,2,15,0,514,15,-529
9,24676,9|24676,0,0,0,0,0,0,0,39,0,346,39,-385
9,24825,9|24825,0,0,0,0,0,0,0,19,4,173,19,-196
9,24826,9|24826,0,0,0,0,0,0,0,3,0,128,3,-131
9,24845,9|24845,0,0,0,0,0,0,0,3,0,104,3,-107
9,24846,9|24846,0,0,0,0,0,0,0,0,0,79,0,-79
9,24881,9|24881,0,0,0,0,0,0,0,4,0,4,4,-8
9,25078,9|25078,0,0,0,0,0,0,0,0,0,11,0,-11
9,25093,9|25093,0,0,0,0,36,36,15,339,16,6251,318,-6585
9,25094,9|25094,0,0,0,0,23,23,6,674,8,7319,657,-7984
9,25095,9|25095,0,0,0,0,0,0,0,33,0,445,33,-478
9,25096,9|25096,0,0,0,0,0,0,0,22,0,649,22,-671
9,25097,9|25097,0,0,0,0,16,16,0,370,10,4820,354,-5184
9,25098,9|25098,0,0,0,0,25,25,5,322,29,3746,302,-4077
9,25099,9|25099,0,0,0,0,0,0,0,24,0,648,24,-672
9,25100,9|25100,0,0,0,0,0,0,0,5,0,81,5,-86
9,25101,9|25101,0,0,0,0,0,0,0,7,0,43,7,-50
9,25115,9|25115,0,0,0,0,0,0,0,2,0,159,2,-161
9,25133,9|25133,0,0,0,0,0,0,0,0,0,32,0,-32
9,25136,9|25136,0,0,0,0,52,52,17,690,3,22020,655,-22678
9,25139,9|25139,0,0,0,0,0,0,0,5,0,160,5,-165
9,25140,9|25140,0,0,0,0,38,38,13,220,0,7189,195,-7384
9,25141,9|25141,0,0,0,0,0,0,0,0,0,90,0,-90
9,25142,9|25142,0,0,0,0,0,0,0,2,0,116,2,-118
9,25147,9|25147,0,0,0,0,168,168,23,482,0,13732,337,-14069
9,25152,9|25152,0,0,0,0,0,0,0,4,0,7,4,-11
9,25424,9|25424,0,0,0,0,0,0,0,0,0,66,0,-66
9,25447,9|25447,0,0,0,0,0,0,0,0,0,1,0,-1
9,25466,9|25466,0,0,0,0,0,0,0,0,0,9,0,-9
9,25592,9|25592,0,0,0,0,0,0,3,49,14,1945,52,-2011
9,25593,9|25593,0,0,0,0,61,61,4,239,0,6202,182,-6384
9,25595,9|25595,0,0,0,0,0,0,1,4,0,241,5,-246
9,25596,9|25596,0,0,0,0,0,0,0,5,0,212,5,-217
9,25598,9|25598,0,0,0,0,0,0,0,30,3,6,30,-39
9,25599,9|25599,0,0,4,0,0,0,7,299,3,608,306,-913
9,25648,9|25648,0,136,7,0,0,0,0,29,21,402,165,-445
9,25649,9|25649,0,136,7,0,0,0,0,109,36,866,245,-1004
9,25687,9|25687,0,0,0,0,0,0,0,4,0,187,4,-191
9,25970,9|25970,0,0,0,0,0,0,0,0,0,69,0,-69
9,26123,9|26123,0,0,2,0,0,0,0,14,0,6,14,-18
9,26124,9|26124,0,0,3,0,0,0,0,6,0,29,6,-32
9,26186,9|26186,0,0,0,0,0,0,0,17,0,301,17,-318
9,26187,9|26187,0,0,0,0,0,0,0,38,0,481,38,-519
9,26188,9|26188,0,0,0,0,0,0,0,9,0,208,9,-217
9,26409,9|26409,0,297,16,0,0,0,2,208,58,594,507,-846
9,26465,9|26465,0,0,0,0,5,5,0,47,0,863,42,-905
9,26645,9|26645,0,209,11,0,0,0,1,234,9,603,444,-836
9,26646,9|26646,0,0,3,0,0,0,0,0,0,2,0,1
9,26648,9|26648,0,0,0,0,0,0,0,78,7,225,78,-310
9,26762,9|26762,0,0,0,0,0,0,0,2,0,1,2,-3
9,26858,9|26858,0,0,0,0,0,0,3,188,0,2952,191,-3143
9,26859,9|26859,0,0,0,0,0,0,4,111,0,1988,115,-2103
9,26861,9|26861,0,0,0,0,0,0,0,20,0,1253,20,-1273
9,26937,9|26937,0,262,14,0,0,0,2,350,53,702,614,-1093
9,27067,9|27067,0,0,0,0,0,0,0,27,0,153,27,-180
9,27068,9|27068,0,0,0,0,0,0,0,7,0,8,7,-15
9,27069,9|27069,0,0,1,0,0,0,0,11,0,77,11,-87
9,27070,9|27070,0,0,0,0,0,0,0,4,0,76,4,-80
9,27210,9|27210,0,0,0,0,0,0,0,0,0,8,0,-8
9,27212,9|27212,0,0,0,0,0,0,0,8,0,11,8,-19
9,27397,9|27397,0,128,7,0,0,0,0,3,0,1,131,3
9,27639,9|27639,0,34,0,0,0,0,0,25,0,130,59,-155
9,27719,9|27719,0,0,0,0,0,0,0,0,0,0,0,0
9,27756,9|27756,0,0,0,0,0,0,0,4,0,47,4,-51
9,27863,9|27863,0,0,0,0,0,0,5,75,0,2516,80,-2596
9,27915,9|27915,0,0,0,0,14,14,0,20,0,311,6,-317
9,28057,9|28057,0,0,5,0,0,0,0,4,0,4,4,-3
9,28103,9|28103,0,0,0,0,4,4,0,92,0,1296,88,-1384
9,28114,9|28114,0,0,4,0,0,0,0,18,0,0,18,-14
9,28165,9|28165,0,0,0,0,0,0,0,1,0,135,1,-136
9,28212,9|28212,0,0,0,0,0,0,0,10,0,108,10,-118
9,28240,9|28240,0,0,0,0,0,0,0,1,0,123,1,-124
9,28263,9|28263,0,0,0,0,0,0,0,0,0,17,0,-17
9,28270,9|28270,0,0,0,0,0,0,0,0,0,51,0,-51
9,28350,9|28350,0,0,0,0,0,0,2,96,0,784,98,-882
9,28352,9|28352,0,0,0,0,0,0,2,27,9,532,29,-570
9,28353,9|28353,0,0,0,0,0,0,0,50,7,618,50,-675
9,28454,9|28454,0,0,0,0,0,0,0,14,0,36,14,-50
9,28455,9|28455,0,0,0,0,10,10,9,81,0,1186,80,-1266
9,28456,9|28456,0,0,0,0,0,0,1,7,0,483,8,-491
9,28457,9|28457,0,0,0,0,57,57,2,125,0,1695,70,-1765
9,28458,9|28458,0,0,0,0,17,17,4,202,4,2311,189,-2504
9,28459,9|28459,0,0,0,0,69,69,10,240,0,4167,181,-4348
9,28463,9|28463,0,0,0,0,0,0,0,9,0,26,9,-35
9,28464,9|28464,0,0,0,0,60,60,4,324,11,3429,268,-3708
9,28508,9|28508,0,194,10,0,0,0,1,9,0,10,204,-10
9,28626,9|28626,0,0,3,0,16,16,0,4,0,753,-12,-738
9,29207,9|29207,0,0,0,0,0,0,0,6,0,0,6,-6
9,29566,9|29566,0,0,0,0,52,52,3,352,11,6555,303,-6869
9,29680,9|29680,0,0,0,0,0,0,0,3,0,112,3,-115
9,29749,9|29749,0,0,0,0,0,0,0,15,0,13,15,-28
9,29762,9|29762,0,0,0,0,0,0,0,3,0,3,3,-6
9,29835,9|29835,0,0,3,0,0,0,0,7,0,4,7,-8
9,29891,9|29891,0,0,0,0,0,0,1,63,65,252,64,-381
9,29915,9|29915,0,0,0,0,0,0,0,7,0,115,7,-122
9,29916,9|29916,0,0,0,0,0,0,0,0,0,8,0,-8
9,29918,9|29918,0,0,0,0,9,9,1,14,0,636,6,-642
9,29926,9|29926,0,0,0,0,0,0,1,89,0,1616,90,-1706
9,29927,9|29927,0,0,0,0,0,0,16,380,0,3474,396,-3870
9,29929,9|29929,0,0,0,0,0,0,0,13,0,871,13,-884
9,29930,9|29930,0,0,0,0,0,0,0,0,0,24,0,-24
9,29932,9|29932,0,0,0,0,0,0,0,17,0,181,17,-198
9,29936,9|29936,0,0,0,0,32,32,4,487,0,2767,459,-3226
9,29939,9|29939,0,0,0,0,0,0,0,6,0,16,6,-22
9,30188,9|30188,0,0,0,0,0,0,0,12,0,82,12,-94
9,30280,9|30280,0,0,0,0,0,0,0,28,0,57,28,-85
9,30295,9|30295,0,0,0,0,0,0,0,0,0,77,0,-77
9,30335,9|30335,0,0,0,0,0,0,0,0,5,4,0,-9
9,30341,9|30341,0,0,5,0,0,0,0,3,0,0,3,2
9,30358,9|30358,0,0,0,0,0,0,0,1,0,3,1,-4
9,30579,9|30579,0,0,0,0,4,4,5,132,0,2573,133,-2706
9,30580,9|30580,0,0,0,0,31,31,2,274,0,2531,245,-2776
9,30581,9|30581,0,0,0,0,0,0,0,1,0,3,1,-4
9,30604,9|30604,0,127,7,0,0,0,0,63,70,63,190,-189
9,30606,9|30606,0,132,7,0,0,0,0,100,113,172,232,-378
9,30607,9|30607,0,323,17,0,0,0,0,129,0,85,452,-197
9,30608,9|30608,0,308,16,0,0,0,4,597,40,322,909,-947
9,30609,9|30609,0,166,9,0,0,0,0,123,37,168,289,-319
9,30610,9|30610,0,180,10,0,0,0,3,328,7,805,511,-1133
9,30611,9|30611,0,209,11,0,0,0,5,240,7,637,454,-878
9,30612,9|30612,0,180,10,0,0,0,0,152,2,395,332,-539
9,30620,9|30620,0,216,11,0,0,0,0,143,35,281,359,-448
9,30621,9|30621,0,228,12,0,0,0,1,214,59,330,443,-592
9,30623,9|30623,0,0,0,0,0,0,0,52,0,119,52,-171
9,30625,9|30625,0,0,0,0,0,0,0,60,1,132,60,-193
9,30627,9|30627,0,0,0,0,0,0,0,239,41,456,239,-736
9,30632,9|30632,0,0,0,0,0,0,0,3,0,65,3,-68
9,30634,9|30634,0,0,0,0,0,0,1,60,0,1621,61,-1682
9,30635,9|30635,0,0,0,0,0,0,0,7,0,53,7,-60
9,30636,9|30636,0,0,0,0,0,0,0,62,5,701,62,-768
9,30637,9|30637,0,0,0,0,0,0,2,253,1,1091,255,-1347
9,30645,9|30645,0,0,0,0,0,0,0,26,0,16,26,-42
9,30647,9|30647,0,0,0,0,0,0,0,23,0,21,23,-44
9,30651,9|30651,0,0,0,0,0,0,0,32,0,49,32,-81
9,30657,9|30657,0,0,0,0,0,0,0,2,0,6,2,-8
9,30659,9|30659,0,0,0,0,0,0,0,5,0,5,5,-10
9,30664,9|30664,0,0,0,0,0,0,0,11,0,152,11,-163
9,30666,9|30666,0,0,0,0,0,0,0,16,0,118,16,-134
9,30679,9|30679,0,0,0,0,0,0,0,0,7,0,0,-7
9,30680,9|30680,0,0,2,0,0,0,0,12,0,310,12,-320
9,30681,9|30681,0,0,1,0,0,0,0,25,0,321,25,-345
9,30682,9|30682,0,0,0,0,0,0,0,8,0,234,8,-242
9,30683,9|30683,0,0,0,0,28,28,0,150,0,1356,122,-1478
9,30684,9|30684,0,0,0,0,0,0,0,21,0,206,21,-227
9,30685,9|30685,0,0,3,0,0,0,0,21,0,401,21,-419
9,30686,9|30686,0,0,0,0,0,0,0,17,0,33,17,-50
9,30687,9|30687,0,0,0,0,0,0,0,39,0,88,39,-127
9,30710,9|30710,0,0,0,0,0,0,0,4,0,541,4,-545
9,30711,9|30711,0,0,0,0,0,0,0,7,0,1172,7,-1179
9,30731,9|30731,0,0,2,0,0,0,0,119,0,30,119,-147
9,30810,9|30810,0,0,0,0,0,0,0,6,0,3,6,-9
9,30811,9|30811,0,0,0,0,0,0,0,17,0,28,17,-45
9,30813,9|30813,0,0,0,0,0,0,0,45,2,577,45,-624
9,30814,9|30814,0,0,0,0,0,0,2,228,0,1016,230,-1246
9,30815,9|30815,0,399,21,0,0,0,0,193,89,453,592,-714
9,30816,9|30816,0,468,25,0,0,0,0,183,35,288,651,-481
9,30817,9|30817,0,0,3,0,0,0,0,37,0,218,37,-252
9,30818,9|30818,0,0,2,0,0,0,0,36,0,237,36,-271
9,30835,9|30835,0,0,0,0,0,0,0,53,0,1166,53,-1219
9,30857,9|30857,0,0,0,0,0,0,0,0,0,168,0,-168
9,30858,9|30858,0,0,0,0,0,0,1,30,0,549,31,-580
9,30862,9|30862,0,0,0,0,0,0,0,2,0,3,2,-5
9,30887,9|30887,0,0,0,0,61,61,2,131,0,4857,72,-4929
9,30888,9|30888,0,0,0,0,29,29,3,169,0,3775,143,-3918
9,30891,9|30891,0,0,0,0,138,138,5,186,1,9882,53,-9936
9,30892,9|30892,0,0,0,0,0,0,0,46,0,1772,46,-1818
9,30944,9|30944,0,0,0,0,0,0,0,47,0,1665,47,-1712
9,30945,9|30945,0,0,0,0,38,38,7,212,0,4491,181,-4672
9,30992,9|30992,0,0,0,0,1,1,3,172,22,2826,174,-3022
9,30997,9|30997,0,0,0,0,0,0,3,41,0,1341,44,-1385
9,31159,9|31159,0,0,0,0,0,0,0,44,14,275,44,-333
9,31198,9|31198,0,0,0,0,0,0,0,24,0,45,24,-69
9,31326,9|31326,0,0,0,0,0,0,0,0,0,8,0,-8
9,31546,9|31546,0,189,10,0,0,0,0,23,0,23,212,-36
9,31548,9|31548,0,0,5,0,0,0,0,80,5,66,80,-146
9,31554,9|31554,0,0,2,0,0,0,0,90,8,776,90,-872
9,31556,9|31556,0,184,10,0,0,0,0,21,0,188,205,-199
9,31557,9|31557,0,156,8,0,0,0,0,93,28,74,249,-187
9,31558,9|31558,0,199,11,0,0,0,0,43,20,503,242,-555
9,31559,9|31559,0,156,8,0,0,0,0,58,0,96,214,-146
9,31560,9|31560,0,0,5,0,0,0,0,17,5,25,17,-42
9,31612,9|31612,0,0,0,0,0,0,0,7,0,351,7,-358
9,31616,9|31616,0,0,0,0,61,61,10,452,14,11832,401,-12247
9,31649,9|31649,0,0,0,0,0,0,0,0,0,23,0,-23
9,31703,9|31703,0,112,6,0,0,0,0,7,0,78,119,-79
9,31706,9|31706,0,0,0,0,0,0,0,7,0,156,7,-163
9,31707,9|31707,0,0,0,0,0,0,25,414,12,4570,439,-5021
9,31710,9|31710,0,0,0,0,42,42,0,113,0,988,71,-1059
9,31794,9|31794,0,0,0,0,0,0,0,69,12,56,69,-137
9,31834,9|31834,0,0,0,0,18,18,0,160,0,1506,142,-1648
9,31843,9|31843,0,0,0,0,0,0,0,6,0,241,6,-247
9,31958,9|31958,0,0,0,0,0,0,0,2,0,11,2,-13
9,32060,9|32060,0,0,0,0,0,0,0,1,0,398,1,-399
9,32119,9|32119,0,0,0,0,61,61,18,414,9,15476,371,-15856
9,32137,9|32137,0,0,3,0,0,0,0,0,4,32,0,-33
9,32155,9|32155,0,0,0,0,0,0,0,7,0,2,7,-9
9,32161,9|32161,0,0,0,0,14,14,0,75,0,157,61,-218
9,32162,9|32162,0,0,0,0,34,34,0,86,0,598,52,-650
9,32164,9|32164,0,0,0,0,13,13,0,29,0,251,16,-267
9,32166,9|32166,0,0,0,0,27,27,3,424,9,3183,400,-3592
9,32167,9|32167,0,0,0,0,42,42,0,335,21,4175,293,-4489
9,32169,9|32169,0,0,0,0,16,16,0,230,0,1419,214,-1633
9,32170,9|32170,0,0,0,0,16,16,0,119,0,1389,103,-1492
9,32233,9|32233,0,0,0,0,0,0,0,32,0,589,32,-621
9,32234,9|32234,0,0,0,0,0,0,14,96,0,1650,110,-1760
9,32350,9|32350,0,0,0,0,0,0,0,15,0,43,15,-58
9,32494,9|32494,0,0,0,0,0,0,1,35,0,583,36,-619
9,32495,9|32495,0,0,0,0,0,0,0,5,0,299,5,-304
9,32496,9|32496,0,0,0,0,0,0,5,57,0,2025,62,-2087
9,32510,9|32510,0,0,0,0,0,0,7,60,0,1682,67,-1749
9,32533,9|32533,0,0,0,0,0,0,0,1,0,852,1,-853
9,32773,9|32773,0,0,1,0,0,0,0,0,0,1,0,0
9,32774,9|32774,0,0,0,0,33,33,0,94,0,2299,61,-2360
9,32775,9|32775,0,0,0,0,0,0,0,1,0,39,1,-40
9,32777,9|32777,0,0,2,0,0,0,0,0,0,284,0,-282
9,32778,9|32778,0,0,0,0,0,0,0,17,0,96,17,-113
9,32839,9|32839,0,0,0,0,0,0,0,61,49,270,61,-380
9,32841,9|32841,0,0,0,0,0,0,0,0,0,144,0,-144
9,32842,9|32842,0,130,7,0,0,0,6,194,82,983,330,-1258
9,32844,9|32844,0,0,2,0,0,0,0,22,14,331,22,-365
9,32847,9|32847,0,0,3,0,0,0,0,7,0,1,7,-5
9,32848,9|32848,0,0,0,0,0,0,0,4,0,8,4,-12
9,32851,9|32851,0,0,0,0,29,29,4,513,18,4428,488,-4934
9,32861,9|32861,0,0,0,0,0,0,0,0,0,184,0,-184
9,32872,9|32872,0,0,0,0,0,0,0,69,0,102,69,-171
9,32874,9|32874,0,0,0,0,0,0,0,7,0,62,7,-69
9,32888,9|32888,0,0,2,0,0,0,0,71,66,428,71,-563
9,32915,9|32915,0,0,2,0,0,0,0,44,0,399,44,-441
9,32916,9|32916,0,0,2,0,0,0,0,36,0,349,36,-383
9,32918,9|32918,0,0,0,0,0,0,0,109,4,58,109,-171
9,32919,9|32919,0,0,0,0,0,0,0,121,0,475,121,-596
9,32920,9|32920,0,0,2,0,0,0,0,39,0,383,39,-420
9,32921,9|32921,0,0,3,0,0,0,2,58,0,68,60,-125
9,32922,9|32922,0,0,0,0,0,0,0,96,0,431,96,-527
9,32923,9|32923,0,0,0,0,0,0,1,118,3,1566,119,-1688
9,32924,9|32924,0,0,0,0,16,16,0,131,10,2930,115,-3055
9,32925,9|32925,0,0,0,0,0,0,0,119,0,1065,119,-1184
9,32926,9|32926,0,0,0,0,0,0,0,64,0,1187,64,-1251
9,32927,9|32927,0,0,0,0,0,0,0,4,0,0,4,-4
9,32928,9|32928,0,0,0,0,10,10,3,156,4,3590,149,-3743
9,32929,9|32929,0,0,0,0,0,0,1,39,0,1302,40,-1342
9,32930,9|32930,0,0,0,0,0,0,1,22,0,890,23,-913
9,32931,9|32931,0,0,0,0,0,0,7,194,45,2611,201,-2857
9,32932,9|32932,0,0,0,0,7,7,5,180,14,3547,178,-3739
9,32933,9|32933,0,0,0,0,6,6,0,34,0,263,28,-291
9,32934,9|32934,0,0,2,0,5,5,0,21,0,175,16,-189
9,32936,9|32936,0,0,2,0,8,8,0,57,0,436,49,-483
9,32979,9|32979,0,0,0,0,0,0,4,69,0,912,73,-985
9,32980,9|32980,0,0,0,0,0,0,0,38,0,672,38,-710
9,32981,9|32981,0,0,0,0,12,12,0,12,0,909,0,-909
9,32990,9|32990,0,0,2,0,0,0,0,23,53,358,23,-432
9,32995,9|32995,0,0,0,0,0,0,0,0,0,4,0,-4
9,32996,9|32996,0,0,0,0,0,0,0,56,2,1173,56,-1231
9,32997,9|32997,0,0,0,0,11,11,6,160,3,1551,155,-1709
9,33036,9|33036,0,0,0,0,0,0,0,6,0,76,6,-82
9,33047,9|33047,0,0,0,0,17,17,5,230,0,4537,218,-4755
9,33048,9|33048,0,0,0,0,0,0,1,64,0,770,65,-835
9,33063,9|33063,0,0,0,0,0,0,1,44,0,898,45,-943
9,33064,9|33064,0,0,0,0,0,0,0,38,0,1103,38,-1141
9,33078,9|33078,0,0,0,0,0,0,0,16,0,4,16,-20
9,33080,9|33080,0,214,11,0,0,0,5,113,18,1274,332,-1399
9,33081,9|33081,0,72,4,0,0,0,0,57,0,201,129,-254
9,33082,9|33082,0,0,0,0,0,0,0,23,2,25,23,-50
9,33102,9|33102,0,0,0,0,6,6,9,268,5,7765,271,-8041
9,33103,9|33103,0,0,0,0,5,5,4,349,8,6129,348,-6485
9,33104,9|33104,0,0,0,0,0,0,4,67,0,2627,71,-2698
9,33207,9|33207,0,0,0,0,0,0,0,0,0,67,0,-67
9,33248,9|33248,0,0,3,0,0,0,0,73,0,109,73,-179
9,33250,9|33250,0,0,0,0,0,0,0,258,21,2052,258,-2331
9,33342,9|33342,0,0,0,0,0,0,0,18,0,13,18,-31
9,33390,9|33390,0,118,6,0,0,0,4,193,55,1483,315,-1729
9,33391,9|33391,0,0,5,0,0,0,4,148,3,1559,152,-1709
9,33622,9|33622,0,0,0,0,0,0,0,0,0,0,0,0
9,33773,9|33773,0,0,0,0,0,0,0,134,0,427,134,-561
9,33774,9|33774,0,0,0,0,0,0,0,3,0,2,3,-5
9,33778,9|33778,0,0,0,0,0,0,0,137,0,348,137,-485
9,33964,9|33964,0,0,0,0,54,54,0,221,0,2428,167,-2595
9,33965,9|33965,0,0,0,0,4,4,0,6,0,299,2,-301
9,33967,9|33967,0,0,0,0,7,7,0,110,0,769,103,-872
9,33968,9|33968,0,0,0,0,15,15,0,97,0,1574,82,-1656
9,33969,9|33969,0,0,0,0,3,3,0,23,0,451,20,-471
9,33970,9|33970,0,0,0,0,0,0,0,27,6,517,27,-550
9,33971,9|33971,0,0,0,0,20,20,0,100,0,1152,80,-1232
9,33972,9|33972,0,0,0,0,9,9,0,25,0,282,16,-298
9,33978,9|33978,0,0,0,0,0,0,0,1,0,312,1,-313
9,34035,9|34035,0,0,0,0,0,0,0,6,0,129,6,-135
9,34084,9|34084,0,0,0,0,0,0,0,10,26,72,10,-108
9,34107,9|34107,0,0,0,0,0,0,0,52,25,339,52,-416
9,34108,9|34108,0,28,0,0,9,9,0,97,9,605,116,-702
9,34109,9|34109,0,28,0,0,19,19,0,21,10,658,30,-670
9,34110,9|34110,0,0,1,0,13,13,0,173,0,506,160,-665
9,34111,9|34111,0,0,0,0,17,17,0,115,0,651,98,-749
9,34112,9|34112,0,0,0,0,0,0,0,1,0,139,1,-140
9,34113,9|34113,0,0,0,0,18,18,0,37,0,691,19,-710
9,34114,9|34114,0,0,1,0,0,0,0,4,0,140,4,-143
9,34115,9|34115,0,0,0,0,0,0,0,6,0,126,6,-132
9,34119,9|34119,0,0,0,0,12,12,0,49,0,187,37,-224
9,34120,9|34120,0,0,0,0,7,7,0,32,0,266,25,-291
9,34121,9|34121,0,0,2,0,10,10,0,48,0,388,38,-424
9,34193,9|34193,0,0,0,0,0,0,0,6,0,7,6,-13
9,34394,9|34394,0,0,0,0,0,0,0,10,0,123,10,-133
9,34400,9|34400,0,0,0,0,0,0,0,7,0,60,7,-67
9,34417,9|34417,0,0,0,0,0,0,0,0,0,8,0,-8
9,34509,9|34509,0,0,0,0,0,0,0,11,0,81,11,-92
9,34583,9|34583,0,0,0,0,0,0,0,3,0,4,3,-7
9,34618,9|34618,0,0,0,0,13,13,0,63,0,524,50,-574
9,34679,9|34679,0,0,0,0,0,0,0,17,0,161,17,-178
9,34687,9|34687,0,0,0,0,0,0,0,78,0,584,78,-662
9,34853,9|34853,0,0,0,0,0,0,0,6,0,22,6,-28
9,34878,9|34878,0,0,0,0,0,0,0,3,0,243,3,-246
9,34888,9|34888,0,0,0,0,0,0,0,1,0,41,1,-42
9,34889,9|34889,0,0,0,0,0,0,0,26,0,9,26,-35
9,34933,9|34933,0,0,0,0,0,0,0,0,0,13,0,-13
9,34936,9|34936,0,0,0,0,0,0,0,10,0,17,10,-27
9,34943,9|34943,0,0,0,0,0,0,0,66,0,1134,66,-1200
9,34989,9|34989,0,0,0,0,0,0,0,5,0,45,5,-50
9,34990,9|34990,0,0,0,0,0,0,0,13,0,55,13,-68
9,35047,9|35047,0,0,0,0,0,0,1,73,0,94,74,-168
9,35080,9|35080,0,0,0,0,0,0,0,15,0,176,15,-191
9,35118,9|35118,0,0,0,0,0,0,0,0,0,13,0,-13
9,35129,9|35129,0,0,0,0,8,8,1,57,7,950,50,-1007
9,35130,9|35130,0,0,0,0,9,9,2,120,8,1496,113,-1617
9,35131,9|35131,0,0,0,0,0,0,1,26,9,647,27,-683
9,35270,9|35270,0,0,0,0,0,0,0,17,0,223,17,-240
9,35271,9|35271,0,0,0,0,0,0,0,0,0,287,0,-287
9,35277,9|35277,0,0,0,0,0,0,0,0,0,197,0,-197
9,35327,9|35327,0,0,0,0,0,0,0,1,0,83,1,-84
9,35403,9|35403,0,0,0,0,0,0,0,0,0,15,0,-15
9,35509,9|35509,0,0,0,0,0,0,0,7,0,7,7,-14
9,35674,9|35674,0,0,0,0,0,0,0,0,0,20,0,-20
9,35763,9|35763,0,0,0,0,0,0,0,10,0,344,10,-354
9,35799,9|35799,0,0,0,0,0,0,0,28,0,587,28,-615
9,35800,9|35800,0,0,0,0,13,13,0,9,0,787,-4,-783
9,35801,9|35801,0,0,0,0,4,4,0,45,0,2933,41,-2974
9,35802,9|35802,0,0,0,0,0,0,1,35,2,632,36,-670
9,35803,9|35803,0,0,0,0,0,0,3,19,0,738,22,-760
9,35804,9|35804,0,0,0,0,0,0,0,3,0,236,3,-239
9,35805,9|35805,0,0,0,0,0,0,3,33,0,661,36,-697
9,35806,9|35806,0,0,0,0,0,0,0,6,0,475,6,-481
9,35807,9|35807,0,0,0,0,0,0,0,1,0,397,1,-398
9,35977,9|35977,0,0,0,0,0,0,0,2,0,73,2,-75
9,36054,9|36054,0,0,0,0,57,57,0,62,0,2487,5,-2492
9,36091,9|36091,0,0,0,0,0,0,0,0,0,20,0,-20
9,36115,9|36115,0,0,0,0,28,28,1,48,7,2940,21,-2968
9,36179,9|36179,0,0,0,0,14,14,0,27,0,206,13,-219
9,36180,9|36180,0,0,0,0,21,21,0,15,0,311,-6,-305
9,36182,9|36182,0,0,0,0,35,35,0,30,0,1109,-5,-1104
9,36183,9|36183,0,0,0,0,14,14,0,15,0,421,1,-422
9,36185,9|36185,0,0,0,0,11,11,0,14,0,260,3,-263
9,36186,9|36186,0,0,0,0,20,20,0,4,0,481,-16,-465
9,36188,9|36188,0,0,0,0,22,22,0,76,11,526,54,-591
9,36419,9|36419,0,0,0,0,0,0,0,0,0,0,0,0
9,36420,9|36420,0,0,0,0,0,0,0,0,0,12,0,-12
9,36481,9|36481,0,0,0,0,0,0,0,6,0,138,6,-144
9,36613,9|36613,0,0,0,0,0,0,1,23,0,536,24,-560
9,36653,9|36653,0,0,0,0,0,0,0,0,0,26,0,-26
9,36654,9|36654,0,0,0,0,0,0,0,1,0,30,1,-31
9,36915,9|36915,0,0,0,0,0,0,0,2,0,72,2,-74
9,36966,9|36966,0,0,0,0,3,3,0,19,0,386,16,-402
9,36968,9|36968,0,0,0,0,0,0,0,33,0,535,33,-568
9,36969,9|36969,0,0,0,0,0,0,0,35,0,470,35,-505
9,37074,9|37074,0,0,0,0,0,0,0,11,0,647,11,-658
9,37182,9|37182,0,0,0,0,0,0,0,1,0,114,1,-115
9,37184,9|37184,0,0,0,0,0,0,0,39,0,466,39,-505
9,37395,9|37395,0,0,0,0,0,0,0,10,0,67,10,-77
9,37521,9|37521,0,0,0,0,21,21,0,113,0,1489,92,-1581
9,37599,9|37599,0,0,0,0,0,0,0,0,0,6,0,-6
9,37680,9|37680,0,0,0,0,0,0,0,49,0,1652,49,-1701
9,37681,9|37681,0,0,0,0,0,0,0,2,3,49,2,-54
9,37682,9|37682,0,0,0,0,0,0,0,15,0,457,15,-472
9,37683,9|37683,0,0,0,0,0,0,0,1,0,260,1,-261
9,37685,9|37685,0,0,0,0,0,0,0,16,0,60,16,-76
9,37686,9|37686,0,0,0,0,0,0,0,25,0,332,25,-357
9,37687,9|37687,0,0,0,0,0,0,0,0,0,6,0,-6
9,37693,9|37693,0,0,0,0,6,6,0,34,0,274,28,-302
9,37696,9|37696,0,0,0,0,0,0,0,0,0,14,0,-14
9,37721,9|37721,0,0,0,0,0,0,0,165,10,241,165,-416
9,37722,9|37722,0,0,0,0,0,0,0,0,4,302,0,-306
9,37731,9|37731,0,0,0,0,0,0,0,1,0,55,1,-56
9,37746,9|37746,0,0,0,0,0,0,0,7,0,27,7,-34
9,37747,9|37747,0,0,0,0,0,0,0,5,0,13,5,-18
9,37763,9|37763,0,0,0,0,0,0,3,96,0,1276,99,-1375
9,37764,9|37764,0,0,0,0,0,0,1,69,0,1662,70,-1732
9,37853,9|37853,0,0,0,0,0,0,0,4,0,38,4,-42
9,37981,9|37981,0,0,0,0,9,9,2,175,0,4587,168,-4755
9,37982,9|37982,0,0,0,0,30,30,11,276,0,7172,257,-7429
9,37983,9|37983,0,0,0,0,48,48,1,282,2,8446,235,-8683
9,38084,9|38084,0,0,0,0,7,7,0,31,0,699,24,-723
9,38085,9|38085,0,0,0,0,92,92,4,290,0,9685,202,-9887
9,38211,9|38211,0,0,0,0,7,7,0,125,71,1362,118,-1551
9,38230,9|38230,0,0,0,0,0,0,0,0,0,48,0,-48
9,38235,9|38235,0,0,0,0,0,0,0,8,0,29,8,-37
9,38549,9|38549,0,0,0,0,1,1,1,89,0,602,89,-691
9,38554,9|38554,0,0,0,0,35,35,0,192,0,934,157,-1091
9,38567,9|38567,0,0,0,0,6,6,0,20,0,80,14,-94
9,38571,9|38571,0,0,0,0,13,13,0,49,0,342,36,-378
9,38572,9|38572,0,0,0,0,14,14,0,91,0,299,77,-376
9,38573,9|38573,0,0,0,0,0,0,0,56,0,334,56,-390
9,38574,9|38574,0,0,0,0,7,7,0,59,0,294,52,-346
9,38591,9|38591,0,0,0,0,6,6,0,7,0,183,1,-184
9,38612,9|38612,0,0,0,0,0,0,0,0,0,131,0,-131
9,38613,9|38613,0,0,0,0,0,0,0,24,0,651,24,-675
9,38615,9|38615,0,0,0,0,0,0,0,109,0,2949,109,-3058
9,38901,9|38901,0,0,0,0,0,0,0,18,0,2129,18,-2147
9,38926,9|38926,0,0,0,0,0,0,0,22,0,15,22,-37
9,38928,9|38928,0,0,0,0,2,2,0,79,0,1119,77,-1196
9,38931,9|38931,0,0,0,0,0,0,0,12,0,114,12,-126
9,38939,9|38939,0,0,0,0,6,6,0,31,18,525,25,-568
9,39115,9|39115,0,0,0,0,35,35,0,102,0,1271,67,-1338
9,39144,9|39144,0,0,0,0,0,0,0,1,0,236,1,-237
9,39428,9|39428,0,0,0,0,8,8,1,104,1,2451,97,-2549
9,39429,9|39429,0,0,0,0,90,90,5,287,0,3652,202,-3854
9,39529,9|39529,0,0,0,0,0,0,1,65,0,527,66,-593
9,39530,9|39530,0,0,0,0,0,0,0,2,0,371,2,-373
9,39531,9|39531,0,0,0,0,0,0,1,25,0,813,26,-839
9,39568,9|39568,0,0,0,0,0,0,0,7,0,186,7,-193
9,39614,9|39614,0,0,0,0,0,0,0,0,0,156,0,-156
9,39615,9|39615,0,0,0,0,0,0,0,0,0,234,0,-234
9,39834,9|39834,0,0,0,0,47,47,2,189,0,6189,144,-6333
9,39835,9|39835,0,0,0,0,1,1,1,50,0,1078,50,-1128
9,39851,9|39851,0,0,0,0,22,22,1,106,0,2731,85,-2816
9,40000,9|40000,0,0,0,0,37,37,2,239,0,1960,204,-2164
9,40145,9|40145,0,0,0,0,8,8,0,98,0,1322,90,-1412
9,40229,9|40229,0,0,0,0,4,4,0,26,0,389,22,-411
9,40265,9|40265,0,0,0,0,0,0,0,19,0,552,19,-571
9,40266,9|40266,0,0,0,0,0,0,0,6,0,519,6,-525
9,40267,9|40267,0,0,0,0,0,0,0,6,0,142,6,-148
9,40268,9|40268,0,0,0,0,0,0,0,3,0,24,3,-27
9,40355,9|40355,0,0,0,0,0,0,0,74,0,944,74,-1018
9,40426,9|40426,0,0,0,0,13,13,0,107,0,502,94,-596
9,40427,9|40427,0,0,0,0,10,10,0,117,0,424,107,-531
9,40429,9|40429,0,0,0,0,0,0,0,10,0,180,10,-190
9,40430,9|40430,0,0,0,0,0,0,0,12,0,437,12,-449
9,40431,9|40431,0,0,0,0,0,0,0,18,0,162,18,-180
9,40796,9|40796,0,0,0,0,0,0,0,13,0,1146,13,-1159
9,40797,9|40797,0,0,0,0,0,0,0,61,0,1669,61,-1730
9,40798,9|40798,0,0,0,0,0,0,0,8,0,40,8,-48
9,40817,9|40817,0,0,0,0,54,54,0,185,0,3944,131,-4075
9,40818,9|40818,0,0,0,0,0,0,0,51,0,753,51,-804
9,40880,9|40880,0,0,0,0,87,87,0,103,0,4199,16,-4215
9,41045,9|41045,0,0,0,0,45,45,3,214,0,2115,172,-2287
9,41046,9|41046,0,0,0,0,54,54,2,109,3,3038,57,-3098
9,41047,9|41047,0,0,0,0,0,0,0,18,5,1177,18,-1200
9,41048,9|41048,0,0,0,0,6,6,0,67,0,2163,61,-2224
9,41049,9|41049,0,0,0,0,0,0,0,21,0,363,21,-384
9,41050,9|41050,0,0,0,0,3,3,3,59,0,2258,59,-2317
9,41051,9|41051,0,0,0,0,0,0,0,26,0,353,26,-379
9,41052,9|41052,0,0,0,0,0,0,0,7,0,16,7,-23
9,41053,9|41053,0,0,0,0,8,8,0,114,0,1506,106,-1612
9,41054,9|41054,0,0,0,0,16,16,1,96,0,2820,81,-2901
9,41055,9|41055,0,0,0,0,0,0,0,3,0,307,3,-310
9,41056,9|41056,0,0,0,0,0,0,0,0,0,32,0,-32
9,41057,9|41057,0,0,0,0,0,0,0,5,0,24,5,-29
9,41058,9|41058,0,0,0,0,0,0,0,3,0,2,3,-5
9,41062,9|41062,0,0,0,0,0,0,0,0,0,4,0,-4
9,41142,9|41142,0,0,0,0,0,0,0,35,0,895,35,-930
9,41143,9|41143,0,0,0,0,0,0,0,8,0,557,8,-565
9,41300,9|41300,0,0,0,0,61,61,1,228,0,2568,168,-2736
9,41593,9|41593,0,0,0,0,105,105,4,168,0,7305,67,-7372
9,41594,9|41594,0,0,0,0,0,0,1,0,0,414,1,-415
9,41595,9|41595,0,0,0,0,67,67,1,221,0,4699,155,-4854
9,41649,9|41649,0,0,0,0,0,0,0,14,0,438,14,-452
9,41655,9|41655,0,0,0,0,0,0,0,5,0,89,5,-94
9,41656,9|41656,0,0,0,0,17,17,0,31,0,640,14,-654
9,41657,9|41657,0,0,0,0,0,0,0,8,0,135,8,-143
9,41658,9|41658,0,0,0,0,0,0,1,61,1,1166,62,-1229
9,41783,9|41783,0,0,0,0,0,0,0,28,0,177,28,-205
9,41784,9|41784,0,0,0,0,0,0,0,16,0,388,16,-404
9,41790,9|41790,0,0,0,0,0,0,0,1,0,324,1,-325
9,41903,9|41903,0,0,0,0,15,15,2,45,0,1580,32,-1612
9,41904,9|41904,0,0,0,0,10,10,0,22,0,291,12,-303
9,41905,9|41905,0,0,0,0,15,15,0,36,0,776,21,-797
9,41906,9|41906,0,0,0,0,24,24,0,44,0,515,20,-535
9,41922,9|41922,0,0,0,0,4,4,0,0,0,174,-4,-170
9,41923,9|41923,0,0,0,0,0,0,0,9,0,144,9,-153
9,41924,9|41924,0,0,0,0,0,0,0,2,0,56,2,-58
9,41929,9|41929,0,0,0,0,0,0,0,0,0,337,0,-337
9,41930,9|41930,0,0,0,0,0,0,0,0,0,15,0,-15
9,41983,9|41983,0,0,0,0,0,0,0,0,0,47,0,-47
9,42190,9|42190,0,0,0,0,0,0,1,0,0,59,1,-60
9,42330,9|42330,0,0,0,0,0,0,0,5,0,532,5,-537
9,42332,9|42332,0,0,0,0,0,0,1,32,0,2367,33,-2400
9,42795,9|42795,0,0,0,0,0,0,0,4,0,89,4,-93
9,42798,9|42798,0,0,0,0,0,0,0,8,0,121,8,-129
9,42850,9|42850,0,0,0,0,0,0,1,20,0,639,21,-660
9,42949,9|42949,0,0,0,0,0,0,0,0,0,9,0,-9
9,42950,9|42950,0,0,0,0,0,0,0,32,0,729,32,-761
9,42959,9|42959,0,0,0,0,14,14,0,20,0,502,6,-508
9,42960,9|42960,0,0,0,0,0,0,2,339,0,1471,341,-1812
9,43044,9|43044,0,0,0,0,0,0,0,9,0,58,9,-67
9,43051,9|43051,0,0,0,0,0,0,0,8,2,21,8,-31
9,43090,9|43090,0,0,0,0,0,0,0,11,0,315,11,-326
9,43091,9|43091,0,0,0,0,0,0,0,18,0,531,18,-549
9,43092,9|43092,0,0,0,0,0,0,0,0,0,16,0,-16
9,43344,9|43344,0,0,0,0,0,0,0,0,0,10,0,-10
9,43431,9|43431,0,0,0,0,40,40,0,51,0,259,11,-270
9,43432,9|43432,0,0,0,0,45,45,0,41,0,175,-4,-171
9,43433,9|43433,0,0,0,0,0,0,0,1,0,561,1,-562
9,43449,9|43449,0,0,0,0,0,0,0,69,0,251,69,-320
9,43570,9|43570,0,0,0,0,0,0,0,0,0,0,0,0
9,43571,9|43571,0,0,0,0,0,0,0,0,0,23,0,-23
9,43876,9|43876,0,0,0,0,0,0,0,8,0,0,8,-8
9,43877,9|43877,0,0,0,0,7,7,0,96,0,1102,89,-1191
9,43880,9|43880,0,0,0,0,5,5,1,58,0,818,54,-872
9,43881,9|43881,0,0,0,0,0,0,1,142,0,1843,143,-1986
9,44120,9|44120,0,0,0,0,0,0,1,64,0,579,65,-644
9,44139,9|44139,0,0,0,0,0,0,0,0,0,60,0,-60
9,44578,9|44578,0,0,0,0,18,18,1,137,0,1151,120,-1271
9,44579,9|44579,0,0,0,0,0,0,3,164,0,1241,167,-1408
9,44580,9|44580,0,0,0,0,0,0,0,0,0,143,0,-143
9,44584,9|44584,0,0,0,0,0,0,10,174,0,3820,184,-4004
9,44610,9|44610,0,0,0,0,0,0,0,0,0,13,0,-13
9,44618,9|44618,0,0,0,0,0,0,0,83,0,1179,83,-1262
9,44760,9|44760,0,0,0,0,0,0,0,1,0,133,1,-134
9,44900,9|44900,0,0,0,0,0,0,0,15,0,88,15,-103
9,44901,9|44901,0,0,0,0,0,0,0,0,0,70,0,-70
9,45140,9|45140,0,0,0,0,0,0,0,65,0,562,65,-627
9,45141,9|45141,0,0,0,0,6,6,1,34,0,1127,29,-1156
9,45160,9|45160,0,0,0,0,0,0,0,18,0,123,18,-141
9,45161,9|45161,0,0,0,0,0,0,0,2,0,122,2,-124
9,45162,9|45162,0,0,0,0,0,0,0,11,0,85,11,-96
9,45163,9|45163,0,0,0,0,0,0,0,0,0,85,0,-85
9,45165,9|45165,0,0,0,0,0,0,0,0,0,24,0,-24
9,45438,9|45438,0,0,0,0,0,0,0,0,0,19,0,-19
9,45439,9|45439,0,0,0,0,0,0,0,0,0,17,0,-17
9,45441,9|45441,0,0,0,0,0,0,0,0,0,47,0,-47
9,45446,9|45446,0,0,0,0,16,16,0,0,0,154,-16,-138
9,45650,9|45650,0,0,0,0,0,0,0,0,0,21,0,-21
9,45736,9|45736,0,0,0,0,0,0,0,0,0,16,0,-16
9,45738,9|45738,0,0,0,0,0,0,0,0,0,22,0,-22
9,45739,9|45739,0,0,0,0,0,0,0,0,0,27,0,-27
9,45741,9|45741,0,0,0,0,0,0,0,0,0,14,0,-14
9,45744,9|45744,0,0,0,0,0,0,0,0,0,139,0,-139
9,45759,9|45759,0,0,0,0,0,0,0,0,0,148,0,-148
9,45875,9|45875,0,0,0,0,0,0,0,0,0,3,0,-3
9,45881,9|45881,0,0,0,0,0,0,0,0,0,0,0,0
11,9852,11|9852,0,0,0,0,0,0,0,18,2,84,18,-104
11,9866,11|9866,0,0,0,0,0,0,0,11,0,108,11,-119
11,9890,11|9890,0,0,0,0,0,0,0,9,0,185,9,-194
11,9905,11|9905,0,0,0,0,0,0,0,9,0,66,9,-75
11,9907,11|9907,0,0,0,0,0,0,0,1,0,14,1,-15
11,9920,11|9920,0,0,0,0,0,0,0,0,0,25,0,-25
11,9930,11|9930,0,0,0,0,0,0,0,0,0,3,0,-3
11,9934,11|9934,0,0,0,0,0,0,0,11,0,19,11,-30
11,9962,11|9962,0,0,0,0,0,0,0,1,0,10,1,-11
11,9964,11|9964,0,0,0,0,0,0,0,11,0,146,11,-157
11,10041,11|10041,0,0,0,0,0,0,0,4,0,106,4,-110
11,10135,11|10135,0,0,0,0,0,0,0,5,0,160,5,-165
11,10191,11|10191,0,0,0,0,0,0,0,0,0,1,0,-1
11,10202,11|10202,0,0,0,0,0,0,0,2,0,8,2,-10
11,10233,11|10233,0,0,0,0,0,0,0,4,0,54,4,-58
11,10309,11|10309,0,0,0,0,0,0,0,0,0,1,0,-1
11,10319,11|10319,0,0,0,0,0,0,0,11,0,10,11,-21
11,10373,11|10373,0,0,0,0,0,0,0,19,0,1,19,-20
11,10392,11|10392,0,0,0,0,0,0,0,0,0,28,0,-28
11,10529,11|10529,0,0,0,0,0,0,0,31,0,105,31,-136
11,10707,11|10707,0,0,0,0,0,0,0,1,0,88,1,-89
11,10725,11|10725,0,0,0,0,0,0,0,5,0,47,5,-52
11,10732,11|10732,0,0,0,0,0,0,0,1,3,23,1,-27
11,14675,11|14675,0,0,0,0,0,0,0,0,4,2,0,-6
11,15057,11|15057,0,0,0,0,0,0,0,2,0,10,2,-12
11,16142,11|16142,0,0,0,0,0,0,0,1,0,35,1,-36
11,16495,11|16495,0,0,0,0,0,0,0,6,0,43,6,-49
11,17735,11|17735,0,0,0,0,0,0,0,8,0,38,8,-46
11,17907,11|17907,0,0,0,0,0,0,0,1,3,3,1,-7
11,18883,11|18883,0,0,0,0,0,0,0,1,0,13,1,-14
11,20291,11|20291,0,0,0,0,0,0,0,0,0,5,0,-5
11,20496,11|20496,0,0,0,0,0,0,0,0,0,11,0,-11
11,22129,11|22129,0,0,0,0,0,0,0,7,0,11,7,-18
11,26462,11|26462,0,0,0,0,0,0,0,0,0,48,0,-48
11,26982,11|26982,0,0,0,0,0,0,0,3,0,28,3,-31
11,26983,11|26983,0,0,0,0,0,0,0,6,1,33,6,-40
11,26984,11|26984,0,0,0,0,0,0,0,0,0,37,0,-37
11,26988,11|26988,0,0,0,0,0,0,0,0,0,12,0,-12
11,27005,11|27005,0,0,0,0,0,0,0,1,0,13,1,-14
11,27006,11|27006,0,0,0,0,0,0,0,2,0,14,2,-16
11,29650,11|29650,0,0,0,0,0,0,0,0,0,11,0,-11
11,29651,11|29651,0,0,0,0,0,0,0,3,0,54,3,-57
11,29653,11|29653,0,0,0,0,0,0,0,3,0,23,3,-26
11,29654,11|29654,0,0,0,0,0,0,0,0,0,10,0,-10
11,29655,11|29655,0,0,0,0,0,0,1,7,0,38,8,-46
11,29656,11|29656,0,0,0,0,0,0,0,0,0,10,0,-10
11,29657,11|29657,0,0,0,0,0,0,0,0,0,26,0,-26
11,29663,11|29663,0,0,0,0,0,0,0,0,0,4,0,-4
11,29767,11|29767,0,0,0,0,0,0,0,0,0,41,0,-41
11,30161,11|30161,0,0,0,0,0,0,0,0,0,39,0,-39
11,32174,11|32174,0,0,0,0,0,0,0,0,0,5,0,-5
11,32336,11|32336,0,0,0,0,0,0,0,0,0,10,0,-10
11,34388,11|34388,0,0,0,0,0,0,0,0,0,23,0,-23
11,35392,11|35392,0,0,0,0,0,0,0,0,0,10,0,-10
11,36094,11|36094,0,0,0,0,0,0,0,1,0,46,1,-47
11,36181,11|36181,0,0,0,0,0,0,0,0,0,15,0,-15
11,36232,11|36232,0,0,0,0,0,0,0,1,0,6,1,-7
11,36385,11|36385,0,0,0,0,0,0,0,3,0,0,3,-3
11,36500,11|36500,0,0,0,0,0,0,0,12,8,20,12,-40
11,36683,11|36683,0,0,0,0,0,0,0,0,0,11,0,-11
11,37317,11|37317,0,0,0,0,0,0,0,1,0,6,1,-7
11,37839,11|37839,0,0,0,0,0,0,0,2,0,20,2,-22
11,38140,11|38140,0,0,0,0,0,0,0,6,2,25,6,-33
11,38988,11|38988,0,0,0,0,0,0,0,0,0,14,0,-14
11,39737,11|39737,0,0,0,0,0,0,0,6,0,3,6,-9
11,39738,11|39738,0,0,0,0,0,0,0,0,0,11,0,-11
11,40258,11|40258,0,0,0,0,0,0,0,1,0,10,1,-11
11,41106,11|41106,0,0,0,0,0,0,0,0,0,3,0,-3
11,41554,11|41554,0,0,0,0,0,0,0,0,0,4,0,-4
11,42003,11|42003,0,0,0,0,0,0,0,4,0,8,4,-12
11,42735,11|42735,0,0,0,0,0,0,0,0,0,5,0,-5
11,42736,11|42736,0,0,0,0,0,0,0,0,0,3,0,-3
11,42737,11|42737,0,0,0,0,0,0,0,0,0,0,0,0
11,43749,11|43749,0,0,0,0,0,0,0,0,0,1,0,-1
12,4,12|4,0,0,0,0,0,0,0,1,0,0,1,-1
12,288,12|288,0,0,0,0,0,0,0,1,0,0,1,-1
12,3815,12|3815,0,0,0,0,0,0,4,76,0,717,80,-797
12,9852,12|9852,0,0,5,0,137,137,87,1566,98,35577,1516,-37186
12,9866,12|9866,0,133,7,0,33,33,17,912,42,17449,1029,-18380
12,9890,12|9890,0,0,0,0,23,23,31,761,44,28086,769,-28899
12,9906,12|9906,0,0,0,0,34,34,14,216,4,3349,196,-3549
12,9908,12|9908,0,0,0,0,0,0,0,5,0,96,5,-101
12,9917,12|9917,0,0,0,0,0,0,0,0,0,4,0,-4
12,9921,12|9921,0,0,0,0,3,3,4,26,2,685,27,-714
12,9934,12|9934,0,0,0,0,151,151,24,342,36,10734,215,-10985
12,9939,12|9939,0,0,0,0,0,0,0,0,0,8,0,-8
12,9942,12|9942,0,0,0,0,0,0,0,2,0,5,2,-7
12,9958,12|9958,0,833,44,0,0,0,2,93,0,1115,928,-1166
12,9960,12|9960,0,0,0,0,0,0,0,6,0,0,6,-6
12,9963,12|9963,0,0,0,0,0,0,0,0,0,48,0,-48
12,9965,12|9965,0,0,0,0,0,0,29,235,2,4964,264,-5230
12,9972,12|9972,0,0,0,0,0,0,1,59,0,428,60,-488
12,9984,12|9984,0,0,0,0,0,0,0,2,0,43,2,-45
12,10052,12|10052,0,0,4,0,0,0,0,23,0,34,23,-53
12,10072,12|10072,0,0,0,0,0,0,0,86,0,1940,86,-2026
12,10078,12|10078,0,0,0,0,0,0,0,18,0,72,18,-90
12,10079,12|10079,0,0,0,0,0,0,0,4,0,72,4,-76
12,10080,12|10080,0,0,2,0,0,0,0,0,0,11,0,-9
12,10081,12|10081,0,486,26,0,0,0,2,11,0,491,499,-478
12,10083,12|10083,0,0,0,0,0,0,5,25,0,26,30,-56
12,10123,12|10123,0,0,0,0,0,0,0,3,0,47,3,-50
12,10134,12|10134,0,129,7,0,0,0,0,47,5,37,176,-82
12,10135,12|10135,0,456,24,0,46,46,35,948,52,32047,1393,-33012
12,10144,12|10144,0,0,0,0,0,0,8,155,8,1976,163,-2147
12,10145,12|10145,0,101,5,0,0,0,0,2,0,18,103,-15
12,10172,12|10172,0,0,0,0,0,0,0,37,0,249,37,-286
12,10194,12|10194,0,0,0,0,0,0,0,0,0,54,0,-54
12,10220,12|10220,0,0,0,0,0,0,0,1,0,23,1,-24
12,10232,12|10232,0,0,0,0,0,0,0,96,36,475,96,-607
12,10233,12|10233,0,173,9,0,142,142,18,923,16,27274,972,-28080
12,10235,12|10235,0,0,0,0,0,0,0,16,0,9,16,-25
12,10240,12|10240,0,0,0,0,0,0,0,33,1,155,33,-189
12,10309,12|10309,0,0,0,0,0,0,0,220,8,83,220,-311
12,10310,12|10310,0,0,3,0,0,0,3,72,10,302,75,-384
12,10314,12|10314,0,0,5,0,0,0,3,67,2,1150,70,-1217
12,10315,12|10315,0,0,0,0,0,0,0,0,0,129,0,-129
12,10317,12|10317,0,266,14,0,0,0,0,10,0,31,276,-27
12,10319,12|10319,0,0,0,0,0,0,7,261,82,2178,268,-2528
12,10335,12|10335,0,0,0,0,0,0,0,9,0,100,9,-109
12,10337,12|10337,0,0,0,0,0,0,0,8,0,0,8,-8
12,10373,12|10373,0,0,0,0,16,16,0,922,0,1021,906,-1927
12,10416,12|10416,0,0,0,0,0,0,0,8,0,0,8,-8
12,10450,12|10450,0,0,0,0,0,0,0,1,0,1,1,-2
12,10451,12|10451,0,0,0,0,0,0,0,17,0,72,17,-89
12,10478,12|10478,0,0,0,0,0,0,0,1,0,0,1,-1
12,10526,12|10526,0,0,5,0,0,0,0,33,0,65,33,-93
12,10529,12|10529,0,0,0,0,0,0,52,1360,99,23684,1412,-25195
12,10538,12|10538,0,0,0,0,0,0,0,15,0,16,15,-31
12,10546,12|10546,0,0,0,0,0,0,0,6,0,0,6,-6
12,10560,12|10560,0,0,0,0,0,0,0,0,0,6,0,-6
12,10570,12|10570,0,0,0,0,0,0,0,6,0,30,6,-36
12,10578,12|10578,0,0,0,0,0,0,0,159,5,1413,159,-1577
12,10603,12|10603,0,0,0,0,0,0,0,0,0,10,0,-10
12,10707,12|10707,0,0,0,0,20,20,36,1042,18,19246,1058,-20322
12,10717,12|10717,0,0,0,0,0,0,0,2,0,6,2,-8
12,10725,12|10725,0,0,0,0,0,0,13,492,16,10662,505,-11183
12,10733,12|10733,0,0,0,0,142,142,20,58,106,2182,-64,-2224
12,10756,12|10756,0,0,0,0,0,0,1,42,3,265,43,-311
12,10792,12|10792,0,0,0,0,0,0,1,39,0,24,40,-64
12,10816,12|10816,0,0,0,0,0,0,0,2,0,152,2,-154
12,10820,12|10820,0,0,0,0,0,0,0,14,0,135,14,-149
12,10821,12|10821,0,0,0,0,13,13,3,77,8,2120,67,-2195
12,10975,12|10975,0,0,0,0,0,0,0,0,0,6,0,-6
12,10977,12|10977,0,0,0,0,0,0,0,0,0,208,0,-208
12,10990,12|10990,0,0,0,0,0,0,0,0,0,45,0,-45
12,11018,12|11018,0,0,0,0,0,0,0,0,0,285,0,-285
12,11019,12|11019,0,0,0,0,0,0,0,0,0,59,0,-59
12,11021,12|11021,0,0,0,0,0,0,10,0,0,370,10,-380
12,11055,12|11055,0,0,0,0,0,0,0,0,0,6,0,-6
12,11067,12|11067,0,0,0,0,0,0,0,0,2,232,0,-234
12,11068,12|11068,0,0,0,0,0,0,0,0,0,225,0,-225
12,11145,12|11145,0,0,0,0,0,0,0,0,0,58,0,-58
12,11182,12|11182,0,0,0,0,0,0,0,0,0,71,0,-71
12,11189,12|11189,0,0,0,0,0,0,0,0,0,35,0,-35
12,11235,12|11235,0,0,0,0,0,0,0,0,0,239,0,-239
12,11236,12|11236,0,0,0,0,0,0,0,0,0,53,0,-53
12,11253,12|11253,0,0,0,0,0,0,0,0,2,162,0,-164
12,11420,12|11420,0,0,0,0,0,0,0,1,2,202,1,-205
12,11427,12|11427,0,0,0,0,0,0,0,7,0,1,7,-8
12,11439,12|11439,0,0,0,0,0,0,0,0,0,1,0,-1
12,11440,12|11440,0,0,0,0,0,0,0,0,0,26,0,-26
12,11464,12|11464,0,0,0,0,0,0,0,0,0,47,0,-47
12,11523,12|11523,0,0,0,0,0,0,1,2,2,83,3,-88
12,12000,12|12000,0,0,0,0,0,0,0,2,0,183,2,-185
12,14628,12|14628,0,0,0,0,0,0,0,6,0,5,6,-11
12,14675,12|14675,0,0,0,0,0,0,0,23,1,272,23,-296
12,14798,12|14798,0,0,0,0,0,0,0,6,0,8,6,-14
12,15057,12|15057,0,0,0,0,0,0,0,89,19,1597,89,-1705
12,15464,12|15464,0,0,0,0,0,0,0,15,16,19,15,-50
12,15569,12|15569,0,0,0,0,0,0,1,0,1,290,1,-292
12,15669,12|15669,0,132,7,0,0,0,0,21,0,1,153,-15
12,15675,12|15675,0,0,0,0,0,0,0,10,0,587,10,-597
12,15706,12|15706,0,175,9,0,0,0,0,35,8,651,210,-685
12,15708,12|15708,0,192,10,0,0,0,3,101,1,1406,296,-1501
12,16055,12|16055,0,0,1,0,0,0,14,472,0,4256,486,-4741
12,16140,12|16140,0,0,0,0,6,6,0,46,1,205,40,-246
12,16142,12|16142,0,0,0,0,52,52,0,273,40,4645,221,-4906
12,16146,12|16146,0,0,0,0,101,101,6,176,0,4265,81,-4346
12,16182,12|16182,0,0,0,0,0,0,0,0,0,54,0,-54
12,16347,12|16347,0,0,0,0,0,0,0,10,0,258,10,-268
12,16471,12|16471,0,0,0,0,6,6,4,85,81,2000,83,-2164
12,16472,12|16472,0,0,0,0,59,59,9,74,12,2728,24,-2764
12,16474,12|16474,0,0,0,0,0,0,0,0,0,35,0,-35
12,16495,12|16495,0,0,0,0,49,49,40,386,36,12679,377,-13092
12,17043,12|17043,0,0,0,0,0,0,0,14,10,26,14,-50
12,17735,12|17735,0,0,0,0,59,59,25,442,21,12760,408,-13189
12,17907,12|17907,0,0,4,0,0,0,0,10,3,48,10,-57
12,17941,12|17941,0,0,0,0,0,0,0,41,3,221,41,-265
12,18609,12|18609,0,0,0,0,0,0,0,29,14,372,29,-415
12,18880,12|18880,0,132,7,0,122,122,4,121,0,6992,135,-6988
12,18882,12|18882,0,0,0,0,0,0,0,6,0,2,6,-8
12,18883,12|18883,0,0,0,0,18,18,22,302,14,8428,306,-8748
12,19229,12|19229,0,0,0,0,0,0,0,20,0,7,20,-27
12,19602,12|19602,0,0,0,0,0,0,0,32,0,28,32,-60
12,19956,12|19956,0,0,0,0,0,0,0,0,0,186,0,-186
12,20027,12|20027,0,0,0,0,0,0,0,10,0,45,10,-55
12,20028,12|20028,0,0,0,0,0,0,0,9,3,5,9,-17
12,20290,12|20290,0,0,0,0,0,0,0,35,0,423,35,-458
12,20291,12|20291,0,0,0,0,0,0,1,197,2,924,198,-1124
12,20496,12|20496,0,0,3,0,15,15,1,98,8,1696,84,-1785
12,21216,12|21216,0,0,0,0,0,0,0,15,0,23,15,-38
12,21490,12|21490,0,0,0,0,0,0,0,0,0,155,0,-155
12,21974,12|21974,0,212,11,0,0,0,0,18,0,17,230,-24
12,21985,12|21985,0,0,0,0,0,0,1,236,7,1672,237,-1916
12,22049,12|22049,0,0,0,0,0,0,0,19,0,299,19,-318
12,22126,12|22126,0,0,0,0,0,0,0,247,0,717,247,-964
12,22127,12|22127,0,0,0,0,0,0,0,1,0,1,1,-2
12,22129,12|22129,0,0,0,0,0,0,2,201,0,1527,203,-1730
12,22132,12|22132,0,0,5,0,0,0,0,0,0,4,0,1
12,22237,12|22237,0,0,0,0,0,0,0,3,1,167,3,-171
12,22479,12|22479,0,0,0,0,0,0,0,20,5,96,20,-121
12,23265,12|23265,0,0,0,0,0,0,0,0,0,131,0,-131
12,23441,12|23441,0,0,0,0,0,0,1,73,0,148,74,-222
12,24020,12|24020,0,0,0,0,0,0,0,1,0,204,1,-205
12,24118,12|24118,0,0,0,0,0,0,0,0,0,59,0,-59
12,24577,12|24577,0,0,0,0,0,0,0,14,0,4,14,-18
12,24578,12|24578,0,0,0,0,0,0,0,12,12,244,12,-268
12,24833,12|24833,0,0,0,0,0,0,0,2,0,105,2,-107
12,24834,12|24834,0,0,0,0,0,0,0,0,1,95,0,-96
12,24877,12|24877,0,0,0,0,0,0,0,0,0,20,0,-20
12,24878,12|24878,0,0,0,0,0,0,0,14,7,21,14,-42
12,24902,12|24902,0,136,7,0,0,0,20,266,96,631,422,-1006
12,24918,12|24918,0,0,0,0,0,0,0,28,1,16,28,-45
12,25058,12|25058,0,0,0,0,86,86,8,13,0,947,-65,-882
12,25177,12|25177,0,0,0,0,0,0,0,37,0,285,37,-322
12,25517,12|25517,0,0,0,0,0,0,0,9,0,135,9,-144
12,26050,12|26050,0,121,6,0,0,0,0,10,4,1,131,-9
12,26464,12|26464,0,0,0,0,0,0,0,9,0,15,9,-24
12,26980,12|26980,0,163,9,0,0,0,0,12,0,12,175,-15
12,26981,12|26981,0,166,9,0,0,0,0,6,0,9,172,-6
12,26992,12|26992,0,147,8,0,0,0,0,29,13,38,176,-72
12,26993,12|26993,0,0,2,0,0,0,0,17,0,7,17,-22
12,26995,12|26995,0,0,0,0,0,0,0,48,3,11,48,-62
12,27008,12|27008,0,118,6,0,0,0,0,9,0,10,127,-13
12,27209,12|27209,0,0,0,0,0,0,0,6,0,5,6,-11
12,27225,12|27225,0,0,0,0,0,0,0,5,0,4,5,-9
12,27340,12|27340,0,0,0,0,0,0,0,10,0,1,10,-11
12,27771,12|27771,0,0,0,0,0,0,0,0,0,18,0,-18
12,29652,12|29652,0,180,10,0,0,0,4,294,82,847,478,-1217
12,29662,12|29662,0,0,0,0,0,0,0,7,0,10,7,-17
12,29669,12|29669,0,0,4,0,0,0,0,0,10,0,0,-6
12,29767,12|29767,0,0,0,0,6,6,0,287,27,4853,281,-5161
12,29773,12|29773,0,0,0,0,4,4,4,2,1,371,2,-374
12,29884,12|29884,0,0,0,0,136,136,0,7,0,1102,-129,-973
12,29887,12|29887,0,0,0,0,104,104,0,9,1,742,-95,-648
12,30344,12|30344,0,0,5,0,0,0,0,35,0,136,35,-166
12,30346,12|30346,0,0,0,0,0,0,1,104,25,915,105,-1045
12,30347,12|30347,0,0,0,0,0,0,0,104,7,93,104,-204
12,30453,12|30453,0,136,7,0,0,0,1,228,82,1044,365,-1348
12,31206,12|31206,0,0,0,0,0,0,0,39,0,54,39,-93
12,31207,12|31207,0,0,0,0,0,0,0,52,6,716,52,-774
12,31213,12|31213,0,0,0,0,14,14,11,255,6,4780,252,-5038
12,31217,12|31217,0,0,0,0,0,0,1,0,0,83,1,-84
12,31301,12|31301,0,0,0,0,7,7,1,290,0,2201,284,-2485
12,31313,12|31313,0,0,2,0,0,0,0,81,2,347,81,-428
12,31389,12|31389,0,0,5,0,0,0,0,1,3,5,1,-4
12,31390,12|31390,0,0,5,0,0,0,0,27,0,39,27,-61
12,31391,12|31391,0,127,7,0,0,0,0,6,0,26,133,-25
12,31775,12|31775,0,0,0,0,4,4,0,45,3,466,41,-510
12,32173,12|32173,0,416,22,0,0,0,0,36,0,57,452,-71
12,32175,12|32175,0,523,28,0,0,0,0,7,0,14,530,7
12,32176,12|32176,0,657,35,0,0,0,0,6,0,15,663,14
12,32181,12|32181,0,0,0,0,0,0,0,0,0,20,0,-20
12,32497,12|32497,0,126,7,0,0,0,0,301,4,381,427,-679
12,33200,12|33200,0,0,0,0,0,0,0,6,0,1,6,-7
12,33627,12|33627,0,0,0,0,0,0,0,3,0,5,3,-8
12,33850,12|33850,0,234,12,0,0,0,0,2,0,24,236,-14
12,33863,12|33863,0,0,0,0,0,0,0,6,0,36,6,-42
12,33864,12|33864,0,0,0,0,0,0,0,5,0,8,5,-13
12,34091,12|34091,0,0,0,0,0,0,0,73,1,638,73,-712
12,34092,12|34092,0,0,0,0,0,0,0,93,5,226,93,-324
12,34230,12|34230,0,0,0,0,0,0,0,6,0,0,6,-6
12,34429,12|34429,0,0,0,0,0,0,0,11,0,5,11,-16
12,34701,12|34701,0,0,0,0,0,0,0,1,2,24,1,-27
12,35109,12|35109,0,0,0,0,0,0,0,10,0,56,10,-66
12,35334,12|35334,0,0,0,0,0,0,0,0,0,65,0,-65
12,35393,12|35393,0,0,0,0,0,0,0,14,0,11,14,-25
12,36095,12|36095,0,0,0,0,0,0,0,0,0,70,0,-70
12,36181,12|36181,0,0,0,0,0,0,0,108,11,1538,108,-1657
12,36301,12|36301,0,0,0,0,0,0,0,5,0,204,5,-209
12,36360,12|36360,0,0,0,0,0,0,0,6,0,8,6,-14
12,36400,12|36400,0,0,0,0,0,0,0,0,0,7,0,-7
12,36498,12|36498,0,0,0,0,0,0,0,1,0,20,1,-21
12,36499,12|36499,0,0,0,0,0,0,0,6,2,29,6,-37
12,36503,12|36503,0,0,0,0,0,0,0,0,0,167,0,-167
12,36652,12|36652,0,0,0,0,0,0,0,0,1,4,0,-5
12,36683,12|36683,0,0,0,0,0,0,0,88,0,1080,88,-1168
12,36961,12|36961,0,0,0,0,0,0,0,3,0,10,3,-13
12,36962,12|36962,0,0,0,0,0,0,0,0,0,118,0,-118
12,37046,12|37046,0,0,0,0,0,0,0,1,0,13,1,-14
12,37047,12|37047,0,0,0,0,0,0,0,0,0,3,0,-3
12,37270,12|37270,0,0,0,0,0,0,0,0,0,72,0,-72
12,37285,12|37285,0,0,0,0,0,0,7,4,0,504,11,-515
12,37493,12|37493,0,0,0,0,0,0,5,1,0,479,6,-485
12,37525,12|37525,0,0,0,0,0,0,0,5,0,48,5,-53
12,37697,12|37697,0,0,0,0,0,0,0,3,0,23,3,-26
12,37838,12|37838,0,0,0,0,0,0,7,13,1,31,20,-52
12,37922,12|37922,0,0,0,0,0,0,0,0,0,14,0,-14
12,38390,12|38390,0,0,0,0,0,0,0,0,0,13,0,-13
12,38532,12|38532,0,0,0,0,0,0,0,52,6,450,52,-508
12,38607,12|38607,0,0,0,0,0,0,0,18,0,51,18,-69
12,38990,12|38990,0,0,0,0,0,0,0,1,0,59,1,-60
12,39022,12|39022,0,0,0,0,0,0,5,62,14,413,67,-494
12,39739,12|39739,0,0,0,0,0,0,0,0,2,44,0,-46
12,39740,12|39740,0,0,0,0,0,0,0,0,5,60,0,-65
12,39832,12|39832,0,0,0,0,0,0,0,0,8,19,0,-27
12,40084,12|40084,0,0,0,0,0,0,0,6,0,72,6,-78
12,40509,12|40509,0,0,0,0,0,0,0,0,1,21,0,-22
12,40536,12|40536,0,0,0,0,0,0,0,0,0,8,0,-8
12,40639,12|40639,0,0,0,0,0,0,0,3,0,5,3,-8
12,40692,12|40692,0,0,0,0,10,10,2,112,0,1351,104,-1455
12,40772,12|40772,0,0,0,0,0,0,1,58,0,929,59,-988
12,40909,12|40909,0,0,0,0,0,0,0,0,0,225,0,-225
12,40921,12|40921,0,0,0,0,0,0,0,0,0,51,0,-51
12,40972,12|40972,0,0,0,0,0,0,0,1,0,256,1,-257
12,40974,12|40974,0,0,0,0,0,0,0,1,0,301,1,-302
12,41372,12|41372,0,0,0,0,0,0,0,4,0,229,4,-233
12,41421,12|41421,0,0,0,0,0,0,3,73,0,575,76,-651
12,41554,12|41554,0,0,0,0,42,42,0,76,0,838,34,-872
12,41578,12|41578,0,0,0,0,0,0,0,0,1,132,0,-133
12,41616,12|41616,0,0,0,0,10,10,0,9,0,43,-1,-42
12,41816,12|41816,0,0,0,0,195,195,13,170,0,2139,-12,-2127
12,41901,12|41901,0,0,0,0,0,0,0,0,0,38,0,-38
12,41934,12|41934,0,0,0,0,0,0,0,0,0,61,0,-61
12,41969,12|41969,0,0,0,0,0,0,0,1,0,36,1,-37
12,42157,12|42157,0,0,0,0,0,0,0,13,0,5,13,-18
12,42261,12|42261,0,0,0,0,0,0,1,0,0,60,1,-61
12,42262,12|42262,0,0,0,0,0,0,0,0,0,39,0,-39
12,42741,12|42741,0,0,0,0,0,0,0,1,0,44,1,-45
12,42742,12|42742,0,0,0,0,0,0,0,0,0,33,0,-33
12,42743,12|42743,0,0,0,0,0,0,0,0,0,22,0,-22
12,42744,12|42744,0,0,0,0,0,0,0,2,0,5,2,-7
12,43677,12|43677,0,0,0,0,0,0,0,0,0,5,0,-5
12,43727,12|43727,0,0,0,0,0,0,0,0,0,23,0,-23
12,43730,12|43730,0,0,0,0,0,0,0,0,0,12,0,-12
12,43735,12|43735,0,0,0,0,0,0,0,0,0,8,0,-8
12,43736,12|43736,0,0,0,0,0,0,0,1,0,2,1,-3
12,43737,12|43737,0,0,0,0,0,0,0,6,0,59,6,-65
12,43738,12|43738,0,0,0,0,0,0,0,0,0,7,0,-7
12,43751,12|43751,0,0,0,0,0,0,0,5,0,7,5,-12
12,43752,12|43752,0,0,0,0,0,0,0,0,0,11,0,-11
12,44047,12|44047,0,0,0,0,0,0,0,0,0,5,0,-5
12,44115,12|44115,0,0,0,0,0,0,0,0,0,24,0,-24
12,44116,12|44116,0,0,0,0,0,0,1,0,0,113,1,-114
12,44378,12|44378,0,0,0,0,0,0,1,0,0,84,1,-85
12,45816,12|45816,0,0,0,0,0,0,0,0,0,0,0,0
13,3815,13|3815,0,0,0,0,0,0,0,46,0,192,46,-238
13,3816,13|3816,0,0,0,0,0,0,0,15,0,0,15,-15
13,9852,13|9852,0,0,0,0,24,24,2,257,0,3133,235,-3368
13,9866,13|9866,0,0,0,0,0,0,22,551,4,6345,573,-6922
13,9890,13|9890,0,0,0,0,0,0,10,246,0,6898,256,-7154
13,9899,13|9899,0,0,0,0,0,0,1,12,0,216,13,-229
13,9904,13|9904,0,0,0,0,0,0,0,9,0,1,9,-10
13,9905,13|9905,0,0,0,0,15,15,5,351,0,6826,341,-7167
13,9906,13|9906,0,0,0,0,0,0,18,347,6,3732,365,-4103
13,9907,13|9907,0,0,0,0,0,0,0,6,0,50,6,-56
13,9908,13|9908,0,0,0,0,0,0,0,1,0,11,1,-12
13,9920,13|9920,0,0,0,0,5,5,14,220,2,4090,229,-4321
13,9921,13|9921,0,0,0,0,3,3,0,30,0,173,27,-200
13,9924,13|9924,0,0,0,0,0,0,0,64,0,137,64,-201
13,9930,13|9930,0,0,0,0,0,0,0,6,0,93,6,-99
13,9932,13|9932,0,0,0,0,0,0,0,6,2,53,6,-61
13,9934,13|9934,0,0,0,0,4,4,3,204,2,2934,203,-3139
13,9939,13|9939,0,0,0,0,0,0,0,16,0,0,16,-16
13,9942,13|9942,0,0,0,0,0,0,0,1,0,4,1,-5
13,9958,13|9958,0,0,0,0,0,0,5,61,1,1120,66,-1187
13,9959,13|9959,0,0,0,0,6,6,0,19,0,98,13,-111
13,9962,13|9962,0,2,0,0,0,0,0,64,0,550,66,-614
13,9964,13|9964,0,2,0,0,24,24,11,511,3,8362,500,-8863
13,9965,13|9965,0,0,0,0,0,0,10,464,0,5764,474,-6238
13,9972,13|9972,0,0,0,0,0,0,2,56,0,461,58,-519
13,10021,13|10021,0,0,0,0,0,0,0,0,0,7,0,-7
13,10022,13|10022,0,0,0,0,0,0,6,14,0,170,20,-190
13,10041,13|10041,0,0,0,0,29,29,38,935,11,13369,944,-14324
13,10072,13|10072,0,0,0,0,0,0,0,4,0,33,4,-37
13,10079,13|10079,0,0,0,0,0,0,0,1,0,11,1,-12
13,10081,13|10081,0,0,0,0,0,0,0,7,0,115,7,-122
13,10084,13|10084,0,3,0,0,0,0,0,7,0,80,10,-87
13,10135,13|10135,0,0,0,0,0,0,11,246,0,8191,257,-8448
13,10140,13|10140,0,0,0,0,0,0,11,276,0,1712,287,-1999
13,10141,13|10141,0,0,0,0,0,0,0,0,0,11,0,-11
13,10144,13|10144,0,0,0,0,0,0,1,31,0,320,32,-352
13,10145,13|10145,0,0,0,0,0,0,0,2,0,20,2,-22
13,10172,13|10172,0,0,0,0,0,0,0,9,0,6,9,-15
13,10191,13|10191,0,34,0,0,0,0,0,18,0,67,52,-85
13,10194,13|10194,0,0,0,0,0,0,0,0,0,24,0,-24
13,10202,13|10202,0,0,0,0,0,0,0,11,0,73,11,-84
13,10232,13|10232,0,0,0,0,0,0,0,9,0,47,9,-56
13,10233,13|10233,0,8,0,0,0,0,5,320,2,5705,333,-6032
13,10235,13|10235,0,0,0,0,0,0,0,8,0,15,8,-23
13,10240,13|10240,0,0,0,0,0,0,0,7,0,16,7,-23
13,10309,13|10309,0,0,0,0,0,0,0,7,0,13,7,-20
13,10310,13|10310,0,0,0,0,0,0,0,25,0,154,25,-179
13,10314,13|10314,0,1,0,0,0,0,29,98,0,787,128,-914
13,10315,13|10315,0,0,0,0,0,0,14,6,0,19,20,-39
13,10319,13|10319,0,0,0,0,0,0,18,324,0,754,342,-1096
13,10353,13|10353,0,0,0,0,0,0,1,3,0,48,4,-52
13,10373,13|10373,0,0,0,0,0,0,0,55,0,36,55,-91
13,10392,13|10392,0,0,0,0,0,0,1,235,0,1541,236,-1777
13,10478,13|10478,0,0,0,0,0,0,0,1,0,0,1,-1
13,10526,13|10526,0,0,0,0,0,0,0,0,0,18,0,-18
13,10529,13|10529,0,0,0,0,0,0,297,549,3,8003,846,-8852
13,10538,13|10538,0,0,0,0,0,0,0,0,0,1,0,-1
13,10578,13|10578,0,0,0,0,0,0,0,78,4,524,78,-606
13,10603,13|10603,0,0,0,0,0,0,1,9,0,53,10,-63
13,10707,13|10707,0,0,0,0,7,7,11,513,0,5390,517,-5907
13,10717,13|10717,0,0,0,0,0,0,0,5,0,8,5,-13
13,10725,13|10725,0,0,0,0,4,4,15,432,0,4142,443,-4585
13,10732,13|10732,0,0,0,0,0,0,2,83,10,1151,85,-1246
13,10733,13|10733,0,0,0,0,4,4,0,20,0,375,16,-391
13,10756,13|10756,0,9,0,0,0,0,8,182,5,185,199,-380
13,10792,13|10792,0,0,0,0,0,0,0,2,0,2,2,-4
13,10816,13|10816,0,0,0,0,0,0,0,6,0,15,6,-21
13,10821,13|10821,0,0,0,0,0,0,0,18,0,78,18,-96
13,15057,13|15057,0,0,0,0,0,0,0,11,0,50,11,-61
13,15334,13|15334,0,0,0,0,0,0,0,5,0,0,5,-5
13,15668,13|15668,0,0,0,0,0,0,0,17,0,159,17,-176
13,15706,13|15706,0,0,0,0,0,0,0,0,0,3,0,-3
13,15708,13|15708,0,0,0,0,0,0,0,36,0,1446,36,-1482
13,16055,13|16055,0,0,0,0,4,4,19,98,5,1312,113,-1430
13,16140,13|16140,0,0,0,0,0,0,12,70,0,355,82,-437
13,16142,13|16142,0,0,0,0,0,0,11,79,0,619,90,-709
13,16146,13|16146,0,0,0,0,0,0,0,10,0,88,10,-98
13,16182,13|16182,0,0,0,0,0,0,0,0,0,2,0,-2
13,16471,13|16471,0,0,0,0,0,0,6,162,23,2052,168,-2243
13,16472,13|16472,0,0,0,0,4,4,3,109,4,2193,108,-2305
13,16495,13|16495,0,0,0,0,0,0,1,49,0,463,50,-513
13,17043,13|17043,0,0,0,0,0,0,0,2,0,11,2,-13
13,17482,13|17482,0,0,0,0,0,0,0,4,0,4,4,-8
13,17735,13|17735,0,0,0,0,0,0,36,289,11,4741,325,-5077
13,17907,13|17907,0,0,0,0,0,0,0,2,2,12,2,-16
13,17941,13|17941,0,0,0,0,0,0,0,0,0,17,0,-17
13,18880,13|18880,0,0,0,0,0,0,0,37,0,712,37,-749
13,18883,13|18883,0,0,0,0,5,5,0,100,0,1011,95,-1106
13,19229,13|19229,0,0,0,0,0,0,0,37,0,59,37,-96
13,19602,13|19602,0,0,0,0,0,0,0,33,0,30,33,-63
13,19751,13|19751,0,0,0,0,0,0,0,5,4,12,5,-21
13,20028,13|20028,0,0,0,0,0,0,0,3,0,10,3,-13
13,20290,13|20290,0,0,0,0,0,0,0,23,0,93,23,-116
13,20291,13|20291,0,0,0,0,0,0,0,93,0,373,93,-466
13,20496,13|20496,0,0,0,0,0,0,0,67,0,1567,67,-1634
13,21216,13|21216,0,0,0,0,0,0,0,1,0,6,1,-7
13,21977,13|21977,0,0,0,0,0,0,0,0,0,5,0,-5
13,21985,13|21985,0,0,0,0,0,0,2,95,0,308,97,-405
13,22049,13|22049,0,0,0,0,0,0,0,48,0,291,48,-339
13,22084,13|22084,0,0,0,0,0,0,0,15,0,0,15,-15
13,22126,13|22126,0,0,0,0,0,0,0,5,0,1,5,-6
13,22129,13|22129,0,0,0,0,0,0,0,9,0,21,9,-30
13,22479,13|22479,0,0,0,0,0,0,3,35,0,263,38,-301
13,22480,13|22480,0,0,0,0,9,9,16,809,0,10664,816,-11480
13,23441,13|23441,0,0,0,0,0,0,2,186,0,3323,188,-3511
13,23959,13|23959,0,6,0,0,0,0,3,92,0,786,101,-881
13,24020,13|24020,0,0,0,0,0,0,0,0,0,24,0,-24
13,24067,13|24067,0,0,0,0,0,0,0,1,0,10,1,-11
13,24578,13|24578,0,0,0,0,0,0,0,2,0,95,2,-97
13,24902,13|24902,0,0,0,0,0,0,13,209,7,725,222,-954
13,24918,13|24918,0,0,0,0,0,0,0,0,0,5,0,-5
13,25058,13|25058,0,0,0,0,0,0,0,2,0,2,2,-4
13,25177,13|25177,0,0,0,0,0,0,0,10,0,89,10,-99
13,26460,13|26460,0,0,0,0,0,0,0,12,0,1,12,-13
13,26462,13|26462,0,0,0,0,0,0,4,398,2,3368,402,-3772
13,26463,13|26463,0,0,0,0,4,4,6,142,0,1517,144,-1661
13,26464,13|26464,0,0,0,0,0,0,0,7,0,48,7,-55
13,26981,13|26981,0,0,0,0,0,0,0,1,0,5,1,-6
13,26982,13|26982,0,0,0,0,4,4,7,315,0,2768,318,-3086
13,26983,13|26983,0,0,0,0,0,0,5,354,2,2282,359,-2643
13,26984,13|26984,0,0,0,0,6,6,2,60,0,560,56,-616
13,26988,13|26988,0,0,0,0,0,0,0,6,0,445,6,-451
13,26992,13|26992,0,0,0,0,0,0,0,12,9,15,12,-36
13,26993,13|26993,0,0,0,0,0,0,0,5,0,4,5,-9
13,27005,13|27005,0,0,0,0,0,0,12,386,1,2636,398,-3035
13,27006,13|27006,0,0,0,0,0,0,9,301,0,2861,310,-3171
13,27008,13|27008,0,0,0,0,0,0,0,11,0,12,11,-23
13,29643,13|29643,0,0,0,0,0,0,2,216,12,860,218,-1090
13,29644,13|29644,0,0,0,0,0,0,3,205,0,383,208,-591
13,29645,13|29645,0,0,0,0,0,0,0,41,0,799,41,-840
13,29648,13|29648,0,0,0,0,0,0,0,2,0,149,2,-151
13,29650,13|29650,0,0,0,0,0,0,1,74,0,961,75,-1036
13,29651,13|29651,0,0,0,0,0,0,33,632,20,5690,665,-6375
13,29652,13|29652,0,0,0,0,0,0,0,9,7,62,9,-78
13,29653,13|29653,0,0,0,0,0,0,0,6,0,116,6,-122
13,29654,13|29654,0,0,0,0,12,12,1,129,0,1120,118,-1238
13,29655,13|29655,0,0,0,0,0,0,1,29,0,321,30,-351
13,29656,13|29656,0,0,0,0,0,0,0,76,0,191,76,-267
13,29657,13|29657,0,0,0,0,17,17,0,78,0,947,61,-1008
13,29663,13|29663,0,0,0,0,0,0,0,0,0,25,0,-25
13,29665,13|29665,0,0,0,0,0,0,0,174,17,502,174,-693
13,29667,13|29667,0,0,0,0,0,0,0,6,0,0,6,-6
13,29672,13|29672,0,0,0,0,0,0,0,3,9,17,3,-29
13,29673,13|29673,0,0,0,0,0,0,0,27,3,303,27,-333
13,29767,13|29767,0,0,0,0,0,0,0,2,0,378,2,-380
13,29773,13|29773,0,0,0,0,0,0,0,7,0,33,7,-40
13,29884,13|29884,0,0,0,0,0,0,0,3,0,21,3,-24
13,30093,13|30093,0,0,0,0,0,0,0,0,0,7,0,-7
13,30161,13|30161,0,0,0,0,0,0,14,404,0,4199,418,-4617
13,30344,13|30344,0,0,0,0,0,0,0,6,0,64,6,-70
13,30346,13|30346,0,0,0,0,0,0,6,69,0,595,75,-670
13,30347,13|30347,0,0,0,0,0,0,0,9,0,10,9,-19
13,30453,13|30453,0,0,0,0,0,0,0,0,0,21,0,-21
13,30824,13|30824,0,0,0,0,0,0,0,26,0,1,26,-27
13,31213,13|31213,0,0,0,0,0,0,2,257,0,1574,259,-1833
13,31301,13|31301,0,0,0,0,0,0,2,34,0,870,36,-906
13,31314,13|31314,0,0,0,0,0,0,0,0,0,26,0,-26
13,31391,13|31391,0,0,0,0,0,0,0,0,0,6,0,-6
13,31392,13|31392,0,0,0,0,0,0,0,5,0,58,5,-63
13,31401,13|31401,0,0,0,0,0,0,0,0,0,53,0,-53
13,31775,13|31775,0,0,0,0,0,0,0,7,0,46,7,-53
13,32173,13|32173,0,0,0,0,0,0,0,7,0,7,7,-14
13,32174,13|32174,0,0,0,0,0,0,0,21,0,1092,21,-1113
13,32177,13|32177,0,0,0,0,3,3,0,44,0,1174,41,-1215
13,32178,13|32178,0,0,0,0,6,6,0,29,0,978,23,-1001
13,32336,13|32336,0,0,0,0,0,0,33,265,0,479,298,-777
13,32497,13|32497,0,0,0,0,0,0,0,71,0,14,71,-85
13,33825,13|33825,0,0,0,0,0,0,0,1,0,2,1,-3
13,34091,13|34091,0,0,0,0,0,0,0,57,7,198,57,-262
13,34092,13|34092,0,0,0,0,0,0,2,257,12,587,259,-858
13,34388,13|34388,0,0,0,0,0,0,3,124,0,1295,127,-1422
13,35109,13|35109,0,0,0,0,0,0,0,46,0,217,46,-263
13,35391,13|35391,0,0,0,0,0,0,0,7,0,25,7,-32
13,35392,13|35392,0,0,0,0,0,0,0,10,0,125,10,-135
13,36094,13|36094,0,0,0,0,6,6,2,26,0,602,22,-624
13,36181,13|36181,0,0,0,0,0,0,5,116,0,941,121,-1062
13,36232,13|36232,0,0,0,0,0,0,5,280,15,2991,285,-3291
13,36381,13|36381,0,0,0,0,0,0,1,28,0,194,29,-223
13,36500,13|36500,0,0,0,0,0,0,1,61,0,63,62,-125
13,36501,13|36501,0,0,0,0,0,0,0,61,0,69,61,-130
13,36683,13|36683,0,0,0,0,0,0,0,21,0,39,21,-60
13,36958,13|36958,0,0,0,0,0,0,0,0,0,5,0,-5
13,36959,13|36959,0,0,0,0,0,0,0,1,0,4,1,-5
13,36960,13|36960,0,0,0,0,0,0,0,1,0,4,1,-5
13,37042,13|37042,0,0,0,0,0,0,0,11,0,66,11,-77
13,37043,13|37043,0,0,0,0,0,0,0,0,0,6,0,-6
13,37056,13|37056,0,0,0,0,0,0,0,0,0,79,0,-79
13,37269,13|37269,0,0,0,0,0,0,0,34,0,43,34,-77
13,37317,13|37317,0,0,0,0,0,0,0,12,0,470,12,-482
13,37421,13|37421,0,0,0,0,2,2,0,12,0,77,10,-87
13,37564,13|37564,0,0,0,0,0,0,0,0,0,10,0,-10
13,37829,13|37829,0,0,0,0,4,4,0,120,0,415,116,-531
13,37839,13|37839,0,0,0,0,0,0,1,50,0,779,51,-830
13,38140,13|38140,0,0,0,0,0,0,1,17,0,1321,18,-1339
13,38141,13|38141,0,0,0,0,0,0,0,39,0,158,39,-197
13,38532,13|38532,0,0,0,0,0,0,0,0,0,8,0,-8
13,38988,13|38988,0,0,0,0,5,5,0,16,0,130,11,-141
13,39737,13|39737,0,0,0,0,0,0,0,10,0,55,10,-65
13,39738,13|39738,0,0,0,0,0,0,0,0,0,61,0,-61
13,40258,13|40258,0,0,0,0,10,10,0,20,0,120,10,-130
13,40692,13|40692,0,0,0,0,0,0,0,0,0,9,0,-9
13,40772,13|40772,0,0,0,0,0,0,0,18,0,160,18,-178
13,41093,13|41093,0,0,0,0,0,0,0,11,0,14,11,-25
13,41106,13|41106,0,0,0,0,0,0,1,37,0,891,38,-929
13,41107,13|41107,0,0,0,0,0,0,0,19,0,432,19,-451
13,41108,13|41108,0,0,0,0,0,0,0,3,0,273,3,-276
13,41227,13|41227,0,0,0,0,0,0,0,0,0,9,0,-9
13,41372,13|41372,0,0,0,0,0,0,1,31,0,381,32,-413
13,41421,13|41421,0,0,0,0,0,0,0,8,0,14,8,-22
13,41554,13|41554,0,0,0,0,0,0,0,11,0,210,11,-221
13,42003,13|42003,0,0,0,0,0,0,0,8,0,310,8,-318
13,42735,13|42735,0,0,0,0,5,5,0,68,0,183,63,-246
13,42736,13|42736,0,0,0,0,0,0,0,34,0,215,34,-249
13,42737,13|42737,0,0,0,0,0,0,2,11,0,308,13,-321
13,42987,13|42987,0,0,0,0,0,0,0,14,0,254,14,-268
13,43454,13|43454,0,0,0,0,5,5,0,33,0,149,28,-177
13,43741,13|43741,0,0,0,0,0,0,0,50,0,165,50,-215
13,43749,13|43749,0,0,0,0,0,0,0,53,0,104,53,-157
13,43751,13|43751,0,0,0,0,0,0,0,1,0,7,1,-8
13,43753,13|43753,0,0,0,0,0,0,0,14,0,72,14,-86
13,43754,13|43754,0,0,0,0,0,0,0,9,0,29,9,-38
13,43755,13|43755,0,0,0,0,0,0,0,17,0,304,17,-321
13,43756,13|43756,0,0,0,0,0,0,0,18,0,116,18,-134
15,14213,15|14213,0,0,0,0,0,0,1,35,0,58,36,-94
15,14247,15|14247,0,0,0,0,0,0,0,12,0,544,12,-556
15,17758,15|17758,0,0,0,0,0,0,0,7,0,365,7,-372
15,17759,15|17759,0,0,0,0,0,0,0,12,0,58,12,-70
15,17766,15|17766,0,0,2,0,0,0,0,0,0,25,0,-23
15,17884,15|17884,0,0,0,0,0,0,0,1,0,56,1,-57
15,17887,15|17887,0,0,4,0,8,8,0,16,0,90,8,-94
15,18163,15|18163,0,0,0,0,0,0,0,0,0,1,0,-1
15,18221,15|18221,0,0,0,0,0,0,0,47,0,382,47,-429
15,18926,15|18926,0,0,0,0,0,0,0,0,0,35,0,-35
15,19006,15|19006,0,0,0,0,0,0,0,0,0,20,0,-20
15,19023,15|19023,0,0,0,0,0,0,0,1,0,5,1,-6
15,19560,15|19560,0,0,0,0,0,0,0,34,0,784,34,-818
15,19616,15|19616,0,0,3,0,0,0,0,6,0,238,6,-241
15,19630,15|19630,0,0,0,0,0,0,0,0,0,17,0,-17
15,19729,15|19729,0,0,0,0,0,0,0,0,0,311,0,-311
15,20272,15|20272,0,0,0,0,0,0,0,6,0,23,6,-29
15,20666,15|20666,0,606,32,0,0,0,0,15,0,745,621,-728
15,20667,15|20667,0,595,31,0,0,0,0,7,0,490,602,-466
15,20668,15|20668,0,228,12,0,0,0,0,4,0,546,232,-538
15,20748,15|20748,0,0,0,0,0,0,0,23,0,672,23,-695
15,23604,15|23604,0,337,18,0,0,0,0,5,0,0,342,13
15,23792,15|23792,0,0,5,0,0,0,0,0,0,58,0,-53
15,24354,15|24354,0,1044,55,0,0,0,0,12,0,577,1056,-534
15,25099,15|25099,0,0,0,0,0,0,0,8,0,208,8,-216
15,25140,15|25140,0,0,0,0,0,0,0,110,0,243,110,-353
15,25211,15|25211,0,0,2,0,0,0,0,0,0,0,0,2
15,25648,15|25648,0,136,7,0,3,3,0,3,0,81,136,-74
15,25649,15|25649,0,662,35,0,2,2,0,42,0,294,702,-299
15,29926,15|29926,0,0,0,0,0,0,0,2,0,278,2,-280
15,30280,15|30280,0,0,0,0,0,0,0,11,0,215,11,-226
15,30295,15|30295,0,0,0,0,0,0,0,4,0,9,4,-13
15,30625,15|30625,0,193,10,0,0,0,0,4,0,6,197,0
15,30633,15|30633,0,732,39,0,0,0,0,7,0,62,739,-30
15,30635,15|30635,0,812,43,0,0,0,0,2,0,191,814,-150
15,30638,15|30638,0,0,0,0,0,0,0,1,0,5,1,-6
15,30810,15|30810,0,102,5,0,0,0,0,2,0,12,104,-9
15,30811,15|30811,0,113,6,0,0,0,0,3,2,17,116,-16
15,30862,15|30862,0,0,0,0,0,0,0,2,0,0,2,-2
15,30997,15|30997,0,0,0,0,0,0,0,0,0,425,0,-425
15,31159,15|31159,0,332,18,0,0,0,0,2,0,6,334,10
15,32170,15|32170,0,0,0,0,0,0,0,0,0,22,0,-22
15,32996,15|32996,0,0,0,0,4,4,0,10,0,172,6,-178
15,34679,15|34679,0,0,0,0,0,0,0,17,0,463,17,-480
15,37395,15|37395,0,0,0,0,0,0,0,0,0,6,0,-6
15,37686,15|37686,0,0,0,0,0,0,0,0,0,34,0,-34
15,37853,15|37853,0,0,0,0,0,0,0,4,0,146,4,-150
15,38337,15|38337,0,0,0,0,0,0,0,0,0,24,0,-24
15,40267,15|40267,0,0,0,0,0,0,0,0,0,12,0,-12
15,40798,15|40798,0,0,0,0,0,0,0,5,0,73,5,-78
15,41983,15|41983,0,0,0,0,0,0,0,0,0,66,0,-66
15,44139,15|44139,0,0,0,0,0,0,0,0,0,22,0,-22
16,2993,16|2993,0,0,0,0,0,0,0,0,0,34,0,-34
16,3013,16|3013,0,0,0,0,0,0,0,6,0,41,6,-47
16,3014,16|3014,0,0,0,0,0,0,0,0,0,8,0,-8
16,12636,16|12636,0,0,0,0,0,0,0,4,4,0,4,-8
16,14398,16|14398,0,0,0,0,0,0,0,21,0,1,21,-22
16,15785,16|15785,0,0,0,0,0,0,0,15,0,148,15,-163
16,15847,16|15847,0,0,0,0,0,0,0,0,0,0,0,0
16,15929,16|15929,0,0,0,0,0,0,0,6,0,180,6,-186
16,15930,16|15930,0,4,0,0,0,0,0,55,1,1009,59,-1065
16,15939,16|15939,0,0,0,0,0,0,0,46,0,189,46,-235
16,15942,16|15942,0,0,0,0,0,0,0,22,0,351,22,-373
16,15955,16|15955,0,0,0,0,8,8,0,12,0,219,4,-223
16,15956,16|15956,0,0,0,0,19,19,3,244,24,5513,228,-5765
16,15960,16|15960,0,0,0,0,0,0,0,0,0,78,0,-78
16,16214,16|16214,0,0,0,0,0,0,0,0,0,144,0,-144
16,16215,16|16215,0,0,0,0,0,0,0,9,0,42,9,-51
16,16218,16|16218,0,1,0,0,0,0,1,88,20,1218,90,-1327
16,16230,16|16230,0,0,0,0,0,0,0,4,0,35,4,-39
16,16243,16|16243,0,4,0,0,0,0,0,3,0,1,7,-4
16,16244,16|16244,0,0,0,0,0,0,0,2,0,0,2,-2
16,16303,16|16303,0,0,0,0,0,0,0,0,0,1,0,-1
16,16383,16|16383,0,0,0,0,1,1,0,961,0,175,960,-1135
16,16517,16|16517,0,0,0,0,0,0,0,21,0,34,21,-55
16,16536,16|16536,0,0,0,0,4,4,0,29,4,420,25,-449
16,16632,16|16632,0,0,0,0,0,0,0,14,3,231,14,-248
16,16639,16|16639,0,2,0,0,0,0,0,1,0,2,3,-3
16,16661,16|16661,0,0,0,0,0,0,0,10,0,111,10,-121
16,16855,16|16855,0,368,19,0,0,0,0,0,4,0,368,15
16,16976,16|16976,0,0,0,0,0,0,0,4,0,10,4,-14
16,17005,16|17005,0,0,0,0,0,0,0,45,0,48,45,-93
16,17264,16|17264,0,0,0,0,0,0,0,0,0,7,0,-7
16,17512,16|17512,0,1,0,0,5,5,2,66,2,268,64,-333
16,17914,16|17914,0,0,0,0,0,0,0,4,0,8,4,-12
16,18422,16|18422,0,0,0,0,0,0,0,8,0,0,8,-8
16,18555,16|18555,0,0,0,0,0,0,0,6,0,0,6,-6
16,19515,16|19515,0,0,0,0,0,0,0,1,0,121,1,-122
16,19621,16|19621,0,0,0,0,0,0,0,9,0,392,9,-401
16,19626,16|19626,0,0,0,0,0,0,1,17,0,2996,18,-3014
16,19712,16|19712,0,373,20,0,0,0,0,409,26,1282,782,-1697
16,19902,16|19902,0,0,0,0,0,0,0,14,0,318,14,-332
16,20275,16|20275,0,0,0,0,0,0,0,19,0,79,19,-98
16,20280,16|20280,0,0,0,0,0,0,0,6,0,26,6,-32
16,20436,16|20436,0,0,0,0,0,0,3,27,0,697,30,-727
16,21814,16|21814,0,0,0,0,0,0,0,32,0,12,32,-44
16,21954,16|21954,0,0,0,0,0,0,0,53,9,195,53,-257
16,22114,16|22114,0,0,5,0,0,0,0,4,0,2,4,-1
16,23266,16|23266,0,247,13,0,0,0,0,6,0,7,253,0
16,23410,16|23410,0,162,9,0,0,0,0,42,0,10,204,-43
16,23729,16|23729,0,0,0,0,0,0,0,3,0,3,3,-6
16,23785,16|23785,0,0,0,0,0,0,0,6,1,70,6,-77
16,24180,16|24180,0,264,14,0,0,0,0,71,2,184,335,-243
16,24181,16|24181,0,267,14,0,0,0,0,184,1,222,451,-393
16,24211,16|24211,0,525,28,0,0,0,0,1,0,18,526,9
16,25722,16|25722,0,118,6,0,0,0,0,0,0,18,118,-12
16,25723,16|25723,0,0,0,0,0,0,0,0,0,50,0,-50
16,27089,16|27089,0,0,0,0,0,0,27,24,0,2022,51,-2073
16,27090,16|27090,0,0,0,0,0,0,23,6,0,1963,29,-1992
16,27091,16|27091,0,0,0,0,0,0,5,8,0,1215,13,-1228
16,27092,16|27092,0,0,0,0,0,0,8,3,0,1967,11,-1978
16,27093,16|27093,0,0,0,0,0,0,0,1,0,74,1,-75
16,27094,16|27094,0,0,0,0,0,0,50,26,0,1662,76,-1738
16,27095,16|27095,0,0,0,0,0,0,3,22,0,1515,25,-1540
16,27096,16|27096,0,0,0,0,0,0,11,12,0,598,23,-621
16,27097,16|27097,0,0,0,0,0,0,4,4,0,1923,8,-1931
16,27099,16|27099,0,0,0,0,0,0,1,5,0,892,6,-898
16,27100,16|27100,0,0,0,0,0,0,0,0,0,251,0,-251
16,27101,16|27101,0,0,0,0,0,0,2,18,0,1823,20,-1843
16,27102,16|27102,0,0,0,0,0,0,0,31,0,2067,31,-2098
16,27103,16|27103,0,0,0,0,0,0,5,14,0,2451,19,-2470
16,27104,16|27104,0,0,0,0,0,0,0,0,0,295,0,-295
16,27105,16|27105,0,0,0,0,0,0,0,1,2,285,1,-288
16,27107,16|27107,0,0,0,0,0,0,0,18,0,308,18,-326
16,27110,16|27110,0,0,0,0,0,0,1,4,0,284,5,-289
16,27111,16|27111,0,0,0,0,0,0,1,4,0,294,5,-299
16,27115,16|27115,0,0,0,0,0,0,1,19,0,170,20,-190
16,27121,16|27121,0,0,0,0,0,0,0,23,0,12,23,-35
16,27689,16|27689,0,47,0,0,0,0,0,16,0,11,63,-27
16,27722,16|27722,0,0,4,0,0,0,0,10,10,0,10,-16
16,27777,16|27777,0,208,11,0,0,0,0,117,2,808,325,-916
16,27778,16|27778,0,0,0,0,0,0,0,25,0,430,25,-455
16,27779,16|27779,0,0,0,0,0,0,0,37,0,579,37,-616
16,28163,16|28163,0,0,0,0,0,0,0,0,0,3,0,-3
16,28389,16|28389,0,0,0,0,0,0,2,2,0,461,4,-465
16,28390,16|28390,0,0,0,0,0,0,0,5,0,285,5,-290
16,28437,16|28437,0,0,0,0,0,0,8,9,0,838,17,-855
16,28438,16|28438,0,0,0,0,0,0,1,0,8,309,1,-318
16,28440,16|28440,0,0,0,0,0,0,3,2,1,304,5,-310
16,28442,16|28442,0,0,0,0,0,0,2,0,0,733,2,-735
16,28443,16|28443,0,0,0,0,0,0,0,3,0,66,3,-69
16,28445,16|28445,0,0,0,0,0,0,9,9,0,420,18,-438
16,28446,16|28446,0,0,0,0,0,0,0,10,10,267,10,-287
16,28452,16|28452,0,0,0,0,0,0,0,7,0,285,7,-292
16,28453,16|28453,0,0,0,0,0,0,0,3,0,198,3,-201
16,28533,16|28533,0,0,0,0,0,0,0,5,0,17,5,-22
16,29551,16|29551,0,237,13,0,0,0,0,61,0,24,298,-72
16,30164,16|30164,0,0,0,0,0,0,1,1,0,1393,2,-1395
16,30822,16|30822,0,0,0,0,0,0,0,208,1,89,208,-298
16,30998,16|30998,0,0,0,0,0,0,0,36,0,38,36,-74
16,31208,16|31208,0,0,0,0,0,0,0,19,0,17,19,-36
16,31292,16|31292,0,0,5,0,0,0,0,225,7,292,225,-519
16,31300,16|31300,0,0,5,0,2,2,0,163,33,651,161,-840
16,31302,16|31302,0,0,5,0,0,0,0,184,6,598,184,-783
16,31324,16|31324,0,297,16,0,0,0,0,340,31,1805,637,-2160
16,31331,16|31331,0,0,0,0,0,0,1,222,15,526,223,-764
16,31386,16|31386,0,0,0,0,0,0,0,3,0,24,3,-27
16,31632,16|31632,0,0,0,0,0,0,0,7,0,3,7,-10
16,31661,16|31661,0,0,5,0,9,9,7,234,16,1264,232,-1507
16,31699,16|31699,0,0,0,0,0,0,3,1,12,277,4,-293
16,31700,16|31700,0,0,0,0,0,0,2,8,0,1039,10,-1049
16,32020,16|32020,0,0,0,0,0,0,0,1,0,40,1,-41
16,32021,16|32021,0,0,0,0,0,0,1,0,0,481,1,-482
16,32024,16|32024,0,0,0,0,0,0,0,9,5,78,9,-92
16,32025,16|32025,0,0,0,0,0,0,0,3,2,230,3,-235
16,32026,16|32026,0,0,0,0,0,0,1,2,0,258,3,-261
16,32065,16|32065,0,0,0,0,0,0,0,2,0,161,2,-163
16,32069,16|32069,0,0,0,0,0,0,0,6,0,117,6,-123
16,32070,16|32070,0,0,0,0,0,0,2,8,0,99,10,-109
16,32071,16|32071,0,0,0,0,0,0,2,8,0,126,10,-136
16,32073,16|32073,0,0,0,0,0,0,8,38,0,1401,46,-1447
16,32074,16|32074,0,0,0,0,0,0,36,44,0,874,80,-954
16,32083,16|32083,0,0,0,0,0,0,0,18,0,96,18,-114
16,32182,16|32182,0,205,11,0,0,0,0,232,0,1393,437,-1614
16,32237,16|32237,0,0,0,0,0,0,0,69,14,64,69,-147
16,32416,16|32416,0,0,0,0,6,6,0,149,6,396,143,-545
16,32474,16|32474,0,0,0,0,0,0,0,211,1,521,211,-733
16,32490,16|32490,0,0,0,0,0,0,15,36,0,1111,51,-1162
16,33039,16|33039,0,0,0,0,0,0,0,0,0,141,0,-141
16,33326,16|33326,0,0,0,0,0,0,0,2,0,14,2,-16
16,33327,16|33327,0,0,0,0,0,0,0,16,0,194,16,-210
16,33659,16|33659,0,0,0,0,0,0,0,1,2,255,1,-258
16,33660,16|33660,0,0,0,0,0,0,0,0,0,61,0,-61
16,33661,16|33661,0,0,0,0,0,0,0,0,0,221,0,-221
16,33662,16|33662,0,0,0,0,0,0,0,0,0,30,0,-30
16,33663,16|33663,0,0,0,0,0,0,0,0,0,40,0,-40
16,33664,16|33664,0,0,0,0,0,0,0,8,12,133,8,-153
16,33782,16|33782,0,0,0,0,0,0,3,10,0,230,13,-243
16,33785,16|33785,0,0,0,0,0,0,2,15,0,646,17,-663
16,33787,16|33787,0,0,0,0,0,0,0,14,0,156,14,-170
16,33789,16|33789,0,0,0,0,0,0,0,4,24,125,4,-153
16,33794,16|33794,0,0,0,0,0,0,0,8,0,159,8,-167
16,34089,16|34089,0,0,0,0,0,0,0,3,0,58,3,-61
16,34361,16|34361,0,0,0,0,9,9,0,177,18,2148,168,-2334
16,34362,16|34362,0,0,0,0,0,0,0,13,0,20,13,-33
16,34569,16|34569,0,0,0,0,0,0,0,13,0,137,13,-150
16,34706,16|34706,0,0,0,0,0,0,5,17,0,1338,22,-1360
16,34707,16|34707,0,0,0,0,0,0,0,0,0,62,0,-62
16,34708,16|34708,0,0,0,0,0,0,3,13,0,1429,16,-1445
16,34709,16|34709,0,0,0,0,0,0,3,32,0,1661,35,-1696
16,34710,16|34710,0,0,0,0,0,0,6,6,0,881,12,-893
16,34941,16|34941,0,0,0,0,12,12,7,79,77,2126,74,-2277
16,34942,16|34942,0,0,0,0,6,6,0,151,36,1018,145,-1199
16,35468,16|35468,0,0,0,0,0,0,0,25,0,113,25,-138
16,35904,16|35904,0,0,0,0,0,0,15,30,0,1033,45,-1078
16,35908,16|35908,0,0,0,0,0,0,2,21,0,293,23,-316
16,35910,16|35910,0,0,0,0,0,0,0,34,6,269,34,-309
16,35933,16|35933,0,0,0,0,0,0,0,0,0,48,0,-48
16,36053,16|36053,0,0,0,0,0,0,0,10,0,2,10,-12
16,36055,16|36055,0,0,0,0,0,0,1,16,9,97,17,-123
16,36056,16|36056,0,0,0,0,0,0,1,17,3,198,18,-219
16,36057,16|36057,0,0,0,0,0,0,0,22,1,24,22,-47
16,36058,16|36058,0,0,0,0,0,0,0,11,0,1,11,-12
16,36060,16|36060,0,0,0,0,0,0,0,3,7,18,3,-28
16,36063,16|36063,0,0,0,0,0,0,0,13,13,27,13,-53
16,36064,16|36064,0,0,0,0,0,0,0,13,16,5,13,-34
16,36065,16|36065,0,0,0,0,0,0,0,13,18,30,13,-61
16,36066,16|36066,0,0,0,0,0,0,1,4,4,109,5,-118
16,36067,16|36067,0,0,0,0,0,0,0,7,6,58,7,-71
16,36068,16|36068,0,0,0,0,0,0,0,12,1,14,12,-27
16,36069,16|36069,0,0,0,0,0,0,0,39,3,184,39,-226
16,36070,16|36070,0,0,0,0,0,0,0,0,14,4,0,-18
16,36233,16|36233,0,0,0,0,0,0,0,5,0,8,5,-13
16,36294,16|36294,0,0,0,0,0,0,0,0,0,22,0,-22
16,36417,16|36417,0,0,0,0,1,1,0,92,8,913,91,-1012
16,36516,16|36516,0,0,0,0,0,0,0,16,0,3,16,-19
16,36517,16|36517,0,0,0,0,0,0,0,16,0,4,16,-20
16,36518,16|36518,0,0,0,0,0,0,0,17,0,2,17,-19
16,36519,16|36519,0,0,0,0,0,0,0,35,3,23,35,-61
16,36520,16|36520,0,0,0,0,0,0,0,10,0,16,10,-26
16,36521,16|36521,0,0,0,0,0,0,0,7,0,10,7,-17
16,36523,16|36523,0,0,0,0,0,0,0,1,1,32,1,-34
16,36524,16|36524,0,0,0,0,0,0,0,20,0,0,20,-20
16,36525,16|36525,0,0,0,0,0,0,0,14,3,67,14,-84
16,36526,16|36526,0,0,0,0,0,0,0,13,15,86,13,-114
16,36527,16|36527,0,0,0,0,0,0,0,15,8,22,15,-45
16,36528,16|36528,0,0,0,0,0,0,0,1,12,3,1,-16
16,36529,16|36529,0,0,0,0,0,0,0,0,11,10,0,-21
16,36530,16|36530,0,0,0,0,0,0,0,0,15,1,0,-16
16,36531,16|36531,0,0,0,0,0,0,0,6,17,23,6,-46
16,36533,16|36533,0,0,0,0,0,0,0,14,9,22,14,-45
16,36534,16|36534,0,0,0,0,0,0,0,8,0,3,8,-11
16,36535,16|36535,0,0,0,0,0,0,0,12,0,9,12,-21
16,36536,16|36536,0,0,0,0,0,0,0,0,3,23,0,-26
16,36537,16|36537,0,0,0,0,0,0,0,11,0,8,11,-19
16,36538,16|36538,0,0,0,0,0,0,0,0,6,16,0,-22
16,36539,16|36539,0,0,0,0,0,0,0,4,4,12,4,-20
16,36540,16|36540,0,0,0,0,0,0,0,18,0,16,18,-34
16,36688,16|36688,0,0,0,0,0,0,1,0,0,279,1,-280
16,36689,16|36689,0,0,0,0,0,0,0,0,0,72,0,-72
16,36690,16|36690,0,0,0,0,0,0,0,7,0,335,7,-342
16,36691,16|36691,0,0,0,0,0,0,2,1,0,212,3,-215
16,36692,16|36692,0,0,0,0,0,0,0,5,0,201,5,-206
16,36754,16|36754,0,0,0,0,0,0,0,7,0,58,7,-65
16,36755,16|36755,0,0,0,0,0,0,0,1,0,85,1,-86
16,36756,16|36756,0,0,0,0,0,0,1,1,0,145,2,-147
16,36774,16|36774,0,0,0,0,0,0,0,9,0,27,9,-36
16,36775,16|36775,0,0,0,0,0,0,0,14,12,37,14,-63
16,36914,16|36914,0,0,0,0,0,0,0,11,0,22,11,-33
16,37497,16|37497,0,0,0,0,0,0,0,0,0,18,0,-18
16,37586,16|37586,0,0,0,0,0,0,0,2,0,94,2,-96
16,37661,16|37661,0,0,0,0,0,0,0,6,0,0,6,-6
16,37662,16|37662,0,0,0,0,0,0,0,6,0,0,6,-6
16,37665,16|37665,0,0,0,0,0,0,0,4,4,75,4,-83
16,37666,16|37666,0,0,0,0,0,0,0,2,4,15,2,-21
16,37667,16|37667,0,0,0,0,0,0,0,22,0,17,22,-39
16,37668,16|37668,0,0,0,0,0,0,0,21,6,6,21,-33
16,37669,16|37669,0,0,0,0,0,0,0,0,0,138,0,-138
16,37671,16|37671,0,0,0,0,0,0,0,2,6,1,2,-9
16,37672,16|37672,0,0,0,0,0,0,0,4,0,38,4,-42
16,37673,16|37673,0,0,0,0,0,0,0,2,0,52,2,-54
16,37674,16|37674,0,0,0,0,0,0,0,1,0,30,1,-31
16,37724,16|37724,0,0,0,0,0,0,1,2,0,707,3,-710
16,37725,16|37725,0,0,0,0,0,0,0,5,0,315,5,-320
16,37726,16|37726,0,0,0,0,0,0,0,1,0,188,1,-189
16,37727,16|37727,0,0,0,0,0,0,0,4,0,195,4,-199
16,37728,16|37728,0,0,0,0,0,0,1,6,0,774,7,-781
16,37864,16|37864,0,0,0,0,0,0,0,14,2,37,14,-53
16,37865,16|37865,0,0,0,0,0,0,0,7,0,40,7,-47
16,38470,16|38470,0,0,0,0,0,0,0,6,1,16,6,-23
16,38471,16|38471,0,0,0,0,0,0,0,9,1,16,9,-26
16,38480,16|38480,0,0,0,0,0,0,0,12,0,172,12,-184
16,38481,16|38481,0,0,0,0,0,0,0,0,6,47,0,-53
16,38484,16|38484,0,0,0,0,0,0,0,4,3,58,4,-65
16,38485,16|38485,0,0,0,0,0,0,0,0,0,74,0,-74
16,38486,16|38486,0,0,0,0,0,0,0,1,4,14,1,-19
16,38487,16|38487,0,0,0,0,0,0,0,0,2,2,0,-4
16,38488,16|38488,0,0,0,0,0,0,0,3,0,20,3,-23
16,38490,16|38490,0,0,0,0,0,0,0,2,0,35,2,-37
16,38492,16|38492,0,0,0,0,0,0,0,15,0,63,15,-78
16,38493,16|38493,0,0,0,0,0,0,0,43,14,466,43,-523
16,38494,16|38494,0,0,0,0,0,0,0,2,0,148,2,-150
16,38495,16|38495,0,0,0,0,0,0,0,30,0,182,30,-212
16,38496,16|38496,0,0,0,0,0,0,0,24,0,14,24,-38
16,38498,16|38498,0,0,0,0,0,0,4,9,5,68,13,-86
16,38501,16|38501,0,0,0,0,0,0,0,5,6,125,5,-136
16,38502,16|38502,0,0,0,0,0,0,0,0,0,76,0,-76
16,38503,16|38503,0,0,0,0,0,0,0,5,0,18,5,-23
16,38504,16|38504,0,0,0,0,0,0,0,1,0,11,1,-12
16,38505,16|38505,0,0,0,0,0,0,0,1,7,2,1,-10
16,38506,16|38506,0,0,0,0,0,0,0,1,0,3,1,-4
16,38507,16|38507,0,0,0,0,0,0,0,2,0,0,2,-2
16,38508,16|38508,0,0,0,0,0,0,0,1,4,18,1,-23
16,38509,16|38509,0,0,0,0,0,0,0,0,5,0,0,-5
16,38518,16|38518,0,0,0,0,0,0,0,6,0,429,6,-435
16,38519,16|38519,0,0,0,0,0,0,0,11,0,292,11,-303
16,38520,16|38520,0,0,0,0,0,0,0,11,0,21,11,-32
16,38521,16|38521,0,0,0,0,0,0,0,8,0,44,8,-52
16,38877,16|38877,0,0,0,0,0,0,0,0,0,212,0,-212
16,38878,16|38878,0,0,0,0,0,0,30,0,0,187,30,-217
16,38879,16|38879,0,0,0,0,0,0,3,20,0,997,23,-1020
16,39059,16|39059,0,0,0,0,0,0,2,52,9,931,54,-994
16,39107,16|39107,0,0,0,0,0,0,19,3,0,1110,22,-1132
16,40472,16|40472,0,0,0,0,0,0,0,36,0,585,36,-621
16,40473,16|40473,0,0,0,0,0,0,16,10,0,803,26,-829
16,40518,16|40518,0,0,0,0,0,0,0,91,0,732,91,-823
16,40655,16|40655,0,0,0,0,0,0,0,70,0,913,70,-983
16,40656,16|40656,0,0,0,0,0,0,0,78,0,1006,78,-1084
16,41330,16|41330,0,0,0,0,0,0,0,0,0,8,0,-8
16,41386,16|41386,0,0,0,0,0,0,0,3,0,13,3,-16
16,41402,16|41402,0,0,0,0,0,0,0,37,0,140,37,-177
16,41489,16|41489,0,0,0,0,0,0,0,0,0,100,0,-100
16,41490,16|41490,0,0,0,0,0,0,0,3,0,7,3,-10
16,41866,16|41866,0,0,0,0,0,0,4,0,0,247,4,-251
16,41867,16|41867,0,0,0,0,0,0,1,0,0,436,1,-437
16,41868,16|41868,0,0,0,0,0,0,0,1,0,166,1,-167
16,42076,16|42076,0,0,0,0,0,0,0,4,0,43,4,-47
16,42077,16|42077,0,0,0,0,0,0,2,7,0,5,9,-14
16,42078,16|42078,0,0,0,0,0,0,0,15,0,1,15,-16
16,42079,16|42079,0,0,0,0,0,0,0,0,0,4,0,-4
16,42080,16|42080,0,0,0,0,0,0,0,0,0,1,0,-1
16,43682,16|43682,0,0,0,0,0,0,0,0,0,13,0,-13
16,43715,16|43715,0,0,0,0,0,0,0,0,0,0,0,0
16,43719,16|43719,0,0,0,0,0,0,0,0,0,70,0,-70
16,43820,16|43820,0,0,0,0,0,0,0,1,0,99,1,-100
16,44224,16|44224,0,0,0,0,0,0,0,7,0,133,7,-140
16,45028,16|45028,0,0,0,0,0,0,0,0,0,34,0,-34
16,45252,16|45252,0,0,0,0,0,0,0,0,0,2,0,-2
16,45253,16|45253,0,0,0,0,0,0,0,0,0,0,0,0
16,45254,16|45254,0,0,0,0,0,0,0,0,0,5,0,-5
16,45255,16|45255,0,0,0,0,0,0,0,0,0,12,0,-12
16,45256,16|45256,0,0,0,0,0,0,0,0,0,6,0,-6
16,45257,16|45257,0,0,0,0,0,0,0,0,0,0,0,0
16,45258,16|45258,0,0,0,0,0,0,0,0,0,6,0,-6
16,45259,16|45259,0,0,0,0,0,0,0,0,0,0,0,0
16,45260,16|45260,0,0,0,0,0,0,0,0,0,6,0,-6
16,45262,16|45262,0,0,0,0,0,0,0,0,0,16,0,-16
16,45263,16|45263,0,0,0,0,0,0,0,0,0,0,0,0
16,45265,16|45265,0,0,0,0,0,0,0,3,0,40,3,-43
17,14417,17|14417,0,0,0,0,11,11,0,1489,0,757,1478,-2235
17,14421,17|14421,0,0,0,0,0,0,0,8,0,0,8,-8
17,14422,17|14422,0,0,0,0,0,0,0,10,0,0,10,-10
17,14424,17|14424,0,96,5,0,0,0,0,1,0,0,97,4
17,14432,17|14432,0,0,0,0,0,0,0,4,0,0,4,-4
17,14433,17|14433,0,0,0,0,0,0,0,8,0,0,8,-8
17,14441,17|14441,0,0,0,0,0,0,0,0,0,6,0,-6
17,14447,17|14447,0,479,25,0,0,0,0,67,0,2875,546,-2917
17,14449,17|14449,0,757,40,0,0,0,0,7,0,8,764,25
17,14455,17|14455,0,0,0,0,0,0,0,69,0,296,69,-365
17,14460,17|14460,0,113,6,0,0,0,0,6,0,41,119,-41
17,14486,17|14486,0,0,0,0,6,6,34,240,0,15629,268,-15897
17,15296,17|15296,0,142,8,0,11,11,0,631,2,7743,762,-8357
17,15298,17|15298,0,3,0,0,0,0,0,472,8,2012,475,-2492
17,15300,17|15300,0,0,3,0,0,0,0,15,0,31,15,-43
17,15490,17|15490,0,9,0,0,0,0,0,6,0,16,15,-22
17,15578,17|15578,0,0,0,0,0,0,0,10,0,10,10,-20
17,15718,17|15718,0,0,0,0,7,7,0,416,0,5231,409,-5640
17,15898,17|15898,0,0,0,0,0,0,0,0,0,4,0,-4
17,16180,17|16180,0,256,14,0,0,0,0,85,0,603,341,-674
17,16432,17|16432,0,147,8,0,0,0,0,39,0,172,186,-203
17,16548,17|16548,0,476,25,0,0,0,0,88,0,88,564,-151
17,16727,17|16727,0,0,1,0,0,0,0,7,0,22,7,-28
17,16736,17|16736,0,1,0,0,20,20,3,267,0,2199,251,-2449
17,17098,17|17098,0,0,0,0,2,2,0,515,0,396,513,-909
17,17101,17|17101,0,0,0,0,2,2,0,371,0,949,369,-1318
17,17140,17|17140,0,160,8,0,0,0,0,26,0,25,186,-43
17,17149,17|17149,0,0,0,0,0,0,0,7,0,0,7,-7
17,17285,17|17285,0,0,0,0,0,0,0,7,0,12,7,-19
17,17288,17|17288,0,578,30,0,0,0,0,8,0,3,586,19
17,17358,17|17358,0,17,0,0,0,0,0,8,0,3,25,-11
17,17425,17|17425,0,0,0,0,0,0,0,14,0,18,14,-32
17,17534,17|17534,0,0,0,0,7,7,0,126,0,426,119,-545
17,17541,17|17541,0,0,0,0,0,0,0,1,0,3,1,-4
17,17595,17|17595,0,0,0,0,0,0,0,87,0,508,87,-595
17,17741,17|17741,0,0,0,0,0,0,0,2,0,3,2,-5
17,18080,17|18080,0,136,7,0,0,0,0,4,0,4,140,-1
17,18081,17|18081,0,0,4,0,0,0,0,8,0,1,8,-5
17,18115,17|18115,0,0,0,0,0,0,2,11,0,1167,13,-1180
17,18190,17|18190,0,22,0,0,0,0,1,378,1,5669,401,-6049
17,18596,17|18596,0,3,0,0,0,0,5,160,3,6884,168,-7052
17,19069,17|19069,0,237,13,0,11,11,15,1051,74,13135,1292,-14251
17,19427,17|19427,0,0,0,0,0,0,0,0,0,17,0,-17
17,20753,17|20753,0,257,14,0,0,0,0,2,0,0,259,12
17,21772,17|21772,0,311,16,0,0,0,0,20,3,493,331,-500
17,21815,17|21815,0,0,0,0,0,0,0,0,11,0,0,-11
17,22051,17|22051,0,4,0,0,0,0,0,38,0,86,42,-124
17,22230,17|22230,0,462,24,0,0,0,0,6,0,406,468,-388
17,22231,17|22231,0,0,0,0,0,0,0,13,0,274,13,-287
17,22232,17|22232,0,1,0,0,0,0,0,27,0,509,28,-536
17,22233,17|22233,0,47,0,0,0,0,0,5,0,21,52,-26
17,22361,17|22361,0,0,0,0,1,1,0,81,0,1098,80,-1178
17,22472,17|22472,0,77,4,0,0,0,0,16,0,0,93,-12
17,22537,17|22537,0,1,0,0,0,0,0,5,0,8,6,-13
17,23264,17|23264,0,0,0,0,0,0,0,0,0,12,0,-12
17,23284,17|23284,0,0,0,0,0,0,0,3,0,7,3,-10
17,23569,17|23569,0,110,6,0,0,0,0,8,0,0,118,-2
17,24178,17|24178,0,242,13,0,0,0,0,204,0,171,446,-362
17,24179,17|24179,0,351,19,0,0,0,0,91,0,116,442,-188
17,24874,17|24874,0,0,4,0,0,0,0,46,0,48,46,-90
17,25898,17|25898,0,0,0,0,0,0,0,0,0,0,0,0
17,25967,17|25967,0,0,0,0,0,0,0,10,10,7,10,-27
17,25979,17|25979,0,0,0,0,11,11,0,796,166,2757,785,-3708
17,26220,17|26220,0,0,0,0,0,0,0,74,0,26,74,-100
17,26670,17|26670,0,0,2,0,0,0,0,1,0,6,1,-5
17,27062,17|27062,0,38,2,0,5,5,11,668,8,9451,712,-10131
17,27227,17|27227,0,0,0,0,0,0,0,14,0,54,14,-68
17,27383,17|27383,0,0,0,0,9,9,0,767,164,2468,758,-3390
17,27753,17|27753,0,0,0,0,0,0,2,44,0,231,46,-277
17,29204,17|29204,0,102,5,0,0,0,0,49,0,41,151,-85
17,29555,17|29555,0,0,0,0,0,0,0,0,0,6,0,-6
17,29556,17|29556,0,237,13,0,0,0,0,7,0,1,244,5
17,30821,17|30821,0,57,3,0,1,1,0,266,15,257,322,-534
17,30828,17|30828,0,73,4,0,0,0,0,37,0,257,110,-290
17,30882,17|30882,0,205,11,0,0,0,0,252,10,163,457,-414
17,30883,17|30883,0,0,0,0,0,0,0,50,0,3,50,-53
17,30884,17|30884,0,0,0,0,0,0,0,96,6,222,96,-324
17,30885,17|30885,0,0,3,0,0,0,0,159,38,467,159,-661
17,31369,17|31369,0,0,0,0,0,0,0,10,0,0,10,-10
17,31650,17|31650,0,0,0,0,0,0,0,12,0,2,12,-14
17,31653,17|31653,0,0,0,0,0,0,0,6,0,1,6,-7
17,31764,17|31764,0,0,0,0,0,0,0,6,0,8,6,-14
17,31765,17|31765,0,0,0,0,0,0,0,51,0,60,51,-111
17,31766,17|31766,0,0,0,0,0,0,0,63,9,26,63,-98
17,32183,17|32183,0,548,29,0,18,18,0,851,25,4221,1381,-5050
17,32251,17|32251,0,0,5,0,0,0,0,27,0,198,27,-220
17,33251,17|33251,0,0,3,0,0,0,0,47,0,526,47,-570
17,33350,17|33350,0,0,0,0,0,0,0,0,0,11,0,-11
17,33353,17|33353,0,0,0,0,0,0,0,11,0,62,11,-73
17,35366,17|35366,0,0,0,0,0,0,0,1,0,0,1,-1
17,35397,17|35397,0,0,0,0,0,0,0,18,0,8,18,-26
17,35955,17|35955,0,0,0,0,0,0,0,18,0,0,18,-18
17,35957,17|35957,0,0,0,0,0,0,0,38,0,0,38,-38
17,35958,17|35958,0,0,0,0,0,0,0,22,0,0,22,-22
17,35959,17|35959,0,0,0,0,0,0,0,60,0,3,60,-63
17,35960,17|35960,0,0,0,0,0,0,0,42,0,12,42,-54
17,35961,17|35961,0,0,0,0,0,0,0,45,0,3,45,-48
17,35962,17|35962,0,0,0,0,0,0,0,59,5,63,59,-127
17,35963,17|35963,0,0,0,0,0,0,0,23,0,1,23,-24
17,35964,17|35964,0,0,0,0,0,0,0,12,0,1,12,-13
17,35965,17|35965,0,0,0,0,0,0,0,11,0,13,11,-24
17,35966,17|35966,0,0,0,0,0,0,0,48,0,25,48,-73
17,35967,17|35967,0,0,0,0,0,0,0,27,0,11,27,-38
17,35969,17|35969,0,0,0,0,0,0,0,43,0,24,43,-67
17,35970,17|35970,0,0,0,0,0,0,0,6,0,0,6,-6
17,35971,17|35971,0,0,0,0,0,0,0,30,0,0,30,-30
17,35972,17|35972,0,0,0,0,0,0,0,31,12,14,31,-57
17,35973,17|35973,0,0,0,0,0,0,0,22,15,4,22,-41
17,35974,17|35974,0,0,0,0,0,0,0,21,14,4,21,-39
17,35975,17|35975,0,0,0,0,0,0,0,27,0,39,27,-66
17,35976,17|35976,0,0,0,0,0,0,0,60,0,7,60,-67
17,35978,17|35978,0,0,0,0,0,0,0,22,0,8,22,-30
17,35979,17|35979,0,0,0,0,0,0,0,15,0,0,15,-15
17,35980,17|35980,0,0,0,0,0,0,0,18,0,0,18,-18
17,35981,17|35981,0,0,0,0,0,0,0,18,0,2,18,-20
17,35983,17|35983,0,0,0,0,0,0,0,43,0,5,43,-48
17,35984,17|35984,0,0,0,0,0,0,0,28,0,11,28,-39
17,35985,17|35985,0,0,0,0,0,0,0,18,0,0,18,-18
17,35986,17|35986,0,0,0,0,0,0,0,10,0,3,10,-13
17,35987,17|35987,0,0,0,0,0,0,0,13,0,7,13,-20
17,35988,17|35988,0,0,0,0,0,0,0,6,0,2,6,-8
17,35989,17|35989,0,0,0,0,0,0,0,27,0,0,27,-27
17,35990,17|35990,0,0,0,0,0,0,0,44,0,1,44,-45
17,35991,17|35991,0,0,0,0,0,0,0,21,0,15,21,-36
17,35992,17|35992,0,0,0,0,0,0,0,20,2,12,20,-34
17,35993,17|35993,0,0,0,0,0,0,0,85,4,62,85,-151
17,35995,17|35995,0,0,0,0,0,0,0,20,0,3,20,-23
17,36371,17|36371,0,0,0,0,0,0,0,28,11,88,28,-127
17,36944,17|36944,0,0,0,0,0,0,0,87,0,201,87,-288
17,37167,17|37167,0,0,0,0,0,0,0,2,3,36,2,-41
17,37168,17|37168,0,0,0,0,0,0,0,0,3,29,0,-32
17,37170,17|37170,0,0,0,0,0,0,0,8,0,85,8,-93
17,37172,17|37172,0,0,0,0,0,0,0,18,1,22,18,-41
17,37175,17|37175,0,0,0,0,0,0,0,0,0,13,0,-13
17,37178,17|37178,0,0,0,0,0,0,0,0,0,25,0,-25
17,37180,17|37180,0,0,0,0,0,0,0,32,0,88,32,-120
17,37183,17|37183,0,0,0,0,0,0,0,1,17,71,1,-89
17,37185,17|37185,0,0,0,0,0,0,0,37,3,53,37,-93
17,37187,17|37187,0,0,0,0,0,0,0,9,0,26,9,-35
17,37188,17|37188,0,0,0,0,0,0,0,4,3,33,4,-40
17,37189,17|37189,0,0,0,0,0,0,0,3,0,50,3,-53
17,37192,17|37192,0,0,0,0,0,0,0,0,16,4,0,-20
17,37193,17|37193,0,0,0,0,0,0,0,5,0,52,5,-57
17,37194,17|37194,0,0,0,0,0,0,0,13,0,56,13,-69
17,37195,17|37195,0,0,0,0,0,0,0,11,0,20,11,-31
17,37196,17|37196,0,0,0,0,0,0,0,3,20,46,3,-69
17,37197,17|37197,0,0,0,0,0,0,0,1,2,66,1,-69
17,37198,17|37198,0,0,0,0,0,0,0,14,0,47,14,-61
17,37200,17|37200,0,0,0,0,0,0,3,14,15,47,17,-79
17,37201,17|37201,0,0,0,0,0,0,0,6,0,31,6,-37
17,37204,17|37204,0,0,0,0,0,0,0,23,22,440,23,-485
17,37206,17|37206,0,0,0,0,0,0,0,20,0,30,20,-50
17,37207,17|37207,0,0,0,0,0,0,0,18,0,53,18,-71
17,38336,17|38336,0,0,0,0,0,0,0,9,0,26,9,-35
17,38338,17|38338,0,0,0,0,0,0,0,6,0,2,6,-8
17,38339,17|38339,0,0,0,0,0,0,0,16,5,32,16,-53
17,38340,17|38340,0,0,0,0,0,0,0,15,0,21,15,-36
17,38344,17|38344,0,0,0,0,0,0,0,8,0,5,8,-13
17,38345,17|38345,0,0,0,0,0,0,0,3,0,6,3,-9
17,38346,17|38346,0,0,0,0,0,0,0,14,0,9,14,-23
17,38348,17|38348,0,0,0,0,0,0,0,7,0,24,7,-31
17,38349,17|38349,0,0,0,0,0,0,0,6,0,0,6,-6
17,38350,17|38350,0,0,0,0,0,0,0,25,5,7,25,-37
17,38351,17|38351,0,0,0,0,0,0,0,15,0,11,15,-26
17,38352,17|38352,0,0,0,0,0,0,0,6,0,0,6,-6
17,38353,17|38353,0,0,0,0,0,0,0,14,0,9,14,-23
17,38354,17|38354,0,0,0,0,0,0,0,5,0,2,5,-7
17,38355,17|38355,0,0,0,0,0,0,0,20,0,18,20,-38
17,38356,17|38356,0,0,0,0,0,0,0,8,0,7,8,-15
17,38357,17|38357,0,0,0,0,0,0,0,31,0,87,31,-118
17,38358,17|38358,0,0,0,0,0,0,0,19,0,68,19,-87
17,38359,17|38359,0,0,0,0,0,0,0,0,5,3,0,-8
17,38360,17|38360,0,0,0,0,0,0,0,15,0,8,15,-23
17,38362,17|38362,0,0,0,0,0,0,0,20,0,25,20,-45
17,40058,17|40058,0,0,0,0,0,0,3,76,0,928,79,-1007
17,40059,17|40059,0,0,0,0,3,3,2,87,28,953,86,-1067
17,40060,17|40060,0,0,0,0,0,0,0,61,5,926,61,-992
17,40646,17|40646,0,0,0,0,0,0,1,41,0,1168,42,-1210
17,40647,17|40647,0,0,0,0,0,0,1,16,0,215,17,-232
17,40648,17|40648,0,0,0,0,0,0,0,8,0,11,8,-19
17,40649,17|40649,0,0,0,0,0,0,0,0,0,0,0,0
17,40651,17|40651,0,0,0,0,0,0,0,2,0,10,2,-12
17,41428,17|41428,0,0,0,0,0,0,0,15,8,147,15,-170
17,41493,17|41493,0,0,0,0,0,0,0,9,0,15,9,-24
17,41494,17|41494,0,0,0,0,0,0,0,0,9,34,0,-43
17,41495,17|41495,0,0,0,0,0,0,7,5,6,38,12,-56
17,41496,17|41496,0,0,0,0,0,0,0,0,0,8,0,-8
17,41498,17|41498,0,0,0,0,0,0,0,0,6,3,0,-9
17,41499,17|41499,0,0,0,0,0,0,0,0,0,3,0,-3
17,41501,17|41501,0,0,0,0,0,0,0,5,0,38,5,-43
17,41502,17|41502,0,0,0,0,0,0,0,0,0,21,0,-21
17,41503,17|41503,0,0,0,0,0,0,0,0,0,68,0,-68
17,41504,17|41504,0,0,0,0,0,0,0,0,0,24,0,-24
17,41505,17|41505,0,0,0,0,0,0,0,9,0,51,9,-60
17,41506,17|41506,0,0,0,0,0,0,0,2,0,16,2,-18
17,41507,17|41507,0,0,0,0,0,0,0,0,0,17,0,-17
17,41508,17|41508,0,0,0,0,0,0,0,0,5,25,0,-30
17,41509,17|41509,0,0,0,0,0,0,0,12,4,77,12,-93
17,41510,17|41510,0,0,0,0,0,0,0,1,0,99,1,-100
17,41511,17|41511,0,0,0,0,0,0,0,9,0,54,9,-63
17,41512,17|41512,0,0,0,0,0,0,0,1,0,48,1,-49
17,41513,17|41513,0,0,0,0,0,0,0,7,0,9,7,-16
17,41514,17|41514,0,0,0,0,0,0,1,6,0,126,7,-133
17,41515,17|41515,0,0,0,0,0,0,0,1,0,5,1,-6
17,41516,17|41516,0,0,0,0,0,0,0,0,11,4,0,-15
17,41517,17|41517,0,0,0,0,0,0,0,1,0,85,1,-86
17,41518,17|41518,0,0,0,0,0,0,0,12,0,26,12,-38
17,41519,17|41519,0,0,0,0,0,0,0,5,0,56,5,-61
17,41520,17|41520,0,0,0,0,0,0,0,0,0,12,0,-12
17,41521,17|41521,0,0,0,0,0,0,0,0,0,18,0,-18
17,41522,17|41522,0,0,0,0,0,0,0,0,0,37,0,-37
17,41523,17|41523,0,0,0,0,0,0,0,2,0,8,2,-10
17,41524,17|41524,0,0,0,0,0,0,0,3,15,27,3,-45
17,41525,17|41525,0,0,0,0,0,0,0,8,0,31,8,-39
17,41526,17|41526,0,0,0,0,0,0,0,17,0,136,17,-153
17,41527,17|41527,0,0,0,0,0,0,0,8,0,108,8,-116
17,41528,17|41528,0,0,0,0,0,0,0,7,0,3,7,-10
17,41530,17|41530,0,0,0,0,0,0,0,3,6,16,3,-25
17,41531,17|41531,0,0,0,0,0,0,0,0,0,79,0,-79
17,41532,17|41532,0,0,0,0,0,0,0,6,0,30,6,-36
17,41533,17|41533,0,0,0,0,0,0,0,0,0,24,0,-24
17,41534,17|41534,0,0,0,0,0,0,0,0,0,56,0,-56
17,41535,17|41535,0,0,0,0,0,0,0,1,0,0,1,-1
17,41788,17|41788,0,0,0,0,0,0,0,32,0,365,32,-397
17,42561,17|42561,0,0,0,0,0,0,0,1,0,1,1,-2
17,43713,17|43713,0,0,0,0,0,0,0,8,0,0,8,-8
17,43878,17|43878,0,0,0,0,0,0,0,0,0,18,0,-18
17,44049,17|44049,0,0,0,0,0,0,0,0,0,13,0,-13
17,44050,17|44050,0,0,0,0,0,0,0,0,0,0,0,0
17,44130,17|44130,0,0,0,0,0,0,0,10,0,0,10,-10
17,44563,17|44563,0,0,0,0,0,0,1,35,0,694,36,-730
17,45269,17|45269,0,0,0,0,0,0,0,0,0,33,0,-33
17,45274,17|45274,0,0,0,0,0,0,0,0,0,3,0,-3
17,45279,17|45279,0,0,0,0,0,0,0,0,0,3,0,-3
17,45286,17|45286,0,0,0,0,0,0,0,0,0,2,0,-2
17,45297,17|45297,0,0,0,0,0,0,0,0,0,5,0,-5
17,45818,17|45818,0,0,0,0,0,0,0,0,0,5,0,-5
24,4,24|4,0,0,0,0,0,0,0,1,0,0,1,-1
24,12327,24|12327,0,0,0,0,0,0,0,27,10,136,27,-173
24,12355,24|12355,0,0,0,0,0,0,0,0,0,5,0,-5
24,12441,24|12441,0,0,0,0,0,0,1,0,0,35,1,-36
24,12485,24|12485,0,0,0,0,0,0,0,0,0,26,0,-26
24,12792,24|12792,0,0,0,0,0,0,0,0,0,23,0,-23
24,12793,24|12793,0,0,0,0,0,0,0,0,0,93,0,-93
24,12795,24|12795,0,0,0,0,0,0,1,1,2,245,2,-249
24,12854,24|12854,0,0,0,0,0,0,0,2,0,136,2,-138
24,13007,24|13007,0,0,0,0,0,0,0,0,1,8,0,-9
24,13060,24|13060,0,0,0,0,0,0,0,6,0,8,6,-14
24,13135,24|13135,0,0,0,0,0,0,1,3,1,131,4,-136
24,13330,24|13330,0,0,0,0,0,0,0,0,0,22,0,-22
24,13743,24|13743,0,0,0,0,0,0,0,1,0,194,1,-195
24,13744,24|13744,0,0,0,0,0,0,0,9,10,67,9,-86
24,13786,24|13786,0,0,0,0,0,0,0,2,0,231,2,-233
24,13813,24|13813,0,0,0,0,0,0,1,1,0,6,2,-8
24,13970,24|13970,0,0,0,0,0,0,0,15,0,2,15,-17
24,14017,24|14017,0,0,0,0,0,0,0,5,0,158,5,-163
24,14167,24|14167,0,0,0,0,0,0,0,0,0,48,0,-48
24,14770,24|14770,0,0,0,0,0,0,0,6,0,0,6,-6
24,14860,24|14860,0,0,0,0,0,0,0,1,0,46,1,-47
24,14880,24|14880,0,0,0,0,0,0,0,0,0,12,0,-12
24,15110,24|15110,0,0,0,0,0,0,0,0,2,104,0,-106
24,15174,24|15174,0,0,0,0,0,0,0,0,0,32,0,-32
24,15209,24|15209,0,0,0,0,0,0,0,0,0,150,0,-150
24,15430,24|15430,0,0,0,0,0,0,0,1,0,298,1,-299
24,16037,24|16037,0,0,0,0,0,0,0,27,3,208,27,-238
24,17951,24|17951,0,0,0,0,0,0,0,2,0,57,2,-59
24,17952,24|17952,0,0,0,0,0,0,0,0,2,48,0,-50
24,18087,24|18087,0,0,0,0,0,0,0,5,17,25,5,-47
24,18105,24|18105,0,0,0,0,0,0,4,0,4,568,4,-576
24,18106,24|18106,0,0,0,0,0,0,0,1,0,258,1,-259
24,18556,24|18556,0,0,0,0,0,0,1,4,0,75,5,-80
24,18581,24|18581,0,0,0,0,0,0,0,0,1,225,0,-226
24,19500,24|19500,0,0,0,0,0,0,0,2,2,209,2,-213
24,19501,24|19501,0,0,0,0,0,0,0,0,2,161,0,-163
24,19502,24|19502,0,0,0,0,0,0,0,2,0,118,2,-120
24,20519,24|20519,0,0,0,0,0,0,0,0,0,385,0,-385
24,20523,24|20523,0,0,0,0,0,0,0,4,0,73,4,-77
24,20778,24|20778,0,0,0,0,0,0,0,0,0,44,0,-44
24,20808,24|20808,0,0,0,0,0,0,0,6,0,90,6,-96
24,20823,24|20823,0,0,0,0,0,0,0,5,0,11,5,-16
24,20848,24|20848,0,0,0,0,0,0,0,7,0,565,7,-572
24,20850,24|20850,0,0,0,0,0,0,0,3,1,310,3,-314
24,20851,24|20851,0,0,0,0,0,0,0,0,0,119,0,-119
24,20852,24|20852,0,0,0,0,0,0,0,0,0,133,0,-133
24,20854,24|20854,0,0,0,0,0,0,0,3,0,31,3,-34
24,21390,24|21390,0,0,0,0,0,0,0,0,0,49,0,-49
24,21463,24|21463,0,0,0,0,0,0,0,3,0,157,3,-160
24,21656,24|21656,0,0,0,0,0,0,0,0,0,34,0,-34
24,21820,24|21820,0,0,0,0,0,0,1,6,0,51,7,-58
24,21851,24|21851,0,0,0,0,0,0,0,0,0,129,0,-129
24,22124,24|22124,0,0,0,0,0,0,0,1,0,206,1,-207
24,22556,24|22556,0,0,0,0,0,0,0,0,0,12,0,-12
24,22921,24|22921,0,0,0,0,0,0,0,1,0,15,1,-16
24,22926,24|22926,0,0,0,0,0,0,0,0,6,144,0,-150
24,22944,24|22944,0,0,0,0,0,0,0,3,0,27,3,-30
24,23260,24|23260,0,0,0,0,0,0,0,0,0,107,0,-107
24,23548,24|23548,0,0,0,0,0,0,0,0,0,80,0,-80
24,23637,24|23637,0,0,0,0,0,0,0,1,0,42,1,-43
24,23638,24|23638,0,0,0,0,0,0,0,5,0,635,5,-640
24,23639,24|23639,0,0,0,0,0,0,0,5,0,266,5,-271
24,23640,24|23640,0,0,0,0,0,0,0,0,0,16,0,-16
24,24184,24|24184,0,0,0,0,0,0,0,0,0,11,0,-11
24,24837,24|24837,0,0,0,0,0,0,0,0,0,6,0,-6
24,24838,24|24838,0,0,0,0,0,0,0,4,0,65,4,-69
24,24841,24|24841,0,0,0,0,0,0,0,0,0,54,0,-54
24,24865,24|24865,0,0,0,0,0,0,0,5,0,142,5,-147
24,24866,24|24866,0,0,0,0,0,0,0,9,0,67,9,-76
24,25431,24|25431,0,0,0,0,0,0,0,0,0,10,0,-10
24,25432,24|25432,0,0,0,0,0,0,0,0,0,8,0,-8
24,25451,24|25451,0,0,0,0,0,0,0,0,0,345,0,-345
24,25452,24|25452,0,0,0,0,0,0,0,0,0,38,0,-38
24,25609,24|25609,0,0,0,0,0,0,0,15,1,308,15,-324
24,25610,24|25610,0,0,0,0,0,0,0,4,0,599,4,-603
24,26060,24|26060,0,0,0,0,0,0,0,8,0,328,8,-336
24,26061,24|26061,0,0,0,0,0,0,0,1,2,179,1,-182
24,26629,24|26629,0,0,0,0,0,0,0,3,0,3,3,-6
24,27207,24|27207,0,0,0,0,0,0,0,6,0,5,6,-11
24,27897,24|27897,0,0,0,0,0,0,0,1,0,24,1,-25
24,28229,24|28229,0,0,0,0,0,0,0,0,0,563,0,-563
24,28232,24|28232,0,0,0,0,0,0,0,5,0,0,5,-5
24,30169,24|30169,0,0,0,0,0,0,0,10,0,5,10,-15
24,30191,24|30191,0,0,0,0,0,0,0,0,0,220,0,-220
24,30482,24|30482,0,0,0,0,0,0,0,0,0,44,0,-44
24,30484,24|30484,0,0,0,0,0,0,1,0,5,423,1,-429
24,30485,24|30485,0,0,0,0,0,0,0,6,1,251,6,-258
24,30820,24|30820,0,0,0,0,0,0,0,2,5,399,2,-406
24,31091,24|31091,0,0,0,0,0,0,0,1,0,90,1,-91
24,31285,24|31285,0,0,0,0,0,0,0,5,0,7,5,-12
24,31322,24|31322,0,0,0,0,0,0,0,0,5,24,0,-29
24,32179,24|32179,0,0,0,0,0,0,0,2,0,27,2,-29
24,32348,24|32348,0,0,0,0,0,0,0,6,0,152,6,-158
24,32555,24|32555,0,0,0,0,0,0,0,5,3,463,5,-471
24,32597,24|32597,0,0,0,0,0,0,1,21,0,290,22,-312
24,32598,24|32598,0,0,0,0,0,0,0,21,0,91,21,-112
24,32599,24|32599,0,0,0,0,0,0,1,16,0,149,17,-166
24,33525,24|33525,0,0,0,0,0,0,0,10,0,27,10,-37
24,33526,24|33526,0,0,0,0,0,0,0,1,0,14,1,-15
24,33527,24|33527,0,0,0,0,0,0,0,3,0,188,3,-191
24,33528,24|33528,0,0,0,0,0,0,0,0,0,23,0,-23
24,33529,24|33529,0,0,0,0,0,0,0,0,0,20,0,-20
24,33530,24|33530,0,0,0,0,0,0,0,0,0,4,0,-4
24,33532,24|33532,0,0,0,0,0,0,0,0,0,39,0,-39
24,33634,24|33634,0,0,0,0,0,0,0,0,8,0,0,-8
24,33768,24|33768,0,0,0,0,0,0,0,0,0,66,0,-66
24,33770,24|33770,0,0,0,0,0,0,0,3,2,49,3,-54
24,33771,24|33771,0,0,0,0,0,0,0,0,0,0,0,0
24,34006,24|34006,0,0,0,0,0,0,0,1,0,80,1,-81
24,34351,24|34351,0,0,0,0,0,0,0,0,0,14,0,-14
24,34396,24|34396,0,0,0,0,0,0,0,5,1,15,5,-21
24,34397,24|34397,0,0,0,0,0,0,0,15,0,28,15,-43
24,34399,24|34399,0,0,0,0,0,0,0,1,0,46,1,-47
24,34434,24|34434,0,0,0,0,0,0,0,7,0,280,7,-287
24,34697,24|34697,0,0,0,0,0,0,0,0,0,103,0,-103
24,35079,24|35079,0,0,0,0,0,0,0,0,0,110,0,-110
24,35133,24|35133,0,0,0,0,0,0,0,0,0,112,0,-112
24,35224,24|35224,0,0,0,0,0,0,0,0,3,59,0,-62
24,35326,24|35326,0,0,0,0,0,0,0,1,0,40,1,-41
24,36036,24|36036,0,0,0,0,0,0,0,7,0,69,7,-76
24,36087,24|36087,0,0,0,0,0,0,0,0,0,22,0,-22
24,36088,24|36088,0,0,0,0,0,0,0,5,8,147,5,-160
24,36305,24|36305,0,0,0,0,0,0,0,1,0,13,1,-14
24,36352,24|36352,0,0,0,0,0,0,0,0,0,4,0,-4
24,36424,24|36424,0,0,0,0,0,0,0,0,1,11,0,-12
24,36425,24|36425,0,0,0,0,0,0,1,0,1,173,1,-175
24,36486,24|36486,0,0,0,0,0,0,0,0,0,58,0,-58
24,36488,24|36488,0,0,0,0,0,0,0,1,0,25,1,-26
24,36509,24|36509,0,0,0,0,0,0,0,2,0,92,2,-94
24,36628,24|36628,0,0,0,0,0,0,0,0,0,17,0,-17
24,36630,24|36630,0,0,0,0,0,0,0,0,0,188,0,-188
24,36631,24|36631,0,0,0,0,0,0,0,0,0,67,0,-67
24,36632,24|36632,0,0,0,0,0,0,0,0,0,92,0,-92
24,36635,24|36635,0,0,0,0,0,0,0,3,7,62,3,-72
24,36636,24|36636,0,0,0,0,0,0,0,0,0,82,0,-82
24,36637,24|36637,0,0,0,0,0,0,0,1,0,27,1,-28
24,36638,24|36638,0,0,0,0,0,0,0,0,0,20,0,-20
24,36639,24|36639,0,0,0,0,0,0,0,2,8,11,2,-21
24,36640,24|36640,0,0,0,0,0,0,0,2,6,7,2,-15
24,36641,24|36641,0,0,0,0,0,0,0,0,0,85,0,-85
24,36642,24|36642,0,0,0,0,0,0,0,4,0,88,4,-92
24,36757,24|36757,0,0,0,0,0,0,0,0,0,35,0,-35
24,36766,24|36766,0,0,0,0,0,0,0,1,0,126,1,-127
24,36977,24|36977,0,0,0,0,0,0,0,0,0,37,0,-37
24,37273,24|37273,0,0,0,0,0,0,0,4,0,14,4,-18
24,37490,24|37490,0,0,0,0,0,0,0,0,0,22,0,-22
24,37491,24|37491,0,0,0,0,0,0,0,0,6,29,0,-35
24,37832,24|37832,0,0,0,0,0,0,0,0,4,217,0,-221
24,38049,24|38049,0,0,0,0,0,0,0,0,2,172,0,-174
24,38244,24|38244,0,0,0,0,0,0,0,3,0,293,3,-296
24,39001,24|39001,0,0,0,0,0,0,0,0,4,37,0,-41
24,39002,24|39002,0,0,0,0,0,0,0,0,0,4,0,-4
24,40660,24|40660,0,0,0,0,0,0,0,0,0,26,0,-26
24,40661,24|40661,0,0,0,0,0,0,0,0,0,84,0,-84
24,40663,24|40663,0,0,0,0,0,0,0,0,0,23,0,-23
24,40664,24|40664,0,0,0,0,0,0,2,0,0,91,2,-93
24,40667,24|40667,0,0,0,0,0,0,0,0,0,5,0,-5
24,40829,24|40829,0,0,0,0,0,0,0,0,0,1,0,-1
24,41567,24|41567,0,0,0,0,0,0,0,2,0,211,2,-213
24,41817,24|41817,0,0,0,0,0,0,0,2,0,62,2,-64
24,41965,24|41965,0,0,0,0,0,0,0,0,0,26,0,-26
24,41966,24|41966,0,0,0,0,0,0,0,3,0,25,3,-28
24,41967,24|41967,0,0,0,0,0,0,0,4,0,3,4,-7
24,41968,24|41968,0,0,0,0,0,0,0,2,0,42,2,-44
24,41997,24|41997,0,0,0,0,0,0,0,0,3,13,0,-16
24,42000,24|42000,0,0,0,0,0,0,0,0,0,79,0,-79
24,42724,24|42724,0,0,0,0,0,0,0,0,0,13,0,-13
24,42779,24|42779,0,0,0,0,0,0,0,0,0,19,0,-19
24,42782,24|42782,0,0,0,0,0,0,0,0,0,34,0,-34
24,43632,24|43632,0,0,0,0,0,0,0,0,0,42,0,-42
24,43634,24|43634,0,0,0,0,0,0,0,2,0,38,2,-40
24,43639,24|43639,0,0,0,0,0,0,0,0,0,11,0,-11
24,43640,24|43640,0,0,0,0,0,0,0,11,0,80,11,-91
24,44068,24|44068,0,0,0,0,0,0,0,3,0,16,3,-19
24,44077,24|44077,0,0,0,0,0,0,0,0,0,5,0,-5
24,44117,24|44117,0,0,0,0,0,0,0,0,0,3,0,-3
43,27121,43|27121,0,0,0,0,8,8,0,12,0,2,4,-6
44,27809,44|27809,0,0,0,0,0,0,0,0,0,0,0,0
44,27929,44|27929,0,0,0,0,0,0,0,66,0,0,66,-66
44,27956,44|27956,0,0,0,0,0,0,0,0,0,0,0,0
44,32353,44|32353,0,0,0,0,0,0,0,72,0,0,72,-72
44,32354,44|32354,0,0,0,0,0,0,0,5,0,0,5,-5
44,32355,44|32355,0,0,0,0,0,0,0,65,0,0,65,-65
44,32357,44|32357,0,0,0,0,0,0,0,10,0,0,10,-10
44,32365,44|32365,0,0,0,0,0,0,0,5,0,0,5,-5
44,32367,44|32367,0,0,0,0,0,0,0,59,0,0,59,-59
44,32368,44|32368,0,0,0,0,0,0,0,22,0,0,22,-22
44,32369,44|32369,0,0,0,0,0,0,0,90,0,0,90,-90
44,32370,44|32370,0,0,0,0,0,0,0,47,0,0,47,-47
44,32371,44|32371,0,0,0,0,0,0,0,14,0,0,14,-14
44,32595,44|32595,0,0,0,0,0,0,0,58,0,0,58,-58
44,33721,44|33721,0,0,0,0,0,0,0,11,0,0,11,-11
44,33722,44|33722,0,0,0,0,0,0,0,12,0,0,12,-12
44,33723,44|33723,0,0,0,0,0,0,0,117,0,0,117,-117
44,33724,44|33724,0,0,0,0,0,0,0,0,0,0,0,0
44,33797,44|33797,0,0,0,0,0,0,0,93,0,0,93,-93
44,33798,44|33798,0,0,0,0,0,0,0,71,0,0,71,-71
44,33799,44|33799,0,0,0,0,0,0,0,91,0,0,91,-91
52,4,52|4,0,0,0,0,7,7,0,26,0,3,19,-22
52,5152,52|5152,0,0,0,0,0,0,0,0,0,37,0,-37
52,5199,52|5199,0,0,0,0,0,0,0,8,0,352,8,-360
52,5499,52|5499,0,0,0,0,0,0,0,0,0,69,0,-69
52,5592,52|5592,0,0,0,0,0,0,0,13,2,111,13,-126
52,5612,52|5612,0,0,0,0,0,0,0,0,0,92,0,-92
52,5647,52|5647,0,0,0,0,0,0,0,0,14,125,0,-139
52,5673,52|5673,0,0,0,0,0,0,0,0,0,16,0,-16
52,5676,52|5676,0,0,0,0,0,0,0,0,0,59,0,-59
52,5707,52|5707,0,0,0,0,0,0,0,0,0,36,0,-36
52,5898,52|5898,0,0,0,0,0,0,0,0,0,360,0,-360
52,5899,52|5899,0,0,0,0,0,0,0,0,0,417,0,-417
52,17183,52|17183,0,0,0,0,0,0,0,5,0,160,5,-165
52,17972,52|17972,0,0,0,0,0,0,0,2,0,332,2,-334
52,18367,52|18367,0,0,0,0,0,0,0,6,0,81,6,-87
52,18368,52|18368,0,0,0,0,0,0,0,1,0,152,1,-153
52,18369,52|18369,0,0,0,0,0,0,0,0,0,89,0,-89
52,19635,52|19635,0,0,0,0,0,0,0,2,0,55,2,-57
52,19757,52|19757,0,0,0,0,0,0,0,0,0,55,0,-55
52,20657,52|20657,0,0,0,0,0,0,0,1,0,89,1,-90
52,22934,52|22934,0,0,0,0,0,0,0,11,0,40,11,-51
52,23267,52|23267,0,0,0,0,0,0,0,0,0,75,0,-75
52,23956,52|23956,0,0,0,0,0,0,0,12,0,39,12,-51
52,24827,52|24827,0,0,0,0,0,0,0,0,0,127,0,-127
52,24828,52|24828,0,0,0,0,0,0,0,1,0,95,1,-96
52,26669,52|26669,0,0,0,0,0,0,0,4,0,149,4,-153
52,29748,52|29748,0,0,0,0,0,0,0,36,0,102,36,-138
52,30088,52|30088,0,0,0,0,0,0,0,0,0,79,0,-79
52,30189,52|30189,0,0,0,0,0,0,0,5,0,14,5,-19
52,34451,52|34451,0,0,0,0,0,0,0,0,14,14,0,-28
52,34699,52|34699,0,0,0,0,0,0,0,3,6,20,3,-29
52,34992,52|34992,0,0,0,0,0,0,0,0,0,20,0,-20
52,36096,52|36096,0,0,0,0,0,0,0,12,0,40,12,-52
52,36504,52|36504,0,0,0,0,0,0,0,0,6,41,0,-47
52,37276,52|37276,0,0,0,0,0,0,0,12,0,74,12,-86
52,37837,52|37837,0,0,0,0,2,2,0,13,0,131,11,-142
52,38826,52|38826,0,0,0,0,0,0,0,11,0,66,11,-77
52,40386,52|40386,0,0,0,0,0,0,0,0,0,5,0,-5
52,40642,52|40642,0,0,0,0,0,0,0,0,0,51,0,-51
52,40645,52|40645,0,0,0,0,0,0,0,7,0,53,7,-60
52,41659,52|41659,0,0,0,0,0,0,0,0,0,61,0,-61
52,41660,52|41660,0,0,0,0,0,0,0,0,0,96,0,-96
52,41661,52|41661,0,0,0,0,0,0,0,0,0,5,0,-5
52,41662,52|41662,0,0,0,0,0,0,0,0,0,100,0,-100
52,43629,52|43629,0,0,0,0,0,0,0,0,0,34,0,-34
52,44036,52|44036,0,0,0,0,0,0,0,0,0,19,0,-19
52,44038,52|44038,0,0,0,0,0,0,0,0,0,23,0,-23
52,44566,52|44566,0,0,0,0,0,0,0,0,0,24,0,-24
66,2772,66|2772,0,0,0,0,0,0,0,0,0,0,0,0
66,4140,66|4140,0,0,0,0,0,0,0,2,0,0,2,-2
66,4141,66|4141,0,0,0,0,0,0,0,302,0,0,302,-302
66,4470,66|4470,0,0,0,0,0,0,0,83,2,0,83,-85
66,4522,66|4522,0,0,0,0,0,0,0,143,5,0,143,-148
66,4561,66|4561,0,0,0,0,0,0,0,345,0,0,345,-345
66,4566,66|4566,0,0,0,0,0,0,4,13,0,0,17,-17
66,4620,66|4620,0,0,0,0,0,0,0,7,0,0,7,-7
66,4968,66|4968,0,0,0,0,0,0,0,4,0,0,4,-4
66,7768,66|7768,0,0,0,0,2,2,0,0,0,0,-2,2
66,14623,66|14623,0,0,0,0,0,0,0,27,0,0,27,-27
66,15629,66|15629,0,0,0,0,0,0,0,281,0,0,281,-281
66,15714,66|15714,0,0,0,0,0,0,0,263,0,0,263,-263
66,15726,66|15726,0,0,0,0,0,0,0,44,2,0,44,-46
66,16485,66|16485,0,0,0,0,0,0,0,424,4,0,424,-428
66,16587,66|16587,0,0,0,0,0,0,1,186,0,0,187,-187
66,18416,66|18416,0,0,0,0,0,0,0,469,0,0,469,-469
66,23316,66|23316,0,0,0,0,0,0,0,133,0,0,133,-133
66,23395,66|23395,0,0,0,0,0,0,0,286,0,0,286,-286
66,23512,66|23512,0,0,0,0,0,0,0,232,3,0,232,-235
66,23809,66|23809,0,0,0,0,0,0,0,176,0,0,176,-176
66,24389,66|24389,0,0,0,0,0,0,0,106,0,0,106,-106
66,24390,66|24390,0,0,0,0,0,0,0,326,0,0,326,-326
66,24392,66|24392,0,0,0,0,0,0,0,268,0,0,268,-268
66,24710,66|24710,0,0,0,0,0,0,0,115,1,0,115,-116
66,24846,66|24846,0,0,0,0,0,0,0,215,2,0,215,-217
66,27102,66|27102,0,0,0,0,0,0,0,1,0,0,1,-1
66,27183,66|27183,0,0,0,0,0,0,0,93,13,0,93,-106
66,27184,66|27184,0,0,0,0,0,0,0,133,0,0,133,-133
66,27756,66|27756,0,0,0,0,0,0,0,245,12,0,245,-257
66,28240,66|28240,0,0,0,0,0,0,0,200,0,0,200,-200
66,28244,66|28244,0,0,0,0,0,0,0,0,0,0,0,0
66,28275,66|28275,0,0,0,0,0,0,0,127,0,0,127,-127
66,30180,66|30180,0,0,0,0,0,0,0,176,0,0,176,-176
66,31290,66|31290,0,0,0,0,0,0,0,56,0,0,56,-56
66,31306,66|31306,0,0,0,0,0,0,0,70,0,0,70,-70
66,31326,66|31326,0,0,0,0,0,0,0,194,3,0,194,-197
66,32256,66|32256,0,0,0,0,0,0,0,29,0,0,29,-29
66,32261,66|32261,0,0,0,0,0,0,0,371,0,0,371,-371
66,33207,66|33207,0,0,0,0,0,0,0,257,0,0,257,-257
66,33208,66|33208,0,0,0,0,0,0,0,82,0,0,82,-82
66,35674,66|35674,0,0,0,0,0,0,0,0,0,0,0,0
66,36505,66|36505,0,0,0,0,0,0,0,5,0,0,5,-5
66,36789,66|36789,0,0,0,0,0,0,0,21,7,0,21,-28
66,36790,66|36790,0,0,0,0,0,0,0,253,1,0,253,-254
66,36792,66|36792,0,0,0,0,0,0,3,242,0,0,245,-245
66,36793,66|36793,0,0,0,0,0,0,0,404,42,0,404,-446
66,36796,66|36796,0,0,0,0,0,0,0,34,0,0,34,-34
66,36798,66|36798,0,0,0,0,0,0,0,153,0,0,153,-153
66,36801,66|36801,0,0,0,0,0,0,4,557,5,0,561,-566
66,36803,66|36803,0,0,0,0,0,0,0,385,0,0,385,-385
66,36804,66|36804,0,0,0,0,0,0,7,434,0,0,441,-441
66,36805,66|36805,0,0,0,0,0,0,0,363,0,0,363,-363
66,36806,66|36806,0,0,0,0,0,0,0,380,11,0,380,-391
66,36807,66|36807,0,0,0,0,0,0,0,24,1,0,24,-25
66,36808,66|36808,0,0,0,0,0,0,0,418,0,0,418,-418
66,36809,66|36809,0,0,0,0,0,0,0,180,5,0,180,-185
66,36813,66|36813,0,0,0,0,0,0,0,155,0,0,155,-155
66,36815,66|36815,0,0,0,0,0,0,0,332,10,0,332,-342
66,36819,66|36819,0,0,0,0,0,0,0,148,0,0,148,-148
66,36820,66|36820,0,0,0,0,0,0,0,308,0,0,308,-308
66,36821,66|36821,0,0,0,0,0,0,1,318,11,0,319,-330
66,36822,66|36822,0,0,0,0,0,0,0,121,0,0,121,-121
66,36823,66|36823,0,0,0,0,0,0,0,100,0,0,100,-100
66,36825,66|36825,0,0,0,0,0,0,0,100,0,0,100,-100
66,36875,66|36875,0,0,0,0,1,1,0,181,0,0,180,-180
66,36897,66|36897,0,0,0,0,0,0,0,86,0,0,86,-86
66,36898,66|36898,0,0,0,0,0,0,0,112,0,0,112,-112
66,36942,66|36942,0,0,0,0,0,0,2,329,0,0,331,-331
66,36943,66|36943,0,0,0,0,0,0,6,454,0,0,460,-460
66,37023,66|37023,0,0,0,0,0,0,0,109,0,0,109,-109
66,37024,66|37024,0,0,0,0,0,0,0,88,0,0,88,-88
66,37033,66|37033,0,0,0,0,0,0,0,109,0,0,109,-109
66,37054,66|37054,0,0,0,0,0,0,0,245,74,0,245,-319
66,37055,66|37055,0,0,0,0,0,0,0,151,0,0,151,-151
66,37365,66|37365,0,0,0,0,0,0,0,492,27,0,492,-519
66,37366,66|37366,0,0,0,0,0,0,0,94,26,0,94,-120
66,37367,66|37367,0,0,0,0,0,0,0,35,0,0,35,-35
66,37368,66|37368,0,0,0,0,0,0,0,573,49,0,573,-622
66,37390,66|37390,0,0,0,0,0,0,0,6,0,0,6,-6
66,37391,66|37391,0,0,0,0,0,0,6,278,0,0,284,-284
66,37392,66|37392,0,0,0,0,0,0,0,211,0,0,211,-211
66,37393,66|37393,0,0,0,0,0,0,10,345,16,0,355,-371
66,37403,66|37403,0,0,0,0,0,0,0,94,0,0,94,-94
66,37576,66|37576,0,0,0,0,0,0,0,80,5,0,80,-85
66,37578,66|37578,0,0,0,0,0,0,0,368,22,0,368,-390
66,37579,66|37579,0,0,0,0,0,0,5,320,0,0,325,-325
66,37583,66|37583,0,0,0,0,0,0,0,81,0,0,81,-81
66,37760,66|37760,0,0,0,0,0,0,0,480,0,0,480,-480
66,38066,66|38066,0,0,0,0,0,0,0,233,0,0,233,-233
66,38068,66|38068,0,0,0,0,0,0,0,188,0,0,188,-188
66,38684,66|38684,0,0,0,0,0,0,5,196,0,0,201,-201
66,38685,66|38685,0,0,0,0,0,0,0,154,0,0,154,-154
66,38686,66|38686,0,0,0,0,0,0,0,1,0,0,1,-1
66,38687,66|38687,0,0,0,0,0,0,0,637,0,0,637,-637
66,38927,66|38927,0,0,0,0,0,0,0,180,0,0,180,-180
66,38929,66|38929,0,0,0,0,0,0,0,300,0,0,300,-300
66,39544,66|39544,0,0,0,0,0,0,0,27,0,0,27,-27
66,39546,66|39546,0,0,0,0,0,0,0,14,0,0,14,-14
66,39547,66|39547,0,0,0,0,0,0,0,1,0,0,1,-1
66,39548,66|39548,0,0,0,0,0,0,0,4,3,0,4,-7
66,39549,66|39549,0,0,0,0,0,0,0,40,0,0,40,-40
66,39550,66|39550,0,0,0,0,0,0,0,0,10,0,0,-10
66,39551,66|39551,0,0,0,0,0,0,1,252,8,0,253,-261
66,39959,66|39959,0,0,0,0,0,0,0,10,7,0,10,-17
66,39960,66|39960,0,0,0,0,0,0,0,168,0,0,168,-168
66,39961,66|39961,0,0,0,0,0,0,0,175,0,0,175,-175
66,39962,66|39962,0,0,0,0,0,0,0,65,0,0,65,-65
66,39963,66|39963,0,0,0,0,0,0,0,161,0,0,161,-161
66,39964,66|39964,0,0,0,0,0,0,0,205,0,0,205,-205
66,39965,66|39965,0,0,0,0,0,0,0,118,0,0,118,-118
66,39966,66|39966,0,0,0,0,0,0,0,227,0,0,227,-227
66,39967,66|39967,0,0,0,0,0,0,0,99,0,0,99,-99
66,39968,66|39968,0,0,0,0,0,0,0,2,0,0,2,-2
66,39969,66|39969,0,0,0,0,0,0,0,33,0,0,33,-33
66,39970,66|39970,0,0,0,0,0,0,0,2,0,0,2,-2
66,39971,66|39971,0,0,0,0,0,0,0,2,0,0,2,-2
66,39972,66|39972,0,0,0,0,0,0,0,169,0,0,169,-169
66,39973,66|39973,0,0,0,0,0,0,0,211,0,0,211,-211
66,39974,66|39974,0,0,0,0,0,0,0,476,0,0,476,-476
66,39976,66|39976,0,0,0,0,0,0,0,172,0,0,172,-172
66,39977,66|39977,0,0,0,0,0,0,0,89,0,0,89,-89
66,39978,66|39978,0,0,0,0,0,0,0,312,0,0,312,-312
66,39979,66|39979,0,0,0,0,0,0,0,197,0,0,197,-197
66,39980,66|39980,0,0,0,0,0,0,0,210,0,0,210,-210
66,39981,66|39981,0,0,0,0,0,0,0,1,1,0,1,-2
66,39982,66|39982,0,0,0,0,0,0,0,18,0,0,18,-18
66,39983,66|39983,0,0,0,0,0,0,0,140,0,0,140,-140
66,39985,66|39985,0,0,0,0,0,0,0,131,0,0,131,-131
66,39986,66|39986,0,0,0,0,0,0,0,250,0,0,250,-250
66,39988,66|39988,0,0,0,0,0,0,0,358,0,0,358,-358
66,39989,66|39989,0,0,0,0,0,0,0,71,0,0,71,-71
66,39991,66|39991,0,0,0,0,0,0,0,6,0,0,6,-6
66,39993,66|39993,0,0,0,0,0,0,0,29,0,0,29,-29
66,39994,66|39994,0,0,0,0,0,0,0,243,0,0,243,-243
66,40855,66|40855,0,0,0,0,0,0,0,38,0,0,38,-38
66,40856,66|40856,0,0,0,0,0,0,0,3,0,0,3,-3
66,40857,66|40857,0,0,0,0,0,0,0,0,0,0,0,0
66,41907,66|41907,0,0,0,0,0,0,0,170,5,0,170,-175
66,42142,66|42142,0,0,0,0,0,0,3,141,0,0,144,-144
66,42145,66|42145,0,0,0,0,0,0,0,328,0,0,328,-328
66,43047,66|43047,0,0,0,0,0,0,0,64,0,0,64,-64
66,43310,66|43310,0,0,0,0,0,0,0,44,0,0,44,-44
66,43573,66|43573,0,0,0,0,0,0,0,366,0,0,366,-366
66,43574,66|43574,0,0,0,0,0,0,0,108,0,0,108,-108
66,43678,66|43678,0,0,0,0,0,0,0,602,0,0,602,-602
66,43966,66|43966,0,0,0,0,0,0,0,0,0,0,0,0
66,44004,66|44004,0,0,0,0,0,0,0,3,0,0,3,-3
66,44151,66|44151,0,0,0,0,0,0,0,341,0,0,341,-341
66,44217,66|44217,0,0,0,0,0,0,0,0,0,0,0,0
66,44229,66|44229,0,0,0,0,0,0,0,0,0,0,0,0
66,44388,66|44388,0,0,0,0,0,0,0,35,0,0,35,-35
66,44389,66|44389,0,0,0,0,0,0,0,45,0,0,45,-45
66,44508,66|44508,0,0,0,0,0,0,0,0,0,0,0,0
66,44615,66|44615,0,0,0,0,0,0,0,26,0,0,26,-26
66,44616,66|44616,0,0,0,0,0,0,0,52,0,0,52,-52
66,45420,66|45420,0,0,0,0,0,0,0,30,0,0,30,-30
66,45421,66|45421,0,0,0,0,0,0,0,2,0,0,2,-2
74,4,74|4,0,0,0,0,0,0,0,4,0,1,4,-5
74,5647,74|5647,0,0,0,0,0,0,0,1,0,31,1,-32
74,5898,74|5898,0,0,0,0,0,0,0,2,0,35,2,-37
74,5899,74|5899,0,0,0,0,0,0,0,0,0,45,0,-45
74,9852,74|9852,0,0,0,0,0,0,0,0,0,114,0,-114
74,9866,74|9866,0,0,0,0,0,0,0,3,0,54,3,-57
74,9890,74|9890,0,0,0,0,0,0,0,3,0,59,3,-62
74,9905,74|9905,0,0,0,0,0,0,1,2,0,128,3,-131
74,9920,74|9920,0,0,0,0,0,0,0,0,0,36,0,-36
74,9930,74|9930,0,0,0,0,0,0,0,0,0,2,0,-2
74,9934,74|9934,0,0,0,0,0,0,0,1,0,140,1,-141
74,9958,74|9958,0,0,0,0,0,0,0,0,0,1,0,-1
74,9959,74|9959,0,0,0,0,0,0,0,1,0,26,1,-27
74,9964,74|9964,0,0,0,0,0,0,1,6,0,155,7,-162
74,9972,74|9972,0,0,0,0,0,0,0,0,0,8,0,-8
74,10041,74|10041,0,0,0,0,0,0,0,0,0,98,0,-98
74,10135,74|10135,0,0,0,0,0,0,0,0,0,129,0,-129
74,10191,74|10191,0,0,0,0,0,0,0,0,0,9,0,-9
74,10233,74|10233,0,0,0,0,0,0,0,11,0,113,11,-124
74,10373,74|10373,0,0,0,0,1,1,0,2,0,1,1,-2
74,10529,74|10529,0,0,0,0,0,0,0,7,0,12,7,-19
74,10707,74|10707,0,0,0,0,0,0,0,0,0,81,0,-81
74,10725,74|10725,0,0,0,0,0,0,0,0,0,50,0,-50
74,10732,74|10732,0,0,0,0,0,0,0,0,0,115,0,-115
74,10978,74|10978,0,0,0,0,0,0,0,0,0,14,0,-14
74,11018,74|11018,0,0,0,0,0,0,0,0,0,23,0,-23
74,11019,74|11019,0,0,0,0,0,0,0,0,0,27,0,-27
74,11021,74|11021,0,0,0,0,0,0,0,0,1,56,0,-57
74,11067,74|11067,0,0,0,0,0,0,0,0,0,61,0,-61
74,11068,74|11068,0,0,0,0,0,0,0,0,0,69,0,-69
74,11145,74|11145,0,0,0,0,0,0,0,0,0,16,0,-16
74,11189,74|11189,0,0,0,0,0,0,0,0,0,20,0,-20
74,11236,74|11236,0,0,0,0,0,0,1,0,0,77,1,-78
74,11253,74|11253,0,0,0,0,0,0,0,0,0,28,0,-28
74,11420,74|11420,0,0,0,0,0,0,0,0,0,8,0,-8
74,11427,74|11427,0,0,0,0,0,0,0,8,7,4,8,-19
74,11523,74|11523,0,0,0,0,0,0,0,0,0,27,0,-27
74,12001,74|12001,0,0,0,0,0,0,0,0,0,12,0,-12
74,14213,74|14213,0,0,0,0,0,0,0,3,0,5,3,-8
74,14254,74|14254,0,0,0,0,0,0,0,0,0,27,0,-27
74,14259,74|14259,0,0,0,0,0,0,0,0,0,70,0,-70
74,14260,74|14260,0,0,0,0,0,0,0,0,0,43,0,-43
74,14263,74|14263,0,0,0,0,0,0,0,0,0,66,0,-66
74,14267,74|14267,0,0,0,0,0,0,0,0,0,4,0,-4
74,14406,74|14406,0,0,0,0,0,0,0,0,0,89,0,-89
74,14407,74|14407,0,0,0,0,0,0,0,2,0,43,2,-45
74,14410,74|14410,0,0,0,0,0,0,0,0,0,37,0,-37
74,14417,74|14417,0,0,0,0,0,0,0,2,0,1,2,-3
74,14423,74|14423,0,0,0,0,0,0,0,4,0,0,4,-4
74,14565,74|14565,0,0,0,0,0,0,0,0,0,30,0,-30
74,14567,74|14567,0,0,0,0,0,0,0,0,0,18,0,-18
74,14568,74|14568,0,0,0,0,0,0,0,0,0,45,0,-45
74,14569,74|14569,0,0,0,0,0,0,0,2,0,49,2,-51
74,14575,74|14575,0,0,0,0,0,0,0,0,0,23,0,-23
74,14635,74|14635,0,0,0,0,0,0,0,6,0,0,6,-6
74,14711,74|14711,0,0,0,0,0,0,1,0,0,216,1,-217
74,14722,74|14722,0,0,0,0,0,0,0,7,0,0,7,-7
74,14800,74|14800,0,0,0,0,0,0,0,0,0,74,0,-74
74,14803,74|14803,0,0,0,0,0,0,0,6,0,0,6,-6
74,15199,74|15199,0,0,0,0,0,0,0,4,0,145,4,-149
74,15248,74|15248,0,0,0,0,0,0,0,10,0,2,10,-12
74,15296,74|15296,0,0,0,0,0,0,0,14,0,0,14,-14
74,15491,74|15491,0,0,0,0,0,0,0,12,0,0,12,-12
74,15506,74|15506,0,0,0,0,0,0,0,0,0,11,0,-11
74,15569,74|15569,0,0,0,0,0,0,0,0,0,39,0,-39
74,15598,74|15598,0,0,0,0,0,0,0,0,0,10,0,-10
74,15599,74|15599,0,0,0,0,0,0,0,0,0,14,0,-14
74,15632,74|15632,0,0,0,0,0,0,0,0,0,59,0,-59
74,15633,74|15633,0,0,0,0,0,0,0,5,0,99,5,-104
74,15664,74|15664,0,0,0,0,0,0,0,0,0,40,0,-40
74,15668,74|15668,0,0,0,0,0,0,0,0,0,8,0,-8
74,15675,74|15675,0,0,0,0,0,0,0,13,0,172,13,-185
74,15708,74|15708,0,0,0,0,0,0,0,0,0,16,0,-16
74,15718,74|15718,0,0,0,0,0,0,0,15,0,1,15,-16
74,16004,74|16004,0,0,0,0,0,0,0,0,0,32,0,-32
74,16055,74|16055,0,0,0,0,0,0,0,0,0,17,0,-17
74,16347,74|16347,0,0,0,0,0,0,0,0,0,18,0,-18
74,16472,74|16472,0,0,0,0,0,0,0,0,0,12,0,-12
74,16495,74|16495,0,0,0,0,0,0,0,1,0,26,1,-27
74,16752,74|16752,0,0,0,0,0,0,0,0,0,27,0,-27
74,17174,74|17174,0,0,0,0,0,0,0,0,0,9,0,-9
74,17183,74|17183,0,0,0,0,0,0,0,0,0,4,0,-4
74,17463,74|17463,0,0,0,0,0,0,0,3,0,152,3,-155
74,17527,74|17527,0,0,0,0,0,0,0,3,0,146,3,-149
74,17735,74|17735,0,0,0,0,0,0,0,12,0,53,12,-65
74,17972,74|17972,0,0,0,0,0,0,0,0,0,32,0,-32
74,18189,74|18189,0,0,0,0,0,0,0,16,0,0,16,-16
74,18191,74|18191,0,0,0,0,0,0,0,14,0,0,14,-14
74,18192,74|18192,0,0,0,0,0,0,0,23,0,0,23,-23
74,18221,74|18221,0,0,0,0,0,0,0,0,0,351,0,-351
74,18306,74|18306,0,0,0,0,0,0,0,1,0,83,1,-84
74,18471,74|18471,0,0,0,0,0,0,2,6,0,150,8,-158
74,18506,74|18506,0,0,0,0,0,0,0,0,0,14,0,-14
74,18884,74|18884,0,0,0,0,0,0,0,15,0,1,15,-16
74,18935,74|18935,0,0,0,0,0,0,0,0,0,28,0,-28
74,19006,74|19006,0,0,0,0,0,0,0,0,0,7,0,-7
74,19017,74|19017,0,0,0,0,0,0,0,0,0,187,0,-187
74,19023,74|19023,0,0,0,0,0,0,0,0,0,10,0,-10
74,19069,74|19069,0,0,0,0,0,0,0,14,0,0,14,-14
74,19102,74|19102,0,0,0,0,0,0,0,18,0,0,18,-18
74,19103,74|19103,0,0,0,0,0,0,0,17,0,1,17,-18
74,19729,74|19729,0,0,0,0,0,0,0,0,0,15,0,-15
74,20325,74|20325,0,0,0,0,0,0,0,0,0,49,0,-49
74,20327,74|20327,0,0,0,0,0,0,0,10,0,51,10,-61
74,20749,74|20749,0,0,0,0,0,0,0,0,2,14,0,-16
74,20869,74|20869,0,0,0,0,0,0,0,14,0,0,14,-14
74,21490,74|21490,0,0,0,0,0,0,0,0,0,22,0,-22
74,21614,74|21614,0,0,0,0,0,0,0,4,0,56,4,-60
74,21615,74|21615,0,0,0,0,0,0,0,0,0,19,0,-19
74,22278,74|22278,0,0,0,0,0,0,0,0,0,51,0,-51
74,22279,74|22279,0,0,0,0,0,0,0,0,0,12,0,-12
74,22280,74|22280,0,0,0,0,0,0,0,0,0,136,0,-136
74,22364,74|22364,0,0,0,0,0,0,0,5,0,82,5,-87
74,22480,74|22480,0,0,0,0,0,0,0,0,0,7,0,-7
74,22531,74|22531,0,0,0,0,0,0,0,0,0,23,0,-23
74,22786,74|22786,0,0,0,0,0,0,0,16,0,0,16,-16
74,22934,74|22934,0,0,0,0,0,0,0,0,0,0,0,0
74,23265,74|23265,0,0,0,0,0,0,0,6,0,17,6,-23
74,23267,74|23267,0,0,0,0,0,0,0,0,0,13,0,-13
74,23372,74|23372,0,0,0,0,0,0,0,0,0,95,0,-95
74,23791,74|23791,0,0,0,0,0,0,0,1,0,12,1,-13
74,23792,74|23792,0,0,0,0,0,0,0,0,0,14,0,-14
74,24028,74|24028,0,0,0,0,0,0,0,12,0,0,12,-12
74,24118,74|24118,0,0,0,0,0,0,0,0,0,10,0,-10
74,24173,74|24173,0,0,0,0,0,0,0,0,6,0,0,-6
74,24216,74|24216,0,0,0,0,0,0,0,32,0,0,32,-32
74,24703,74|24703,0,0,0,0,0,0,0,16,0,0,16,-16
74,24827,74|24827,0,0,0,0,0,0,0,0,0,2,0,-2
74,24828,74|24828,0,0,0,0,0,0,0,0,0,2,0,-2
74,24829,74|24829,0,0,0,0,0,0,0,0,0,2,0,-2
74,24830,74|24830,0,0,0,0,0,0,0,13,0,1,13,-14
74,24833,74|24833,0,0,0,0,0,0,0,0,0,12,0,-12
74,24834,74|24834,0,0,0,0,0,0,0,0,0,14,0,-14
74,24853,74|24853,0,0,0,0,0,0,0,12,0,0,12,-12
74,24854,74|24854,0,0,0,0,0,0,0,12,0,0,12,-12
74,24880,74|24880,0,0,0,0,0,0,0,0,0,1,0,-1
74,25093,74|25093,0,0,0,0,0,0,0,0,0,6,0,-6
74,25094,74|25094,0,0,0,0,0,0,0,0,0,32,0,-32
74,25098,74|25098,0,0,0,0,0,0,0,0,0,9,0,-9
74,25099,74|25099,0,0,0,0,0,0,0,0,0,29,0,-29
74,25136,74|25136,0,0,0,0,0,0,0,0,0,144,0,-144
74,25140,74|25140,0,0,0,0,0,0,0,14,0,55,14,-69
74,25141,74|25141,0,0,0,0,0,0,0,0,0,4,0,-4
74,25517,74|25517,0,0,0,0,0,0,0,10,0,17,10,-27
74,25593,74|25593,0,0,0,0,0,0,0,5,0,41,5,-46
74,25970,74|25970,0,0,0,0,0,0,0,0,0,5,0,-5
74,25979,74|25979,0,0,0,0,0,0,0,20,0,0,20,-20
74,26044,74|26044,0,0,0,0,0,0,0,0,0,48,0,-48
74,26462,74|26462,0,0,0,0,0,0,0,2,0,5,2,-7
74,26463,74|26463,0,0,0,0,0,0,0,2,0,12,2,-14
74,26669,74|26669,0,0,0,0,0,0,0,2,0,5,2,-7
74,26858,74|26858,0,0,0,0,0,0,0,0,0,4,0,-4
74,26859,74|26859,0,0,0,0,0,0,0,1,0,102,1,-103
74,26982,74|26982,0,0,0,0,0,0,0,16,0,17,16,-33
74,26983,74|26983,0,0,0,0,0,0,0,12,0,9,12,-21
74,27005,74|27005,0,0,0,0,0,0,0,2,0,23,2,-25
74,27006,74|27006,0,0,0,0,0,0,0,0,0,19,0,-19
74,27062,74|27062,0,0,0,0,0,0,0,8,0,0,8,-8
74,27383,74|27383,0,0,0,0,0,0,0,20,0,0,20,-20
74,27483,74|27483,0,0,0,0,0,0,0,12,0,0,12,-12
74,27684,74|27684,0,0,0,0,0,0,0,8,0,0,8,-8
74,27685,74|27685,0,0,0,0,0,0,0,14,0,0,14,-14
74,27715,74|27715,0,0,0,0,0,0,0,4,0,1,4,-5
74,27716,74|27716,0,0,0,0,0,0,0,0,0,7,0,-7
74,27721,74|27721,0,0,0,0,0,0,0,18,0,0,18,-18
74,28103,74|28103,0,0,0,0,0,0,0,0,0,19,0,-19
74,28457,74|28457,0,0,0,0,0,0,0,0,0,22,0,-22
74,28459,74|28459,0,0,0,0,0,0,0,0,0,17,0,-17
74,28464,74|28464,0,0,0,0,0,0,0,1,0,39,1,-40
74,29566,74|29566,0,0,0,0,0,0,0,2,0,71,2,-73
74,29651,74|29651,0,0,0,0,0,0,0,10,0,34,10,-44
74,29654,74|29654,0,0,0,0,0,0,0,0,0,41,0,-41
74,29655,74|29655,0,0,0,0,0,0,0,1,0,11,1,-12
74,29657,74|29657,0,0,0,0,0,0,0,7,0,44,7,-51
74,29748,74|29748,0,0,0,0,0,0,0,0,0,8,0,-8
74,29916,74|29916,0,0,0,0,0,0,0,1,0,1,1,-2
74,29936,74|29936,0,0,0,0,0,0,0,0,0,126,0,-126
74,30088,74|30088,0,0,0,0,0,0,0,0,0,7,0,-7
74,30161,74|30161,0,0,0,0,0,0,0,1,0,15,1,-16
74,30189,74|30189,0,0,0,0,0,0,0,0,0,2,0,-2
74,30200,74|30200,0,0,0,0,0,0,0,27,0,1,27,-28
74,30579,74|30579,0,0,0,0,0,0,0,5,0,71,5,-76
74,30580,74|30580,0,0,0,0,0,0,0,8,0,69,8,-77
74,30821,74|30821,0,0,0,0,0,0,0,12,0,0,12,-12
74,30835,74|30835,0,0,0,0,0,0,0,0,0,6,0,-6
74,30888,74|30888,0,0,0,0,0,0,0,0,0,151,0,-151
74,30943,74|30943,0,0,0,0,0,0,0,6,0,2,6,-8
74,30992,74|30992,0,0,0,0,0,0,0,0,0,0,0,0
74,31213,74|31213,0,0,0,0,0,0,0,0,0,8,0,-8
74,31263,74|31263,0,0,0,0,0,0,0,0,0,8,0,-8
74,31301,74|31301,0,0,0,0,0,0,0,12,0,29,12,-41
74,31311,74|31311,0,0,0,0,0,0,0,11,0,1,11,-12
74,31320,74|31320,0,0,0,0,0,0,0,0,0,0,0,0
74,31321,74|31321,0,0,0,0,0,0,0,20,0,0,20,-20
74,31616,74|31616,0,0,0,0,0,0,0,0,0,50,0,-50
74,31834,74|31834,0,0,0,0,0,0,0,0,0,55,0,-55
74,32119,74|32119,0,0,0,0,0,0,0,10,0,56,10,-66
74,32166,74|32166,0,0,0,0,0,0,0,0,0,16,0,-16
74,32167,74|32167,0,0,0,0,0,0,0,0,0,72,0,-72
74,32170,74|32170,0,0,0,0,0,0,0,0,0,45,0,-45
74,32183,74|32183,0,0,0,0,0,0,0,20,0,0,20,-20
74,32251,74|32251,0,0,0,0,0,0,0,0,0,3,0,-3
74,33046,74|33046,0,0,0,0,0,0,0,1,0,1,1,-2
74,33102,74|33102,0,0,0,0,0,0,0,0,0,41,0,-41
74,33103,74|33103,0,0,0,0,0,0,0,0,0,15,0,-15
74,34381,74|34381,0,0,0,0,0,0,0,8,0,0,8,-8
74,34383,74|34383,0,0,0,0,0,0,0,8,0,0,8,-8
74,34390,74|34390,0,0,0,0,0,0,0,22,0,0,22,-22
74,34391,74|34391,0,0,0,0,0,0,0,22,0,0,22,-22
74,35109,74|35109,0,0,0,0,0,0,0,1,0,11,1,-12
74,35130,74|35130,0,0,0,0,0,0,0,10,3,169,10,-182
74,35955,74|35955,0,0,0,0,0,0,0,14,0,0,14,-14
74,35957,74|35957,0,0,0,0,0,0,0,30,0,0,30,-30
74,35958,74|35958,0,0,0,0,0,0,0,6,0,4,6,-10
74,35959,74|35959,0,0,0,0,0,0,0,27,0,1,27,-28
74,35960,74|35960,0,0,0,0,0,0,0,27,0,1,27,-28
74,35961,74|35961,0,0,0,0,0,0,0,12,0,2,12,-14
74,35962,74|35962,0,0,0,0,0,0,0,5,14,8,5,-27
74,35963,74|35963,0,0,0,0,0,0,0,12,0,2,12,-14
74,35964,74|35964,0,0,0,0,0,0,0,6,0,2,6,-8
74,35965,74|35965,0,0,0,0,0,0,0,14,0,5,14,-19
74,35966,74|35966,0,0,0,0,0,0,0,19,0,1,19,-20
74,35967,74|35967,0,0,0,0,0,0,0,12,0,2,12,-14
74,35968,74|35968,0,0,0,0,0,0,0,20,0,0,20,-20
74,35969,74|35969,0,0,0,0,0,0,0,20,18,1,20,-39
74,35971,74|35971,0,0,0,0,0,0,0,20,0,1,20,-21
74,35972,74|35972,0,0,0,0,0,0,0,18,10,2,18,-30
74,35973,74|35973,0,0,0,0,0,0,0,14,14,1,14,-29
74,35974,74|35974,0,0,0,0,0,0,0,14,14,0,14,-28
74,35975,74|35975,0,0,0,0,0,0,0,7,0,5,7,-12
74,35976,74|35976,0,0,0,0,0,0,0,28,0,0,28,-28
74,35978,74|35978,0,0,0,0,0,0,0,14,0,0,14,-14
74,35979,74|35979,0,0,0,0,0,0,0,16,0,0,16,-16
74,35980,74|35980,0,0,0,0,0,0,0,6,0,6,6,-12
74,35983,74|35983,0,0,0,0,1,1,0,0,0,13,-1,-12
74,35986,74|35986,0,0,0,0,0,0,0,13,1,6,13,-20
74,35989,74|35989,0,0,0,0,0,0,0,14,0,2,14,-16
74,35990,74|35990,0,0,0,0,0,0,0,13,0,1,13,-14
74,35991,74|35991,0,0,0,0,0,0,0,12,5,1,12,-18
74,35992,74|35992,0,0,0,0,0,0,0,12,0,0,12,-12
74,35993,74|35993,0,0,0,0,0,0,0,37,17,1,37,-55
74,35994,74|35994,0,0,0,0,0,0,0,28,0,4,28,-32
74,35995,74|35995,0,0,0,0,0,0,0,5,0,2,5,-7
74,36054,74|36054,0,0,0,0,0,0,0,0,0,6,0,-6
74,36365,74|36365,0,0,0,0,0,0,0,0,5,1,0,-6
74,36400,74|36400,0,0,0,0,0,0,0,0,0,5,0,-5
74,36403,74|36403,0,0,0,0,0,0,0,0,0,0,0,0
74,36500,74|36500,0,0,0,0,0,0,0,6,0,4,6,-10
74,36501,74|36501,0,0,0,0,0,0,0,4,0,2,4,-6
74,37042,74|37042,0,0,0,0,0,0,0,2,0,11,2,-13
74,37170,74|37170,0,0,0,0,0,0,0,6,1,14,6,-21
74,37172,74|37172,0,0,0,0,0,0,0,2,4,6,2,-12
74,37178,74|37178,0,0,0,0,0,0,0,6,10,7,6,-23
74,37180,74|37180,0,0,0,0,0,0,0,0,0,17,0,-17
74,37183,74|37183,0,0,0,0,0,0,0,10,10,0,10,-20
74,37185,74|37185,0,0,0,0,0,0,0,0,10,15,0,-25
74,37187,74|37187,0,0,0,0,1,1,0,0,0,15,-1,-14
74,37188,74|37188,0,0,0,0,0,0,0,0,4,1,0,-5
74,37189,74|37189,0,0,0,0,3,3,0,0,0,12,-3,-9
74,37192,74|37192,0,0,0,0,0,0,0,0,9,1,0,-10
74,37193,74|37193,0,0,0,0,12,12,0,0,5,28,-12,-21
74,37194,74|37194,0,0,0,0,2,2,0,0,6,11,-2,-15
74,37195,74|37195,0,0,0,0,4,4,0,0,1,11,-4,-8
74,37196,74|37196,0,0,0,0,0,0,0,0,8,12,0,-20
74,37197,74|37197,0,0,0,0,0,0,0,0,2,4,0,-6
74,37200,74|37200,0,0,0,0,1,1,0,0,16,5,-1,-20
74,37201,74|37201,0,0,0,0,0,0,0,6,5,2,6,-13
74,37204,74|37204,0,0,0,0,1,1,0,0,9,8,-1,-16
74,37207,74|37207,0,0,0,0,0,0,0,0,6,19,0,-25
74,37280,74|37280,0,0,0,0,2,2,0,9,0,12,7,-19
74,37285,74|37285,0,0,0,0,0,0,0,10,0,162,10,-172
74,37317,74|37317,0,0,0,0,0,0,0,0,0,14,0,-14
74,37420,74|37420,0,0,0,0,0,0,0,0,0,4,0,-4
74,37493,74|37493,0,0,0,0,0,0,0,0,0,197,0,-197
74,37680,74|37680,0,0,0,0,0,0,0,12,0,53,12,-65
74,37682,74|37682,0,0,0,0,0,0,0,0,0,8,0,-8
74,37837,74|37837,0,0,0,0,0,0,0,0,0,7,0,-7
74,37839,74|37839,0,0,0,0,0,0,0,0,0,2,0,-2
74,37981,74|37981,0,0,0,0,0,0,0,0,0,31,0,-31
74,37982,74|37982,0,0,0,0,0,0,0,0,0,38,0,-38
74,37983,74|37983,0,0,0,0,0,0,0,1,0,80,1,-81
74,38085,74|38085,0,0,0,0,0,0,0,0,0,69,0,-69
74,38140,74|38140,0,0,0,0,0,0,0,5,0,63,5,-68
74,38339,74|38339,0,0,0,0,0,0,0,0,8,2,0,-10
74,38340,74|38340,0,0,0,0,1,1,0,3,5,14,2,-21
74,38352,74|38352,0,0,0,0,0,0,0,0,0,0,0,0
74,38353,74|38353,0,0,0,0,0,0,0,0,0,3,0,-3
74,38355,74|38355,0,0,0,0,2,2,0,0,6,4,-2,-8
74,38357,74|38357,0,0,0,0,0,0,0,4,5,13,4,-22
74,38358,74|38358,0,0,0,0,1,1,0,0,0,22,-1,-21
74,38615,74|38615,0,0,0,0,0,0,0,0,0,74,0,-74
74,38901,74|38901,0,0,0,0,0,0,0,0,0,37,0,-37
74,38928,74|38928,0,0,0,0,0,0,0,3,0,35,3,-38
74,38931,74|38931,0,0,0,0,0,0,0,0,0,9,0,-9
74,38990,74|38990,0,0,0,0,0,0,0,0,0,22,0,-22
74,38992,74|38992,0,0,0,0,0,0,0,6,0,0,6,-6
74,39084,74|39084,0,0,0,0,0,0,0,0,0,0,0,0
74,39428,74|39428,0,0,0,0,0,0,0,4,0,78,4,-82
74,39429,74|39429,0,0,0,0,0,0,0,2,0,79,2,-81
74,39740,74|39740,0,0,0,0,0,0,0,8,0,14,8,-22
74,39741,74|39741,0,0,0,0,0,0,0,0,0,7,0,-7
74,39834,74|39834,0,0,0,0,0,0,0,0,0,91,0,-91
74,39835,74|39835,0,0,0,0,0,0,0,0,0,70,0,-70
74,39851,74|39851,0,0,0,0,0,0,0,0,0,20,0,-20
74,40000,74|40000,0,0,0,0,0,0,0,0,0,41,0,-41
74,40084,74|40084,0,0,0,0,0,0,0,0,1,5,0,-6
74,40265,74|40265,0,0,0,0,0,0,0,0,0,41,0,-41
74,40266,74|40266,0,0,0,0,0,0,0,0,0,27,0,-27
74,40267,74|40267,0,0,0,0,0,0,0,0,0,59,0,-59
74,40381,74|40381,0,0,0,0,0,0,0,0,12,8,0,-20
74,40382,74|40382,0,0,0,0,0,0,0,0,0,1,0,-1
74,40383,74|40383,0,0,0,0,0,0,0,0,17,6,0,-23
74,40385,74|40385,0,0,0,0,0,0,0,0,0,15,0,-15
74,40386,74|40386,0,0,0,0,0,0,0,0,0,0,0,0
74,40509,74|40509,0,0,0,0,0,0,0,1,0,17,1,-18
74,40642,74|40642,0,0,0,0,0,0,0,0,0,20,0,-20
74,40643,74|40643,0,0,0,0,0,0,0,0,0,3,0,-3
74,40644,74|40644,0,0,0,0,0,0,0,0,0,1,0,-1
74,40645,74|40645,0,0,0,0,0,0,0,0,0,7,0,-7
74,40796,74|40796,0,0,0,0,0,0,0,1,0,23,1,-24
74,40797,74|40797,0,0,0,0,0,0,0,0,0,52,0,-52
74,40798,74|40798,0,0,0,0,0,0,0,0,0,28,0,-28
74,40817,74|40817,0,0,0,0,0,0,0,14,0,64,14,-78
74,40880,74|40880,0,0,0,0,0,0,0,6,0,151,6,-157
74,40909,74|40909,0,0,0,0,0,0,0,2,0,75,2,-77
74,40972,74|40972,0,0,0,0,0,0,0,0,0,89,0,-89
74,40974,74|40974,0,0,0,0,0,0,2,0,0,80,2,-82
74,41045,74|41045,0,0,0,0,0,0,0,6,0,31,6,-37
74,41046,74|41046,0,0,0,0,0,0,0,0,0,40,0,-40
74,41047,74|41047,0,0,0,0,0,0,0,0,0,43,0,-43
74,41048,74|41048,0,0,0,0,0,0,0,1,0,63,1,-64
74,41050,74|41050,0,0,0,0,0,0,0,0,0,15,0,-15
74,41051,74|41051,0,0,0,0,0,0,0,1,0,71,1,-72
74,41053,74|41053,0,0,0,0,0,0,0,0,0,39,0,-39
74,41054,74|41054,0,0,0,0,0,0,0,0,0,76,0,-76
74,41055,74|41055,0,0,0,0,0,0,0,0,0,12,0,-12
74,41106,74|41106,0,0,0,0,0,0,0,4,0,14,4,-18
74,41107,74|41107,0,0,0,0,0,0,0,4,0,24,4,-28
74,41108,74|41108,0,0,0,0,0,0,0,2,0,29,2,-31
74,41142,74|41142,0,0,0,0,0,0,0,0,0,10,0,-10
74,41143,74|41143,0,0,0,0,0,0,0,0,0,11,0,-11
74,41236,74|41236,0,0,0,0,0,0,0,0,0,4,0,-4
74,41242,74|41242,0,0,0,0,0,0,0,0,6,0,0,-6
74,41300,74|41300,0,0,0,0,0,0,0,0,0,76,0,-76
74,41372,74|41372,0,0,0,0,0,0,0,14,0,50,14,-64
74,41494,74|41494,0,0,0,0,0,0,0,0,0,22,0,-22
74,41509,74|41509,0,0,0,0,0,0,0,0,0,10,0,-10
74,41518,74|41518,0,0,0,0,0,0,0,0,0,1,0,-1
74,41532,74|41532,0,0,0,0,0,0,0,0,0,8,0,-8
74,41554,74|41554,0,0,0,0,0,0,0,0,0,5,0,-5
74,41578,74|41578,0,0,0,0,0,0,0,0,0,24,0,-24
74,41593,74|41593,0,0,0,0,0,0,0,5,0,97,5,-102
74,41595,74|41595,0,0,0,0,0,0,0,6,0,262,6,-268
74,41649,74|41649,0,0,0,0,0,0,0,1,0,10,1,-11
74,41658,74|41658,0,0,0,0,0,0,0,2,0,32,2,-34
74,41662,74|41662,0,0,0,0,0,0,0,0,0,1,0,-1
74,41663,74|41663,0,0,0,0,0,0,0,0,0,4,0,-4
74,41664,74|41664,0,0,0,0,0,0,0,0,0,2,0,-2
74,41790,74|41790,0,0,0,0,0,0,0,0,0,12,0,-12
74,41845,74|41845,0,0,0,0,0,0,0,0,0,4,0,-4
74,41901,74|41901,0,0,0,0,0,0,0,0,0,7,0,-7
74,41903,74|41903,0,0,0,0,0,0,0,8,0,40,8,-48
74,41905,74|41905,0,0,0,0,0,0,0,0,0,11,0,-11
74,41934,74|41934,0,0,0,0,0,0,0,0,0,3,0,-3
74,41969,74|41969,0,0,0,0,0,0,0,6,0,8,6,-14
74,42003,74|42003,0,0,0,0,0,0,0,1,0,7,1,-8
74,42157,74|42157,0,0,0,0,0,0,0,0,0,12,0,-12
74,42261,74|42261,0,0,0,0,0,0,0,0,0,36,0,-36
74,42262,74|42262,0,0,0,0,0,0,0,0,0,10,0,-10
74,42330,74|42330,0,0,0,0,0,0,0,0,0,18,0,-18
74,42332,74|42332,0,0,0,0,0,0,0,5,0,37,5,-42
74,42735,74|42735,0,0,0,0,0,0,0,10,0,7,10,-17
74,42736,74|42736,0,0,0,0,0,0,0,8,0,9,8,-17
74,42737,74|42737,0,0,0,0,0,0,0,0,0,12,0,-12
74,42741,74|42741,0,0,0,0,0,0,0,0,0,7,0,-7
74,42959,74|42959,0,0,0,0,0,0,0,0,0,7,0,-7
74,42987,74|42987,0,0,0,0,0,0,0,8,0,17,8,-25
74,43090,74|43090,0,0,0,0,0,0,0,0,0,19,0,-19
74,43091,74|43091,0,0,0,0,0,0,0,0,0,19,0,-19
74,43593,74|43593,0,0,0,0,0,0,0,0,0,0,0,0
74,43629,74|43629,0,0,0,0,0,0,0,2,0,6,2,-8
74,43630,74|43630,0,0,0,0,0,0,0,0,0,1,0,-1
74,43727,74|43727,0,0,0,0,0,0,0,2,0,20,2,-22
74,43730,74|43730,0,0,0,0,0,0,0,0,0,6,0,-6
74,43737,74|43737,0,0,0,0,0,0,0,0,0,35,0,-35
74,43738,74|43738,0,0,0,0,0,0,0,0,0,6,0,-6
74,43741,74|43741,0,0,0,0,0,0,0,0,0,12,0,-12
74,43749,74|43749,0,0,0,0,0,0,0,1,0,21,1,-22
74,43753,74|43753,0,0,0,0,0,0,0,0,0,6,0,-6
74,43754,74|43754,0,0,0,0,0,0,0,0,0,2,0,-2
74,43755,74|43755,0,0,0,0,0,0,1,0,0,24,1,-25
74,43756,74|43756,0,0,0,0,0,0,0,0,0,12,0,-12
74,43878,74|43878,0,0,0,0,0,0,0,0,0,2,0,-2
74,44048,74|44048,0,0,0,0,0,0,0,0,0,2,0,-2
74,44115,74|44115,0,0,0,0,0,0,0,0,0,3,0,-3
74,44116,74|44116,0,0,0,0,0,0,0,0,0,26,0,-26
74,44378,74|44378,0,0,0,0,0,0,0,0,0,32,0,-32
74,44566,74|44566,0,0,0,0,0,0,0,0,0,1,0,-1
74,44579,74|44579,0,0,0,0,0,0,0,0,0,22,0,-22
74,44584,74|44584,0,0,0,0,0,0,0,0,0,119,0,-119
74,44618,74|44618,0,0,0,0,0,0,0,0,0,56,0,-56
74,44901,74|44901,0,0,0,0,0,0,0,0,0,13,0,-13
74,45122,74|45122,0,0,0,0,0,0,0,0,0,3,0,-3
74,45270,74|45270,0,0,0,0,0,0,0,0,0,0,0,0
74,45706,74|45706,0,0,0,0,0,0,0,0,0,1,0,-1
74,45738,74|45738,0,0,0,0,0,0,0,0,0,6,0,-6
74,45743,74|45743,0,0,0,0,0,0,0,4,0,0,4,-4
74,45744,74|45744,0,0,0,0,0,0,0,0,0,15,0,-15
74,45759,74|45759,0,0,0,0,0,0,0,0,0,21,0,-21
2,16,2|16,0,0,0,20,0,20,0,0,0,0,-20,20
2,20,2|20,0,0,0,19,0,19,0,0,0,0,-19,19
2,317,2|317,0,0,0,17,0,17,0,0,0,0,-17,17
2,350,2|350,0,0,0,10,0,10,0,0,0,0,-10,10
2,384,2|384,0,0,0,0,0,0,0,0,0,0,0,0
2,386,2|386,0,0,0,120,0,120,0,0,0,0,-120,120
2,390,2|390,0,0,0,10,0,10,0,0,0,0,-10,10
2,391,2|391,0,0,0,10,0,10,0,0,0,0,-10,10
2,412,2|412,0,0,0,77,0,77,0,0,0,0,-77,77
2,448,2|448,0,0,0,20,0,20,0,0,0,0,-20,20
2,12346,2|12346,0,0,0,28,0,28,0,0,0,0,-28,28
2,12349,2|12349,0,0,0,110,0,110,0,0,0,0,-110,110
2,20853,2|20853,0,0,0,10,0,10,0,0,0,0,-10,10
2,37822,2|37822,0,0,0,20,0,20,0,0,0,0,-20,20
2,41268,2|41268,0,0,0,12,0,12,0,0,0,0,-12,12
1,0,1|0,0,0,0,0,0,0,0,0,0,0,0,0
1,1,1|1,0,0,0,0,0,0,0,0,0,0,0,0
1,7,1|7,0,0,0,0,0,0,0,0,0,0,0,0
1,61,1|61,0,0,0,0,0,0,0,0,0,0,0,0
1,62,1|62,0,0,0,0,0,0,0,0,0,0,0,0
1,242,1|242,0,0,0,0,0,0,0,0,0,0,0,0
1,351,1|351,0,0,0,0,0,0,0,0,0,0,0,0
1,475,1|475,0,0,0,0,0,0,0,0,0,0,0,0
1,1022,1|1022,0,0,0,0,0,0,0,0,0,0,0,0
1,1301,1|1301,0,0,0,0,0,0,0,0,0,0,0,0
1,2054,1|2054,0,0,0,0,0,0,0,0,0,0,0,0
1,5174,1|5174,0,0,0,0,0,0,0,0,0,0,0,0
1,5420,1|5420,0,0,0,0,0,0,0,0,0,0,0,0
1,5516,1|5516,0,0,0,0,0,0,0,0,0,0,0,0
1,5520,1|5520,0,0,0,0,0,0,0,0,0,0,0,0
1,10978,1|10978,0,0,0,0,0,0,0,0,0,0,0,0
1,11055,1|11055,0,0,3,0,0,0,0,0,0,0,0,3
1,12224,1|12224,0,0,0,0,0,0,0,0,0,0,0,0
1,12225,1|12225,0,1,0,0,0,0,0,0,0,0,1,0
1,12226,1|12226,0,0,0,0,0,0,0,0,0,0,0,0
1,12227,1|12227,0,0,0,0,0,0,0,0,0,0,0,0
1,12228,1|12228,0,0,0,0,0,0,0,0,0,0,0,0
1,12229,1|12229,0,479,25,0,0,0,0,0,0,0,479,25
1,12248,1|12248,0,0,0,0,0,0,0,0,0,0,0,0
1,12260,1|12260,0,0,0,0,0,0,0,0,0,0,0,0
1,12275,1|12275,0,0,0,0,0,0,0,0,0,0,0,0
1,12276,1|12276,0,0,0,0,0,0,0,0,0,0,0,0
1,12283,1|12283,0,0,0,0,0,0,0,0,0,0,0,0
1,12285,1|12285,0,0,0,0,0,0,0,0,0,0,0,0
1,12286,1|12286,0,0,0,0,0,0,0,0,0,0,0,0
1,12288,1|12288,0,0,0,0,0,0,0,0,0,0,0,0
1,12305,1|12305,0,747,39,0,0,0,0,0,0,0,747,39
1,12317,1|12317,0,0,0,0,0,0,0,0,0,0,0,0
1,12320,1|12320,0,0,0,0,0,0,0,0,0,0,0,0
1,12326,1|12326,0,0,0,0,0,0,0,0,0,0,0,0
1,12336,1|12336,0,0,0,0,0,0,0,0,0,0,0,0
1,12337,1|12337,0,0,0,0,0,0,0,0,0,0,0,0
1,12364,1|12364,0,1,0,0,0,0,0,0,0,0,1,0
1,12365,1|12365,0,0,0,0,0,0,0,0,0,0,0,0
1,12371,1|12371,0,0,0,0,0,0,0,0,0,0,0,0
1,12372,1|12372,0,0,0,0,0,0,0,0,0,0,0,0
1,12376,1|12376,0,0,0,0,0,0,0,0,0,0,0,0
1,12379,1|12379,0,4,0,0,0,0,0,0,0,0,4,0
1,12383,1|12383,0,0,0,0,0,0,0,0,0,0,0,0
1,12386,1|12386,0,0,0,0,0,0,0,0,0,0,0,0
1,12418,1|12418,0,0,0,0,0,0,0,0,0,0,0,0
1,12420,1|12420,0,0,0,0,0,0,0,0,0,0,0,0
1,12425,1|12425,0,0,0,0,0,0,0,0,0,0,0,0
1,12428,1|12428,0,0,0,0,0,0,0,0,0,0,0,0
1,12444,1|12444,0,0,3,0,0,0,0,0,0,0,0,3
1,12445,1|12445,0,0,0,0,0,0,0,0,0,0,0,0
1,12452,1|12452,0,0,0,0,0,0,0,0,0,0,0,0
1,12455,1|12455,0,0,0,0,0,0,0,0,0,0,0,0
1,12456,1|12456,0,0,0,0,0,0,0,0,0,0,0,0
1,12464,1|12464,0,0,0,0,0,0,0,0,0,0,0,0
1,12476,1|12476,0,0,0,0,0,0,0,0,0,0,0,0
1,12486,1|12486,0,0,0,0,0,0,0,0,0,0,0,0
1,12522,1|12522,0,0,0,0,0,0,0,0,0,0,0,0
1,12524,1|12524,0,0,0,0,0,0,0,0,0,0,0,0
1,12539,1|12539,0,0,0,0,0,0,0,0,0,0,0,0
1,12542,1|12542,0,0,0,0,0,0,0,0,0,0,0,0
1,12546,1|12546,0,0,0,0,0,0,0,0,0,3,0,-3
1,12547,1|12547,0,0,0,0,0,0,0,0,0,0,0,0
1,12556,1|12556,0,0,0,0,0,0,0,0,0,0,0,0
1,12557,1|12557,0,0,0,0,0,0,0,0,0,0,0,0
1,12562,1|12562,0,0,0,0,0,0,0,0,0,0,0,0
1,12564,1|12564,0,0,0,0,0,0,0,0,0,0,0,0
1,12586,1|12586,0,0,0,0,0,0,0,0,0,0,0,0
1,12587,1|12587,0,0,0,0,0,0,0,0,0,0,0,0
1,12605,1|12605,0,0,0,0,0,0,0,0,0,0,0,0
1,12612,1|12612,0,0,0,0,0,0,0,0,0,0,0,0
1,12620,1|12620,0,0,0,0,0,0,0,0,0,0,0,0
1,12631,1|12631,0,0,0,0,0,0,0,0,0,0,0,0
1,12642,1|12642,0,0,0,0,0,0,0,0,0,0,0,0
1,12664,1|12664,0,0,0,0,0,0,0,0,0,0,0,0
1,12675,1|12675,0,0,0,0,0,0,0,0,0,0,0,0
1,12676,1|12676,0,0,0,0,0,0,0,0,0,0,0,0
1,12700,1|12700,0,0,0,0,0,0,0,0,0,0,0,0
1,12703,1|12703,0,0,0,0,0,0,0,0,0,0,0,0
1,12709,1|12709,0,0,0,0,0,0,0,0,0,0,0,0
1,12734,1|12734,0,0,0,0,0,0,0,0,0,0,0,0
1,12754,1|12754,0,0,0,0,0,0,0,0,0,0,0,0
1,12772,1|12772,0,0,0,0,0,0,0,0,0,0,0,0
1,12782,1|12782,0,0,0,0,0,0,0,0,0,0,0,0
1,12783,1|12783,0,0,0,0,0,0,0,0,0,0,0,0
1,12785,1|12785,0,0,0,0,0,0,0,0,0,0,0,0
1,12791,1|12791,0,0,0,0,0,0,0,0,0,0,0,0
1,12794,1|12794,0,366,19,0,0,0,0,0,0,0,366,19
1,12797,1|12797,0,0,0,0,0,0,0,0,0,0,0,0
1,12799,1|12799,0,0,0,0,0,0,0,0,0,0,0,0
1,12801,1|12801,0,0,0,0,0,0,0,0,0,0,0,0
1,12812,1|12812,0,0,0,0,0,0,0,0,0,0,0,0
1,12831,1|12831,0,0,0,0,0,0,0,0,0,0,0,0
1,12859,1|12859,0,0,0,0,0,0,0,0,0,0,0,0
1,12866,1|12866,0,1,0,0,0,0,0,0,0,0,1,0
1,12881,1|12881,0,0,0,0,0,0,0,0,0,0,0,0
1,12892,1|12892,0,0,0,0,0,0,0,0,0,0,0,0
1,12893,1|12893,0,0,0,0,0,0,0,0,0,0,0,0
1,12895,1|12895,0,0,0,0,0,0,0,0,0,0,0,0
1,12906,1|12906,0,0,0,0,0,0,0,0,0,0,0,0
1,12913,1|12913,0,0,0,0,0,0,0,0,0,0,0,0
1,12930,1|12930,0,0,0,0,0,0,0,0,0,0,0,0
1,12952,1|12952,0,0,0,0,0,0,0,0,0,0,0,0
1,13003,1|13003,0,0,0,0,0,0,0,0,0,0,0,0
1,13006,1|13006,0,0,0,0,0,0,0,0,0,0,0,0
1,13009,1|13009,0,0,0,0,0,0,0,0,0,0,0,0
1,13012,1|13012,0,0,0,0,0,0,0,0,0,0,0,0
1,13019,1|13019,0,0,0,0,0,0,0,0,0,0,0,0
1,13020,1|13020,0,0,0,0,0,0,0,0,0,0,0,0
1,13047,1|13047,0,0,0,0,0,0,0,0,0,0,0,0
1,13048,1|13048,0,0,0,0,0,0,0,0,0,0,0,0
1,13080,1|13080,0,0,0,0,0,0,0,0,0,0,0,0
1,13081,1|13081,0,0,0,0,0,0,0,0,0,0,0,0
1,13082,1|13082,0,0,0,0,0,0,0,0,0,0,0,0
1,13083,1|13083,0,0,0,0,0,0,0,0,0,0,0,0
1,13099,1|13099,0,0,0,0,0,0,0,0,0,0,0,0
1,13113,1|13113,0,0,0,0,0,0,0,0,0,0,0,0
1,13114,1|13114,0,0,0,0,0,0,0,0,0,0,0,0
1,13122,1|13122,0,0,0,0,0,0,0,0,0,0,0,0
1,13123,1|13123,0,0,0,0,0,0,0,0,0,0,0,0
1,13125,1|13125,0,0,0,0,0,0,0,0,0,0,0,0
1,13130,1|13130,0,0,0,0,0,0,0,0,0,0,0,0
1,13136,1|13136,0,0,0,0,0,0,0,0,0,0,0,0
1,13137,1|13137,0,0,0,0,0,0,0,0,0,0,0,0
1,13139,1|13139,0,0,0,0,0,0,0,0,0,0,0,0
1,13144,1|13144,0,0,0,0,0,0,0,0,0,0,0,0
1,13147,1|13147,0,3,0,0,0,0,0,0,0,0,3,0
1,13158,1|13158,0,1029,54,0,0,0,0,0,0,0,1029,54
1,13161,1|13161,0,0,0,0,0,0,0,0,0,0,0,0
1,13172,1|13172,0,0,0,0,0,0,0,0,0,0,0,0
1,13175,1|13175,0,1,0,0,0,0,0,0,0,0,1,0
1,13181,1|13181,0,0,0,0,0,0,0,0,0,0,0,0
1,13182,1|13182,0,0,0,0,0,0,0,0,0,0,0,0
1,13183,1|13183,0,0,0,0,0,0,0,0,0,0,0,0
1,13185,1|13185,0,1,0,0,0,0,0,0,0,0,1,0
1,13188,1|13188,0,0,0,0,0,0,0,0,0,0,0,0
1,13189,1|13189,0,0,0,0,0,0,0,0,0,0,0,0
1,13190,1|13190,0,0,0,0,0,0,0,0,0,0,0,0
1,13193,1|13193,0,0,0,0,0,0,0,0,0,0,0,0
1,13194,1|13194,0,0,0,0,0,0,0,0,0,0,0,0
1,13198,1|13198,0,0,0,0,0,0,0,0,0,0,0,0
1,13209,1|13209,0,0,0,0,0,0,0,0,0,0,0,0
1,13210,1|13210,0,0,0,0,0,0,0,0,0,0,0,0
1,13221,1|13221,0,0,0,0,0,0,0,0,0,0,0,0
1,13228,1|13228,0,0,0,0,0,0,0,0,0,0,0,0
1,13231,1|13231,0,0,0,0,0,0,0,0,0,0,0,0
1,13238,1|13238,0,0,0,0,0,0,0,0,0,0,0,0
1,13250,1|13250,0,0,3,0,0,0,0,0,0,0,0,3
1,13252,1|13252,0,12,0,0,0,0,0,0,0,0,12,0
1,13257,1|13257,0,0,0,0,0,0,0,0,0,0,0,0
1,13258,1|13258,0,0,0,0,0,0,0,0,0,0,0,0
1,13261,1|13261,0,0,0,0,0,0,0,0,0,0,0,0
1,13263,1|13263,0,0,0,0,0,0,0,0,0,0,0,0
1,13268,1|13268,0,0,0,0,0,0,0,0,0,0,0,0
1,13269,1|13269,0,0,0,0,0,0,0,0,0,0,0,0
1,13272,1|13272,0,0,0,0,0,0,0,0,0,0,0,0
1,13273,1|13273,0,0,0,0,0,0,0,0,0,0,0,0
1,13274,1|13274,0,0,0,0,0,0,0,0,0,0,0,0
1,13275,1|13275,0,0,0,0,0,0,0,0,0,0,0,0
1,13283,1|13283,0,0,0,0,0,0,0,0,0,0,0,0
1,13284,1|13284,0,0,0,0,0,0,0,0,0,0,0,0
1,13285,1|13285,0,0,0,0,0,0,0,0,0,0,0,0
1,13289,1|13289,0,0,0,0,0,0,0,0,0,0,0,0
1,13306,1|13306,0,0,0,0,0,0,0,0,0,0,0,0
1,13307,1|13307,0,0,0,0,0,0,0,0,0,0,0,0
1,13317,1|13317,0,0,0,0,0,0,0,0,0,0,0,0
1,13323,1|13323,0,0,0,0,0,0,0,0,0,0,0,0
1,13324,1|13324,0,1038,55,0,0,0,0,0,0,0,1038,55
1,13325,1|13325,0,1,0,0,0,0,0,0,0,0,1,0
1,13331,1|13331,0,0,0,0,0,0,0,0,0,0,0,0
1,13337,1|13337,0,0,0,0,0,0,0,0,0,0,0,0
1,13338,1|13338,0,0,0,0,0,0,0,0,0,0,0,0
1,13344,1|13344,0,0,0,0,0,0,0,0,0,0,0,0
1,13345,1|13345,0,477,25,0,0,0,0,0,0,0,477,25
1,13360,1|13360,0,0,0,0,0,0,0,0,0,0,0,0
1,13363,1|13363,0,0,0,0,0,0,0,0,0,0,0,0
1,13366,1|13366,0,0,0,0,0,0,0,0,0,0,0,0
1,13371,1|13371,0,1,0,0,0,0,0,0,0,0,1,0
1,13373,1|13373,0,0,0,0,0,0,0,0,0,0,0,0
1,13375,1|13375,0,0,0,0,0,0,0,0,0,0,0,0
1,13376,1|13376,0,0,0,0,0,0,0,0,0,0,0,0
1,13379,1|13379,0,0,0,0,0,0,0,0,0,0,0,0
1,13380,1|13380,0,0,0,0,0,0,0,0,0,0,0,0
1,13388,1|13388,0,0,0,0,0,0,0,0,0,0,0,0
1,13399,1|13399,0,1,0,0,0,0,0,0,0,0,1,0
1,13433,1|13433,0,0,0,0,0,0,0,0,0,0,0,0
1,13468,1|13468,0,0,0,0,0,0,0,0,0,0,0,0
1,13471,1|13471,0,0,0,0,0,0,0,0,0,0,0,0
1,13478,1|13478,0,0,0,0,0,0,0,0,0,0,0,0
1,13527,1|13527,0,0,0,0,0,0,0,0,0,0,0,0
1,13545,1|13545,0,0,0,0,0,0,0,0,0,0,0,0
1,13546,1|13546,0,0,0,0,0,0,0,0,0,0,0,0
1,13585,1|13585,0,0,0,0,0,0,0,0,0,0,0,0
1,13586,1|13586,0,0,0,0,0,0,0,0,0,0,0,0
1,13650,1|13650,0,0,0,0,0,0,0,0,0,0,0,0
1,13669,1|13669,0,25,0,0,0,0,0,0,0,0,25,0
1,13692,1|13692,0,0,0,0,0,0,0,0,0,0,0,0
1,13727,1|13727,0,0,0,0,0,0,0,0,0,0,0,0
1,13748,1|13748,0,0,0,0,0,0,0,0,0,0,0,0
1,13749,1|13749,0,0,0,0,0,0,0,0,0,0,0,0
1,13750,1|13750,0,0,0,0,0,0,0,0,0,0,0,0
1,13751,1|13751,0,0,0,0,0,0,0,0,0,0,0,0
1,13760,1|13760,0,0,0,0,0,0,0,0,0,0,0,0
1,13787,1|13787,0,228,12,0,0,0,0,0,0,0,228,12
1,13803,1|13803,0,0,0,0,0,0,0,0,0,0,0,0
1,13807,1|13807,0,1,0,0,0,0,0,0,0,0,1,0
1,13815,1|13815,0,0,0,0,0,0,0,0,0,0,0,0
1,13822,1|13822,0,0,0,0,0,0,0,0,0,0,0,0
1,13833,1|13833,0,0,0,0,0,0,0,0,0,0,0,0
1,13834,1|13834,0,1,0,0,0,0,0,0,0,0,1,0
1,13836,1|13836,0,0,0,0,0,0,0,0,0,0,0,0
1,13837,1|13837,0,4,0,0,0,0,0,0,0,0,4,0
1,13838,1|13838,0,0,0,0,0,0,0,0,0,0,0,0
1,13897,1|13897,0,0,0,0,0,0,0,0,0,0,0,0
1,13924,1|13924,0,0,0,0,0,0,0,0,0,0,0,0
1,13926,1|13926,0,0,0,0,0,0,0,0,0,0,0,0
1,13936,1|13936,0,0,0,0,0,0,0,0,0,0,0,0
1,13946,1|13946,0,1619,85,0,0,0,0,0,0,0,1619,85
1,13956,1|13956,0,28,0,0,0,0,0,0,0,0,28,0
1,13960,1|13960,0,0,0,0,0,0,0,0,0,0,0,0
1,13962,1|13962,0,0,0,0,0,0,0,0,0,0,0,0
1,13969,1|13969,0,0,0,0,0,0,0,0,0,0,0,0
1,13975,1|13975,0,0,3,0,0,0,0,0,0,0,0,3
1,13988,1|13988,0,0,0,0,0,0,0,0,0,0,0,0
1,13989,1|13989,0,0,0,0,0,0,0,0,0,0,0,0
1,13991,1|13991,0,0,0,0,0,0,0,0,0,0,0,0
1,13998,1|13998,0,0,0,0,0,0,0,0,0,0,0,0
1,14000,1|14000,0,0,0,0,0,0,0,0,0,0,0,0
1,14007,1|14007,0,0,0,0,0,0,0,0,0,0,0,0
1,14015,1|14015,0,215,11,0,0,0,0,0,0,0,215,11
1,14022,1|14022,0,0,0,0,0,0,0,0,0,0,0,0
1,14033,1|14033,0,0,0,0,0,0,0,0,0,0,0,0
1,14040,1|14040,0,0,4,0,0,0,0,0,0,0,0,4
1,14042,1|14042,0,0,0,0,0,0,0,0,0,0,0,0
1,14056,1|14056,0,0,0,0,0,0,0,0,0,0,0,0
1,14057,1|14057,0,0,0,0,0,0,0,0,0,0,0,0
1,14061,1|14061,0,0,0,0,0,0,0,0,0,0,0,0
1,14064,1|14064,0,0,0,0,0,0,0,0,0,0,0,0
1,14065,1|14065,0,0,0,0,0,0,0,0,0,0,0,0
1,14114,1|14114,0,0,0,0,0,0,0,0,0,0,0,0
1,14117,1|14117,0,0,0,0,0,0,0,0,0,0,0,0
1,14121,1|14121,0,0,0,0,0,0,0,0,0,0,0,0
1,14135,1|14135,0,0,0,0,0,0,0,0,0,0,0,0
1,14136,1|14136,0,249,13,0,0,0,0,0,0,0,249,13
1,14137,1|14137,0,0,0,0,0,0,0,0,0,0,0,0
1,14138,1|14138,0,1780,94,0,0,0,0,0,0,0,1780,94
1,14142,1|14142,0,0,0,0,0,0,0,0,0,0,0,0
1,14145,1|14145,0,0,0,0,0,0,0,0,0,0,0,0
1,14146,1|14146,0,0,0,0,0,0,0,0,0,0,0,0
1,14160,1|14160,0,0,0,0,0,0,0,0,0,0,0,0
1,14168,1|14168,0,0,0,0,0,0,0,0,0,0,0,0
1,14176,1|14176,0,0,0,0,0,0,0,0,0,0,0,0
1,14189,1|14189,0,0,0,0,0,0,0,0,0,0,0,0
1,14190,1|14190,0,0,0,0,0,0,0,0,0,0,0,0
1,14246,1|14246,0,0,0,0,0,0,0,0,0,0,0,0
1,14251,1|14251,0,0,0,0,0,0,0,0,0,0,0,0
1,14269,1|14269,0,0,0,0,0,0,0,0,0,0,0,0
1,14287,1|14287,0,0,0,0,0,0,0,0,0,0,0,0
1,14327,1|14327,0,0,0,0,0,0,0,0,0,0,0,0
1,14355,1|14355,0,0,0,0,0,0,0,0,0,0,0,0
1,14356,1|14356,0,0,0,0,0,0,0,0,0,0,0,0
1,14419,1|14419,0,0,0,0,0,0,0,0,0,0,0,0
1,14489,1|14489,0,0,0,0,0,0,0,0,0,0,0,0
1,14490,1|14490,0,0,0,0,0,0,0,0,0,0,0,0
1,14491,1|14491,0,0,0,0,0,0,0,0,0,0,0,0
1,14529,1|14529,0,0,0,0,0,0,0,0,0,0,0,0
1,14615,1|14615,0,0,0,0,0,0,0,0,0,0,0,0
1,14641,1|14641,0,1,0,0,0,0,0,0,0,0,1,0
1,14642,1|14642,0,1,0,0,0,0,0,0,0,0,1,0
1,14649,1|14649,0,1,0,0,0,0,0,0,0,0,1,0
1,14768,1|14768,0,0,4,0,0,0,0,0,0,0,0,4
1,14806,1|14806,0,0,0,0,0,0,0,0,0,0,0,0
1,14901,1|14901,0,0,0,0,0,0,0,0,0,0,0,0
1,15037,1|15037,0,1028,54,0,0,0,0,0,0,0,1028,54
1,15038,1|15038,0,2,0,0,0,0,0,0,0,0,2,0
1,15075,1|15075,0,0,0,0,0,0,0,0,0,0,0,0
1,15089,1|15089,0,0,0,0,0,0,0,0,0,0,0,0
1,15099,1|15099,0,0,0,0,0,0,0,0,0,0,0,0
1,15117,1|15117,0,13,0,0,0,0,0,0,0,0,13,0
1,15136,1|15136,0,0,0,0,0,0,0,0,0,0,0,0
1,15139,1|15139,0,0,0,0,0,0,0,0,0,0,0,0
1,15205,1|15205,0,0,0,0,0,0,0,0,0,0,0,0
1,15232,1|15232,0,0,0,0,0,0,0,0,0,0,0,0
1,15235,1|15235,0,0,0,0,0,0,0,0,0,0,0,0
1,15239,1|15239,0,1,0,0,0,0,0,0,0,0,1,0
1,15240,1|15240,0,0,0,0,0,0,0,0,0,0,0,0
1,15272,1|15272,0,0,0,0,0,0,0,0,0,0,0,0
1,15279,1|15279,0,0,0,0,0,0,0,0,0,0,0,0
1,15304,1|15304,0,0,3,0,0,0,0,0,0,0,0,3
1,15307,1|15307,0,0,0,0,0,0,0,0,0,0,0,0
1,15308,1|15308,0,0,0,0,0,0,0,0,0,0,0,0
1,15314,1|15314,0,0,0,0,0,0,0,0,0,0,0,0
1,15316,1|15316,0,0,0,0,0,0,0,0,0,0,0,0
1,15317,1|15317,0,0,0,0,0,0,0,0,0,0,0,0
1,15359,1|15359,0,1,0,0,0,0,0,0,0,0,1,0
1,15362,1|15362,0,0,0,0,0,0,0,0,0,0,0,0
1,15374,1|15374,0,0,0,0,0,0,0,0,0,0,0,0
1,15380,1|15380,0,0,0,0,0,0,0,0,0,0,0,0
1,15434,1|15434,0,0,0,0,0,0,0,0,0,0,0,0
1,15437,1|15437,0,0,0,0,0,0,0,0,0,0,0,0
1,15495,1|15495,0,0,2,0,0,0,0,0,0,0,0,2
1,15595,1|15595,0,8,0,0,0,0,0,0,0,0,8,0
1,15603,1|15603,0,0,0,0,0,0,0,0,0,0,0,0
1,15627,1|15627,0,0,0,0,0,0,0,0,0,0,0,0
1,15641,1|15641,0,0,0,0,0,0,0,0,0,0,0,0
1,15642,1|15642,0,0,0,0,0,0,0,0,0,0,0,0
1,15647,1|15647,0,0,0,0,0,0,0,0,0,0,0,0
1,15712,1|15712,0,3,0,0,0,0,0,0,0,0,3,0
1,15716,1|15716,0,0,0,0,0,0,0,0,0,0,0,0
1,15749,1|15749,0,0,0,0,0,0,0,0,0,0,0,0
1,15752,1|15752,0,0,0,0,0,0,0,0,0,0,0,0
1,15825,1|15825,0,0,0,0,0,0,0,0,0,0,0,0
1,15986,1|15986,0,0,4,0,0,0,0,0,0,0,0,4
1,16359,1|16359,0,466,25,0,0,0,0,0,0,0,466,25
1,16363,1|16363,0,0,0,0,0,0,0,0,0,0,0,0
1,16391,1|16391,0,0,0,0,0,0,0,0,0,0,0,0
1,16399,1|16399,0,0,0,0,0,0,0,0,0,0,0,0
1,16406,1|16406,0,0,0,0,0,0,0,0,0,0,0,0
1,16484,1|16484,0,0,0,0,0,0,0,0,0,0,0,0
1,16582,1|16582,0,0,0,0,0,0,0,0,0,0,0,0
1,16705,1|16705,0,0,0,0,0,0,0,0,0,0,0,0
1,16771,1|16771,0,0,0,0,0,0,0,0,0,0,0,0
1,16852,1|16852,0,0,0,0,0,0,0,0,0,0,0,0
1,16861,1|16861,0,0,0,0,0,0,0,0,0,0,0,0
1,16921,1|16921,0,1,0,0,0,0,0,0,0,0,1,0
1,17108,1|17108,0,2,0,0,0,0,0,0,0,0,2,0
1,17172,1|17172,0,23,1,0,0,0,0,0,0,0,23,1
1,17309,1|17309,0,0,0,0,0,0,0,0,0,0,0,0
1,17367,1|17367,0,0,0,0,0,0,0,0,0,0,0,0
1,17368,1|17368,0,0,0,0,0,0,0,0,0,0,0,0
1,17400,1|17400,0,1049,55,0,0,0,0,0,0,0,1049,55
1,17401,1|17401,0,1,0,0,0,0,0,0,0,0,1,0
1,17530,1|17530,0,0,0,0,0,0,0,0,0,0,0,0
1,17557,1|17557,0,0,0,0,0,0,0,0,0,0,0,0
1,17579,1|17579,0,0,1,0,0,0,0,0,0,0,0,1
1,17624,1|17624,0,0,0,0,0,0,0,0,0,0,0,0
1,17628,1|17628,0,0,0,0,0,0,0,0,0,0,0,0
1,17632,1|17632,0,0,0,0,0,0,0,0,0,0,0,0
1,17729,1|17729,0,429,23,0,0,0,0,0,0,0,429,23
1,17782,1|17782,0,0,0,0,0,0,0,0,0,0,0,0
1,17783,1|17783,0,22,0,0,0,0,0,0,0,0,22,0
1,17953,1|17953,0,0,0,0,0,0,0,0,0,0,0,0
1,18091,1|18091,0,3,0,0,0,0,0,0,0,0,3,0
1,18186,1|18186,0,0,0,0,0,0,0,0,0,0,0,0
1,18246,1|18246,0,0,0,0,0,0,0,0,0,0,0,0
1,18341,1|18341,0,0,0,0,0,0,0,0,0,0,0,0
1,18447,1|18447,0,0,0,0,0,0,0,0,0,0,0,0
1,18507,1|18507,0,0,0,0,0,0,0,0,0,0,0,0
1,18755,1|18755,0,69,4,0,0,0,0,0,0,0,69,4
1,18775,1|18775,0,0,0,0,0,0,0,0,0,0,0,0
1,18795,1|18795,0,0,0,0,0,0,0,0,0,0,0,0
1,18796,1|18796,0,0,0,0,0,0,0,0,0,0,0,0
1,18837,1|18837,0,0,0,0,0,0,0,0,0,0,0,0
1,18847,1|18847,0,0,0,0,0,0,0,0,0,0,0,0
1,18848,1|18848,0,0,0,0,0,0,0,0,0,0,0,0
1,18849,1|18849,0,0,0,0,0,0,0,0,0,0,0,0
1,18850,1|18850,0,0,0,0,0,0,0,0,0,0,0,0
1,18856,1|18856,0,0,0,0,0,0,0,0,0,0,0,0
1,18894,1|18894,0,0,0,0,0,0,0,0,0,0,0,0
1,18967,1|18967,0,0,0,0,0,0,0,0,0,0,0,0
1,19012,1|19012,0,0,0,0,0,0,0,0,0,0,0,0
1,19050,1|19050,0,1,0,0,0,0,0,0,0,0,1,0
1,19051,1|19051,0,0,0,0,0,0,0,0,0,0,0,0
1,19055,1|19055,0,397,21,0,0,0,0,0,0,0,397,21
1,19095,1|19095,0,0,0,0,0,0,0,0,0,0,0,0
1,19312,1|19312,0,0,0,0,0,0,0,0,0,0,0,0
1,19586,1|19586,0,0,0,0,0,0,0,0,0,0,0,0
1,19592,1|19592,0,0,0,0,0,0,0,0,0,0,0,0
1,19594,1|19594,0,0,0,0,0,0,0,0,0,0,0,0
1,19700,1|19700,0,46,2,0,0,0,0,0,0,0,46,2
1,19808,1|19808,0,1869,98,0,0,0,0,0,0,0,1869,98
1,20092,1|20092,0,2,0,0,0,0,0,0,0,0,2,0
1,20113,1|20113,0,134,7,0,0,0,0,0,0,0,134,7
1,20608,1|20608,0,4,0,0,0,0,0,0,0,0,4,0
1,20678,1|20678,0,0,0,0,0,0,0,0,0,0,0,0
1,20679,1|20679,0,0,0,0,0,0,0,0,0,0,0,0
1,20680,1|20680,0,0,0,0,0,0,0,0,0,0,0,0
1,20681,1|20681,0,0,0,0,0,0,0,0,0,0,0,0
1,20682,1|20682,0,0,0,0,0,0,0,0,0,0,0,0
1,20683,1|20683,0,0,0,0,0,0,0,0,0,0,0,0
1,20769,1|20769,0,0,0,0,0,0,0,0,0,0,0,0
1,20771,1|20771,0,0,0,0,0,0,0,0,0,0,0,0
1,20773,1|20773,0,0,0,0,0,0,0,0,0,0,0,0
1,20811,1|20811,0,204,11,0,0,0,0,0,0,0,204,11
1,20846,1|20846,0,812,43,0,0,0,0,0,0,0,812,43
1,20897,1|20897,0,0,0,0,0,0,0,0,0,0,0,0
1,21105,1|21105,0,205,11,0,0,0,0,0,0,0,205,11
1,21106,1|21106,0,0,0,0,0,0,0,0,0,0,0,0
1,21168,1|21168,0,0,0,0,0,0,0,0,0,0,0,0
1,21259,1|21259,0,0,0,0,0,0,0,0,0,0,0,0
1,21302,1|21302,0,0,0,0,0,0,0,0,0,0,0,0
1,21308,1|21308,0,0,0,0,0,0,0,0,0,0,0,0
1,21310,1|21310,0,0,0,0,0,0,0,0,0,0,0,0
1,21314,1|21314,0,0,0,0,0,0,0,0,0,0,0,0
1,21315,1|21315,0,0,0,0,0,0,0,0,0,0,0,0
1,21318,1|21318,0,0,0,0,0,0,0,0,0,0,0,0
1,21322,1|21322,0,0,0,0,0,0,0,0,0,0,0,0
1,21337,1|21337,0,0,0,0,0,0,0,0,0,0,0,0
1,21341,1|21341,0,0,0,0,0,0,0,0,0,0,0,0
1,21343,1|21343,0,0,0,0,0,0,0,0,0,0,0,0
1,21389,1|21389,0,0,0,0,0,0,0,0,0,0,0,0
1,21396,1|21396,0,6,0,0,0,0,0,0,0,0,6,0
1,21413,1|21413,0,0,0,0,0,0,0,0,0,0,0,0
1,21521,1|21521,0,404,21,0,0,0,0,0,0,0,404,21
1,21652,1|21652,0,0,0,0,0,0,0,0,0,0,0,0
1,21668,1|21668,0,0,0,0,0,0,0,0,0,0,0,0
1,21690,1|21690,0,400,21,0,0,0,0,0,0,0,400,21
1,21784,1|21784,0,0,0,0,0,0,0,0,0,0,0,0
1,21785,1|21785,0,3726,209,0,0,0,0,0,0,0,3726,209
1,21786,1|21786,0,523,28,0,0,0,0,0,0,0,523,28
1,21793,1|21793,0,0,0,0,0,0,0,0,0,2,0,-2
1,21834,1|21834,0,386,20,0,0,0,0,0,0,0,386,20
1,21846,1|21846,0,0,0,0,0,0,0,0,0,0,0,0
1,21852,1|21852,0,0,0,0,0,0,0,0,0,0,0,0
1,21917,1|21917,0,0,0,0,0,0,0,0,0,0,0,0
1,22000,1|22000,0,0,0,0,0,0,0,0,0,0,0,0
1,22003,1|22003,0,0,0,0,0,0,0,0,0,0,0,0
1,22064,1|22064,0,0,0,0,0,0,0,0,0,0,0,0
1,22077,1|22077,0,0,0,0,0,0,0,0,0,0,0,0
1,22246,1|22246,0,186,10,0,0,0,0,0,0,0,186,10
1,22324,1|22324,0,0,0,0,0,0,0,0,0,0,0,0
1,22384,1|22384,0,0,0,0,0,0,0,0,0,0,0,0
1,22387,1|22387,0,0,0,0,0,0,0,0,0,0,0,0
1,22420,1|22420,0,0,0,0,0,0,0,0,0,0,0,0
1,22444,1|22444,0,0,0,0,0,0,0,0,0,0,0,0
1,22871,1|22871,0,5,0,0,0,0,0,0,0,0,5,0
1,22872,1|22872,0,0,0,0,0,0,0,0,0,0,0,0
1,22888,1|22888,0,0,0,0,0,0,0,0,0,0,0,0
1,22889,1|22889,0,1,0,0,0,0,0,0,0,0,1,0
1,22892,1|22892,0,0,0,0,0,0,0,0,0,0,0,0
1,22894,1|22894,0,2,0,0,0,0,0,0,0,0,2,0
1,22905,1|22905,0,1,0,0,0,0,0,0,0,0,1,0
1,22906,1|22906,0,1,0,0,0,0,0,0,0,0,1,0
1,22910,1|22910,0,0,0,0,0,0,0,0,0,0,0,0
1,22912,1|22912,0,0,0,0,0,0,0,0,0,0,0,0
1,23030,1|23030,0,189,10,0,0,0,0,0,0,0,189,10
1,23047,1|23047,0,0,0,0,0,0,0,0,0,0,0,0
1,23049,1|23049,0,0,0,0,0,0,0,0,0,0,0,0
1,23051,1|23051,0,0,0,0,0,0,0,0,0,0,0,0
1,23075,1|23075,0,0,0,0,0,0,0,0,0,0,0,0
1,23155,1|23155,0,0,0,0,0,0,0,0,0,0,0,0
1,23156,1|23156,0,0,0,0,0,0,0,0,0,0,0,0
1,23158,1|23158,0,1,0,0,0,0,0,0,0,0,1,0
1,23178,1|23178,0,0,0,0,0,0,0,0,0,0,0,0
1,23179,1|23179,0,0,0,0,0,0,0,0,0,0,0,0
1,23181,1|23181,0,2,0,0,0,0,0,0,0,0,2,0
1,23228,1|23228,0,1,0,0,0,0,0,0,0,0,1,0
1,23229,1|23229,0,1,0,0,0,0,0,0,0,0,1,0
1,23230,1|23230,0,1,0,0,0,0,0,0,0,0,1,0
1,23231,1|23231,0,1,0,0,0,0,0,0,0,0,1,0
1,23232,1|23232,0,1,0,0,0,0,0,0,0,0,1,0
1,23238,1|23238,0,1,0,0,0,0,0,0,0,0,1,0
1,23239,1|23239,0,1,0,0,0,0,0,0,0,0,1,0
1,23241,1|23241,0,1,0,0,0,0,0,0,0,0,1,0
1,23243,1|23243,0,1,0,0,0,0,0,0,0,0,1,0
1,23244,1|23244,0,1,0,0,0,0,0,0,0,0,1,0
1,23245,1|23245,0,1,0,0,0,0,0,0,0,0,1,0
1,23246,1|23246,0,1,0,0,0,0,0,0,0,0,1,0
1,23247,1|23247,0,1,0,0,0,0,0,0,0,0,1,0
1,23250,1|23250,0,1,0,0,0,0,0,0,0,0,1,0
1,23251,1|23251,0,1,0,0,0,0,0,0,0,0,1,0
1,23253,1|23253,0,2,0,0,0,0,0,0,0,0,2,0
1,23254,1|23254,0,1,0,0,0,0,0,0,0,0,1,0
1,23255,1|23255,0,1,0,0,0,0,0,0,0,0,1,0
1,23256,1|23256,0,1,0,0,0,0,0,0,0,0,1,0
1,23331,1|23331,0,0,0,0,0,0,0,0,0,0,0,0
1,23332,1|23332,0,2,0,0,0,0,0,0,0,0,2,0
1,23333,1|23333,0,0,0,0,0,0,0,0,0,0,0,0
1,23334,1|23334,0,0,0,0,0,0,0,0,0,0,0,0
1,23339,1|23339,0,0,0,0,0,0,0,0,0,0,0,0
1,23373,1|23373,0,0,0,0,0,0,0,0,0,0,0,0
1,23377,1|23377,0,2,0,0,0,0,0,0,0,0,2,0
1,23378,1|23378,0,0,0,0,0,0,0,0,0,0,0,0
1,23381,1|23381,0,0,0,0,0,0,0,0,0,0,0,0
1,23384,1|23384,0,0,0,0,0,0,0,0,0,0,0,0
1,23386,1|23386,0,191,10,0,0,0,0,0,0,0,191,10
1,23515,1|23515,0,674,36,0,0,0,0,0,0,0,674,36
1,23542,1|23542,0,0,0,0,0,0,0,0,0,0,0,0
1,23544,1|23544,0,0,0,0,0,0,0,0,0,0,0,0
1,23545,1|23545,0,0,1,0,0,0,0,0,0,0,0,1
1,23546,1|23546,0,0,0,0,0,0,0,0,0,0,0,0
1,23547,1|23547,0,0,0,0,0,0,0,0,0,0,0,0
1,23634,1|23634,0,92,5,0,0,0,0,0,0,0,92,5
1,23643,1|23643,0,476,25,0,0,0,0,0,0,0,476,25
1,23648,1|23648,0,69,4,0,0,0,0,0,0,0,69,4
1,23669,1|23669,0,0,0,0,0,0,0,0,0,0,0,0
1,23888,1|23888,0,0,0,0,0,0,0,0,0,0,0,0
1,23893,1|23893,0,0,0,0,0,0,0,0,0,0,0,0
1,24023,1|24023,0,1,0,0,0,0,0,0,0,0,1,0
1,24150,1|24150,0,0,0,0,0,0,0,0,0,0,0,0
1,24165,1|24165,0,456,24,0,0,0,0,0,0,0,456,24
1,24192,1|24192,0,175,9,0,0,0,0,0,0,0,175,9
1,24201,1|24201,0,618,33,0,0,0,0,0,0,0,618,33
1,24430,1|24430,0,13,0,0,0,0,0,0,0,0,13,0
1,24642,1|24642,0,0,0,0,0,0,0,0,0,0,0,0
1,24706,1|24706,0,0,0,0,0,0,0,0,0,0,0,0
1,24781,1|24781,0,0,3,0,0,0,0,0,0,0,0,3
1,24855,1|24855,0,35,2,0,0,0,0,0,0,0,35,2
1,24953,1|24953,0,71,4,0,0,0,0,0,0,0,71,4
1,24954,1|24954,0,37,2,0,0,0,0,0,0,0,37,2
1,25027,1|25027,0,0,0,0,0,0,0,0,0,0,0,0
1,25034,1|25034,0,0,0,0,0,0,0,0,0,0,0,0
1,25038,1|25038,0,0,0,0,0,0,0,0,0,0,0,0
1,25039,1|25039,0,0,0,0,0,0,0,0,0,0,0,0
1,25040,1|25040,0,0,0,0,0,0,0,0,0,0,0,0
1,25047,1|25047,0,0,0,0,0,0,0,0,0,0,0,0
1,25048,1|25048,0,0,0,0,0,0,0,0,0,0,0,0
1,25129,1|25129,0,170,9,0,0,0,0,0,0,0,170,9
1,25250,1|25250,0,0,0,0,0,0,0,0,0,0,0,0
1,25251,1|25251,0,0,0,0,0,0,0,0,0,0,0,0
1,25253,1|25253,0,102,5,0,0,0,0,0,0,0,102,5
1,25254,1|25254,0,0,5,0,0,0,0,0,0,0,0,5
1,25255,1|25255,0,0,5,0,0,0,0,0,0,0,0,5
1,25449,1|25449,0,0,3,0,0,0,0,0,0,0,0,3
1,25624,1|25624,0,2490,131,0,0,0,0,0,0,0,2490,131
1,25677,1|25677,0,0,0,0,0,0,0,0,0,0,0,0
1,25956,1|25956,0,0,0,0,0,0,0,0,0,0,0,0
1,26062,1|26062,0,166,9,0,0,0,0,0,0,0,166,9
1,26063,1|26063,0,0,1,0,0,0,0,0,0,0,0,1
1,26080,1|26080,0,0,0,0,0,0,0,0,0,0,0,0
1,26215,1|26215,0,1074,57,0,0,0,0,0,0,0,1074,57
1,26263,1|26263,0,0,0,0,0,0,0,0,0,0,0,0
1,26631,1|26631,0,476,25,0,0,0,0,0,0,0,476,25
1,26770,1|26770,0,0,0,0,0,0,0,0,0,0,0,0
1,26962,1|26962,0,0,0,0,0,0,0,0,0,0,0,0
1,27176,1|27176,0,505,27,0,0,0,0,0,0,0,505,27
1,27177,1|27177,0,96,5,0,0,0,0,0,0,0,96,5
1,27178,1|27178,0,0,5,0,0,0,0,0,0,0,0,5
1,27217,1|27217,0,0,0,0,0,0,0,0,0,0,0,0
1,27332,1|27332,0,0,4,0,0,0,0,0,0,0,0,4
1,27659,1|27659,0,266,14,0,0,0,0,0,0,0,266,14
1,27687,1|27687,0,476,25,0,0,0,0,0,0,0,476,25
1,27698,1|27698,0,282,15,0,0,0,0,0,0,0,282,15
1,27724,1|27724,0,101,5,0,0,0,0,0,0,0,101,5
1,27726,1|27726,0,297,16,0,0,0,0,0,0,0,297,16
1,27727,1|27727,0,142,8,0,0,0,0,0,0,0,142,8
1,27728,1|27728,0,212,11,0,0,0,0,0,0,0,212,11
1,27898,1|27898,0,0,3,0,0,0,0,0,0,0,0,3
1,29820,1|29820,0,0,0,0,0,0,0,0,0,0,0,0
1,29821,1|29821,0,0,0,0,0,0,0,0,0,0,0,0
1,29822,1|29822,0,0,0,0,0,0,0,0,0,0,0,0
1,29823,1|29823,0,0,0,0,0,0,0,0,0,0,0,0
1,29849,1|29849,0,0,0,0,0,0,0,0,0,0,0,0
1,29902,1|29902,0,0,0,0,0,0,0,0,0,0,0,0
1,29904,1|29904,0,0,0,0,0,0,0,0,0,0,0,0
1,29905,1|29905,0,0,0,0,0,0,0,0,0,0,0,0
1,29906,1|29906,0,0,0,0,0,0,0,0,0,0,0,0
1,29983,1|29983,0,0,0,0,0,0,0,0,0,0,0,0
1,29984,1|29984,0,0,0,0,0,0,0,0,0,0,0,0
1,29985,1|29985,0,0,0,0,0,0,0,0,0,0,0,0
1,30048,1|30048,0,0,0,0,0,0,0,0,0,0,0,0
1,30095,1|30095,0,0,0,0,0,0,0,0,0,0,0,0
1,30098,1|30098,0,0,0,0,0,0,0,0,0,0,0,0
1,30099,1|30099,0,0,0,0,0,0,0,0,0,0,0,0
1,30100,1|30100,0,0,0,0,0,0,0,0,0,0,0,0
1,30127,1|30127,0,0,0,0,0,0,0,0,0,14,0,-14
1,30839,1|30839,0,0,0,0,0,0,0,0,0,0,0,0
1,30916,1|30916,0,0,3,0,0,0,0,0,0,0,0,3
1,30927,1|30927,0,0,0,0,0,0,0,0,0,0,0,0
1,30937,1|30937,0,0,0,0,0,0,0,0,0,0,0,0
1,30950,1|30950,0,0,0,0,0,0,0,0,0,0,0,0
1,30951,1|30951,0,2,0,0,0,0,0,0,0,0,2,0
1,31092,1|31092,0,254,13,0,0,0,0,0,0,0,254,13
1,31397,1|31397,0,0,0,0,0,0,0,0,0,0,0,0
1,31570,1|31570,0,0,0,0,0,0,0,0,0,0,0,0
1,31922,1|31922,0,0,0,0,0,0,0,0,0,0,0,0
1,31941,1|31941,0,0,0,0,0,0,0,0,0,0,0,0
1,31942,1|31942,0,0,0,0,0,0,0,0,0,0,0,0
1,31943,1|31943,0,0,0,0,0,0,0,0,0,0,0,0
1,31944,1|31944,0,0,0,0,0,0,0,0,0,0,0,0
1,31946,1|31946,0,0,0,0,0,0,0,0,0,0,0,0
1,31948,1|31948,0,0,0,0,0,0,0,0,0,0,0,0
1,31949,1|31949,0,0,0,0,0,0,0,0,0,0,0,0
1,31950,1|31950,0,0,0,0,0,0,0,0,0,0,0,0
1,31951,1|31951,0,0,0,0,0,0,0,0,0,0,0,0
1,31952,1|31952,0,0,0,0,0,0,0,0,0,0,0,0
1,32500,1|32500,0,0,0,0,0,0,0,0,0,0,0,0
1,32576,1|32576,0,0,0,0,0,0,0,0,0,0,0,0
1,32577,1|32577,0,0,0,0,0,0,0,0,0,0,0,0
1,32578,1|32578,0,0,0,0,0,0,0,0,0,0,0,0
1,32579,1|32579,0,0,0,0,0,0,0,0,0,0,0,0
1,32580,1|32580,0,0,0,0,0,0,0,0,0,0,0,0
1,32581,1|32581,0,0,0,0,0,0,0,0,0,0,0,0
1,32582,1|32582,0,0,0,0,0,0,0,0,0,0,0,0
1,32583,1|32583,0,0,0,0,0,0,0,0,0,0,0,0
1,32584,1|32584,0,0,0,0,0,0,0,0,0,0,0,0
1,32585,1|32585,0,0,0,0,0,0,0,0,0,0,0,0
1,32943,1|32943,0,0,0,0,0,0,0,0,0,1,0,-1
1,33673,1|33673,0,0,0,0,0,0,0,0,0,0,0,0
1,87665,1|87665,0,0,0,0,0,0,0,0,0,0,0,0
1,908907,1|908907,0,0,0,0,0,0,0,0,0,0,0,0
1,998887766,1|998887766,0,0,0,0,0,0,0,0,0,0,0,0
2,63,2|63,0,0,0,0,0,0,0,0,0,0,0,0
2,65,2|65,0,0,0,0,0,0,0,0,0,0,0,0
2,66,2|66,0,0,0,0,0,0,0,0,0,0,0,0
2,294,2|294,0,0,0,0,0,0,0,0,0,0,0,0
2,311,2|311,0,0,0,0,0,0,0,0,0,0,0,0
2,357,2|357,0,0,0,0,0,0,0,0,0,0,0,0
2,358,2|358,0,0,0,0,0,0,0,0,0,0,0,0
2,440,2|440,0,0,0,0,0,0,0,0,0,0,0,0
2,956,2|956,0,0,0,0,0,0,0,0,0,0,0,0
2,957,2|957,0,0,0,0,0,0,0,0,0,0,0,0
2,999,2|999,0,0,0,0,0,0,0,0,0,0,0,0
2,1035,2|1035,0,0,0,0,0,0,0,0,0,0,0,0
2,1126,2|1126,0,0,0,0,0,0,0,0,0,0,0,0
2,1215,2|1215,0,0,0,0,0,0,0,0,0,0,0,0
2,1265,2|1265,0,0,0,0,0,0,0,0,0,0,0,0
2,1266,2|1266,0,0,0,0,0,0,0,0,0,0,0,0
2,1565,2|1565,0,0,0,0,0,0,0,0,0,0,0,0
2,1566,2|1566,0,0,0,0,0,0,0,0,0,0,0,0
2,1608,2|1608,0,0,0,0,0,0,0,0,0,0,0,0
2,1971,2|1971,0,0,0,0,0,0,0,0,0,0,0,0
2,1973,2|1973,0,0,0,0,0,0,0,0,0,0,0,0
2,2004,2|2004,0,0,0,0,0,0,0,0,0,0,0,0
2,2005,2|2005,0,0,0,0,0,0,0,0,0,0,0,0
2,2061,2|2061,0,0,0,0,0,0,0,0,0,0,0,0
2,2062,2|2062,0,0,1,0,0,0,0,0,0,0,0,1
2,2066,2|2066,0,0,0,0,0,0,0,0,0,0,0,0
2,2111,2|2111,0,0,0,0,0,0,0,0,0,0,0,0
2,2112,2|2112,0,0,0,0,0,0,0,0,0,0,0,0
2,2113,2|2113,0,0,0,0,0,0,0,0,0,0,0,0
2,2114,2|2114,0,0,0,0,0,0,0,0,0,0,0,0
2,2115,2|2115,0,0,1,0,0,0,0,0,0,0,0,1
2,2346,2|2346,0,0,0,0,0,0,0,0,0,0,0,0
2,2461,2|2461,0,0,0,0,0,0,0,0,0,0,0,0
2,2475,2|2475,0,0,0,0,0,0,0,0,0,0,0,0
2,2479,2|2479,0,0,0,0,0,0,0,0,0,0,0,0
2,2531,2|2531,0,0,0,0,0,0,0,0,0,0,0,0
2,2538,2|2538,0,0,0,0,0,0,0,0,0,1,0,-1
2,2542,2|2542,0,0,0,0,0,0,0,0,0,0,0,0
2,2544,2|2544,0,0,0,0,0,0,0,0,0,0,0,0
2,2545,2|2545,0,0,0,0,0,0,0,0,0,0,0,0
2,2546,2|2546,0,0,0,0,0,0,0,0,0,0,0,0
2,2551,2|2551,0,0,0,0,0,0,0,0,0,0,0,0
2,2555,2|2555,0,0,0,0,0,0,0,0,0,0,0,0
2,2557,2|2557,0,0,0,0,0,0,0,0,0,0,0,0
2,2560,2|2560,0,0,0,0,0,0,0,0,0,0,0,0
2,2574,2|2574,0,0,0,0,0,0,0,0,0,0,0,0
2,2579,2|2579,0,0,0,0,0,0,0,0,0,0,0,0
2,2593,2|2593,0,0,0,0,0,0,0,0,0,0,0,0
2,2594,2|2594,0,0,0,0,0,0,0,0,0,0,0,0
2,2595,2|2595,0,0,0,0,0,0,0,0,0,0,0,0
2,2596,2|2596,0,0,0,0,0,0,0,0,0,0,0,0
2,2609,2|2609,0,0,0,0,0,0,0,0,0,0,0,0
2,2611,2|2611,0,0,0,0,0,0,0,0,0,0,0,0
2,2616,2|2616,0,0,0,0,0,0,0,0,0,0,0,0
2,2624,2|2624,0,0,0,0,0,0,0,0,0,0,0,0
2,2645,2|2645,0,0,0,0,0,0,0,0,0,0,0,0
2,2647,2|2647,0,0,0,0,0,0,0,0,0,0,0,0
2,2737,2|2737,0,0,0,0,0,0,0,0,0,0,0,0
2,2741,2|2741,0,0,0,0,0,0,0,0,0,0,0,0
2,2744,2|2744,0,0,0,0,0,0,0,0,0,0,0,0
2,2749,2|2749,0,0,0,0,0,0,0,0,0,0,0,0
2,2776,2|2776,0,0,0,0,0,0,0,0,0,0,0,0
2,2789,2|2789,0,113,6,0,0,0,0,0,0,0,113,6
2,2793,2|2793,0,1,0,0,0,0,0,0,0,0,1,0
2,2831,2|2831,0,0,0,0,0,0,0,0,0,0,0,0
2,2858,2|2858,0,0,0,0,0,0,0,0,0,0,0,0
2,2862,2|2862,0,0,0,0,0,0,0,0,0,0,0,0
2,2868,2|2868,0,0,0,0,0,0,0,0,0,0,0,0
2,2919,2|2919,0,0,0,0,0,0,0,0,0,0,0,0
2,2921,2|2921,0,0,0,0,0,0,0,0,0,0,0,0
2,2922,2|2922,0,0,0,0,0,0,0,0,0,0,0,0
2,2923,2|2923,0,0,0,0,0,0,0,0,0,0,0,0
2,2925,2|2925,0,0,0,0,0,0,0,0,0,0,0,0
2,2930,2|2930,0,0,0,0,0,0,0,0,0,0,0,0
2,2931,2|2931,0,1,0,0,0,0,0,0,0,0,1,0
2,2932,2|2932,0,0,0,0,0,0,0,0,0,0,0,0
2,2933,2|2933,0,1,0,0,0,0,0,0,0,0,1,0
2,2934,2|2934,0,0,0,0,0,0,0,0,0,0,0,0
2,2939,2|2939,0,0,0,0,0,0,0,0,0,0,0,0
2,2940,2|2940,0,0,0,0,0,0,0,0,0,0,0,0
2,2942,2|2942,0,0,0,0,0,0,0,0,0,0,0,0
2,2943,2|2943,0,0,0,0,0,0,0,0,0,0,0,0
2,2944,2|2944,0,0,0,0,0,0,0,0,0,0,0,0
2,2951,2|2951,0,0,0,0,0,0,0,0,0,0,0,0
2,2952,2|2952,0,0,0,0,0,0,0,0,0,0,0,0
2,2981,2|2981,0,0,0,0,0,0,0,0,0,0,0,0
2,2985,2|2985,0,0,0,0,0,0,0,0,0,0,0,0
2,2998,2|2998,0,0,0,0,0,0,0,0,0,0,0,0
2,3047,2|3047,0,0,0,0,0,0,0,0,0,0,0,0
2,3052,2|3052,0,1,0,0,0,0,0,0,0,0,1,0
2,3059,2|3059,0,2,0,0,0,0,0,0,0,0,2,0
2,3067,2|3067,0,0,0,0,0,0,0,0,0,0,0,0
2,3069,2|3069,0,0,0,0,0,0,0,0,0,0,0,0
2,3070,2|3070,0,0,0,0,0,0,0,0,0,0,0,0
2,3072,2|3072,0,0,0,0,0,0,0,0,0,0,0,0
2,3075,2|3075,0,0,0,0,0,0,0,0,0,0,0,0
2,3077,2|3077,0,0,0,0,0,0,0,0,0,0,0,0
2,3083,2|3083,0,0,0,0,0,0,0,0,0,0,0,0
2,3115,2|3115,0,0,0,0,0,0,0,0,0,0,0,0
2,3119,2|3119,0,0,0,0,0,0,0,0,0,0,0,0
2,3138,2|3138,0,0,0,0,0,0,0,0,0,0,0,0
2,3139,2|3139,0,0,0,0,0,0,0,0,0,0,0,0
2,3140,2|3140,0,0,0,0,0,0,0,0,0,0,0,0
2,3143,2|3143,0,0,0,0,0,0,0,0,0,0,0,0
2,3147,2|3147,0,0,0,0,0,0,0,0,0,0,0,0
2,3149,2|3149,0,0,0,0,0,0,0,0,0,0,0,0
2,3153,2|3153,0,0,0,0,0,0,0,0,0,0,0,0
2,3160,2|3160,0,0,0,0,0,0,0,0,0,0,0,0
2,3165,2|3165,0,0,0,0,0,0,0,0,0,0,0,0
2,3166,2|3166,0,0,0,0,0,0,0,0,0,0,0,0
2,3168,2|3168,0,0,0,0,0,0,0,0,0,0,0,0
2,3169,2|3169,0,0,0,0,0,0,0,0,0,0,0,0
2,3170,2|3170,0,0,0,0,0,0,0,0,0,0,0,0
2,3176,2|3176,0,0,0,0,0,0,0,0,0,0,0,0
2,3177,2|3177,0,0,0,0,0,0,0,0,0,0,0,0
2,3179,2|3179,0,0,0,0,0,0,0,0,0,0,0,0
2,3187,2|3187,0,0,0,0,0,0,0,0,0,0,0,0
2,3192,2|3192,0,0,0,0,0,0,0,0,0,0,0,0
2,3216,2|3216,0,0,0,0,0,0,0,0,0,0,0,0
2,3217,2|3217,0,0,0,0,0,0,0,0,0,0,0,0
2,3218,2|3218,0,0,0,0,0,0,0,0,0,0,0,0
2,3222,2|3222,0,0,0,0,0,0,0,0,0,0,0,0
2,3235,2|3235,0,0,0,0,0,0,0,0,0,0,0,0
2,3295,2|3295,0,0,0,0,0,0,0,0,0,0,0,0
2,3298,2|3298,0,0,0,0,0,0,0,0,0,0,0,0
2,3309,2|3309,0,0,0,0,0,0,0,0,0,0,0,0
2,3327,2|3327,0,0,0,0,0,0,0,0,0,0,0,0
2,3330,2|3330,0,0,0,0,0,0,0,0,0,0,0,0
2,3331,2|3331,0,0,0,0,0,0,0,0,0,0,0,0
2,3341,2|3341,0,0,0,0,0,0,0,0,0,0,0,0
2,3344,2|3344,0,0,0,0,0,0,0,0,0,0,0,0
2,3345,2|3345,0,0,0,0,0,0,0,0,0,0,0,0
2,3351,2|3351,0,0,0,0,0,0,0,0,0,0,0,0
2,3438,2|3438,0,0,0,0,0,0,0,0,0,0,0,0
2,3446,2|3446,0,0,0,0,0,0,0,0,0,0,0,0
2,3448,2|3448,0,0,0,0,0,0,0,0,0,0,0,0
2,3449,2|3449,0,0,0,0,0,0,0,0,0,0,0,0
2,3452,2|3452,0,0,0,0,0,0,0,0,0,0,0,0
2,3453,2|3453,0,0,0,0,0,0,0,0,0,0,0,0
2,3769,2|3769,0,0,0,0,0,0,0,0,0,0,0,0
2,3772,2|3772,0,0,0,0,0,0,0,0,0,0,0,0
2,3778,2|3778,0,0,0,0,0,0,0,0,0,0,0,0
2,3779,2|3779,0,0,0,0,0,0,0,0,0,0,0,0
2,3780,2|3780,0,0,0,0,0,0,0,0,0,0,0,0
2,3781,2|3781,0,0,0,0,0,0,0,0,0,0,0,0
2,3783,2|3783,0,0,0,0,0,0,0,0,0,0,0,0
2,3804,2|3804,0,0,0,0,0,0,0,0,0,0,0,0
2,3862,2|3862,0,0,0,0,0,0,0,0,0,0,0,0
2,3863,2|3863,0,0,0,0,0,0,0,0,0,0,0,0
2,3892,2|3892,0,0,0,0,0,0,0,0,0,0,0,0
2,4912,2|4912,0,1,0,0,0,0,0,0,0,0,1,0
2,4922,2|4922,0,2,0,0,0,0,0,0,0,0,2,0
2,4923,2|4923,0,170,9,0,0,0,0,0,0,0,170,9
2,4924,2|4924,0,0,0,0,0,0,0,0,0,0,0,0
2,4936,2|4936,0,0,0,0,0,0,0,0,0,0,0,0
2,4950,2|4950,0,0,0,0,0,0,0,0,0,0,0,0
2,4958,2|4958,0,0,0,0,0,0,0,0,0,0,0,0
2,4959,2|4959,0,0,0,0,0,0,0,0,0,0,0,0
2,4964,2|4964,0,0,0,0,0,0,0,0,0,0,0,0
2,5386,2|5386,0,0,0,0,0,0,0,0,0,0,0,0
2,6198,2|6198,0,0,0,0,0,0,0,0,0,0,0,0
2,6203,2|6203,0,0,0,0,0,0,0,0,0,0,0,0
2,6219,2|6219,0,0,0,0,0,0,0,0,0,0,0,0
2,6220,2|6220,0,0,0,0,0,0,0,0,0,0,0,0
2,7171,2|7171,0,1,0,0,0,0,0,0,0,0,1,0
2,8438,2|8438,0,0,0,0,0,0,0,0,0,0,0,0
2,8439,2|8439,0,0,0,0,0,0,0,0,0,0,0,0
2,8448,2|8448,0,0,0,0,0,0,0,0,0,0,0,0
2,8999,2|8999,0,0,0,0,0,0,0,0,0,0,0,0
2,10841,2|10841,0,0,0,0,0,0,0,0,0,0,0,0
2,10842,2|10842,0,0,0,0,0,0,0,0,0,0,0,0
2,10843,2|10843,0,0,0,0,0,0,0,0,0,0,0,0
2,10844,2|10844,0,0,0,0,0,0,0,0,0,0,0,0
2,12130,2|12130,0,0,0,0,0,0,0,0,0,0,0,0
2,12155,2|12155,0,0,0,0,0,0,0,0,0,0,0,0
2,12160,2|12160,0,0,0,0,0,0,0,0,0,0,0,0
2,12161,2|12161,0,0,0,0,0,0,0,0,0,0,0,0
2,12172,2|12172,0,0,0,0,0,0,0,0,0,0,0,0
2,12218,2|12218,0,0,0,0,0,0,0,0,0,0,0,0
2,12219,2|12219,0,0,0,0,0,0,0,0,0,0,0,0
2,12220,2|12220,0,0,0,0,0,0,0,0,0,0,0,0
2,12221,2|12221,0,1,0,0,0,0,0,0,0,0,1,0
2,12222,2|12222,0,3,0,0,0,0,0,0,0,0,3,0
2,12224,2|12224,0,0,0,0,0,0,0,0,0,0,0,0
2,14142,2|14142,0,0,0,0,0,0,0,0,0,0,0,0
2,14270,2|14270,0,0,0,0,0,0,0,0,0,0,0,0
2,14271,2|14271,0,0,0,0,0,0,0,0,0,0,0,0
2,14289,2|14289,0,0,0,0,0,0,0,0,0,0,0,0
2,14290,2|14290,0,0,0,0,0,0,0,0,0,0,0,0
2,14295,2|14295,0,0,0,0,0,0,0,0,0,0,0,0
2,14328,2|14328,0,0,0,0,0,0,0,0,0,0,0,0
2,14488,2|14488,0,0,0,0,0,0,0,0,0,0,0,0
2,14540,2|14540,0,0,0,0,0,0,0,0,0,0,0,0
2,14541,2|14541,0,0,0,0,0,0,0,0,0,0,0,0
2,14542,2|14542,0,0,0,0,0,0,0,0,0,0,0,0
2,14552,2|14552,0,0,0,0,0,0,0,0,0,0,0,0
2,14553,2|14553,0,0,0,0,0,0,0,0,0,0,0,0
2,14554,2|14554,0,0,0,0,0,0,0,0,0,0,0,0
2,14558,2|14558,0,0,0,0,0,0,0,0,0,0,0,0
2,14630,2|14630,0,0,0,0,0,0,0,0,0,0,0,0
2,14631,2|14631,0,0,0,0,0,0,0,0,0,0,0,0
2,14632,2|14632,0,0,0,0,0,0,0,0,0,0,0,0
2,14671,2|14671,0,0,0,0,0,0,0,0,0,0,0,0
2,14677,2|14677,0,0,0,0,0,0,0,0,0,0,0,0
2,14681,2|14681,0,0,0,0,0,0,0,0,0,0,0,0
2,14698,2|14698,0,13,1,0,0,0,0,0,0,0,13,1
2,14699,2|14699,0,0,0,0,0,0,0,0,0,0,0,0
2,14724,2|14724,0,0,0,0,0,0,0,0,0,0,0,0
2,14759,2|14759,0,0,0,0,0,0,0,0,0,0,0,0
2,14760,2|14760,0,1,0,0,0,0,0,0,0,0,1,0
2,14761,2|14761,0,1,0,0,0,0,0,0,0,0,1,0
2,14787,2|14787,0,0,0,0,0,0,0,0,0,0,0,0
2,14807,2|14807,0,1,0,0,0,0,0,0,0,0,1,0
2,14831,2|14831,0,216,11,0,0,0,0,0,0,0,216,11
2,14833,2|14833,0,0,0,0,0,0,0,0,0,0,0,0
2,14834,2|14834,0,500,26,0,0,0,0,0,0,0,500,26
2,14835,2|14835,0,428,23,0,0,0,0,0,0,0,428,23
2,14895,2|14895,0,0,0,0,0,0,0,0,0,0,0,0
2,14905,2|14905,0,0,0,0,0,0,0,0,0,0,0,0
2,15076,2|15076,0,0,0,0,0,0,0,0,0,0,0,0
2,15084,2|15084,0,0,0,0,0,0,0,0,0,0,0,0
2,15085,2|15085,0,0,0,0,0,0,0,0,0,0,0,0
2,15086,2|15086,0,0,0,0,0,0,0,0,0,0,0,0
2,15087,2|15087,0,0,0,0,0,0,0,0,0,0,0,0
2,15088,2|15088,0,0,0,0,0,0,0,0,0,0,0,0
2,15112,2|15112,0,0,0,0,0,0,0,0,0,0,0,0
2,15113,2|15113,0,0,0,0,0,0,0,0,0,0,0,0
2,15114,2|15114,0,0,0,0,0,0,0,0,0,0,0,0
2,15156,2|15156,0,0,0,0,0,0,0,0,0,0,0,0
2,15234,2|15234,0,0,0,0,0,0,0,0,0,0,0,0
2,15244,2|15244,0,0,0,0,0,0,0,0,0,0,0,0
2,15262,2|15262,0,0,0,0,0,0,0,0,0,0,0,0
2,15263,2|15263,0,0,0,0,0,0,0,0,0,0,0,0
2,15264,2|15264,0,0,0,0,0,0,0,0,0,0,0,0
2,15265,2|15265,0,0,0,0,0,0,0,0,0,0,0,0
2,15327,2|15327,0,348,18,0,0,0,0,0,0,0,348,18
2,15328,2|15328,0,0,0,0,0,0,0,0,0,0,0,0
2,15329,2|15329,0,0,0,0,0,0,0,0,0,0,0,0
2,15332,2|15332,0,0,0,0,0,0,0,0,0,0,0,0
2,15364,2|15364,0,0,0,0,0,0,0,0,0,0,0,0
2,15440,2|15440,0,1,0,0,0,0,0,0,0,0,1,0
2,15447,2|15447,0,0,0,0,0,0,0,0,0,0,0,0
2,15477,2|15477,0,0,0,0,0,0,0,0,0,0,0,0
2,15670,2|15670,0,0,0,0,0,0,0,0,0,0,0,0
2,15680,2|15680,0,0,0,0,0,0,0,0,0,0,0,0
2,15682,2|15682,0,0,0,0,0,0,0,0,0,0,0,0
2,15699,2|15699,0,0,0,0,0,0,0,0,0,0,0,0
2,15713,2|15713,0,0,0,0,0,0,0,0,0,0,0,0
2,15735,2|15735,0,0,3,0,0,0,0,0,0,0,0,3
2,15736,2|15736,0,0,0,0,0,0,0,0,0,0,0,0
2,15786,2|15786,0,0,0,0,0,0,0,0,0,0,0,0
2,16022,2|16022,0,0,0,0,0,0,0,0,0,0,0,0
2,16034,2|16034,0,0,0,0,0,0,0,0,0,0,0,0
2,16121,2|16121,0,171,9,0,0,0,0,0,0,0,171,9
2,16122,2|16122,0,196,10,0,0,0,0,0,0,0,196,10
2,16181,2|16181,0,1,0,0,0,0,0,0,0,0,1,0
2,16364,2|16364,0,447,24,0,0,0,0,0,0,0,447,24
2,16365,2|16365,0,339,18,0,0,0,0,0,0,0,339,18
2,16366,2|16366,0,363,19,0,0,0,0,0,0,0,363,19
2,16451,2|16451,0,0,0,0,0,0,0,0,0,0,0,0
2,16525,2|16525,0,0,0,0,0,0,0,0,0,0,0,0
2,16761,2|16761,0,0,0,0,0,0,0,0,0,0,0,0
2,16762,2|16762,0,1,0,0,0,0,0,0,0,0,1,0
2,16826,2|16826,0,269,14,0,0,0,0,0,0,0,269,14
2,16932,2|16932,0,0,3,0,0,0,0,0,0,0,0,3
2,16933,2|16933,0,0,5,0,0,0,0,0,0,0,0,5
2,17152,2|17152,0,64,3,0,0,0,0,0,0,0,64,3
2,17171,2|17171,0,1107,58,0,0,0,0,0,0,0,1107,58
2,17227,2|17227,0,0,0,0,0,0,0,0,0,0,0,0
2,17229,2|17229,0,0,0,0,0,0,0,0,0,0,0,0
2,17311,2|17311,0,0,0,0,0,0,0,0,0,0,0,0
2,17328,2|17328,0,293,15,0,0,0,0,0,0,0,293,15
2,17373,2|17373,0,0,0,0,0,0,0,0,0,0,0,0
2,17375,2|17375,0,0,0,0,0,0,0,0,0,0,0,0
2,17460,2|17460,0,0,0,0,0,0,0,0,0,0,0,0
2,17461,2|17461,0,0,0,0,0,0,0,0,0,0,0,0
2,17604,2|17604,0,0,0,0,0,0,0,0,0,0,0,0
2,17612,2|17612,0,50,0,0,0,0,0,0,0,0,50,0
2,17658,2|17658,0,0,0,0,0,0,0,0,0,0,0,0
2,18033,2|18033,0,0,0,0,0,0,0,0,0,0,0,0
2,18058,2|18058,0,0,0,0,0,0,0,0,0,0,0,0
2,18092,2|18092,0,0,0,0,0,0,0,0,0,0,0,0
2,18452,2|18452,0,436,23,0,0,0,0,0,0,0,436,23
2,18464,2|18464,0,0,0,0,0,0,0,0,0,0,0,0
2,18532,2|18532,0,0,0,0,0,0,0,0,0,0,0,0
2,18594,2|18594,0,0,0,0,0,0,0,0,0,0,0,0
2,18639,2|18639,0,0,0,0,0,0,0,0,0,0,0,0
2,18649,2|18649,0,0,0,0,0,0,0,0,0,0,0,0
2,18650,2|18650,0,0,0,0,0,0,0,0,0,0,0,0
2,18658,2|18658,0,0,0,0,0,0,0,0,0,0,0,0
2,18662,2|18662,0,0,0,0,0,0,0,0,0,0,0,0
2,18664,2|18664,0,1,0,0,0,0,0,0,0,0,1,0
2,18673,2|18673,0,0,0,0,0,0,0,0,0,0,0,0
2,18674,2|18674,0,0,0,0,0,0,0,0,0,0,0,0
2,18729,2|18729,0,0,0,0,0,0,0,0,0,0,0,0
2,18939,2|18939,0,2,0,0,0,0,0,0,0,0,2,0
2,18965,2|18965,0,0,0,0,0,0,0,0,0,0,0,0
2,18968,2|18968,0,0,0,0,0,0,0,0,0,0,0,0
2,18973,2|18973,0,0,0,0,0,0,0,0,0,0,0,0
2,18980,2|18980,0,280,15,0,0,0,0,0,0,0,280,15
2,19049,2|19049,0,0,0,0,0,0,0,0,0,0,0,0
2,19052,2|19052,0,0,3,0,0,0,0,0,0,0,0,3
2,19068,2|19068,0,0,0,0,0,0,0,0,0,0,0,0
2,19087,2|19087,0,0,0,0,0,0,0,0,0,0,0,0
2,19088,2|19088,0,0,0,0,0,0,0,0,0,0,0,0
2,19090,2|19090,0,0,0,0,0,0,0,0,0,0,0,0
2,19091,2|19091,0,1,0,0,0,0,0,0,0,0,1,0
2,19092,2|19092,0,1,0,0,0,0,0,0,0,0,1,0
2,19139,2|19139,0,3,0,0,0,0,0,0,0,0,3,0
2,19424,2|19424,0,0,0,0,0,0,0,0,0,0,0,0
2,19483,2|19483,0,0,0,0,0,0,0,0,0,0,0,0
2,19491,2|19491,0,0,0,0,0,0,0,0,0,0,0,0
2,19545,2|19545,0,0,0,0,0,0,0,0,0,0,0,0
2,19546,2|19546,0,0,0,0,0,0,0,0,0,0,0,0
2,19547,2|19547,0,0,0,0,0,0,0,0,0,0,0,0
2,19551,2|19551,0,0,0,0,0,0,0,0,0,0,0,0
2,19553,2|19553,0,0,0,0,0,0,0,0,0,0,0,0
2,19554,2|19554,0,0,0,0,0,0,0,0,0,0,0,0
2,19699,2|19699,0,0,0,0,0,0,0,0,0,0,0,0
2,19719,2|19719,0,85,4,0,0,0,0,0,0,0,85,4
2,19793,2|19793,0,0,0,0,0,0,0,0,0,0,0,0
2,20043,2|20043,0,0,0,0,0,0,0,0,0,0,0,0
2,20045,2|20045,0,0,0,0,0,0,0,0,0,0,0,0
2,20128,2|20128,0,1,0,0,0,0,0,0,0,0,1,0
2,20284,2|20284,0,0,0,0,0,0,0,0,0,0,0,0
2,20285,2|20285,0,0,0,0,0,0,0,0,0,0,0,0
2,20286,2|20286,0,0,0,0,0,0,0,0,0,0,0,0
2,20287,2|20287,0,0,0,0,0,0,0,0,0,0,0,0
2,20440,2|20440,0,0,0,0,0,0,0,0,0,0,0,0
2,20453,2|20453,0,0,0,0,0,0,0,0,0,0,0,0
2,20570,2|20570,0,0,0,0,0,0,0,0,0,0,0,0
2,20572,2|20572,0,0,0,0,0,0,0,0,0,0,0,0
2,20587,2|20587,0,0,0,0,0,0,0,0,0,0,0,0
2,20685,2|20685,0,110,6,0,0,0,0,0,0,0,110,6
2,20722,2|20722,0,0,0,0,0,0,0,0,0,0,0,0
2,20761,2|20761,0,0,0,0,0,0,0,0,0,0,0,0
2,20824,2|20824,0,0,0,0,0,0,0,0,0,0,0,0
2,20825,2|20825,0,164,9,0,0,0,0,0,0,0,164,9
2,20829,2|20829,0,0,0,0,0,0,0,0,0,0,0,0
2,20830,2|20830,0,10,0,0,0,0,0,0,0,0,10,0
2,20831,2|20831,0,155,8,0,0,0,0,0,0,0,155,8
2,20833,2|20833,0,8,0,0,0,0,0,0,0,0,8,0
2,20834,2|20834,0,0,0,0,0,0,0,0,0,0,0,0
2,20835,2|20835,0,0,0,0,0,0,0,0,0,0,0,0
2,20836,2|20836,0,543,29,0,0,0,0,0,0,0,543,29
2,20837,2|20837,0,0,0,0,0,0,0,0,0,0,0,0
2,20838,2|20838,0,0,0,0,0,0,0,0,0,0,0,0
2,20839,2|20839,0,457,24,0,0,0,0,0,0,0,457,24
2,20842,2|20842,0,0,0,0,0,0,0,0,0,0,0,0
2,20844,2|20844,0,0,0,0,0,0,0,0,0,0,0,0
2,20926,2|20926,0,0,0,0,0,0,0,0,0,0,0,0
2,21232,2|21232,0,0,0,0,0,0,0,0,0,0,0,0
2,21357,2|21357,0,504,27,0,0,0,0,0,0,0,504,27
2,21360,2|21360,0,0,0,0,0,0,0,0,0,0,0,0
2,21571,2|21571,0,0,0,0,0,0,0,0,0,0,0,0
2,21673,2|21673,0,0,0,0,0,0,0,0,0,0,0,0
2,21687,2|21687,0,11,0,0,0,0,0,0,0,0,11,0
2,21688,2|21688,0,0,0,0,0,0,0,0,0,0,0,0
2,22284,2|22284,0,0,0,0,0,0,0,0,0,0,0,0
2,22341,2|22341,0,0,0,0,0,0,0,0,0,0,0,0
2,22343,2|22343,0,1,0,0,0,0,0,0,0,0,1,0
2,22402,2|22402,0,564,30,0,0,0,0,0,0,0,564,30
2,22540,2|22540,0,18,0,0,0,0,0,0,0,0,18,0
2,22691,2|22691,0,0,0,0,0,0,0,0,0,0,0,0
2,22922,2|22922,0,723,38,0,0,0,0,0,0,0,723,38
2,22936,2|22936,0,0,0,0,0,0,0,0,0,0,0,0
2,22945,2|22945,0,142,8,0,0,0,0,0,0,0,142,8
2,22996,2|22996,0,0,0,0,0,0,0,0,0,0,0,0
2,23279,2|23279,0,26,0,0,0,0,0,0,0,0,26,0
2,23387,2|23387,0,1,0,0,0,0,0,0,0,0,1,0
2,23388,2|23388,0,0,4,0,0,0,0,0,0,0,0,4
2,23389,2|23389,0,0,5,0,0,0,0,0,0,0,0,5
2,23390,2|23390,0,0,0,0,0,0,0,0,0,0,0,0
2,23449,2|23449,0,0,0,0,0,0,0,0,0,0,0,0
2,23505,2|23505,0,56,0,0,0,0,0,0,0,0,56,0
2,23516,2|23516,0,0,4,0,0,0,0,0,0,0,0,4
2,23644,2|23644,0,335,18,0,0,0,0,0,0,0,335,18
2,23645,2|23645,0,5,0,0,0,0,0,0,0,0,5,0
2,23646,2|23646,0,999,53,0,0,0,0,0,0,0,999,53
2,23647,2|23647,0,740,39,0,0,0,0,0,0,0,740,39
2,23904,2|23904,0,0,0,0,0,0,0,0,0,0,0,0
2,23906,2|23906,0,0,0,0,0,0,0,0,0,0,0,0
2,24159,2|24159,0,13,0,0,0,0,0,0,0,0,13,0
2,24160,2|24160,0,1804,95,0,0,0,0,0,0,0,1804,95
2,24161,2|24161,0,435,23,0,0,0,0,0,0,0,435,23
2,24166,2|24166,0,206,11,0,0,0,0,0,0,0,206,11
2,24194,2|24194,0,61,3,0,0,0,0,0,0,0,61,3
2,24209,2|24209,0,735,39,0,0,0,0,0,0,0,735,39
2,24284,2|24284,0,457,24,0,0,0,0,0,0,0,457,24
2,24285,2|24285,0,451,24,0,0,0,0,0,0,0,451,24
2,24555,2|24555,0,0,0,0,0,0,0,0,0,0,0,0
2,24556,2|24556,0,0,0,0,0,0,0,0,0,0,0,0
2,24613,2|24613,0,409,22,0,0,0,0,0,0,0,409,22
2,24614,2|24614,0,477,25,0,0,0,0,0,0,0,477,25
2,24615,2|24615,0,454,24,0,0,0,0,0,0,0,454,24
2,24643,2|24643,0,0,4,0,0,0,0,0,0,0,0,4
2,24745,2|24745,0,1455,77,0,0,0,0,0,0,0,1455,77
2,24776,2|24776,0,11,0,0,0,0,0,0,0,0,11,0
2,24835,2|24835,0,343,18,0,0,0,0,0,0,2,343,16
2,24863,2|24863,0,0,4,0,0,0,0,0,0,0,0,4
2,24965,2|24965,0,0,0,0,0,0,0,0,0,0,0,0
2,25081,2|25081,0,624,33,0,0,0,0,0,0,0,624,33
2,25357,2|25357,0,425,22,0,0,0,0,0,0,0,425,22
2,26080,2|26080,0,476,25,0,0,0,0,0,0,0,476,25
2,26081,2|26081,0,118,6,0,0,0,0,0,0,0,118,6
2,26125,2|26125,0,0,0,0,0,0,0,0,0,0,0,0
2,26126,2|26126,0,33,2,0,0,0,0,0,0,0,33,2
2,26127,2|26127,0,0,1,0,0,0,0,0,0,0,0,1
2,26395,2|26395,0,0,0,0,0,0,0,0,0,0,0,0
2,26396,2|26396,0,0,0,0,0,0,0,0,0,0,0,0
2,26397,2|26397,0,0,0,0,0,0,0,0,0,0,0,0
2,26399,2|26399,0,0,0,0,0,0,0,0,0,0,0,0
2,26401,2|26401,0,0,1,0,0,0,0,0,0,0,0,1
2,26403,2|26403,0,0,0,0,0,0,0,0,0,0,0,0
2,26634,2|26634,0,198,10,0,0,0,0,0,0,0,198,10
2,26935,2|26935,0,0,0,0,0,0,0,0,0,0,0,0
2,26936,2|26936,0,332,18,0,0,0,0,0,0,0,332,18
2,27020,2|27020,0,0,0,0,0,0,0,0,0,0,0,0
2,27021,2|27021,0,0,0,0,0,0,0,0,0,0,0,0
2,27022,2|27022,0,0,0,0,0,0,0,0,0,0,0,0
2,27023,2|27023,0,0,0,0,0,0,0,0,0,0,0,0
2,27024,2|27024,0,0,0,0,0,0,0,0,0,0,0,0
2,27025,2|27025,0,0,0,0,0,0,0,0,0,0,0,0
2,27026,2|27026,0,0,0,0,0,0,0,0,0,0,0,0
2,27181,2|27181,0,136,7,0,0,0,0,0,0,0,136,7
2,27330,2|27330,0,118,6,0,0,0,0,0,0,0,118,6
2,27836,2|27836,0,0,3,0,0,0,0,0,0,0,0,3
2,29543,2|29543,0,188,10,0,0,0,0,0,0,0,188,10
2,29638,2|29638,0,0,5,0,0,0,0,0,0,0,0,5
2,29641,2|29641,0,332,18,0,0,0,0,0,0,0,332,18
2,29642,2|29642,0,104,6,0,0,0,0,0,0,0,104,6
2,29746,2|29746,0,0,4,0,0,0,0,0,0,0,0,4
2,30196,2|30196,0,685,36,0,0,0,0,0,0,5,685,31
2,30603,2|30603,0,410,22,0,0,0,0,0,0,9,410,13
2,30782,2|30782,0,0,0,0,0,0,0,0,0,0,0,0
2,31425,2|31425,0,0,3,0,0,0,0,0,0,4,0,-1
2,32964,2|32964,0,0,0,0,0,0,0,0,0,0,0,0
2,908907,2|908907,0,0,0,0,0,0,0,0,0,0,0,0
3,242,3|242,0,0,0,0,0,0,0,0,0,0,0,0
3,467,3|467,0,0,0,0,0,0,0,0,0,0,0,0
3,534,3|534,0,0,0,0,0,0,0,0,0,0,0,0
3,581,3|581,0,0,0,0,0,0,0,0,0,0,0,0
3,582,3|582,0,0,0,0,0,0,0,0,0,0,0,0
3,776,3|776,0,0,0,0,0,0,0,0,0,0,0,0
3,1026,3|1026,0,0,0,0,0,0,0,0,0,0,0,0
3,1027,3|1027,0,0,0,0,0,0,0,0,0,0,0,0
3,1398,3|1398,0,0,0,0,0,0,0,0,0,0,0,0
3,1648,3|1648,0,0,0,0,0,0,0,0,0,0,0,0
3,2024,3|2024,0,0,0,0,0,0,0,0,0,0,0,0
3,2028,3|2028,0,0,0,0,0,0,0,0,0,0,0,0
3,2029,3|2029,0,0,0,0,0,0,0,0,0,0,0,0
3,2054,3|2054,0,0,0,0,0,0,0,0,0,0,0,0
3,4967,3|4967,0,0,0,0,0,0,0,0,0,0,0,0
3,5037,3|5037,0,0,0,0,0,0,0,0,0,0,0,0
3,5038,3|5038,0,0,0,0,0,0,0,0,0,0,0,0
3,5041,3|5041,0,0,0,0,0,0,0,0,0,0,0,0
3,5050,3|5050,0,0,0,0,0,0,0,0,0,0,0,0
3,5057,3|5057,0,0,1,0,0,0,0,0,0,0,0,1
3,5062,3|5062,0,0,0,0,0,0,0,0,0,0,0,0
3,5069,3|5069,0,0,0,0,0,0,0,0,0,0,0,0
3,5077,3|5077,0,0,0,0,0,0,0,0,0,0,0,0
3,5098,3|5098,0,0,0,0,0,0,0,0,0,0,0,0
3,5112,3|5112,0,0,0,0,0,0,0,0,0,0,0,0
3,5125,3|5125,0,946,50,0,0,0,0,0,0,0,946,50
3,5126,3|5126,0,0,3,0,0,0,0,0,0,0,0,3
3,5138,3|5138,0,0,0,0,0,0,0,0,0,0,0,0
3,5149,3|5149,0,0,0,0,0,0,0,0,0,0,0,0
3,5154,3|5154,0,154,8,0,0,0,0,0,0,0,154,8
3,5155,3|5155,0,0,0,0,0,0,0,0,0,0,0,0
3,5160,3|5160,0,0,0,0,0,0,0,0,0,0,0,0
3,5162,3|5162,0,0,0,0,0,0,0,0,0,0,0,0
3,5169,3|5169,0,0,0,0,0,0,0,0,0,0,0,0
3,5182,3|5182,0,0,0,0,0,0,0,0,0,0,0,0
3,5184,3|5184,0,0,0,0,0,0,0,0,0,0,0,0
3,5186,3|5186,0,0,0,0,0,0,0,0,0,0,0,0
3,5205,3|5205,0,0,0,0,0,0,0,0,0,0,0,0
3,5223,3|5223,0,0,0,0,0,0,0,0,0,0,0,0
3,5244,3|5244,0,122,6,0,0,0,0,0,0,0,122,6
3,5260,3|5260,0,0,0,0,0,0,0,0,0,0,0,0
3,5268,3|5268,0,0,0,0,0,0,0,0,0,0,0,0
3,5281,3|5281,0,0,0,0,0,0,0,0,0,0,0,0
3,5313,3|5313,0,0,0,0,0,0,0,0,0,0,0,0
3,5316,3|5316,0,0,0,0,0,0,0,0,0,0,0,0
3,5324,3|5324,0,0,0,0,0,0,0,0,0,0,0,0
3,5344,3|5344,0,0,3,0,0,0,0,0,0,0,0,3
3,5383,3|5383,0,0,0,0,0,0,0,0,0,0,0,0
3,5386,3|5386,0,0,0,0,0,0,0,0,0,0,0,0
3,5403,3|5403,0,0,0,0,0,0,0,0,0,0,0,0
3,5404,3|5404,0,0,0,0,0,0,0,0,0,0,0,0
3,5423,3|5423,0,0,2,0,0,0,0,0,0,0,0,2
3,5431,3|5431,0,0,0,0,0,0,0,0,0,0,0,0
3,5447,3|5447,0,0,0,0,0,0,0,0,0,0,0,0
3,5460,3|5460,0,0,0,0,0,0,0,0,0,0,0,0
3,5461,3|5461,0,0,3,0,0,0,0,0,0,0,0,3
3,5479,3|5479,0,0,0,0,0,0,0,0,0,0,0,0
3,5491,3|5491,0,0,3,0,0,0,0,0,0,0,0,3
3,5510,3|5510,0,0,0,0,0,0,0,0,0,0,0,0
3,5511,3|5511,0,0,0,0,0,0,0,0,0,0,0,0
3,5523,3|5523,0,0,0,0,0,0,0,0,0,0,0,0
3,5524,3|5524,0,0,0,0,0,0,0,0,0,0,0,0
3,5577,3|5577,0,0,0,0,0,0,0,0,0,0,0,0
3,5594,3|5594,0,0,0,0,0,0,0,0,0,0,0,0
3,5596,3|5596,0,0,0,0,0,0,0,0,0,0,0,0
3,5605,3|5605,0,0,4,0,0,0,0,0,0,0,0,4
3,5624,3|5624,0,0,0,0,0,0,0,0,0,0,0,0
3,5626,3|5626,0,0,0,0,0,0,0,0,0,0,0,0
3,5631,3|5631,0,0,0,0,0,0,0,0,0,0,0,0
3,5632,3|5632,0,0,3,0,0,0,0,0,0,0,0,3
3,5633,3|5633,0,27,1,0,0,0,0,0,0,0,27,1
3,5659,3|5659,0,0,0,0,0,0,0,0,0,0,0,0
3,5664,3|5664,0,0,0,0,0,0,0,0,0,0,0,0
3,5666,3|5666,0,0,0,0,0,0,0,0,0,0,0,0
3,5668,3|5668,0,0,0,0,0,0,0,0,0,0,0,0
3,5672,3|5672,0,0,0,0,0,0,0,0,0,0,0,0
3,5674,3|5674,0,0,0,0,0,0,0,0,0,0,0,0
3,5681,3|5681,0,0,0,0,0,0,0,0,0,0,0,0
3,5684,3|5684,0,0,0,0,0,0,0,0,0,0,0,0
3,5699,3|5699,0,0,0,0,0,0,0,0,0,0,0,0
3,5709,3|5709,0,0,0,0,0,0,0,0,0,0,0,0
3,5710,3|5710,0,0,3,0,0,0,0,0,0,0,0,3
3,5712,3|5712,0,0,0,0,0,0,0,0,0,0,0,0
3,5736,3|5736,0,0,0,0,0,0,0,0,0,0,0,0
3,5754,3|5754,0,0,0,0,0,0,0,0,0,0,0,0
3,5756,3|5756,0,0,0,0,0,0,0,0,0,0,0,0
3,5760,3|5760,0,0,0,0,0,0,0,0,0,0,0,0
3,5769,3|5769,0,366,19,0,0,0,0,0,0,0,366,19
3,5798,3|5798,0,0,0,0,0,0,0,0,0,0,0,0
3,5827,3|5827,0,0,0,0,0,0,0,0,0,0,0,0
3,5847,3|5847,0,0,0,0,0,0,0,0,0,0,0,0
3,5857,3|5857,0,0,0,0,0,0,0,0,0,0,0,0
3,5870,3|5870,0,0,0,0,0,0,0,0,0,0,0,0
3,5881,3|5881,0,11,1,0,0,0,0,0,0,0,11,1
3,5929,3|5929,0,0,0,0,0,0,0,0,0,0,0,0
3,6036,3|6036,0,0,0,0,0,0,0,0,0,0,0,0
3,6042,3|6042,0,0,0,0,0,0,0,0,0,0,0,0
3,6048,3|6048,0,2,0,0,0,0,0,0,0,0,2,0
3,6049,3|6049,0,2,0,0,0,0,0,0,0,0,2,0
3,6050,3|6050,0,0,0,0,0,0,0,0,0,0,0,0
3,6060,3|6060,0,1,0,0,0,0,0,0,0,0,1,0
3,6081,3|6081,0,0,0,0,0,0,0,0,0,0,0,0
3,6091,3|6091,0,0,0,0,0,0,0,0,0,0,0,0
3,6162,3|6162,0,0,0,0,0,0,0,0,0,0,0,0
3,6196,3|6196,0,0,0,0,0,0,0,0,0,0,0,0
3,6197,3|6197,0,0,0,0,0,0,0,0,0,0,0,0
3,6204,3|6204,0,0,0,0,0,0,0,0,0,0,0,0
3,8436,3|8436,0,0,0,0,0,0,0,0,0,0,0,0
3,12137,3|12137,0,0,0,0,0,0,0,0,0,0,0,0
3,12138,3|12138,0,0,0,0,0,0,0,0,0,0,0,0
3,12139,3|12139,0,0,0,0,0,0,0,0,0,0,0,0
3,13007,3|13007,0,0,0,0,0,0,0,0,0,0,0,0
3,13008,3|13008,0,1,0,0,0,0,0,0,0,0,1,0
3,13135,3|13135,0,0,0,0,0,0,0,0,0,0,0,0
3,14836,3|14836,0,0,2,0,0,0,0,0,0,0,0,2
3,14837,3|14837,0,0,0,0,0,0,0,0,0,0,0,0
3,14856,3|14856,0,0,0,0,0,0,0,0,0,0,0,0
3,14857,3|14857,0,0,0,0,0,0,0,0,0,0,0,0
3,15241,3|15241,0,3,0,0,0,0,0,0,0,0,3,0
3,15242,3|15242,0,0,0,0,0,0,0,0,0,0,0,0
3,15243,3|15243,0,0,0,0,0,0,0,0,0,0,0,0
3,15303,3|15303,0,0,0,0,0,0,0,0,0,0,0,0
3,15318,3|15318,0,0,0,0,0,0,0,0,0,0,0,0
3,15486,3|15486,0,0,0,0,0,0,0,0,0,0,0,0
3,15648,3|15648,0,0,0,0,0,0,0,0,0,0,0,0
3,15984,3|15984,0,0,0,0,0,0,0,0,0,0,0,0
3,16257,3|16257,0,0,0,0,0,0,0,0,0,0,0,0
3,16278,3|16278,0,0,0,0,0,0,0,0,0,0,0,0
3,17184,3|17184,0,0,0,0,0,0,0,0,0,0,0,0
3,17270,3|17270,0,0,0,0,0,0,0,0,0,0,0,0
3,17417,3|17417,0,0,0,0,0,0,0,0,0,0,0,0
3,17675,3|17675,0,0,0,0,0,0,0,0,0,0,0,0
3,17752,3|17752,0,0,0,0,0,0,0,0,0,0,0,0
3,19028,3|19028,0,0,4,0,0,0,0,0,0,0,0,4
3,19057,3|19057,0,0,0,0,0,0,0,0,0,0,0,0
3,19516,3|19516,0,0,0,0,0,0,0,0,0,0,0,0
3,19637,3|19637,0,0,0,0,0,0,0,0,0,0,0,0
3,20225,3|20225,0,0,3,0,0,0,0,0,0,0,0,3
3,20462,3|20462,0,0,0,0,0,0,0,0,0,0,0,0
3,20582,3|20582,0,144,8,0,0,0,0,0,0,0,144,8
3,20583,3|20583,0,180,10,0,0,0,0,0,0,0,180,10
3,20762,3|20762,0,202,11,0,0,0,0,0,0,0,202,11
3,21074,3|21074,0,136,7,0,0,0,0,0,0,0,136,7
3,21075,3|21075,0,0,5,0,0,0,0,0,0,0,0,5
3,21336,3|21336,0,0,0,0,0,0,0,0,0,0,0,0
3,21809,3|21809,0,0,0,0,0,0,0,0,0,0,0,0
3,22048,3|22048,0,109,6,0,0,0,0,0,0,0,109,6
3,22373,3|22373,0,0,0,0,0,0,0,0,0,0,0,0
3,22375,3|22375,0,0,0,0,0,0,0,0,0,0,0,0
3,23260,3|23260,0,0,0,0,0,0,0,0,0,0,0,0
3,23510,3|23510,0,257,14,0,0,0,0,0,0,3,257,11
3,23519,3|23519,0,244,13,0,0,0,0,0,0,0,244,13
3,23873,3|23873,0,0,0,0,0,0,0,0,0,0,0,0
3,24189,3|24189,0,0,2,0,0,0,0,0,0,0,0,2
3,24197,3|24197,0,66,3,0,0,0,0,0,0,0,66,3
3,24747,3|24747,0,124,7,0,0,0,0,0,0,0,124,7
3,24860,3|24860,0,0,5,0,0,0,0,0,0,0,0,5
3,25127,3|25127,0,0,0,0,0,0,0,0,0,0,0,0
3,25432,3|25432,0,0,0,0,0,0,0,0,0,0,0,0
3,25440,3|25440,0,0,0,0,0,0,0,0,0,0,0,0
3,25457,3|25457,0,0,0,0,0,0,0,0,0,0,0,0
3,25971,3|25971,0,0,3,0,0,0,0,0,0,0,0,3
3,25972,3|25972,0,0,2,0,0,0,0,0,0,0,0,2
3,25973,3|25973,0,0,0,0,0,0,0,0,0,0,0,0
3,25974,3|25974,0,0,0,0,0,0,0,0,0,0,0,0
3,25995,3|25995,0,128,7,0,0,0,0,0,0,0,128,7
3,25997,3|25997,0,0,0,0,0,0,0,0,0,0,0,0
3,26041,3|26041,0,0,4,0,0,0,0,0,0,0,0,4
3,26042,3|26042,0,0,0,0,0,0,0,0,0,0,0,0
3,26043,3|26043,0,0,0,0,0,0,0,0,0,0,0,0
3,26128,3|26128,0,0,0,0,0,0,0,0,0,0,0,0
3,26364,3|26364,0,0,0,0,0,0,0,0,0,0,0,0
3,26825,3|26825,0,0,0,0,0,0,0,0,0,0,0,0
3,26828,3|26828,0,0,0,0,0,0,0,0,0,0,0,0
3,26833,3|26833,0,0,0,0,0,0,0,0,0,0,0,0
3,26840,3|26840,0,0,0,0,0,0,0,0,0,0,0,0
3,26844,3|26844,0,174,9,0,0,0,0,0,0,0,174,9
3,26958,3|26958,0,0,0,0,0,0,0,0,0,0,0,0
3,26959,3|26959,0,0,0,0,0,0,0,0,0,0,0,0
3,26960,3|26960,0,0,0,0,0,0,0,0,0,0,0,0
3,26961,3|26961,0,0,0,0,0,0,0,0,0,0,0,0
3,26962,3|26962,0,0,0,0,0,0,0,0,0,0,0,0
3,27203,3|27203,0,254,13,0,0,0,0,0,0,0,254,13
3,27205,3|27205,0,123,7,0,0,0,0,0,0,0,123,7
3,27206,3|27206,0,0,5,0,0,0,0,0,0,0,0,5
3,27738,3|27738,0,0,2,0,0,0,0,0,0,0,0,2
3,27741,3|27741,0,0,5,0,0,0,0,0,0,0,0,5
3,27742,3|27742,0,0,5,0,0,0,0,0,0,0,0,5
3,27743,3|27743,0,0,5,0,0,0,0,0,0,0,0,5
3,27829,3|27829,0,0,3,0,0,0,0,0,0,0,0,3
3,28157,3|28157,0,0,0,0,0,0,0,0,0,0,0,0
3,28480,3|28480,0,0,0,0,0,0,0,0,0,0,0,0
3,28513,3|28513,0,0,0,0,0,0,0,0,0,0,0,0
3,29603,3|29603,0,0,0,0,0,0,0,0,0,0,0,0
3,29747,3|29747,0,0,0,0,0,0,0,0,0,0,0,0
3,29828,3|29828,0,0,0,0,0,0,0,0,0,0,0,0
3,30171,3|30171,0,205,11,0,0,0,0,0,0,0,205,11
3,30420,3|30420,0,0,0,0,0,0,0,0,0,0,0,0
3,31478,3|31478,0,0,0,0,0,0,0,0,0,0,0,0
3,31479,3|31479,0,0,0,0,0,0,0,0,0,0,0,0
3,32493,3|32493,0,0,0,0,0,0,0,0,0,0,0,0
4,0,4|0,0,0,4,0,0,0,0,0,0,0,0,4
4,1572,4|1572,0,0,0,0,0,0,0,0,0,0,0,0
4,2131,4|2131,0,0,0,0,0,0,0,0,0,0,0,0
4,2549,4|2549,0,0,0,0,0,0,0,0,0,0,0,0
4,3320,4|3320,0,0,0,0,0,0,0,0,0,0,0,0
4,3864,4|3864,0,0,0,0,0,0,0,0,0,0,0,0
4,3905,4|3905,0,0,0,0,0,0,0,0,0,0,0,0
4,3910,4|3910,0,0,0,0,0,0,0,0,0,0,0,0
4,3916,4|3916,0,0,0,0,0,0,0,0,0,0,0,0
4,3945,4|3945,0,0,0,0,0,0,0,0,0,0,0,0
4,3946,4|3946,0,0,0,0,0,0,0,0,0,0,0,0
4,3949,4|3949,0,0,0,0,0,0,0,0,0,0,0,0
4,3951,4|3951,0,0,0,0,0,0,0,0,0,0,0,0
4,3952,4|3952,0,0,0,0,0,0,0,0,0,0,0,0
4,3959,4|3959,0,0,0,0,0,0,0,0,0,0,0,0
4,3964,4|3964,0,0,0,0,0,0,0,0,0,0,0,0
4,3968,4|3968,0,0,0,0,0,0,0,0,0,0,0,0
4,3969,4|3969,0,0,0,0,0,0,0,0,0,0,0,0
4,4023,4|4023,0,0,0,0,0,0,0,0,0,0,0,0
4,4024,4|4024,0,0,0,0,0,0,0,0,0,0,0,0
4,4034,4|4034,0,0,0,0,0,0,0,0,0,0,0,0
4,4045,4|4045,0,0,0,0,0,0,0,0,0,0,0,0
4,4062,4|4062,0,0,0,0,0,0,0,0,0,0,0,0
4,4074,4|4074,0,0,0,0,0,0,0,0,0,0,0,0
4,4079,4|4079,0,0,0,0,0,0,0,0,0,0,0,0
4,4122,4|4122,0,0,0,0,0,0,0,0,0,0,0,0
4,4140,4|4140,0,0,0,0,0,0,0,0,0,0,0,0
4,4143,4|4143,0,0,0,0,0,0,0,0,0,0,0,0
4,4148,4|4148,0,40,2,0,0,0,0,0,0,0,40,2
4,4149,4|4149,0,266,14,0,0,0,0,0,0,0,266,14
4,4157,4|4157,0,0,0,0,0,0,0,0,0,0,0,0
4,4163,4|4163,0,266,14,0,0,0,0,0,0,0,266,14
4,4179,4|4179,0,0,0,0,0,0,0,0,0,0,0,0
4,4198,4|4198,0,266,14,0,0,0,0,0,0,0,266,14
4,4200,4|4200,0,0,0,0,0,0,0,0,0,0,0,0
4,4216,4|4216,0,0,0,0,0,0,0,0,0,0,0,0
4,4236,4|4236,0,0,0,0,0,0,0,0,0,0,0,0
4,4272,4|4272,0,669,35,0,0,0,0,0,0,0,669,35
4,4295,4|4295,0,0,0,0,0,0,0,0,0,0,0,0
4,4300,4|4300,0,1,0,0,0,0,0,0,0,0,1,0
4,4312,4|4312,0,642,34,0,0,0,0,0,0,0,642,34
4,4322,4|4322,0,0,0,0,0,0,0,0,0,0,0,0
4,4328,4|4328,0,0,0,0,0,0,0,0,0,0,0,0
4,4335,4|4335,0,0,0,0,0,0,0,0,0,0,0,0
4,4346,4|4346,0,0,0,0,0,0,0,0,0,0,0,0
4,4388,4|4388,0,0,0,0,0,0,0,0,0,0,0,0
4,4420,4|4420,0,0,0,0,0,0,0,0,0,0,0,0
4,4421,4|4421,0,0,0,0,0,0,0,0,0,0,0,0
4,4422,4|4422,0,0,0,0,0,0,0,0,0,0,0,0
4,4431,4|4431,0,0,0,0,0,0,0,0,0,0,0,0
4,4432,4|4432,0,0,0,0,0,0,0,0,0,0,0,0
4,4433,4|4433,0,0,0,0,0,0,0,0,0,0,0,0
4,4437,4|4437,0,1,0,0,0,0,0,0,0,0,1,0
4,4441,4|4441,0,0,0,0,0,0,0,0,0,0,0,0
4,4456,4|4456,0,0,0,0,0,0,0,0,0,0,0,0
4,4463,4|4463,0,0,0,0,0,0,0,0,0,0,0,0
4,4495,4|4495,0,53,0,0,0,0,0,0,0,0,53,0
4,4496,4|4496,0,3,0,0,0,0,0,0,0,0,3,0
4,4497,4|4497,0,0,0,0,0,0,0,0,0,0,0,0
4,4498,4|4498,0,0,0,0,0,0,0,0,0,0,0,0
4,4499,4|4499,0,2486,131,0,0,0,0,0,0,0,2486,131
4,4507,4|4507,0,0,0,0,0,0,0,0,0,0,0,0
4,4518,4|4518,0,0,0,0,0,0,0,0,0,0,0,0
4,4545,4|4545,0,0,0,0,0,0,0,0,0,0,0,0
4,4546,4|4546,0,0,0,0,0,0,0,0,0,0,0,0
4,4553,4|4553,0,0,0,0,0,0,0,0,0,0,0,0
4,4559,4|4559,0,0,0,0,0,0,0,0,0,0,0,0
4,4562,4|4562,0,0,0,0,0,0,0,0,0,0,0,0
4,4563,4|4563,0,0,0,0,0,0,0,0,0,0,0,0
4,4587,4|4587,0,0,0,0,0,0,0,0,0,0,0,0
4,4592,4|4592,0,0,0,0,0,0,0,0,0,0,0,0
4,4610,4|4610,0,0,0,0,0,0,0,0,0,0,0,0
4,4628,4|4628,0,0,0,0,0,0,0,0,0,0,0,0
4,4654,4|4654,0,0,0,0,0,0,0,0,0,0,0,0
4,4655,4|4655,0,0,0,0,0,0,0,0,0,0,0,0
4,4673,4|4673,0,0,0,0,0,0,0,0,0,0,0,0
4,4675,4|4675,0,0,0,0,0,0,0,0,0,0,0,0
4,4692,4|4692,0,0,0,0,0,0,0,0,0,0,0,0
4,4700,4|4700,0,1,0,0,0,0,0,0,0,0,1,0
4,4701,4|4701,0,0,0,0,0,0,0,0,0,0,0,0
4,4710,4|4710,0,0,0,0,0,0,0,0,0,0,0,0
4,4712,4|4712,0,546,29,0,0,0,0,0,0,0,546,29
4,4767,4|4767,0,0,0,0,0,0,0,0,0,0,0,0
4,7068,4|7068,0,0,0,0,0,0,0,0,0,0,0,0
4,7256,4|7256,0,0,0,0,0,0,0,0,0,0,0,0
4,7268,4|7268,0,0,0,0,0,0,0,0,0,0,0,0
4,7479,4|7479,0,0,0,0,0,0,0,0,0,0,0,0
4,8309,4|8309,0,0,0,0,0,0,0,0,0,0,0,0
4,9846,4|9846,0,0,0,0,0,0,0,0,0,0,0,0
4,9847,4|9847,0,0,0,0,0,0,0,0,0,0,0,0
4,9848,4|9848,0,0,0,0,0,0,0,0,0,0,0,0
4,9849,4|9849,0,0,0,0,0,0,0,0,0,0,0,0
4,10838,4|10838,0,0,0,0,0,0,0,0,0,0,0,0
4,12183,4|12183,0,0,0,0,0,0,0,0,0,0,0,0
4,14194,4|14194,0,0,0,0,0,0,0,0,0,0,0,0
4,14195,4|14195,0,0,0,0,0,0,0,0,0,0,0,0
4,14197,4|14197,0,0,0,0,0,0,0,0,0,0,0,0
4,14198,4|14198,0,0,0,0,0,0,0,0,0,0,0,0
4,14200,4|14200,0,0,0,0,0,0,0,0,0,0,0,0
4,14201,4|14201,0,0,0,0,0,0,0,0,0,0,0,0
4,14242,4|14242,0,0,0,0,0,0,0,0,0,0,0,0
4,14279,4|14279,0,0,0,0,0,0,0,0,0,0,0,0
4,14280,4|14280,0,0,0,0,0,0,0,0,0,0,0,0
4,14281,4|14281,0,0,0,0,0,0,0,0,0,0,0,0
4,14282,4|14282,0,0,0,0,0,0,0,0,0,0,0,0
4,14284,4|14284,0,0,0,0,0,0,0,0,0,0,0,0
4,14309,4|14309,0,0,0,0,0,0,0,0,0,0,0,0
4,14310,4|14310,0,0,0,0,0,0,0,0,0,0,0,0
4,14323,4|14323,0,0,0,0,0,0,0,0,0,0,0,0
4,14324,4|14324,0,0,0,0,0,0,0,0,0,0,0,0
4,14328,4|14328,0,0,0,0,0,0,0,0,0,0,0,0
4,14352,4|14352,0,0,0,0,0,0,0,0,0,0,0,0
4,14353,4|14353,0,0,0,0,0,0,0,0,0,0,0,0
4,14420,4|14420,0,0,0,0,0,0,0,0,0,0,0,0
4,14530,4|14530,0,0,0,0,0,0,0,0,0,0,0,0
4,14531,4|14531,0,0,0,0,0,0,0,0,0,0,0,0
4,14586,4|14586,0,0,0,0,0,0,0,0,0,0,0,0
4,14587,4|14587,0,0,0,0,0,0,0,0,0,0,0,0
4,14589,4|14589,0,0,0,0,0,0,0,0,0,0,0,0
4,14590,4|14590,0,0,0,0,0,0,0,0,0,0,0,0
4,14725,4|14725,0,1,0,0,0,0,0,0,0,0,1,0
4,14733,4|14733,0,0,0,0,0,0,0,0,0,0,0,0
4,14799,4|14799,0,0,0,0,0,0,0,0,0,0,0,0
4,14817,4|14817,0,0,0,0,0,0,0,0,0,0,0,0
4,14818,4|14818,0,0,0,0,0,0,0,0,0,0,0,0
4,14871,4|14871,0,0,0,0,0,0,0,0,0,0,0,0
4,14873,4|14873,0,0,0,0,0,0,0,0,0,0,0,0
4,14884,4|14884,0,0,0,0,0,0,0,0,0,0,0,0
4,15064,4|15064,0,0,0,0,0,0,0,0,0,0,0,0
4,15065,4|15065,0,0,0,0,0,0,0,0,0,0,0,0
4,15066,4|15066,0,0,0,0,0,0,0,0,0,0,0,0
4,15067,4|15067,0,0,0,0,0,0,0,0,0,0,0,0
4,15090,4|15090,0,0,0,0,0,0,0,0,0,0,0,0
4,15161,4|15161,0,0,0,0,0,0,0,0,0,0,0,0
4,15165,4|15165,0,0,0,0,0,0,0,0,0,0,0,0
4,15227,4|15227,0,0,0,0,0,0,0,0,0,0,0,0
4,15541,4|15541,0,272,14,0,0,0,0,0,0,0,272,14
4,15542,4|15542,0,0,0,0,0,0,0,0,0,0,0,0
4,15543,4|15543,0,0,0,0,0,0,0,0,0,0,0,0
4,15630,4|15630,0,0,0,0,0,0,0,0,0,0,0,0
4,15692,4|15692,0,4,0,0,0,0,0,0,0,0,4,0
4,15721,4|15721,0,0,0,0,0,0,0,0,0,0,0,0
4,15725,4|15725,0,0,0,0,0,0,0,0,0,0,0,0
4,15727,4|15727,0,0,1,0,0,0,0,0,0,0,0,1
4,15833,4|15833,0,196,10,0,0,0,0,0,0,0,196,10
4,15834,4|15834,0,0,0,0,0,0,0,0,0,0,0,0
4,15835,4|15835,0,15,0,0,0,0,0,0,0,0,15,0
4,15839,4|15839,0,0,0,0,0,0,0,0,0,0,0,0
4,15852,4|15852,0,2,0,0,0,0,0,0,0,0,2,0
4,15853,4|15853,0,0,0,0,0,0,0,0,0,0,0,0
4,15854,4|15854,0,3,0,0,0,0,0,0,0,0,3,0
4,15856,4|15856,0,505,27,0,0,0,0,0,0,0,505,27
4,15857,4|15857,0,517,27,0,0,0,0,0,0,0,517,27
4,16074,4|16074,0,0,0,0,0,0,0,0,0,0,0,0
4,16337,4|16337,0,0,0,0,0,0,0,0,0,0,0,0
4,16341,4|16341,0,0,0,0,0,0,0,0,0,0,0,0
4,16486,4|16486,0,0,0,0,0,0,0,0,0,0,0,0
4,16649,4|16649,0,230,12,0,0,0,0,0,0,0,230,12
4,16687,4|16687,0,0,0,0,0,0,0,0,0,0,0,0
4,16838,4|16838,0,0,0,0,0,0,0,0,0,0,0,0
4,16858,4|16858,0,4,0,0,0,0,0,0,0,0,4,0
4,16859,4|16859,0,0,0,0,0,0,0,0,0,0,0,0
4,16892,4|16892,0,0,5,0,0,0,0,0,0,0,0,5
4,16893,4|16893,0,0,5,0,0,0,0,0,0,0,0,5
4,17066,4|17066,0,0,0,0,0,0,0,0,0,0,0,0
4,17206,4|17206,0,0,0,0,0,0,0,0,0,0,0,0
4,17209,4|17209,0,2,0,0,0,0,0,0,0,0,2,0
4,17210,4|17210,0,91,5,0,0,0,0,0,0,0,91,5
4,17308,4|17308,0,0,0,0,0,0,0,0,0,0,0,0
4,17314,4|17314,0,639,34,0,0,0,0,0,0,0,639,34
4,17323,4|17323,0,0,0,0,0,0,0,0,0,0,0,0
4,17385,4|17385,0,750,40,0,0,0,0,0,0,0,750,40
4,17536,4|17536,0,0,0,0,0,0,0,0,0,0,0,0
4,17537,4|17537,0,0,0,0,0,0,0,0,0,0,0,0
4,17554,4|17554,0,284,15,0,0,0,0,0,0,0,284,15
4,17556,4|17556,0,0,0,0,0,0,0,0,0,0,0,0
4,17605,4|17605,0,0,0,0,0,0,0,0,0,0,0,0
4,18035,4|18035,0,0,0,0,0,0,0,0,0,0,0,0
4,18090,4|18090,0,301,16,0,0,0,0,0,0,0,301,16
4,18094,4|18094,0,0,0,0,0,0,0,0,0,0,0,0
4,18234,4|18234,0,0,0,0,0,0,0,0,0,0,0,0
4,18257,4|18257,0,1,0,0,0,0,0,0,0,0,1,0
4,18258,4|18258,0,0,0,0,0,0,0,0,0,0,0,0
4,18319,4|18319,0,0,0,0,0,0,0,0,0,0,0,0
4,18340,4|18340,0,0,0,0,0,0,0,0,0,0,0,0
4,18478,4|18478,0,0,0,0,0,0,0,0,0,0,0,0
4,18560,4|18560,0,0,0,0,0,0,0,0,0,0,0,0
4,18574,4|18574,0,0,0,0,0,0,0,0,0,0,0,0
4,18575,4|18575,0,0,0,0,0,0,0,0,0,0,0,0
4,18579,4|18579,0,0,0,0,0,0,0,0,0,0,0,0
4,18770,4|18770,0,0,0,0,0,0,0,0,0,0,0,0
4,19321,4|19321,0,0,0,0,0,0,0,0,0,0,0,0
4,19423,4|19423,0,304,16,0,0,0,0,0,0,0,304,16
4,19698,4|19698,0,0,0,0,0,0,0,0,0,0,0,0
4,19720,4|19720,0,239,13,0,0,0,0,0,0,0,239,13
4,19965,4|19965,0,0,0,0,0,0,0,0,0,0,0,0
4,20101,4|20101,0,0,0,0,0,0,0,0,0,0,0,0
4,20441,4|20441,0,1029,54,0,0,0,0,0,0,0,1029,54
4,20894,4|20894,0,2,0,0,0,0,0,0,0,0,2,0
4,21486,4|21486,0,0,0,0,0,0,0,0,0,0,0,0
4,21572,4|21572,0,35,0,0,0,0,0,0,0,0,35,0
4,21655,4|21655,0,0,0,0,0,0,0,0,0,0,0,0
4,21696,4|21696,0,4,0,0,0,0,0,0,0,0,4,0
4,21700,4|21700,0,472,25,0,0,0,0,0,0,0,472,25
4,21795,4|21795,0,0,0,0,0,0,0,0,0,0,0,0
4,21797,4|21797,0,2144,113,0,0,0,0,0,0,0,2144,113
4,21881,4|21881,0,13,1,0,0,0,0,0,0,0,13,1
4,22047,4|22047,0,1029,54,0,0,0,0,0,0,0,1029,54
4,22393,4|22393,0,0,0,0,0,0,0,0,0,0,0,0
4,22394,4|22394,0,493,26,0,0,0,0,0,0,0,493,26
4,22468,4|22468,0,0,0,0,0,0,0,0,0,0,0,0
4,22469,4|22469,0,5,0,0,0,0,0,0,0,0,5,0
4,22521,4|22521,0,189,10,0,0,0,0,0,0,0,189,10
4,22525,4|22525,0,68,4,0,0,0,0,0,0,0,68,4
4,22701,4|22701,0,0,0,0,0,0,0,0,0,0,0,0
4,22937,4|22937,0,0,0,0,0,0,0,0,0,0,0,0
4,22990,4|22990,0,152,8,0,0,0,0,0,0,0,152,8
4,22991,4|22991,0,207,11,0,0,0,0,0,0,0,207,11
4,23062,4|23062,0,100,5,0,0,0,0,0,0,0,100,5
4,23200,4|23200,0,0,0,0,0,0,0,0,0,0,0,0
4,23202,4|23202,0,0,0,0,0,0,0,0,0,0,0,0
4,23204,4|23204,0,0,0,0,0,0,0,0,0,0,0,0
4,23214,4|23214,0,2,0,0,0,0,0,0,0,0,2,0
4,23215,4|23215,0,0,0,0,0,0,0,0,0,0,0,0
4,23223,4|23223,0,898,47,0,0,0,0,0,0,0,898,47
4,23229,4|23229,0,0,0,0,0,0,0,0,0,0,0,0
4,23233,4|23233,0,0,0,0,0,0,0,0,0,0,0,0
4,23234,4|23234,0,0,0,0,0,0,0,0,0,0,0,0
4,23246,4|23246,0,0,0,0,0,0,0,0,0,0,0,0
4,23250,4|23250,0,0,0,0,0,0,0,0,0,0,0,0
4,23318,4|23318,0,0,0,0,0,0,0,0,0,0,0,0
4,23319,4|23319,0,739,39,0,0,0,0,0,0,0,739,39
4,23392,4|23392,0,0,0,0,0,0,0,0,0,0,0,0
4,23396,4|23396,0,430,23,0,0,0,0,0,0,0,430,23
4,23424,4|23424,0,0,0,0,0,0,0,0,0,0,0,0
4,23471,4|23471,0,0,0,0,0,0,0,0,0,0,0,0
4,23507,4|23507,0,280,15,0,0,0,0,0,0,0,280,15
4,23517,4|23517,0,128,7,0,0,0,0,0,0,0,128,7
4,23523,4|23523,0,6,0,0,0,0,0,0,0,0,6,0
4,23524,4|23524,0,24,1,0,0,0,0,0,0,0,24,1
4,23577,4|23577,0,466,25,0,0,0,0,0,0,0,466,25
4,23812,4|23812,0,54,3,0,0,0,0,0,0,0,54,3
4,23813,4|23813,0,354,19,0,0,0,0,0,0,0,354,19
4,23823,4|23823,0,0,0,0,0,0,0,0,0,0,0,0
4,23996,4|23996,0,0,0,0,0,0,0,0,0,0,0,0
4,24064,4|24064,0,25,0,0,0,0,0,0,0,0,25,0
4,24176,4|24176,0,20,0,0,0,0,0,0,0,0,20,0
4,24177,4|24177,0,47,2,0,0,0,0,0,0,0,47,2
4,24190,4|24190,0,0,0,0,0,0,0,0,0,0,0,0
4,24195,4|24195,0,0,0,0,0,0,0,0,0,0,0,0
4,24207,4|24207,0,516,27,0,0,0,0,0,0,0,516,27
4,24217,4|24217,0,549,29,0,0,0,0,0,0,0,549,29
4,24218,4|24218,0,251,13,0,0,0,0,0,0,0,251,13
4,24219,4|24219,0,0,0,0,0,0,0,0,0,0,0,0
4,24391,4|24391,0,1305,69,0,0,0,0,0,0,0,1305,69
4,24458,4|24458,0,0,0,0,0,0,0,0,0,0,0,0
4,24812,4|24812,0,0,0,0,0,0,0,0,0,0,0,0
4,24862,4|24862,0,237,13,0,0,0,0,0,0,0,237,13
4,24999,4|24999,0,0,0,0,0,0,0,0,0,0,0,0
4,25000,4|25000,0,1462,77,0,0,0,0,0,0,0,1462,77
4,25001,4|25001,0,1333,70,0,0,0,0,0,0,0,1333,70
4,25025,4|25025,0,789,42,0,0,0,0,0,0,0,789,42
4,25116,4|25116,0,1120,59,0,0,0,0,0,0,0,1120,59
4,25130,4|25130,0,1786,94,0,0,0,0,0,0,0,1786,94
4,25367,4|25367,0,0,0,0,0,0,0,0,0,0,0,0
4,25395,4|25395,0,0,0,0,0,0,0,0,0,0,0,0
4,25403,4|25403,0,0,3,0,0,0,0,0,0,0,0,3
4,25404,4|25404,0,0,0,0,0,0,0,0,0,0,0,0
4,25408,4|25408,0,0,0,0,0,0,0,0,0,0,0,0
4,25409,4|25409,0,0,0,0,0,0,0,0,0,0,0,0
4,25472,4|25472,0,0,0,0,0,0,0,0,0,0,0,0
4,25660,4|25660,0,0,3,0,0,0,0,0,0,0,0,3
4,25661,4|25661,0,0,0,0,0,0,0,0,0,0,0,0
4,25704,4|25704,0,0,0,0,0,0,0,0,0,0,0,0
4,25934,4|25934,0,0,0,0,0,0,0,0,0,0,0,0
4,25981,4|25981,0,0,0,0,0,0,0,0,0,0,0,0
4,26015,4|26015,0,0,0,0,0,0,0,0,0,0,0,0
4,26018,4|26018,0,285,15,0,0,0,0,0,0,0,285,15
4,26020,4|26020,0,168,9,0,0,0,0,0,0,0,168,9
4,26120,4|26120,0,0,4,0,0,0,0,0,0,0,0,4
4,26227,4|26227,0,0,0,0,0,0,0,0,0,0,0,0
4,26768,4|26768,0,0,0,0,0,0,0,0,0,0,0,0
4,27213,4|27213,0,144,8,0,0,0,0,0,0,0,144,8
4,27284,4|27284,0,0,0,0,0,0,0,0,0,0,0,0
4,27367,4|27367,0,237,13,0,0,0,0,0,0,0,237,13
4,27368,4|27368,0,118,6,0,0,0,0,0,0,0,118,6
4,27393,4|27393,0,0,0,0,0,0,0,0,0,0,0,0
4,27435,4|27435,0,0,0,0,0,0,0,0,0,0,0,0
4,27437,4|27437,0,0,0,0,0,0,0,0,0,0,0,0
4,27438,4|27438,0,0,0,0,0,0,0,0,0,0,0,0
4,27488,4|27488,0,0,0,0,0,0,0,0,0,0,0,0
4,27559,4|27559,0,0,0,0,0,0,0,0,0,0,0,0
4,27560,4|27560,0,0,0,0,0,0,0,0,0,0,0,0
4,27570,4|27570,0,0,0,0,0,0,0,0,0,0,0,0
4,27660,4|27660,0,0,0,0,0,0,0,0,0,0,0,0
4,27677,4|27677,0,0,0,0,0,0,0,0,0,0,0,0
4,27835,4|27835,0,456,24,0,0,0,0,0,0,0,456,24
4,27874,4|27874,0,0,0,0,0,0,0,0,0,0,0,0
4,27875,4|27875,0,0,0,0,0,0,0,0,0,0,0,0
4,27888,4|27888,0,0,0,0,0,0,0,0,0,0,0,0
4,27889,4|27889,0,0,0,0,0,0,0,0,0,0,0,0
4,27890,4|27890,0,0,0,0,0,0,0,0,0,0,0,0
4,27891,4|27891,0,0,0,0,0,0,0,0,0,0,0,0
4,27892,4|27892,0,0,0,0,0,0,0,0,0,0,0,0
4,28082,4|28082,0,0,0,0,0,0,0,0,0,0,0,0
4,28215,4|28215,0,0,0,0,0,0,0,0,0,0,0,0
4,28222,4|28222,0,0,0,0,0,0,0,0,0,0,0,0
4,28241,4|28241,0,0,0,0,0,0,0,0,0,0,0,0
4,28246,4|28246,0,0,0,0,0,0,0,0,0,0,0,0
4,28247,4|28247,0,0,0,0,0,0,0,0,0,0,0,0
4,28253,4|28253,0,0,0,0,0,0,0,0,0,0,0,0
4,28258,4|28258,0,0,0,0,0,0,0,0,0,0,0,0
4,28527,4|28527,0,0,0,0,0,0,0,0,0,0,0,0
4,28529,4|28529,0,0,0,0,0,0,0,0,0,0,0,0
4,28918,4|28918,0,331,17,0,0,0,0,0,0,0,331,17
4,29182,4|29182,0,0,0,0,0,0,0,0,0,0,0,0
4,29559,4|29559,0,237,13,0,0,0,0,0,0,0,237,13
4,30912,4|30912,0,239,13,0,0,0,0,0,0,0,239,13
4,32189,4|32189,0,404,21,0,0,0,0,0,0,0,404,21
4,32238,4|32238,0,0,0,0,0,0,0,0,0,0,0,0
4,1000004,4|1000004,0,0,0,0,0,0,0,0,0,0,0,0
5,312,5|312,0,0,0,0,0,0,0,0,0,0,0,0
5,539,5|539,0,0,0,0,0,0,0,0,0,0,0,0
5,980,5|980,0,0,0,0,0,0,0,0,0,0,0,0
5,1572,5|1572,0,0,0,0,0,0,0,0,0,0,0,0
5,1608,5|1608,0,0,0,0,0,0,0,0,0,0,0,0
5,2131,5|2131,0,0,0,0,0,0,0,0,0,0,0,0
5,2181,5|2181,0,0,0,0,0,0,0,0,0,0,0,0
5,2336,5|2336,0,0,0,0,0,0,0,0,0,0,0,0
5,3915,5|3915,0,0,5,0,0,0,0,0,0,0,0,5
5,3916,5|3916,0,0,0,0,0,0,0,0,0,0,0,0
5,3917,5|3917,0,5,0,0,0,0,0,0,0,0,5,0
5,3918,5|3918,0,1,0,0,0,0,0,0,0,0,1,0
5,3919,5|3919,0,1,0,0,0,0,0,0,0,0,1,0
5,3920,5|3920,0,0,0,0,0,0,0,0,0,0,0,0
5,3921,5|3921,0,0,0,0,0,0,0,0,0,0,0,0
5,3925,5|3925,0,0,0,0,0,0,0,0,0,0,0,0
5,3928,5|3928,0,0,0,0,0,0,0,0,0,0,0,0
5,3930,5|3930,0,0,0,0,0,0,0,0,0,0,0,0
5,3932,5|3932,0,0,0,0,0,0,0,0,0,0,0,0
5,3938,5|3938,0,0,4,0,0,0,0,0,0,0,0,4
5,3943,5|3943,0,194,10,0,0,0,0,0,0,0,194,10
5,3944,5|3944,0,0,0,0,0,0,0,0,0,0,0,0
5,3947,5|3947,0,1104,58,0,0,0,0,0,0,0,1104,58
5,3949,5|3949,0,0,0,0,0,0,0,0,0,0,0,0
5,3950,5|3950,0,0,0,0,0,0,0,0,0,0,0,0
5,3951,5|3951,0,0,0,0,0,0,0,0,0,0,0,0
5,3953,5|3953,0,0,0,0,0,0,0,0,0,0,0,0
5,3964,5|3964,0,0,0,0,0,0,0,0,0,0,0,0
5,3965,5|3965,0,729,38,0,0,0,0,0,0,0,729,38
5,3968,5|3968,0,0,0,0,0,0,0,0,0,0,0,0
5,3969,5|3969,0,0,0,0,0,0,0,0,0,0,0,0
5,3980,5|3980,0,1,0,0,0,0,0,0,0,0,1,0
5,4011,5|4011,0,302,16,0,0,0,0,0,0,0,302,16
5,4012,5|4012,0,0,0,0,0,0,0,0,0,0,0,0
5,4061,5|4061,0,10,0,0,0,0,0,0,0,0,10,0
5,4062,5|4062,0,0,0,0,0,0,0,0,0,0,0,0
5,4073,5|4073,0,0,0,0,0,0,0,0,0,0,0,0
5,4102,5|4102,0,0,0,0,0,0,0,0,0,0,0,0
5,4122,5|4122,0,0,0,0,0,0,0,0,0,0,0,0
5,4141,5|4141,0,0,0,0,0,0,0,0,0,0,0,0
5,4143,5|4143,0,8,0,0,0,0,0,0,0,0,8,0
5,4149,5|4149,0,0,5,0,0,0,0,0,0,0,0,5
5,4164,5|4164,0,0,0,0,0,0,0,0,0,0,0,0
5,4180,5|4180,0,0,0,0,0,0,0,0,0,0,0,0
5,4202,5|4202,0,0,0,0,0,0,0,0,0,0,0,0
5,4216,5|4216,0,0,0,0,0,0,0,0,0,0,0,0
5,4218,5|4218,0,146,8,0,0,0,0,0,0,0,146,8
5,4272,5|4272,0,1,0,0,0,0,0,0,0,0,1,0
5,4300,5|4300,0,0,0,0,0,0,0,0,0,0,0,0
5,4305,5|4305,0,0,0,0,0,0,0,0,0,0,0,0
5,4309,5|4309,0,1,0,0,0,0,0,0,0,0,1,0
5,4312,5|4312,0,0,0,0,0,0,0,0,0,0,0,0
5,4329,5|4329,0,1,0,0,0,0,0,0,0,0,1,0
5,4335,5|4335,0,19,1,0,0,0,0,0,0,0,19,1
5,4338,5|4338,0,0,0,0,0,0,0,0,0,0,0,0
5,4345,5|4345,0,0,0,0,0,0,0,0,0,0,0,0
5,4368,5|4368,0,0,0,0,0,0,0,0,0,0,0,0
5,4388,5|4388,0,0,0,0,0,0,0,0,0,0,0,0
5,4400,5|4400,0,1,0,0,0,0,0,0,0,0,1,0
5,4421,5|4421,0,0,0,0,0,0,0,0,0,0,0,0
5,4426,5|4426,0,0,0,0,0,0,0,0,0,0,0,0
5,4430,5|4430,0,0,0,0,0,0,0,0,0,0,0,0
5,4431,5|4431,0,110,6,0,0,0,0,0,0,0,110,6
5,4437,5|4437,0,0,0,0,0,0,0,0,0,0,0,0
5,4454,5|4454,0,0,0,0,0,0,0,0,0,0,0,0
5,4456,5|4456,0,0,0,0,0,0,0,0,0,0,0,0
5,4457,5|4457,0,322,17,0,0,0,0,0,0,0,322,17
5,4458,5|4458,0,358,19,0,0,0,0,0,0,0,358,19
5,4463,5|4463,0,0,0,0,0,0,0,0,0,0,0,0
5,4472,5|4472,0,1,0,0,0,0,0,0,0,0,1,0
5,4495,5|4495,0,0,0,0,0,0,0,0,0,0,0,0
5,4496,5|4496,0,1,0,0,0,0,0,0,0,0,1,0
5,4497,5|4497,0,0,0,0,0,0,0,0,0,0,0,0
5,4498,5|4498,0,1,0,0,0,0,0,0,0,0,1,0
5,4500,5|4500,0,102,5,0,0,0,0,0,0,0,102,5
5,4501,5|4501,0,0,0,0,0,0,0,0,0,0,0,0
5,4508,5|4508,0,309,16,0,0,0,0,0,0,0,309,16
5,4522,5|4522,0,6,0,0,0,0,0,0,0,0,6,0
5,4527,5|4527,0,0,0,0,0,0,0,0,0,0,0,0
5,4528,5|4528,0,0,0,0,0,0,0,0,0,0,0,0
5,4545,5|4545,0,0,0,0,0,0,0,0,0,0,0,0
5,4546,5|4546,0,0,0,0,0,0,0,0,0,0,0,0
5,4553,5|4553,0,0,0,0,0,0,0,0,0,0,0,0
5,4554,5|4554,0,0,0,0,0,0,0,0,0,0,0,0
5,4559,5|4559,0,0,0,0,0,0,0,0,0,0,0,0
5,4561,5|4561,0,6,0,0,0,0,0,0,0,0,6,0
5,4563,5|4563,0,0,0,0,0,0,0,0,0,0,0,0
5,4570,5|4570,0,0,0,0,0,0,0,0,0,0,0,0
5,4571,5|4571,0,0,0,0,0,0,0,0,0,0,0,0
5,4574,5|4574,0,0,0,0,0,0,0,0,0,0,0,0
5,4587,5|4587,0,0,0,0,0,0,0,0,0,0,0,0
5,4596,5|4596,0,115,6,0,0,0,0,0,0,0,115,6
5,4597,5|4597,0,0,0,0,0,0,0,0,0,0,0,0
5,4606,5|4606,0,0,0,0,0,0,0,0,0,0,0,0
5,4609,5|4609,0,1,0,0,0,0,0,0,0,0,1,0
5,4610,5|4610,0,0,0,0,0,0,0,0,0,0,0,0
5,4612,5|4612,0,0,0,0,0,0,0,0,0,0,0,0
5,4620,5|4620,0,186,10,0,0,0,0,0,0,0,186,10
5,4621,5|4621,0,0,5,0,0,0,0,0,0,0,0,5
5,4625,5|4625,0,0,0,0,0,0,0,0,0,0,0,0
5,4626,5|4626,0,11,0,0,0,0,0,0,0,0,11,0
5,4627,5|4627,0,0,0,0,0,0,0,0,0,0,0,0
5,4629,5|4629,0,962,51,0,0,0,0,0,0,0,962,51
5,4655,5|4655,0,0,0,0,0,0,0,0,0,0,0,0
5,4687,5|4687,0,2,0,0,0,0,0,0,0,0,2,0
5,4691,5|4691,0,0,0,0,0,0,0,0,0,0,0,0
5,4712,5|4712,0,0,0,0,0,0,0,0,0,0,0,0
5,4763,5|4763,0,68,4,0,0,0,0,0,0,0,68,4
5,4766,5|4766,0,0,0,0,0,0,0,0,0,0,0,0
5,7192,5|7192,0,0,0,0,0,0,0,0,0,0,0,0
5,7196,5|7196,0,0,0,0,0,0,0,0,0,0,0,0
5,7217,5|7217,0,0,0,0,0,0,0,0,0,0,0,0
5,7221,5|7221,0,0,0,0,0,0,0,0,0,0,0,0
5,7230,5|7230,0,0,0,0,0,0,0,0,0,0,0,0
5,7234,5|7234,0,0,0,0,0,0,0,0,0,0,0,0
5,7235,5|7235,0,0,0,0,0,0,0,0,0,0,0,0
5,7268,5|7268,0,0,0,0,0,0,0,0,0,0,0,0
5,7272,5|7272,0,0,0,0,0,0,0,0,0,0,0,0
5,7277,5|7277,0,2,0,0,0,0,0,0,0,0,2,0
5,7278,5|7278,0,52,3,0,0,0,0,0,0,0,52,3
5,7279,5|7279,0,1,0,0,0,0,0,0,0,0,1,0
5,7292,5|7292,0,0,0,0,0,0,0,0,0,0,0,0
5,7295,5|7295,0,0,0,0,0,0,0,0,0,0,0,0
5,7301,5|7301,0,0,0,0,0,0,0,0,0,0,0,0
5,7328,5|7328,0,0,5,0,0,0,0,0,0,0,0,5
5,7329,5|7329,0,0,0,0,0,0,0,0,0,0,0,0
5,7330,5|7330,0,0,0,0,0,0,0,0,0,0,0,0
5,7331,5|7331,0,3,0,0,0,0,0,0,0,0,3,0
5,7332,5|7332,0,1,0,0,0,0,0,0,0,0,1,0
5,7333,5|7333,0,1,0,0,0,0,0,0,0,0,1,0
5,7334,5|7334,0,0,0,0,0,0,0,0,0,0,0,0
5,7335,5|7335,0,0,0,0,0,0,0,0,0,0,0,0
5,7345,5|7345,0,1,0,0,0,0,0,0,0,0,1,0
5,7354,5|7354,0,24,0,0,0,0,0,0,0,0,24,0
5,7357,5|7357,0,0,0,0,0,0,0,0,0,0,0,0
5,7359,5|7359,0,0,0,0,0,0,0,0,0,0,0,0
5,7360,5|7360,0,0,0,0,0,0,0,0,0,0,0,0
5,7364,5|7364,0,0,0,0,0,0,0,0,0,0,0,0
5,7383,5|7383,0,0,0,0,0,0,0,0,0,0,0,0
5,7384,5|7384,0,0,0,0,0,0,0,0,0,0,0,0
5,7410,5|7410,0,0,0,0,0,0,0,0,0,0,0,0
5,7411,5|7411,0,0,0,0,0,0,0,0,0,0,0,0
5,7412,5|7412,0,1,0,0,0,0,0,0,0,0,1,0
5,7413,5|7413,0,0,0,0,0,0,0,0,0,0,0,0
5,7416,5|7416,0,709,37,0,0,0,0,0,0,0,709,37
5,7417,5|7417,0,0,0,0,0,0,0,0,0,0,0,0
5,7418,5|7418,0,0,0,0,0,0,0,0,0,0,0,0
5,7431,5|7431,0,0,0,0,0,0,0,0,0,0,0,0
5,7432,5|7432,0,0,0,0,0,0,0,0,0,0,0,0
5,7434,5|7434,0,0,0,0,0,0,0,0,0,0,0,0
5,7436,5|7436,0,0,0,0,0,0,0,0,0,0,0,0
5,7437,5|7437,0,0,0,0,0,0,0,0,0,0,0,0
5,7441,5|7441,0,0,0,0,0,0,0,0,0,0,0,0
5,7453,5|7453,0,0,0,0,0,0,0,0,0,0,0,0
5,7457,5|7457,0,0,0,0,0,0,0,0,0,0,0,0
5,7464,5|7464,0,0,0,0,0,0,0,0,0,0,0,0
5,7469,5|7469,0,1,0,0,0,0,0,0,0,0,1,0
5,7480,5|7480,0,0,0,0,0,0,0,0,0,0,0,0
5,7489,5|7489,0,20,0,0,0,0,0,0,0,0,20,0
5,7490,5|7490,0,4,0,0,0,0,0,0,0,0,4,0
5,7496,5|7496,0,0,0,0,0,0,0,0,0,0,0,0
5,7498,5|7498,0,261,14,0,0,0,0,0,0,0,261,14
5,7501,5|7501,0,0,0,0,0,0,0,0,0,0,0,0
5,7503,5|7503,0,0,0,0,0,0,0,0,0,0,0,0
5,7506,5|7506,0,0,0,0,0,0,0,0,0,0,0,0
5,7507,5|7507,0,0,0,0,0,0,0,0,0,0,0,0
5,7535,5|7535,0,0,0,0,0,0,0,0,0,0,0,0
5,7542,5|7542,0,0,0,0,0,0,0,0,0,0,0,0
5,7549,5|7549,0,0,0,0,0,0,0,0,0,0,0,0
5,7555,5|7555,0,0,0,0,0,0,0,0,0,0,0,0
5,7556,5|7556,0,0,0,0,0,0,0,0,0,0,0,0
5,7580,5|7580,0,0,0,0,0,0,0,0,0,0,0,0
5,7581,5|7581,0,0,0,0,0,0,0,0,0,0,0,0
5,7587,5|7587,0,0,0,0,0,0,0,0,0,0,0,0
5,7588,5|7588,0,0,0,0,0,0,0,0,0,0,0,0
5,7589,5|7589,0,33,0,0,0,0,0,0,0,0,33,0
5,7590,5|7590,0,17,0,0,0,0,0,0,0,0,17,0
5,7604,5|7604,0,0,0,0,0,0,0,0,0,0,0,0
5,7605,5|7605,0,0,0,0,0,0,0,0,0,0,0,0
5,7619,5|7619,0,0,0,0,0,0,0,0,0,0,0,0
5,7626,5|7626,0,0,0,0,0,0,0,0,0,0,0,0
5,7635,5|7635,0,0,0,0,0,0,0,0,0,0,0,0
5,7638,5|7638,0,0,0,0,0,0,0,0,0,0,0,0
5,7655,5|7655,0,0,0,0,0,0,0,0,0,0,0,0
5,7662,5|7662,0,0,0,0,0,0,0,0,0,0,0,0
5,7670,5|7670,0,0,0,0,0,0,0,0,0,0,0,0
5,7672,5|7672,0,0,0,0,0,0,0,0,0,0,0,0
5,7694,5|7694,0,0,0,0,0,0,0,0,0,0,0,0
5,7696,5|7696,0,0,0,0,0,0,0,0,0,0,0,0
5,7698,5|7698,0,0,0,0,0,0,0,0,0,0,0,0
5,7701,5|7701,0,0,0,0,0,0,0,0,0,0,0,0
5,7721,5|7721,0,2,0,0,0,0,0,0,0,0,2,0
5,7763,5|7763,0,0,0,0,0,0,0,0,0,0,0,0
5,7777,5|7777,0,0,0,0,0,0,0,0,0,0,0,0
5,7782,5|7782,0,31,2,0,0,0,0,0,0,0,31,2
5,7798,5|7798,0,0,0,0,0,0,0,0,0,0,0,0
5,7799,5|7799,0,2,0,0,0,0,0,0,0,0,2,0
5,7800,5|7800,0,51,3,0,0,0,0,0,0,0,51,3
5,7804,5|7804,0,0,0,0,0,0,0,0,0,0,0,0
5,7805,5|7805,0,0,0,0,0,0,0,0,0,0,0,0
5,7821,5|7821,0,0,0,0,0,0,0,0,0,0,0,0
5,7827,5|7827,0,0,0,0,0,0,0,0,0,0,0,0
5,7838,5|7838,0,103,5,0,0,0,0,0,0,0,103,5
5,7839,5|7839,0,0,0,0,0,0,0,0,0,0,0,0
5,7881,5|7881,0,0,0,0,0,0,0,0,0,0,0,0
5,7902,5|7902,0,0,0,0,0,0,0,0,0,0,0,0
5,7963,5|7963,0,0,0,0,0,0,0,0,0,0,0,0
5,7966,5|7966,0,0,0,0,0,0,0,0,0,0,0,0
5,8024,5|8024,0,37,0,0,0,0,0,0,0,0,37,0
5,8028,5|8028,0,11,0,0,0,0,0,0,0,0,11,0
5,8043,5|8043,0,0,0,0,0,0,0,0,0,0,0,0
5,8051,5|8051,0,268,14,0,0,0,0,0,0,0,268,14
5,8052,5|8052,0,0,0,0,0,0,0,0,0,0,0,0
5,8067,5|8067,0,235,12,0,0,0,0,0,0,0,235,12
5,8083,5|8083,0,0,0,0,0,0,0,0,0,0,0,0
5,8087,5|8087,0,0,0,0,0,0,0,0,0,0,0,0
5,8100,5|8100,0,0,0,0,0,0,0,0,0,0,0,0
5,8122,5|8122,0,49,3,0,0,0,0,0,0,0,49,3
5,8123,5|8123,0,0,0,0,0,0,0,0,0,0,0,0
5,8145,5|8145,0,0,0,0,0,0,0,0,0,0,0,0
5,8148,5|8148,0,0,0,0,0,0,0,0,0,0,0,0
5,8191,5|8191,0,0,0,0,0,0,0,0,0,0,0,0
5,8240,5|8240,0,1,0,0,0,0,0,0,0,0,1,0
5,8241,5|8241,0,0,0,0,0,0,0,0,0,0,0,0
5,8249,5|8249,0,0,0,0,0,0,0,0,0,0,0,0
5,8258,5|8258,0,0,0,0,0,0,0,0,0,0,0,0
5,8259,5|8259,0,0,0,0,0,0,0,0,0,0,0,0
5,8275,5|8275,0,124,7,0,0,0,0,0,0,0,124,7
5,8305,5|8305,0,0,0,0,0,0,0,0,0,0,0,0
5,8335,5|8335,0,0,0,0,0,0,0,0,0,0,0,0
5,8340,5|8340,0,0,0,0,0,0,0,0,0,0,0,0
5,8341,5|8341,0,0,0,0,0,0,0,0,0,0,0,0
5,8347,5|8347,0,0,0,0,0,0,0,0,0,0,0,0
5,8358,5|8358,0,0,0,0,0,0,0,0,0,0,0,0
5,8361,5|8361,0,0,0,0,0,0,0,0,0,0,0,0
5,8368,5|8368,0,0,0,0,0,0,0,0,0,0,0,0
5,8394,5|8394,0,0,0,0,0,0,0,0,0,0,0,0
5,8415,5|8415,0,0,0,0,0,0,0,0,0,0,0,0
5,8417,5|8417,0,0,0,0,0,0,0,0,0,0,0,0
5,8418,5|8418,0,0,0,0,0,0,0,0,0,0,0,0
5,8419,5|8419,0,0,0,0,0,0,0,0,0,0,0,0
5,8424,5|8424,0,0,0,0,0,0,0,0,0,0,0,0
5,8427,5|8427,0,0,0,0,0,0,0,0,0,0,0,0
5,8429,5|8429,0,0,0,0,0,0,0,0,0,0,0,0
5,8432,5|8432,0,1,0,0,0,0,0,0,0,0,1,0
5,8441,5|8441,0,0,0,0,0,0,0,0,0,0,0,0
5,8442,5|8442,0,0,0,0,0,0,0,0,0,0,0,0
5,9847,5|9847,0,0,0,0,0,0,0,0,0,0,0,0
5,9848,5|9848,0,0,0,0,0,0,0,0,0,0,0,0
5,9849,5|9849,0,0,0,0,0,0,0,0,0,0,0,0
5,10838,5|10838,0,0,0,0,0,0,0,0,0,0,0,0
5,12183,5|12183,0,0,0,0,0,0,0,0,0,0,0,0
5,12223,5|12223,0,0,0,0,0,0,0,0,0,0,0,0
5,14194,5|14194,0,0,0,0,0,0,0,0,0,0,0,0
5,14198,5|14198,0,0,0,0,0,0,0,0,0,0,0,0
5,14200,5|14200,0,0,0,0,0,0,0,0,0,0,0,0
5,14201,5|14201,0,0,0,0,0,0,0,0,0,0,0,0
5,14242,5|14242,0,0,0,0,0,0,0,0,0,0,0,0
5,14282,5|14282,0,0,0,0,0,0,0,0,0,0,0,0
5,14309,5|14309,0,0,0,0,0,0,0,0,0,0,0,0
5,14310,5|14310,0,0,0,0,0,0,0,0,0,0,0,0
5,14323,5|14323,0,0,0,0,0,0,0,0,0,0,0,0
5,14324,5|14324,0,0,0,0,0,0,0,0,0,0,0,0
5,14352,5|14352,0,0,0,0,0,0,0,0,0,0,0,0
5,14420,5|14420,0,0,0,0,0,0,0,0,0,0,0,0
5,14532,5|14532,0,0,0,0,0,0,0,0,0,0,0,0
5,14586,5|14586,0,0,0,0,0,0,0,0,0,0,0,0
5,14587,5|14587,0,0,0,0,0,0,0,0,0,0,0,0
5,14589,5|14589,0,0,0,0,0,0,0,0,0,0,0,0
5,14590,5|14590,0,0,0,0,0,0,0,0,0,0,0,0
5,14595,5|14595,0,0,0,0,0,0,0,0,0,0,0,0
5,14600,5|14600,0,0,0,0,0,0,0,0,0,0,0,0
5,14623,5|14623,0,0,0,0,0,0,0,0,0,0,0,0
5,14732,5|14732,0,0,0,0,0,0,0,0,0,0,0,0
5,14733,5|14733,0,63,0,0,0,0,0,0,0,0,63,0
5,14799,5|14799,0,0,0,0,0,0,0,0,0,0,0,0
5,14818,5|14818,0,0,0,0,0,0,0,0,0,0,0,0
5,14819,5|14819,0,110,6,0,0,0,0,0,0,0,110,6
5,14873,5|14873,0,0,0,0,0,0,0,0,0,0,0,0
5,14875,5|14875,0,0,0,0,0,0,0,0,0,0,0,0
5,15064,5|15064,0,0,0,0,0,0,0,0,0,0,0,0
5,15065,5|15065,0,0,0,0,0,0,0,0,0,0,0,0
5,15066,5|15066,0,0,0,0,0,0,0,0,0,0,0,0
5,15067,5|15067,0,0,0,0,0,0,0,0,0,0,0,0
5,15090,5|15090,0,1,0,0,0,0,0,0,0,0,1,0
5,15122,5|15122,0,55,0,0,0,0,0,0,0,0,55,0
5,15132,5|15132,0,2,0,0,0,0,0,0,0,0,2,0
5,15165,5|15165,0,0,0,0,0,0,0,0,0,0,0,0
5,15319,5|15319,0,6,0,0,0,0,0,0,0,0,6,0
5,15339,5|15339,0,0,0,0,0,0,0,0,0,0,0,0
5,15424,5|15424,0,1,0,0,0,0,0,0,0,0,1,0
5,15496,5|15496,0,0,0,0,0,0,0,0,0,0,0,0
5,15541,5|15541,0,121,6,0,0,0,0,0,0,0,121,6
5,15542,5|15542,0,0,0,0,0,0,0,0,0,0,0,0
5,15543,5|15543,0,0,0,0,0,0,0,0,0,0,0,0
5,15571,5|15571,0,0,0,0,0,0,0,0,0,0,0,0
5,15629,5|15629,0,1,0,0,0,0,0,0,0,0,1,0
5,15637,5|15637,0,0,0,0,0,0,0,0,0,0,0,0
5,15692,5|15692,0,1,0,0,0,0,0,0,0,0,1,0
5,15714,5|15714,0,929,49,0,0,0,0,0,0,0,929,49
5,15719,5|15719,0,7,0,0,0,0,0,0,0,0,7,0
5,15721,5|15721,0,1,0,0,0,0,0,0,0,0,1,0
5,15723,5|15723,0,0,0,0,0,0,0,0,0,0,0,0
5,15726,5|15726,0,0,0,0,0,0,0,0,0,0,0,0
5,15727,5|15727,0,0,0,0,0,0,0,0,0,0,0,0
5,15833,5|15833,0,0,0,0,0,0,0,0,0,0,0,0
5,15834,5|15834,0,9,0,0,0,0,0,0,0,0,9,0
5,15835,5|15835,0,0,0,0,0,0,0,0,0,0,0,0
5,15839,5|15839,0,0,0,0,0,0,0,0,0,0,0,0
5,15840,5|15840,0,1,0,0,0,0,0,0,0,0,1,0
5,15852,5|15852,0,0,0,0,0,0,0,0,0,0,0,0
5,15854,5|15854,0,0,0,0,0,0,0,0,0,0,0,0
5,15856,5|15856,0,0,1,0,0,0,0,0,0,0,0,1
5,15857,5|15857,0,5,0,0,0,0,0,0,0,0,5,0
5,15944,5|15944,0,0,0,0,0,0,0,0,0,0,0,0
5,16332,5|16332,0,0,0,0,0,0,0,0,0,0,0,0
5,16389,5|16389,0,2,0,0,0,0,0,0,0,0,2,0
5,16414,5|16414,0,140,7,0,0,0,0,0,0,0,140,7
5,16415,5|16415,0,184,10,0,0,0,0,0,0,0,184,10
5,16416,5|16416,0,0,0,0,0,0,0,0,0,0,0,0
5,16417,5|16417,0,0,0,0,0,0,0,0,0,0,0,0
5,16485,5|16485,0,895,47,0,0,0,0,0,0,0,895,47
5,16687,5|16687,0,2,0,0,0,0,0,0,0,0,2,0
5,16821,5|16821,0,0,0,0,0,0,0,0,0,0,0,0
5,16858,5|16858,0,6,0,0,0,0,0,0,0,0,6,0
5,16859,5|16859,0,0,0,0,0,0,0,0,0,0,0,0
5,16860,5|16860,0,0,0,0,0,0,0,0,0,0,0,0
5,16892,5|16892,0,7,0,0,0,0,0,0,0,0,7,0
5,16893,5|16893,0,8,0,0,0,0,0,0,0,0,8,0
5,17066,5|17066,0,59,3,0,0,0,0,0,0,0,59,3
5,17182,5|17182,0,75,4,0,0,0,0,0,0,0,75,4
5,17206,5|17206,0,0,0,0,0,0,0,0,0,0,0,0
5,17207,5|17207,0,3,0,0,0,0,0,0,0,0,3,0
5,17208,5|17208,0,0,0,0,0,0,0,0,0,0,0,0
5,17250,5|17250,0,0,0,0,0,0,0,0,0,0,0,0
5,17251,5|17251,0,0,0,0,0,0,0,0,0,0,0,0
5,17256,5|17256,0,321,17,0,0,0,0,0,0,0,321,17
5,17308,5|17308,0,0,0,0,0,0,0,0,0,0,0,0
5,17310,5|17310,0,2,0,0,0,0,0,0,0,0,2,0
5,17325,5|17325,0,193,10,0,0,0,0,0,0,0,193,10
5,17385,5|17385,0,256,14,0,0,0,0,0,0,0,256,14
5,17432,5|17432,0,1,0,0,0,0,0,0,0,0,1,0
5,17536,5|17536,0,1,0,0,0,0,0,0,0,0,1,0
5,17537,5|17537,0,0,0,0,0,0,0,0,0,0,0,0
5,17553,5|17553,0,537,28,0,0,0,0,0,0,0,537,28
5,17554,5|17554,0,7,0,0,0,0,0,0,0,0,7,0
5,17596,5|17596,0,0,0,0,0,0,0,0,0,0,0,0
5,17606,5|17606,0,0,0,0,0,0,0,0,0,0,0,0
5,17613,5|17613,0,1141,60,0,0,0,0,0,0,0,1141,60
5,17614,5|17614,0,1,0,0,0,0,0,0,0,0,1,0
5,17698,5|17698,0,0,0,0,0,0,0,0,0,0,0,0
5,18096,5|18096,0,0,0,0,0,0,0,0,0,0,0,0
5,18308,5|18308,0,0,0,0,0,0,0,0,0,0,0,0
5,18324,5|18324,0,0,0,0,0,0,0,0,0,0,0,0
5,18326,5|18326,0,0,0,0,0,0,0,0,0,0,0,0
5,18327,5|18327,0,0,0,0,0,0,0,0,0,0,0,0
5,18330,5|18330,0,0,0,0,0,0,0,0,0,0,0,0
5,18331,5|18331,0,0,0,0,0,0,0,0,0,0,0,0
5,18332,5|18332,0,0,0,0,0,0,0,0,0,0,0,0
5,18333,5|18333,0,0,0,0,0,0,0,0,0,0,0,0
5,18334,5|18334,0,0,0,0,0,0,0,0,0,0,0,0
5,18335,5|18335,0,0,0,0,0,0,0,0,0,0,0,0
5,18340,5|18340,0,0,0,0,0,0,0,0,0,0,0,0
5,18342,5|18342,0,0,0,0,0,0,0,0,0,0,0,0
5,18560,5|18560,0,1,0,0,0,0,0,0,0,0,1,0
5,18574,5|18574,0,0,0,0,0,0,0,0,0,0,0,0
5,18575,5|18575,0,0,0,0,0,0,0,0,0,0,0,0
5,18577,5|18577,0,31,0,0,0,0,0,0,0,0,31,0
5,18640,5|18640,0,512,27,0,0,0,0,0,0,0,512,27
5,18770,5|18770,0,2,0,0,0,0,0,0,0,0,2,0
5,18874,5|18874,0,0,0,0,0,0,0,0,0,0,0,0
5,18875,5|18875,0,0,0,0,0,0,0,0,0,0,0,0
5,18876,5|18876,0,0,0,0,0,0,0,0,0,0,0,0
5,18877,5|18877,0,0,0,0,0,0,0,0,0,0,0,0
5,18878,5|18878,0,0,0,0,0,0,0,0,0,0,0,0
5,18978,5|18978,0,30,0,0,0,0,0,0,0,0,30,0
5,18991,5|18991,0,0,0,0,0,0,0,0,0,0,0,0
5,19315,5|19315,0,0,1,0,0,0,0,0,0,0,0,1
5,19316,5|19316,0,0,0,0,0,0,0,0,0,0,0,0
5,19317,5|19317,0,0,0,0,0,0,0,0,0,0,0,0
5,19321,5|19321,0,1,0,0,0,0,0,0,0,0,1,0
5,19322,5|19322,0,49,3,0,0,0,0,0,0,0,49,3
5,19323,5|19323,0,0,0,0,0,0,0,0,0,0,0,0
5,19324,5|19324,0,10,0,0,0,0,0,0,0,0,10,0
5,19423,5|19423,0,138,7,0,0,0,0,0,0,0,138,7
5,19958,5|19958,0,1,0,0,0,0,0,0,0,0,1,0
5,19959,5|19959,0,0,4,0,0,0,0,0,0,0,0,4
5,19964,5|19964,0,7,0,0,0,0,0,0,0,0,7,0
5,20161,5|20161,0,0,0,0,0,0,0,0,0,0,0,0
5,20423,5|20423,0,602,32,0,0,0,0,0,0,0,602,32
5,20441,5|20441,0,0,0,0,0,0,0,0,0,0,0,0
5,20442,5|20442,0,902,48,0,0,0,0,0,0,0,902,48
5,20625,5|20625,0,231,12,0,0,0,0,0,0,0,231,12
5,20626,5|20626,0,1,0,0,0,0,0,0,0,0,1,0
5,20651,5|20651,0,0,0,0,0,0,0,0,0,0,0,0
5,20652,5|20652,0,496,26,0,0,0,0,0,0,0,496,26
5,20856,5|20856,0,0,0,0,0,0,0,0,0,0,0,0
5,20857,5|20857,0,0,0,0,0,0,0,0,0,0,0,0
5,21081,5|21081,0,470,25,0,0,0,0,0,0,0,470,25
5,21238,5|21238,0,0,0,0,0,0,0,0,0,0,0,0
5,21483,5|21483,0,1,0,0,0,0,0,0,0,0,1,0
5,21484,5|21484,0,0,0,0,0,0,0,0,0,0,0,0
5,21485,5|21485,0,1,0,0,0,0,0,0,0,0,1,0
5,21486,5|21486,0,296,16,0,0,0,0,0,0,0,296,16
5,21572,5|21572,0,10,1,0,0,0,0,0,0,0,10,1
5,21700,5|21700,0,13,0,0,0,0,0,0,0,0,13,0
5,21702,5|21702,0,3,0,0,0,0,0,0,0,0,3,0
5,21703,5|21703,0,4,0,0,0,0,0,0,0,0,4,0
5,21707,5|21707,0,0,0,0,0,0,0,0,0,0,0,0
5,21710,5|21710,0,510,27,0,0,0,0,0,0,0,510,27
5,21776,5|21776,0,5,0,0,0,0,0,0,0,0,5,0
5,21777,5|21777,0,257,14,0,0,0,0,0,0,0,257,14
5,21795,5|21795,0,0,5,0,0,0,0,0,0,0,0,5
5,21797,5|21797,0,371,20,0,0,0,0,0,0,0,371,20
5,22047,5|22047,0,0,0,0,0,0,0,0,0,0,0,0
5,22080,5|22080,0,0,0,0,0,0,0,0,0,0,0,0
5,22164,5|22164,0,566,30,0,0,0,0,0,0,0,566,30
5,22165,5|22165,0,4,0,0,0,0,0,0,0,0,4,0
5,22222,5|22222,0,0,0,0,0,0,0,0,0,0,0,0
5,22224,5|22224,0,0,0,0,0,0,0,0,0,0,0,0
5,22289,5|22289,0,550,29,0,0,0,0,0,0,0,550,29
5,22393,5|22393,0,0,0,0,0,0,0,0,0,0,0,0
5,22394,5|22394,0,282,15,0,0,0,0,0,0,0,282,15
5,22469,5|22469,0,105,6,0,0,0,0,0,0,0,105,6
5,22521,5|22521,0,3,0,0,0,0,0,0,0,0,3,0
5,22538,5|22538,0,0,0,0,0,0,0,0,0,0,0,0
5,22596,5|22596,0,273,14,0,0,0,0,0,0,0,273,14
5,22701,5|22701,0,1,0,0,0,0,0,0,0,0,1,0
5,22776,5|22776,0,357,19,0,0,0,0,0,0,0,357,19
5,22777,5|22777,0,1105,58,0,0,0,0,0,0,0,1105,58
5,22778,5|22778,0,504,27,0,0,0,0,0,0,0,504,27
5,22853,5|22853,0,453,24,0,0,0,0,0,0,0,453,24
5,22928,5|22928,0,1,0,0,0,0,0,0,0,0,1,0
5,22937,5|22937,0,0,0,0,0,0,0,0,0,0,0,0
5,22980,5|22980,0,0,0,0,0,0,0,0,0,0,0,0
5,23042,5|23042,0,115,6,0,0,0,0,0,0,0,115,6
5,23228,5|23228,0,0,0,0,0,0,0,0,0,0,0,0
5,23233,5|23233,0,0,0,0,0,0,0,0,0,0,0,0
5,23234,5|23234,0,0,0,0,0,0,0,0,0,0,0,0
5,23235,5|23235,0,0,0,0,0,0,0,0,0,0,0,0
5,23262,5|23262,0,6,0,0,0,0,0,0,0,0,6,0
5,23318,5|23318,0,1,0,0,0,0,0,0,0,0,1,0
5,23319,5|23319,0,151,8,0,0,0,0,0,0,0,151,8
5,23393,5|23393,0,0,0,0,0,0,0,0,0,0,0,0
5,23394,5|23394,0,18,1,0,0,0,0,0,0,0,18,1
5,23395,5|23395,0,8,0,0,0,0,0,0,0,0,8,0
5,23396,5|23396,0,156,8,0,0,0,0,0,0,0,156,8
5,23399,5|23399,0,123,7,0,0,0,0,0,0,0,123,7
5,23401,5|23401,0,2,0,0,0,0,0,0,0,0,2,0
5,23417,5|23417,0,0,0,0,0,0,0,0,0,0,0,0
5,23460,5|23460,0,407,21,0,0,0,0,0,0,0,407,21
5,23461,5|23461,0,151,8,0,0,0,0,0,0,0,151,8
5,23462,5|23462,0,329,17,0,0,0,0,0,0,0,329,17
5,23463,5|23463,0,0,0,0,0,0,0,0,0,0,0,0
5,23464,5|23464,0,0,0,0,0,0,0,0,0,0,0,0
5,23467,5|23467,0,0,0,0,0,0,0,0,0,0,0,0
5,23469,5|23469,0,0,0,0,0,0,0,0,0,0,0,0
5,23470,5|23470,0,0,0,0,0,0,0,0,0,0,0,0
5,23471,5|23471,0,827,44,0,0,0,0,0,0,0,827,44
5,23507,5|23507,0,121,6,0,0,0,0,0,0,0,121,6
5,23509,5|23509,0,141,7,0,0,0,0,0,0,0,141,7
5,23518,5|23518,0,0,1,0,0,0,0,0,0,0,0,1
5,23523,5|23523,0,11,1,0,0,0,0,0,0,0,11,1
5,23525,5|23525,0,12,0,0,0,0,0,0,0,0,12,0
5,23538,5|23538,0,6,0,0,0,0,0,0,0,0,6,0
5,23539,5|23539,0,54,3,0,0,0,0,0,0,0,54,3
5,23603,5|23603,0,0,0,0,0,0,0,0,0,0,0,0
5,23711,5|23711,0,97,5,0,0,0,0,0,0,0,97,5
5,23745,5|23745,0,884,47,0,0,0,0,0,0,0,884,47
5,23749,5|23749,0,0,0,0,0,0,0,0,0,0,0,0
5,23800,5|23800,0,0,0,0,0,0,0,0,0,0,0,0
5,23809,5|23809,0,1,0,0,0,0,0,0,0,0,1,0
5,23812,5|23812,0,0,0,0,0,0,0,0,0,0,0,0
5,23813,5|23813,0,0,0,0,0,0,0,0,0,0,0,0
5,23815,5|23815,0,0,0,0,0,0,0,0,0,0,0,0
5,23816,5|23816,0,0,4,0,0,0,0,0,0,0,0,4
5,23817,5|23817,0,1,0,0,0,0,0,0,0,0,1,0
5,23823,5|23823,0,132,7,0,0,0,0,0,0,0,132,7
5,23824,5|23824,0,71,4,0,0,0,0,0,0,0,71,4
5,23895,5|23895,0,46,2,0,0,0,0,0,0,0,46,2
5,23896,5|23896,0,39,2,0,0,0,0,0,0,0,39,2
5,23967,5|23967,0,1,0,0,0,0,0,0,0,0,1,0
5,23968,5|23968,0,2,0,0,0,0,0,0,0,0,2,0
5,23969,5|23969,0,856,45,0,0,0,0,0,0,0,856,45
5,23973,5|23973,0,49,3,0,0,0,0,0,0,0,49,3
5,23976,5|23976,0,1,0,0,0,0,0,0,0,0,1,0
5,23978,5|23978,0,0,0,0,0,0,0,0,0,0,0,0
5,23979,5|23979,0,0,0,0,0,0,0,0,0,0,0,0
5,23980,5|23980,0,0,1,0,0,0,0,0,0,0,0,1
5,23981,5|23981,0,143,8,0,0,0,0,0,0,0,143,8
5,23986,5|23986,0,0,0,0,0,0,0,0,0,0,0,0
5,23987,5|23987,0,17,0,0,0,0,0,0,0,0,17,0
5,23989,5|23989,0,17,0,0,0,0,0,0,0,0,17,0
5,23990,5|23990,0,1,0,0,0,0,0,0,0,0,1,0
5,23991,5|23991,0,2,0,0,0,0,0,0,0,0,2,0
5,23992,5|23992,0,4,0,0,0,0,0,0,0,0,4,0
5,23993,5|23993,0,0,0,0,0,0,0,0,0,0,0,0
5,23994,5|23994,0,0,0,0,0,0,0,0,0,0,0,0
5,23996,5|23996,0,0,0,0,0,0,0,0,0,0,0,0
5,23997,5|23997,0,1,0,0,0,0,0,0,0,0,1,0
5,23998,5|23998,0,0,0,0,0,0,0,0,0,0,0,0
5,23999,5|23999,0,0,0,0,0,0,0,0,0,0,0,0
5,24000,5|24000,0,0,0,0,0,0,0,0,0,0,0,0
5,24002,5|24002,0,0,0,0,0,0,0,0,0,0,0,0
5,24003,5|24003,0,0,0,0,0,0,0,0,0,0,0,0
5,24004,5|24004,0,1,0,0,0,0,0,0,0,0,1,0
5,24005,5|24005,0,1,0,0,0,0,0,0,0,0,1,0
5,24006,5|24006,0,0,0,0,0,0,0,0,0,0,0,0
5,24008,5|24008,0,1,0,0,0,0,0,0,0,0,1,0
5,24010,5|24010,0,0,2,0,0,0,0,0,0,0,0,2
5,24011,5|24011,0,0,5,0,0,0,0,0,0,0,0,5
5,24013,5|24013,0,1,0,0,0,0,0,0,0,0,1,0
5,24014,5|24014,0,0,0,0,0,0,0,0,0,0,0,0
5,24015,5|24015,0,0,0,0,0,0,0,0,0,0,0,0
5,24017,5|24017,0,287,15,0,0,0,0,0,0,0,287,15
5,24064,5|24064,0,178,9,0,0,0,0,0,0,0,178,9
5,24174,5|24174,0,0,3,0,0,0,0,0,0,0,0,3
5,24175,5|24175,0,0,0,0,0,0,0,0,0,0,0,0
5,24176,5|24176,0,2,0,0,0,0,0,0,0,0,2,0
5,24177,5|24177,0,0,0,0,0,0,0,0,0,0,0,0
5,24190,5|24190,0,0,0,0,0,0,0,0,0,0,0,0
5,24195,5|24195,0,6,0,0,0,0,0,0,0,0,6,0
5,24196,5|24196,0,31,2,0,0,0,0,0,0,0,31,2
5,24207,5|24207,0,0,0,0,0,0,0,0,0,0,0,0
5,24218,5|24218,0,50,0,0,0,0,0,0,0,0,50,0
5,24219,5|24219,0,3,0,0,0,0,0,0,0,0,3,0
5,24220,5|24220,0,0,0,0,0,0,0,0,0,0,0,0
5,24223,5|24223,0,12,0,0,0,0,0,0,0,0,12,0
5,24224,5|24224,0,410,22,0,0,0,0,0,0,0,410,22
5,24226,5|24226,0,127,7,0,0,0,0,0,0,0,127,7
5,24227,5|24227,0,122,6,0,0,0,0,0,0,0,122,6
5,24376,5|24376,0,0,0,0,0,0,0,0,0,0,0,0
5,24389,5|24389,0,5,0,0,0,0,0,0,0,0,5,0
5,24390,5|24390,0,0,0,0,0,0,0,0,0,0,0,0
5,24391,5|24391,0,0,0,0,0,0,0,0,0,0,0,0
5,24392,5|24392,0,0,0,0,0,0,0,0,0,0,0,0
5,24408,5|24408,0,1883,99,0,0,0,0,0,0,0,1883,99
5,24409,5|24409,0,116,6,0,0,0,0,0,0,0,116,6
5,24410,5|24410,0,129,7,0,0,0,0,0,0,0,129,7
5,24411,5|24411,0,138,7,0,0,0,0,0,0,0,138,7
5,24412,5|24412,0,123,7,0,0,0,0,0,0,0,123,7
5,24458,5|24458,0,0,0,0,0,0,0,0,0,0,0,0
5,24459,5|24459,0,986,52,0,0,0,0,0,0,0,986,52
5,24710,5|24710,0,0,0,0,0,0,0,0,0,0,0,0
5,24791,5|24791,0,2,0,0,0,0,0,0,0,0,2,0
5,24792,5|24792,0,0,0,0,0,0,0,0,0,0,0,0
5,24793,5|24793,0,0,0,0,0,0,0,0,0,0,0,0
5,24794,5|24794,0,1024,54,0,0,0,0,0,0,0,1024,54
5,24795,5|24795,0,0,0,0,0,0,0,0,0,0,0,0
5,24796,5|24796,0,0,0,0,0,0,0,0,0,0,0,0
5,24797,5|24797,0,1,0,0,0,0,0,0,0,0,1,0
5,24798,5|24798,0,0,0,0,0,0,0,0,0,0,0,0
5,24799,5|24799,0,0,0,0,0,0,0,0,0,0,0,0
5,24800,5|24800,0,0,0,0,0,0,0,0,0,0,0,0
5,24801,5|24801,0,0,0,0,0,0,0,0,0,0,0,0
5,24802,5|24802,0,419,22,0,0,0,0,0,0,0,419,22
5,24803,5|24803,0,2,0,0,0,0,0,0,0,0,2,0
5,24804,5|24804,0,0,0,0,0,0,0,0,0,0,0,0
5,24805,5|24805,0,657,35,0,0,0,0,0,0,0,657,35
5,24806,5|24806,0,559,29,0,0,0,0,0,0,0,559,29
5,24807,5|24807,0,3,0,0,0,0,0,0,0,0,3,0
5,24808,5|24808,0,0,0,0,0,0,0,0,0,0,0,0
5,24810,5|24810,0,0,5,0,0,0,0,0,0,0,0,5
5,24811,5|24811,0,437,23,0,0,0,0,0,0,0,437,23
5,24812,5|24812,0,0,0,0,0,0,0,0,0,0,0,0
5,24813,5|24813,0,1,0,0,0,0,0,0,0,0,1,0
5,24814,5|24814,0,0,0,0,0,0,0,0,0,0,0,0
5,24815,5|24815,0,0,0,0,0,0,0,0,0,0,0,0
5,24816,5|24816,0,0,0,0,0,0,0,0,0,0,0,0
5,24825,5|24825,0,1,0,0,0,0,0,0,0,0,1,0
5,24826,5|24826,0,0,0,0,0,0,0,0,0,0,0,0
5,24845,5|24845,0,0,0,0,0,0,0,0,0,0,0,0
5,24846,5|24846,0,0,0,0,0,0,0,0,0,0,0,0
5,25025,5|25025,0,0,0,0,0,0,0,0,0,0,0,0
5,25114,5|25114,0,0,0,0,0,0,0,0,0,0,0,0
5,25115,5|25115,0,0,0,0,0,0,0,0,0,0,0,0
5,25116,5|25116,0,0,0,0,0,0,0,0,0,0,0,0
5,25267,5|25267,0,0,0,0,0,0,0,0,0,0,0,0
5,25268,5|25268,0,0,0,0,0,0,0,0,0,0,0,0
5,25269,5|25269,0,0,0,0,0,0,0,0,0,0,0,0
5,25270,5|25270,0,0,0,0,0,0,0,0,0,0,0,0
5,25271,5|25271,0,0,0,0,0,0,0,0,0,0,0,0
5,25272,5|25272,0,0,0,0,0,0,0,0,0,0,0,0
5,25273,5|25273,0,0,0,0,0,0,0,0,0,0,0,0
5,25274,5|25274,0,118,6,0,0,0,0,0,0,0,118,6
5,25275,5|25275,0,0,0,0,0,0,0,0,0,0,0,0
5,25276,5|25276,0,0,0,0,0,0,0,0,0,0,0,0
5,25277,5|25277,0,0,2,0,0,0,0,0,0,0,0,2
5,25278,5|25278,0,0,0,0,0,0,0,0,0,0,0,0
5,25279,5|25279,0,0,0,0,0,0,0,0,0,0,0,0
5,25280,5|25280,0,0,0,0,0,0,0,0,0,0,0,0
5,25281,5|25281,0,0,0,0,0,0,0,0,0,0,0,0
5,25282,5|25282,0,0,0,0,0,0,0,0,0,0,0,0
5,25362,5|25362,0,0,0,0,0,0,0,0,0,0,0,0
5,25363,5|25363,0,0,0,0,0,0,0,0,0,0,0,0
5,25364,5|25364,0,0,0,0,0,0,0,0,0,0,0,0
5,25365,5|25365,0,0,0,0,0,0,0,0,0,0,0,0
5,25366,5|25366,0,0,0,0,0,0,0,0,0,0,0,0
5,25367,5|25367,0,0,0,0,0,0,0,0,0,0,0,0
5,25374,5|25374,0,0,0,0,0,0,0,0,0,0,0,0
5,25375,5|25375,0,0,0,0,0,0,0,0,0,0,0,0
5,25376,5|25376,0,0,0,0,0,0,0,0,0,0,0,0
5,25378,5|25378,0,0,0,0,0,0,0,0,0,0,0,0
5,25379,5|25379,0,0,0,0,0,0,0,0,0,0,0,0
5,25380,5|25380,0,0,0,0,0,0,0,0,0,0,0,0
5,25393,5|25393,0,0,0,0,0,0,0,0,0,0,0,0
5,25394,5|25394,0,0,0,0,0,0,0,0,0,0,0,0
5,25395,5|25395,0,0,0,0,0,0,0,0,0,0,0,0
5,25401,5|25401,0,0,0,0,0,0,0,0,0,0,0,0
5,25402,5|25402,0,0,0,0,0,0,0,0,0,0,0,0
5,25403,5|25403,0,0,0,0,0,0,0,0,0,0,0,0
5,25404,5|25404,0,0,0,0,0,0,0,0,0,0,0,0
5,25405,5|25405,0,0,0,0,0,0,0,0,0,0,0,0
5,25407,5|25407,0,0,0,0,0,0,0,0,0,0,0,0
5,25408,5|25408,0,0,0,0,0,0,0,0,0,0,0,0
5,25409,5|25409,0,0,0,0,0,0,0,0,0,0,0,0
5,25410,5|25410,0,0,0,0,0,0,0,0,0,0,0,0
5,25446,5|25446,0,0,0,0,0,0,0,0,0,0,0,0
5,25571,5|25571,0,781,41,0,0,0,0,0,0,0,781,41
5,25572,5|25572,0,0,0,0,0,0,0,0,0,0,0,0
5,25573,5|25573,0,0,0,0,0,0,0,0,0,0,0,0
5,25582,5|25582,0,0,0,0,0,0,0,0,0,0,0,0
5,25606,5|25606,0,0,3,0,0,0,0,0,0,0,0,3
5,25607,5|25607,0,0,1,0,0,0,0,0,0,0,0,1
5,25608,5|25608,0,0,0,0,0,0,0,0,0,0,0,0
5,25611,5|25611,0,0,0,0,0,0,0,0,0,0,0,0
5,25620,5|25620,0,0,0,0,0,0,0,0,0,0,0,0
5,25660,5|25660,0,0,0,0,0,0,0,0,0,0,0,0
5,25662,5|25662,0,355,19,0,0,0,0,0,0,0,355,19
5,25663,5|25663,0,380,20,0,0,0,0,0,0,0,380,20
5,25664,5|25664,0,500,26,0,0,0,0,0,0,0,500,26
5,25665,5|25665,0,0,0,0,0,0,0,0,0,0,0,0
5,25666,5|25666,0,0,1,0,0,0,0,0,0,0,0,1
5,25667,5|25667,0,0,0,0,0,0,0,0,0,0,0,0
5,26001,5|26001,0,0,0,0,0,0,0,0,0,0,0,0
5,26018,5|26018,0,750,40,0,0,0,0,0,0,0,750,40
5,26020,5|26020,0,0,0,0,0,0,0,0,0,0,0,0
5,26106,5|26106,0,0,4,0,0,0,0,0,0,0,0,4
5,26227,5|26227,0,0,0,0,0,0,0,0,0,0,0,0
5,26299,5|26299,0,0,0,0,0,0,0,0,0,0,0,0
5,26735,5|26735,0,0,0,0,0,0,0,0,0,0,0,0
5,26783,5|26783,0,0,0,0,0,0,0,0,0,0,0,0
5,26784,5|26784,0,0,0,0,0,0,0,0,0,0,0,0
5,26785,5|26785,0,0,0,0,0,0,0,0,0,0,0,0
5,26786,5|26786,0,0,0,0,0,0,0,0,0,0,0,0
5,26787,5|26787,0,0,0,0,0,0,0,0,0,0,0,0
5,26788,5|26788,0,0,0,0,0,0,0,0,0,0,0,0
5,26853,5|26853,0,0,0,0,0,0,0,0,0,0,0,0
5,27281,5|27281,0,0,0,0,0,0,0,0,0,0,0,0
5,27282,5|27282,0,0,0,0,0,0,0,0,0,0,0,0
5,27283,5|27283,0,0,0,0,0,0,0,0,0,0,0,0
5,27284,5|27284,0,0,0,0,0,0,0,0,0,0,0,0
5,27285,5|27285,0,0,0,0,0,0,0,0,0,0,0,0
5,27286,5|27286,0,0,0,0,0,0,0,0,0,0,0,0
5,27287,5|27287,0,0,0,0,0,0,0,0,0,0,0,0
5,27288,5|27288,0,0,4,0,0,0,0,0,0,0,0,4
5,27356,5|27356,0,0,0,0,0,0,0,0,0,0,0,0
5,27357,5|27357,0,136,7,0,0,0,0,0,0,0,136,7
5,27360,5|27360,0,666,35,0,0,0,0,0,0,0,666,35
5,27361,5|27361,0,547,29,0,0,0,0,0,0,0,547,29
5,27362,5|27362,0,0,0,0,0,0,0,0,0,0,0,0
5,27674,5|27674,0,304,16,0,0,0,0,0,0,0,304,16
5,27675,5|27675,0,209,11,0,0,0,0,0,0,0,209,11
5,27711,5|27711,0,0,3,0,0,0,0,0,0,0,0,3
5,27762,5|27762,0,0,0,0,0,0,0,0,0,0,0,0
5,27765,5|27765,0,110,6,0,0,0,0,0,0,0,110,6
5,27766,5|27766,0,0,0,0,0,0,0,0,0,0,0,0
5,27848,5|27848,0,0,0,0,0,0,0,0,0,0,0,0
5,27849,5|27849,0,0,0,0,0,0,0,0,0,0,0,0
5,27850,5|27850,0,0,0,0,0,0,0,0,0,0,0,0
5,27852,5|27852,0,0,0,0,0,0,0,0,0,0,0,0
5,27854,5|27854,0,0,0,0,0,0,0,0,0,0,0,0
5,27894,5|27894,0,0,0,0,0,0,0,0,0,0,0,0
5,27895,5|27895,0,0,0,0,0,0,0,0,0,0,0,0
5,27896,5|27896,0,0,0,0,0,0,0,0,0,0,0,0
5,28083,5|28083,0,0,0,0,0,0,0,0,0,0,0,0
5,28085,5|28085,0,0,0,0,0,0,0,0,0,0,0,0
5,28087,5|28087,0,0,0,0,0,0,0,0,0,0,0,0
5,28088,5|28088,0,0,0,0,0,0,0,0,0,0,0,0
5,28093,5|28093,0,0,0,0,0,0,0,0,0,0,0,0
5,28094,5|28094,0,0,0,0,0,0,0,0,0,0,0,0
5,28095,5|28095,0,0,0,0,0,0,0,0,0,1,0,-1
5,28198,5|28198,0,0,0,0,0,0,0,0,0,0,0,0
5,28240,5|28240,0,0,0,0,0,0,0,0,0,0,0,0
5,28241,5|28241,0,0,0,0,0,0,0,0,0,0,0,0
5,28242,5|28242,0,0,0,0,0,0,0,0,0,0,0,0
5,28243,5|28243,0,0,0,0,0,0,0,0,0,0,0,0
5,28244,5|28244,0,0,0,0,0,0,0,0,0,0,0,0
5,28245,5|28245,0,0,0,0,0,0,0,0,0,0,0,0
5,28246,5|28246,0,0,0,0,0,0,0,0,0,0,0,0
5,28247,5|28247,0,0,0,0,0,0,0,0,0,0,0,0
5,28248,5|28248,0,0,0,0,0,0,0,0,0,0,0,0
5,28249,5|28249,0,0,0,0,0,0,0,0,0,0,0,0
5,28250,5|28250,0,0,0,0,0,0,0,0,0,0,0,0
5,28251,5|28251,0,0,0,0,0,0,0,0,0,0,0,0
5,28252,5|28252,0,0,0,0,0,0,0,0,0,0,0,0
5,28253,5|28253,0,0,0,0,0,0,0,0,0,0,0,0
5,28254,5|28254,0,0,0,0,0,0,0,0,0,0,0,0
5,28255,5|28255,0,0,0,0,0,0,0,0,0,0,0,0
5,28256,5|28256,0,0,0,0,0,0,0,0,0,0,0,0
5,28257,5|28257,0,0,0,0,0,0,0,0,0,0,0,0
5,28258,5|28258,0,0,0,0,0,0,0,0,0,0,0,0
5,28259,5|28259,0,0,0,0,0,0,0,0,0,0,0,0
5,28260,5|28260,0,0,0,0,0,0,0,0,0,0,0,0
5,28261,5|28261,0,0,0,0,0,0,0,0,0,0,0,0
5,28262,5|28262,0,0,0,0,0,0,0,0,0,0,0,0
5,28263,5|28263,0,0,0,0,0,0,0,0,0,0,0,0
5,28264,5|28264,0,0,0,0,0,0,0,0,0,0,0,0
5,28265,5|28265,0,0,0,0,0,0,0,0,0,0,0,0
5,28266,5|28266,0,0,0,0,0,0,0,0,0,0,0,0
5,28267,5|28267,0,0,0,0,0,0,0,0,0,0,0,0
5,28268,5|28268,0,0,0,0,0,0,0,0,0,0,0,0
5,28269,5|28269,0,0,0,0,0,0,0,0,0,0,0,0
5,28270,5|28270,0,0,0,0,0,0,0,0,0,0,0,0
5,28271,5|28271,0,0,0,0,0,0,0,0,0,0,0,0
5,28272,5|28272,0,0,0,0,0,0,0,0,0,0,0,0
5,28273,5|28273,0,0,0,0,0,0,0,0,0,0,0,0
5,28274,5|28274,0,0,0,0,0,0,0,0,0,0,0,0
5,28276,5|28276,0,0,0,0,0,0,0,0,0,0,0,0
5,28280,5|28280,0,0,0,0,0,0,0,0,0,0,0,0
5,28285,5|28285,0,0,0,0,0,0,0,0,0,0,0,0
5,28286,5|28286,0,0,0,0,0,0,0,0,0,0,0,0
5,28287,5|28287,0,0,0,0,0,0,0,0,0,0,0,0
5,28289,5|28289,0,0,0,0,0,0,0,0,0,0,0,0
5,28290,5|28290,0,0,0,0,0,0,0,0,0,0,0,0
5,28291,5|28291,0,0,0,0,0,0,0,0,0,0,0,0
5,28292,5|28292,0,0,0,0,0,0,0,0,0,0,0,0
5,28299,5|28299,0,0,0,0,0,0,0,0,0,0,0,0
5,28301,5|28301,0,0,0,0,0,0,0,0,0,0,0,0
5,28303,5|28303,0,0,0,0,0,0,0,0,0,0,0,0
5,28305,5|28305,0,0,0,0,0,0,0,0,0,0,0,0
5,28310,5|28310,0,0,4,0,0,0,0,0,0,0,0,4
5,28311,5|28311,0,0,0,0,0,0,0,0,0,0,0,0
5,28314,5|28314,0,0,0,0,0,0,0,0,0,0,0,0
5,28319,5|28319,0,0,0,0,0,0,0,0,0,0,0,0
5,28321,5|28321,0,0,0,0,0,0,0,0,0,0,0,0
5,28322,5|28322,0,0,0,0,0,0,0,0,0,0,0,0
5,28330,5|28330,0,0,0,0,0,0,0,0,0,0,0,0
5,28331,5|28331,0,0,0,0,0,0,0,0,0,0,0,0
5,28334,5|28334,0,0,0,0,0,0,0,0,0,0,0,0
5,28336,5|28336,0,0,0,0,0,0,0,0,0,0,0,0
5,28337,5|28337,0,0,0,0,0,0,0,0,0,0,0,0
5,28338,5|28338,0,0,0,0,0,0,0,0,0,0,0,0
5,28340,5|28340,0,0,0,0,0,0,0,0,0,0,0,0
5,28342,5|28342,0,0,0,0,0,0,0,0,0,0,0,0
5,28343,5|28343,0,0,0,0,0,0,0,0,0,0,0,0
5,28344,5|28344,0,0,0,0,0,0,0,0,0,0,0,0
5,28345,5|28345,0,0,0,0,0,0,0,0,0,0,0,0
5,28347,5|28347,0,0,0,0,0,0,0,0,0,0,0,0
5,28348,5|28348,0,0,0,0,0,0,0,0,0,0,0,0
5,28349,5|28349,0,0,0,0,0,0,0,0,0,0,0,0
5,28385,5|28385,0,0,0,0,0,0,0,0,0,0,0,0
5,28386,5|28386,0,0,0,0,0,0,0,0,0,0,0,0
5,28387,5|28387,0,0,0,0,0,0,0,0,0,0,0,0
5,28395,5|28395,0,0,0,0,0,0,0,0,0,0,0,0
5,28396,5|28396,0,0,0,0,0,0,0,0,0,0,0,0
5,28397,5|28397,0,0,0,0,0,0,0,0,0,0,0,0
5,28398,5|28398,0,0,0,0,0,0,0,0,0,0,0,0
5,28402,5|28402,0,0,0,0,0,0,0,0,0,0,0,0
5,28403,5|28403,0,0,0,0,0,0,0,0,0,0,0,0
5,28404,5|28404,0,0,0,0,0,0,0,0,0,0,0,0
5,28405,5|28405,0,0,0,0,0,0,0,0,0,0,0,0
5,28407,5|28407,0,0,0,0,0,0,0,0,0,0,0,0
5,28408,5|28408,0,0,0,0,0,0,0,0,0,0,0,0
5,28409,5|28409,0,0,0,0,0,0,0,0,0,0,0,0
5,28410,5|28410,0,0,0,0,0,0,0,0,0,0,0,0
5,28411,5|28411,0,0,0,0,0,0,0,0,0,0,0,0
5,28423,5|28423,0,0,0,0,0,0,0,0,0,0,0,0
5,28715,5|28715,0,0,0,0,0,0,0,0,0,0,0,0
5,28723,5|28723,0,0,0,0,0,0,0,0,0,0,0,0
5,28725,5|28725,0,0,0,0,0,0,0,0,0,0,0,0
5,28726,5|28726,0,0,0,0,0,0,0,0,0,0,0,0
5,28741,5|28741,0,0,0,0,0,0,0,0,0,0,0,0
5,28744,5|28744,0,0,0,0,0,0,0,0,0,3,0,-3
5,28745,5|28745,0,0,0,0,0,0,0,0,0,0,0,0
5,28746,5|28746,0,0,0,0,0,0,0,0,0,0,0,0
5,28757,5|28757,0,0,0,0,0,0,0,0,0,0,0,0
5,28764,5|28764,0,0,0,0,0,0,0,0,0,0,0,0
5,28774,5|28774,0,0,0,0,0,0,0,0,0,0,0,0
5,28784,5|28784,0,0,0,0,0,0,0,0,0,0,0,0
5,28791,5|28791,0,0,0,0,0,0,0,0,0,0,0,0
5,28793,5|28793,0,0,0,0,0,0,0,0,0,0,0,0
5,28794,5|28794,0,0,0,0,0,0,0,0,0,0,0,0
5,28795,5|28795,0,0,0,0,0,0,0,0,0,0,0,0
5,28796,5|28796,0,0,0,0,0,0,0,0,0,0,0,0
5,28800,5|28800,0,0,0,0,0,0,0,0,0,0,0,0
5,28803,5|28803,0,0,0,0,0,0,0,0,0,0,0,0
5,28804,5|28804,0,0,0,0,0,0,0,0,0,0,0,0
5,28814,5|28814,0,0,0,0,0,0,0,0,0,0,0,0
5,28815,5|28815,0,0,0,0,0,0,0,0,0,0,0,0
5,28816,5|28816,0,0,0,0,0,0,0,0,0,0,0,0
5,28820,5|28820,0,0,0,0,0,0,0,0,0,0,0,0
5,28829,5|28829,0,0,0,0,0,0,0,0,0,0,0,0
5,28830,5|28830,0,0,5,0,0,0,0,0,0,0,0,5
5,28831,5|28831,0,0,0,0,0,0,0,0,0,0,0,0
5,28832,5|28832,0,0,0,0,0,0,0,0,0,0,0,0
5,28834,5|28834,0,0,0,0,0,0,0,0,0,0,0,0
5,28835,5|28835,0,0,0,0,0,0,0,0,0,0,0,0
5,28838,5|28838,0,0,0,0,0,0,0,0,0,0,0,0
5,28847,5|28847,0,0,0,0,0,0,0,0,0,0,0,0
5,28848,5|28848,0,0,0,0,0,0,0,0,0,0,0,0
5,28851,5|28851,0,0,0,0,0,0,0,0,0,0,0,0
5,28852,5|28852,0,0,0,0,0,0,0,0,0,0,0,0
5,28859,5|28859,0,0,0,0,0,0,0,0,0,0,0,0
5,28862,5|28862,0,0,0,0,0,0,0,0,0,0,0,0
5,28863,5|28863,0,0,0,0,0,0,0,0,0,0,0,0
5,28864,5|28864,0,0,2,0,0,0,0,0,0,0,0,2
5,28865,5|28865,0,0,0,0,0,0,0,0,0,0,0,0
5,28866,5|28866,0,0,0,0,0,0,0,0,0,0,0,0
5,28869,5|28869,0,0,0,0,0,0,0,0,0,0,0,0
5,28872,5|28872,0,0,0,0,0,0,0,0,0,0,0,0
5,28886,5|28886,0,0,0,0,0,0,0,0,0,0,0,0
5,28889,5|28889,0,0,0,0,0,0,0,0,0,0,0,0
5,28895,5|28895,0,0,0,0,0,0,0,0,0,0,0,0
5,28897,5|28897,0,0,0,0,0,0,0,0,0,0,0,0
5,28898,5|28898,0,0,0,0,0,0,0,0,0,0,0,0
5,28899,5|28899,0,0,0,0,0,0,0,0,0,0,0,0
5,28900,5|28900,0,0,0,0,0,0,0,0,0,0,0,0
5,28910,5|28910,0,0,0,0,0,0,0,0,0,0,0,0
5,28918,5|28918,0,0,0,0,0,0,0,0,0,0,0,0
5,28919,5|28919,0,0,0,0,0,0,0,0,0,0,0,0
5,28920,5|28920,0,0,0,0,0,0,0,0,0,0,0,0
5,28928,5|28928,0,0,0,0,0,0,0,0,0,0,0,0
5,28931,5|28931,0,0,0,0,0,0,0,0,0,0,0,0
5,28934,5|28934,0,0,0,0,0,0,0,0,0,0,0,0
5,28935,5|28935,0,0,0,0,0,0,0,0,0,0,0,0
5,28940,5|28940,0,0,0,0,0,0,0,0,0,0,0,0
5,28944,5|28944,0,0,0,0,0,0,0,0,0,0,0,0
5,28949,5|28949,0,0,0,0,0,0,0,0,0,0,0,0
5,28956,5|28956,0,0,0,0,0,0,0,0,0,0,0,0
5,28963,5|28963,0,0,0,0,0,0,0,0,0,0,0,0
5,28968,5|28968,0,0,0,0,0,0,0,0,0,0,0,0
5,28969,5|28969,0,0,0,0,0,0,0,0,0,0,0,0
5,28977,5|28977,0,0,0,0,0,0,0,0,0,0,0,0
5,28978,5|28978,0,0,0,0,0,0,0,0,0,0,0,0
5,28979,5|28979,0,0,0,0,0,0,0,0,0,0,0,0
5,28980,5|28980,0,0,0,0,0,0,0,0,0,0,0,0
5,28982,5|28982,0,0,0,0,0,0,0,0,0,0,0,0
5,28990,5|28990,0,0,0,0,0,0,0,0,0,0,0,0
5,28995,5|28995,0,0,0,0,0,0,0,0,0,0,0,0
5,28996,5|28996,0,0,0,0,0,0,0,0,0,0,0,0
5,28997,5|28997,0,0,0,0,0,0,0,0,0,0,0,0
5,29003,5|29003,0,0,0,0,0,0,0,0,0,0,0,0
5,29005,5|29005,0,0,0,0,0,0,0,0,0,0,0,0
5,29006,5|29006,0,0,0,0,0,0,0,0,0,0,0,0
5,29007,5|29007,0,0,0,0,0,0,0,0,0,0,0,0
5,29008,5|29008,0,0,0,0,0,0,0,0,0,0,0,0
5,29010,5|29010,0,0,0,0,0,0,0,0,0,0,0,0
5,29011,5|29011,0,0,0,0,0,0,0,0,0,0,0,0
5,29012,5|29012,0,0,0,0,0,0,0,0,0,0,0,0
5,29016,5|29016,0,0,0,0,0,0,0,0,0,0,0,0
5,29018,5|29018,0,0,0,0,0,0,0,0,0,0,0,0
5,29019,5|29019,0,0,0,0,0,0,0,0,0,0,0,0
5,29024,5|29024,0,0,0,0,0,0,0,0,0,0,0,0
5,29026,5|29026,0,0,0,0,0,0,0,0,0,0,0,0
5,29029,5|29029,0,0,0,0,0,0,0,0,0,0,0,0
5,29030,5|29030,0,0,0,0,0,0,0,0,0,0,0,0
5,29033,5|29033,0,0,0,0,0,0,0,0,0,0,0,0
5,29034,5|29034,0,0,0,0,0,0,0,0,0,0,0,0
5,29036,5|29036,0,0,0,0,0,0,0,0,0,0,0,0
5,29037,5|29037,0,0,0,0,0,0,0,0,0,0,0,0
5,29038,5|29038,0,0,0,0,0,0,0,0,0,0,0,0
5,29039,5|29039,0,0,0,0,0,0,0,0,0,0,0,0
5,29040,5|29040,0,0,0,0,0,0,0,0,0,0,0,0
5,29045,5|29045,0,0,0,0,0,0,0,0,0,0,0,0
5,29047,5|29047,0,0,0,0,0,0,0,0,0,0,0,0
5,29048,5|29048,0,0,0,0,0,0,0,0,0,0,0,0
5,29051,5|29051,0,0,0,0,0,0,0,0,0,0,0,0
5,29055,5|29055,0,0,0,0,0,0,0,0,0,0,0,0
5,29062,5|29062,0,0,0,0,0,0,0,0,0,0,0,0
5,29065,5|29065,0,0,0,0,0,0,0,0,0,0,0,0
5,29067,5|29067,0,0,0,0,0,0,0,0,0,0,0,0
5,29071,5|29071,0,0,0,0,0,0,0,0,0,0,0,0
5,29073,5|29073,0,0,0,0,0,0,0,0,0,0,0,0
5,29077,5|29077,0,0,0,0,0,0,0,0,0,0,0,0
5,29078,5|29078,0,0,0,0,0,0,0,0,0,0,0,0
5,29081,5|29081,0,0,0,0,0,0,0,0,0,0,0,0
5,29083,5|29083,0,0,0,0,0,0,0,0,0,0,0,0
5,29088,5|29088,0,0,0,0,0,0,0,0,0,0,0,0
5,29090,5|29090,0,0,0,0,0,0,0,0,0,0,0,0
5,29092,5|29092,0,0,0,0,0,0,0,0,0,0,0,0
5,29094,5|29094,0,0,0,0,0,0,0,0,0,0,0,0
5,29095,5|29095,0,0,0,0,0,0,0,0,0,0,0,0
5,29099,5|29099,0,0,0,0,0,0,0,0,0,0,0,0
5,29100,5|29100,0,0,0,0,0,0,0,0,0,0,0,0
5,29101,5|29101,0,0,0,0,0,0,0,0,0,0,0,0
5,29102,5|29102,0,0,0,0,0,0,0,0,0,0,0,0
5,29103,5|29103,0,0,0,0,0,0,0,0,0,0,0,0
5,29109,5|29109,0,0,0,0,0,0,0,0,0,0,0,0
5,29115,5|29115,0,0,0,0,0,0,0,0,0,0,0,0
5,29119,5|29119,0,0,0,0,0,0,0,0,0,0,0,0
5,29120,5|29120,0,0,0,0,0,0,0,0,0,0,0,0
5,29121,5|29121,0,0,0,0,0,0,0,0,0,0,0,0
5,29124,5|29124,0,0,0,0,0,0,0,0,0,0,0,0
5,29125,5|29125,0,0,0,0,0,0,0,0,0,0,0,0
5,29128,5|29128,0,0,0,0,0,0,0,0,0,0,0,0
5,29133,5|29133,0,0,0,0,0,0,0,0,0,0,0,0
5,29135,5|29135,0,0,0,0,0,0,0,0,0,0,0,0
5,29136,5|29136,0,0,0,0,0,0,0,0,0,0,0,0
5,29137,5|29137,0,0,0,0,0,0,0,0,0,0,0,0
5,29140,5|29140,0,0,0,0,0,0,0,0,0,0,0,0
5,29142,5|29142,0,0,0,0,0,0,0,0,0,0,0,0
5,29145,5|29145,0,0,0,0,0,0,0,0,0,0,0,0
5,29151,5|29151,0,0,0,0,0,0,0,0,0,0,0,0
5,29152,5|29152,0,0,0,0,0,0,0,0,0,0,0,0
5,29163,5|29163,0,0,0,0,0,0,0,0,0,0,0,0
5,29166,5|29166,0,0,0,0,0,0,0,0,0,0,0,0
5,29169,5|29169,0,0,0,0,0,0,0,0,0,0,0,0
5,29171,5|29171,0,0,0,0,0,0,0,0,0,0,0,0
5,29175,5|29175,0,0,0,0,0,0,0,0,0,0,0,0
5,29179,5|29179,0,0,0,0,0,0,0,0,0,0,0,0
5,29180,5|29180,0,0,0,0,0,0,0,0,0,0,0,0
5,29183,5|29183,0,0,0,0,0,0,0,0,0,0,0,0
5,29188,5|29188,0,0,0,0,0,0,0,0,0,0,0,0
5,29189,5|29189,0,0,0,0,0,0,0,0,0,0,0,0
5,29190,5|29190,0,0,0,0,0,0,0,0,0,0,0,0
5,29192,5|29192,0,0,0,0,0,0,0,0,0,0,0,0
5,29199,5|29199,0,0,0,0,0,0,0,0,0,0,0,0
5,29200,5|29200,0,0,0,0,0,0,0,0,0,0,0,0
5,29222,5|29222,0,0,0,0,0,0,0,0,0,0,0,0
5,29229,5|29229,0,0,0,0,0,0,0,0,0,0,0,0
5,29236,5|29236,0,0,0,0,0,0,0,0,0,0,0,0
5,29238,5|29238,0,0,0,0,0,0,0,0,0,0,0,0
5,29248,5|29248,0,0,0,0,0,0,0,0,0,0,0,0
5,29252,5|29252,0,0,0,0,0,0,0,0,0,0,0,0
5,29301,5|29301,0,0,0,0,0,0,0,0,0,0,0,0
5,29302,5|29302,0,0,0,0,0,0,0,0,0,0,0,0
5,29307,5|29307,0,0,0,0,0,0,0,0,0,0,0,0
5,29309,5|29309,0,0,0,0,0,0,0,0,0,0,0,0
5,29313,5|29313,0,0,0,0,0,0,0,0,0,0,0,0
5,29314,5|29314,0,0,0,0,0,0,0,0,0,0,0,0
5,29316,5|29316,0,0,0,0,0,0,0,0,0,0,0,0
5,29317,5|29317,0,0,0,0,0,0,0,0,0,0,0,0
5,29318,5|29318,0,0,0,0,0,0,0,0,0,0,0,0
5,29321,5|29321,0,0,0,0,0,0,0,0,0,0,0,0
5,29322,5|29322,0,0,0,0,0,0,0,0,0,0,0,0
5,29323,5|29323,0,0,0,0,0,0,0,0,0,0,0,0
5,29334,5|29334,0,0,0,0,0,0,0,0,0,0,0,0
5,29344,5|29344,0,0,0,0,0,0,0,0,0,0,0,0
5,29365,5|29365,0,0,0,0,0,0,0,0,0,0,0,0
5,29367,5|29367,0,0,0,0,0,0,0,0,0,0,0,0
5,29370,5|29370,0,0,0,0,0,0,0,0,0,0,0,0
5,29411,5|29411,0,0,0,0,0,0,0,0,0,0,0,0
5,29412,5|29412,0,0,0,0,0,0,0,0,0,0,0,0
5,29452,5|29452,0,0,0,0,0,0,0,0,0,0,0,0
5,29521,5|29521,0,0,0,0,0,0,0,0,0,0,0,0
5,29522,5|29522,0,0,0,0,0,0,0,0,0,0,0,0
5,29529,5|29529,0,0,0,0,0,0,0,0,0,0,0,0
5,29531,5|29531,0,0,0,0,0,0,0,0,0,0,0,0
5,29532,5|29532,0,0,0,0,0,0,0,0,0,0,0,0
5,29537,5|29537,0,0,0,0,0,0,0,0,0,0,0,0
5,29538,5|29538,0,0,0,0,0,0,0,0,0,0,0,0
5,29560,5|29560,0,0,0,0,0,0,0,0,0,0,0,0
5,29561,5|29561,0,102,5,0,0,0,0,0,0,0,102,5
5,29589,5|29589,0,0,0,0,0,0,0,0,0,0,0,0
5,29619,5|29619,0,0,0,0,0,0,0,0,0,0,0,0
5,29620,5|29620,0,0,0,0,0,0,0,0,0,0,0,0
5,29621,5|29621,0,0,0,0,0,0,0,0,0,0,0,0
5,29623,5|29623,0,0,0,0,0,0,0,0,0,0,0,0
5,29624,5|29624,0,0,0,0,0,0,0,0,0,0,0,0
5,29674,5|29674,0,0,0,0,0,0,0,0,0,0,0,0
5,29675,5|29675,0,0,0,0,0,0,0,0,0,0,0,0
5,29676,5|29676,0,0,0,0,0,0,0,0,0,0,0,0
5,29695,5|29695,0,0,0,0,0,0,0,0,0,0,0,0
5,29696,5|29696,0,0,0,0,0,0,0,0,0,0,0,0
5,29729,5|29729,0,0,0,0,0,0,0,0,0,0,0,0
5,29730,5|29730,0,0,0,0,0,0,0,0,0,0,0,0
5,29731,5|29731,0,0,0,0,0,0,0,0,0,0,0,0
5,29733,5|29733,0,0,0,0,0,0,0,0,0,0,0,0
5,29734,5|29734,0,0,0,0,0,0,0,0,0,0,0,0
5,29735,5|29735,0,0,0,0,0,0,0,0,0,0,0,0
5,29737,5|29737,0,77,4,0,0,0,0,0,0,0,77,4
5,29804,5|29804,0,0,0,0,0,0,0,0,0,4,0,-4
5,29965,5|29965,0,0,0,0,0,0,0,0,0,0,0,0
5,29973,5|29973,0,0,0,0,0,0,0,0,0,0,0,0
5,31535,5|31535,0,177,9,0,0,0,0,0,0,0,177,9
5,32696,5|32696,0,0,0,0,0,0,0,0,0,3,0,-3
5,32697,5|32697,0,0,0,0,0,0,0,0,0,0,0,0
6,169,6|169,0,0,0,0,0,0,0,0,0,0,0,0
6,288,6|288,0,0,0,0,0,0,0,0,0,0,0,0
6,1067,6|1067,0,0,0,0,0,0,0,0,0,0,0,0
6,1275,6|1275,0,0,0,0,0,0,0,0,0,0,0,0
6,1598,6|1598,0,0,0,0,0,0,0,0,0,0,0,0
6,1637,6|1637,0,309,16,0,0,0,0,0,0,0,309,16
6,1640,6|1640,0,0,0,0,0,0,0,0,0,0,0,0
6,1641,6|1641,0,0,1,0,0,0,0,0,0,0,0,1
6,1644,6|1644,0,0,0,0,0,0,0,0,0,0,0,0
6,1720,6|1720,0,0,0,0,0,0,0,0,0,0,0,0
6,1721,6|1721,0,0,0,0,0,0,0,0,0,0,0,0
6,1729,6|1729,0,0,0,0,0,0,0,0,0,0,0,0
6,1730,6|1730,0,1,0,0,0,0,0,0,0,0,1,0
6,1834,6|1834,0,1669,88,0,0,0,0,0,0,0,1669,88
6,1836,6|1836,0,0,4,0,0,0,0,0,0,0,0,4
6,1840,6|1840,0,0,0,0,0,0,0,0,0,0,0,0
6,1851,6|1851,0,0,0,0,0,0,0,0,0,0,0,0
6,1876,6|1876,0,0,0,0,0,0,0,0,0,0,0,0
6,1928,6|1928,0,105,6,0,0,0,0,0,0,0,105,6
6,1929,6|1929,0,0,0,0,0,0,0,0,0,0,0,0
6,1960,6|1960,0,34,2,0,0,0,0,0,0,0,34,2
6,1961,6|1961,0,75,4,0,0,0,0,0,0,0,75,4
6,1962,6|1962,0,0,0,0,0,0,0,0,0,0,0,0
6,1963,6|1963,0,0,4,0,0,0,0,0,0,0,0,4
6,1964,6|1964,0,0,0,0,0,0,0,0,0,0,0,0
6,1965,6|1965,0,0,0,0,0,0,0,0,0,0,0,0
6,1966,6|1966,0,0,0,0,0,0,0,0,0,0,0,0
6,1977,6|1977,0,0,3,0,0,0,0,0,0,0,0,3
6,1990,6|1990,0,0,0,0,0,0,0,0,0,0,0,0
6,1995,6|1995,0,0,3,0,0,0,0,0,0,0,0,3
6,2001,6|2001,0,0,0,0,0,0,0,0,0,0,0,0
6,2016,6|2016,0,0,0,0,0,0,0,0,0,0,0,0
6,2030,6|2030,0,15,1,0,0,0,0,0,0,0,15,1
6,2052,6|2052,0,0,0,0,0,0,0,0,0,0,0,0
6,2055,6|2055,0,0,3,0,0,0,0,0,0,0,0,3
6,2056,6|2056,0,0,3,0,0,0,0,0,0,0,0,3
6,2057,6|2057,0,0,5,0,0,0,0,0,0,0,0,5
6,2058,6|2058,0,0,5,0,0,0,0,0,0,0,0,5
6,2092,6|2092,0,0,0,0,0,0,0,0,0,0,0,0
6,2122,6|2122,0,0,0,0,0,0,0,0,0,0,0,0
6,2123,6|2123,0,0,0,0,0,0,0,0,0,0,0,0
6,2134,6|2134,0,102,5,0,0,0,0,0,0,0,102,5
6,2135,6|2135,0,0,0,0,0,0,0,0,0,0,0,0
6,2263,6|2263,0,0,0,0,0,0,0,0,0,0,0,0
6,2265,6|2265,0,1,0,0,0,0,0,0,0,0,1,0
6,2270,6|2270,0,0,0,0,0,0,0,0,0,0,0,0
6,2288,6|2288,0,0,0,0,0,0,0,0,0,0,0,0
6,2448,6|2448,0,0,0,0,0,0,0,0,0,0,0,0
6,2458,6|2458,0,0,0,0,0,0,0,0,0,0,0,0
6,2467,6|2467,0,209,11,0,0,0,0,0,0,0,209,11
6,2473,6|2473,0,0,0,0,0,0,0,0,0,0,0,0
6,2477,6|2477,0,182,10,0,0,0,0,0,0,0,182,10
6,2485,6|2485,0,0,0,0,0,0,0,0,0,0,0,0
6,2492,6|2492,0,0,0,0,0,0,0,0,0,0,0,0
6,2493,6|2493,0,0,0,0,0,0,0,0,0,0,0,0
6,2496,6|2496,0,0,0,0,0,0,0,0,0,0,0,0
6,2498,6|2498,0,0,0,0,0,0,0,0,0,0,0,0
6,2503,6|2503,0,0,0,0,0,0,0,0,0,0,0,0
6,2507,6|2507,0,0,0,0,0,0,0,0,0,0,0,0
6,2508,6|2508,0,11,1,0,0,0,0,0,0,0,11,1
6,2509,6|2509,0,7,0,0,0,0,0,0,0,0,7,0
6,2512,6|2512,0,0,0,0,0,0,0,0,0,0,0,0
6,2514,6|2514,0,0,0,0,0,0,0,0,0,0,0,0
6,2561,6|2561,0,0,0,0,0,0,0,0,0,0,0,0
6,3872,6|3872,0,0,0,0,0,0,0,0,0,0,0,0
6,3873,6|3873,0,0,0,0,0,0,0,0,0,0,0,0
6,3876,6|3876,0,0,0,0,0,0,0,0,0,0,0,0
6,3883,6|3883,0,0,0,0,0,0,0,0,0,0,0,0
6,3890,6|3890,0,0,0,0,0,0,0,0,0,0,0,0
6,3901,6|3901,0,0,0,0,0,0,0,0,0,0,0,0
6,4969,6|4969,0,0,0,0,0,0,0,0,0,0,0,0
6,5020,6|5020,0,0,0,0,0,0,0,0,0,0,0,0
6,5156,6|5156,0,6,0,0,0,0,0,0,0,0,6,0
6,5446,6|5446,0,0,0,0,0,0,0,0,0,0,0,0
6,5525,6|5525,0,0,0,0,0,0,0,0,0,0,0,0
6,5607,6|5607,0,0,0,0,0,0,0,0,0,0,0,0
6,5708,6|5708,0,0,0,0,0,0,0,0,0,0,0,0
6,5826,6|5826,0,0,0,0,0,0,0,0,0,0,0,0
6,5872,6|5872,0,0,0,0,0,0,0,0,0,0,0,0
6,5965,6|5965,0,0,0,0,0,0,0,0,0,0,0,0
6,5981,6|5981,0,0,0,0,0,0,0,0,0,0,0,0
6,5994,6|5994,0,0,0,0,0,0,0,0,0,0,0,0
6,6032,6|6032,0,0,0,0,0,0,0,0,0,0,0,0
6,6055,6|6055,0,0,0,0,0,0,0,0,0,0,0,0
6,6058,6|6058,0,0,0,0,0,0,0,0,0,0,0,0
6,6072,6|6072,0,0,0,0,0,0,0,0,0,0,0,0
6,6119,6|6119,0,0,0,0,0,0,0,0,0,0,0,0
6,6120,6|6120,0,0,0,0,0,0,0,0,0,0,0,0
6,6183,6|6183,0,0,0,0,0,0,0,0,0,0,0,0
6,6210,6|6210,0,0,0,0,0,0,0,0,0,0,0,0
6,6211,6|6211,0,0,0,0,0,0,0,0,0,0,0,0
6,6217,6|6217,0,0,0,0,0,0,0,0,0,0,0,0
6,6218,6|6218,0,0,0,0,0,0,0,0,0,0,0,0
6,6248,6|6248,0,0,0,0,0,0,0,0,0,0,0,0
6,6251,6|6251,0,0,0,0,0,0,0,0,0,0,0,0
6,6346,6|6346,0,0,0,0,0,0,0,0,0,0,0,0
6,6378,6|6378,0,0,0,0,0,0,0,0,0,0,0,0
6,6381,6|6381,0,0,0,0,0,0,0,0,0,0,0,0
6,6383,6|6383,0,0,4,0,0,0,0,0,0,0,0,4
6,6384,6|6384,0,0,0,0,0,0,0,0,0,0,0,0
6,6412,6|6412,0,0,0,0,0,0,0,0,0,0,0,0
6,6421,6|6421,0,0,0,0,0,0,0,0,0,0,0,0
6,6422,6|6422,0,0,4,0,0,0,0,0,0,0,0,4
6,6424,6|6424,0,0,0,0,0,0,0,0,0,0,0,0
6,6425,6|6425,0,0,0,0,0,0,0,0,0,0,0,0
6,6446,6|6446,0,0,0,0,0,0,0,0,0,0,0,0
6,6447,6|6447,0,0,0,0,0,0,0,0,0,0,0,0
6,6450,6|6450,0,0,0,0,0,0,0,0,0,0,0,0
6,6451,6|6451,0,0,0,0,0,0,0,0,0,0,0,0
6,6455,6|6455,0,23,1,0,0,0,0,0,0,0,23,1
6,6458,6|6458,0,0,0,0,0,0,0,0,0,0,0,0
6,6461,6|6461,0,0,0,0,0,0,0,0,0,0,0,0
6,6464,6|6464,0,0,0,0,0,0,0,0,0,0,0,0
6,6479,6|6479,0,0,0,0,0,0,0,0,0,0,0,0
6,6480,6|6480,0,0,0,0,0,0,0,0,0,0,0,0
6,6481,6|6481,0,1,0,0,0,0,0,0,0,0,1,0
6,6483,6|6483,0,0,0,0,0,0,0,0,0,0,0,0
6,6484,6|6484,0,0,1,0,0,0,0,0,0,0,0,1
6,6485,6|6485,0,0,0,0,0,0,0,0,0,0,0,0
6,6486,6|6486,0,0,0,0,0,0,0,0,0,0,0,0
6,6487,6|6487,0,2563,135,0,0,0,0,0,0,0,2563,135
6,6488,6|6488,0,0,0,0,0,0,0,0,0,0,0,0
6,6489,6|6489,0,0,0,0,0,0,0,0,0,0,0,0
6,6491,6|6491,0,0,0,0,0,0,0,0,0,0,0,0
6,6492,6|6492,0,0,0,0,0,0,0,0,0,0,0,0
6,6497,6|6497,0,0,0,0,0,0,0,0,0,0,0,0
6,6499,6|6499,0,0,0,0,0,0,0,0,0,0,0,0
6,6501,6|6501,0,0,0,0,0,0,0,0,0,0,0,0
6,6505,6|6505,0,0,0,0,0,0,0,0,0,0,0,0
6,6516,6|6516,0,0,0,0,0,0,0,0,0,0,0,0
6,6523,6|6523,0,0,0,0,0,0,0,0,0,0,0,0
6,6525,6|6525,0,0,0,0,0,0,0,0,0,0,0,0
6,6535,6|6535,0,0,0,0,0,0,0,0,0,0,0,0
6,6538,6|6538,0,0,0,0,0,0,0,0,0,0,0,0
6,6539,6|6539,0,0,0,0,0,0,0,0,0,0,0,0
6,6567,6|6567,0,4,0,0,0,0,0,0,0,0,4,0
6,6574,6|6574,0,0,0,0,0,0,0,0,0,0,0,0
6,6577,6|6577,0,0,0,0,0,0,0,0,0,0,0,0
6,6593,6|6593,0,0,0,0,0,0,0,0,0,0,0,0
6,6604,6|6604,0,53,0,0,0,0,0,0,0,0,53,0
6,6611,6|6611,0,0,0,0,0,0,0,0,0,0,0,0
6,6626,6|6626,0,0,0,0,0,0,0,0,0,0,0,0
6,6636,6|6636,0,0,0,0,0,0,0,0,0,0,0,0
6,6676,6|6676,0,0,0,0,0,0,0,0,0,0,0,0
6,6677,6|6677,0,0,0,0,0,0,0,0,0,0,0,0
6,6685,6|6685,0,0,0,0,0,0,0,0,0,0,0,0
6,6692,6|6692,0,0,0,0,0,0,0,0,0,0,0,0
6,6700,6|6700,0,0,5,0,0,0,0,0,0,0,0,5
6,6712,6|6712,0,0,0,0,0,0,0,0,0,0,0,0
6,6722,6|6722,0,2,0,0,0,0,0,0,0,0,2,0
6,6723,6|6723,0,0,0,0,0,0,0,0,0,0,0,0
6,6724,6|6724,0,0,0,0,0,0,0,0,0,0,0,0
6,6737,6|6737,0,0,0,0,0,0,0,0,0,0,0,0
6,6744,6|6744,0,0,0,0,0,0,0,0,0,0,0,0
6,6755,6|6755,0,0,0,0,0,0,0,0,0,0,0,0
6,6756,6|6756,0,0,4,0,0,0,0,0,0,0,0,4
6,6757,6|6757,0,0,0,0,0,0,0,0,0,0,0,0
6,6758,6|6758,0,0,0,0,0,0,0,0,0,0,0,0
6,6766,6|6766,0,0,0,0,0,0,0,0,0,0,0,0
6,6782,6|6782,0,0,0,0,0,0,0,0,0,0,0,0
6,6786,6|6786,0,0,0,0,0,0,0,0,0,0,0,0
6,6800,6|6800,0,10,0,0,0,0,0,0,0,0,10,0
6,6804,6|6804,0,0,0,0,0,0,0,0,0,0,0,0
6,6924,6|6924,0,0,0,0,0,0,0,0,0,0,0,0
6,6925,6|6925,0,0,0,0,0,0,0,0,0,0,0,0
6,6930,6|6930,0,0,0,0,0,0,0,0,0,0,0,0
6,6935,6|6935,0,0,0,0,0,0,0,0,0,0,0,0
6,6961,6|6961,0,1,0,0,0,0,0,0,0,0,1,0
6,6975,6|6975,0,0,0,0,0,0,0,0,0,0,0,0
6,6980,6|6980,0,0,4,0,0,0,0,0,0,0,0,4
6,6981,6|6981,0,0,0,0,0,0,0,0,0,0,0,0
6,6991,6|6991,0,0,0,0,0,0,0,0,0,0,0,0
6,6992,6|6992,0,0,0,0,0,0,0,0,0,0,0,0
6,7002,6|7002,0,4,0,0,0,0,0,0,0,0,4,0
6,7005,6|7005,0,1,0,0,0,0,0,0,0,0,1,0
6,7016,6|7016,0,0,0,0,0,0,0,0,0,0,0,0
6,7019,6|7019,0,0,0,0,0,0,0,0,0,0,0,0
6,7026,6|7026,0,0,0,0,0,0,0,0,0,0,0,0
6,7028,6|7028,0,0,0,0,0,0,0,0,0,0,0,0
6,7102,6|7102,0,0,0,0,0,0,0,0,0,0,0,0
6,7149,6|7149,0,0,0,0,0,0,0,0,0,0,0,0
6,7161,6|7161,0,0,0,0,0,0,0,0,0,0,0,0
6,10831,6|10831,0,1,0,0,0,0,0,0,0,0,1,0
6,10835,6|10835,0,0,0,0,0,0,0,0,0,0,0,0
6,12129,6|12129,0,0,0,0,0,0,0,0,0,0,0,0
6,12133,6|12133,0,264,14,0,0,0,0,0,0,0,264,14
6,12143,6|12143,0,219,12,0,0,0,0,0,0,0,219,12
6,12144,6|12144,0,0,0,0,0,0,0,0,0,0,0,0
6,12173,6|12173,0,0,0,0,0,0,0,0,0,0,0,0
6,12196,6|12196,0,0,0,0,0,0,0,0,0,0,0,0
6,12221,6|12221,0,0,0,0,0,0,0,0,0,0,0,0
6,13060,6|13060,0,0,0,0,0,0,0,0,0,0,0,0
6,14322,6|14322,0,0,0,0,0,0,0,0,0,0,0,0
6,14372,6|14372,0,0,0,0,0,0,0,0,0,0,0,0
6,14389,6|14389,0,0,0,0,0,0,0,0,0,0,0,0
6,14562,6|14562,0,0,0,0,0,0,0,0,0,0,0,0
6,14684,6|14684,0,1,0,0,0,0,0,0,0,0,1,0
6,14763,6|14763,0,1,0,0,0,0,0,0,0,0,1,0
6,14772,6|14772,0,113,6,0,0,0,0,0,0,0,113,6
6,14775,6|14775,0,0,0,0,0,0,0,0,0,0,0,0
6,14776,6|14776,0,0,0,0,0,0,0,0,0,0,0,0
6,14839,6|14839,0,124,7,0,0,0,0,0,0,0,124,7
6,14916,6|14916,0,0,4,0,0,0,0,0,0,0,0,4
6,14917,6|14917,0,0,0,0,0,0,0,0,0,0,0,0
6,14923,6|14923,0,0,0,0,0,0,0,0,0,0,0,0
6,14938,6|14938,0,0,3,0,0,0,0,0,0,0,0,3
6,14940,6|14940,0,128,7,0,0,0,0,0,0,0,128,7
6,14941,6|14941,0,176,9,0,0,0,0,0,0,0,176,9
6,14955,6|14955,0,0,3,0,0,0,0,0,0,0,0,3
6,14956,6|14956,0,0,0,0,0,0,0,0,0,0,0,0
6,14957,6|14957,0,140,7,0,0,0,0,0,0,0,140,7
6,14958,6|14958,0,0,5,0,0,0,0,0,0,0,0,5
6,14969,6|14969,0,0,0,0,0,0,0,0,0,0,0,0
6,15000,6|15000,0,0,0,0,0,0,0,0,0,0,0,0
6,15001,6|15001,0,0,0,0,0,0,0,0,0,0,0,0
6,15002,6|15002,0,0,0,0,0,0,0,0,0,0,0,0
6,15010,6|15010,0,0,0,0,0,0,0,0,0,0,0,0
6,15012,6|15012,0,115,6,0,0,0,0,0,0,0,115,6
6,15013,6|15013,0,0,0,0,0,0,0,0,0,0,0,0
6,15014,6|15014,0,133,7,0,0,0,0,0,0,0,133,7
6,15015,6|15015,0,182,10,0,0,0,0,0,0,0,182,10
6,15026,6|15026,0,0,0,0,0,0,0,0,0,0,0,0
6,15028,6|15028,0,0,0,0,0,0,0,0,0,0,0,0
6,15030,6|15030,0,148,8,0,0,0,0,0,0,0,148,8
6,15031,6|15031,0,204,11,0,0,0,0,0,0,0,204,11
6,15032,6|15032,0,123,7,0,0,0,0,0,0,0,123,7
6,15082,6|15082,0,301,16,0,0,0,0,0,0,0,301,16
6,15083,6|15083,0,0,0,0,0,0,0,0,0,0,0,0
6,15400,6|15400,0,0,0,0,0,0,0,0,0,0,0,0
6,15476,6|15476,0,234,12,0,0,0,0,0,0,0,234,12
6,15580,6|15580,0,3,0,0,0,0,0,0,0,0,3,0
6,15618,6|15618,0,0,0,0,0,0,0,0,0,0,0,0
6,15621,6|15621,0,0,0,0,0,0,0,0,0,0,0,0
6,15671,6|15671,0,0,0,0,0,0,0,0,0,0,0,0
6,16769,6|16769,0,4,0,0,0,0,0,0,0,0,4,0
6,17000,6|17000,0,433,23,0,0,0,0,0,0,0,433,23
6,17111,6|17111,0,0,0,0,0,0,0,0,0,0,0,0
6,17181,6|17181,0,0,0,0,0,0,0,0,0,0,0,0
6,17244,6|17244,0,0,0,0,0,0,0,0,0,0,0,0
6,17335,6|17335,0,175,9,0,0,0,0,0,0,0,175,9
6,17337,6|17337,0,0,0,0,0,0,0,0,0,0,0,0
6,17521,6|17521,0,0,0,0,0,0,0,0,0,0,0,0
6,17767,6|17767,0,330,17,0,0,0,0,0,0,0,330,17
6,17769,6|17769,0,230,12,0,0,0,0,0,0,0,230,12
6,17979,6|17979,0,317,17,0,0,0,0,0,0,0,317,17
6,18602,6|18602,0,0,0,0,0,0,0,0,0,0,0,0
6,18610,6|18610,0,0,0,0,0,0,0,0,0,0,0,0
6,18718,6|18718,0,1,0,0,0,0,0,0,0,0,1,0
6,18920,6|18920,0,0,0,0,0,0,0,0,0,0,0,0
6,19135,6|19135,0,0,0,0,0,0,0,0,0,0,0,0
6,19490,6|19490,0,8,0,0,0,0,0,0,0,0,8,0
6,19573,6|19573,0,0,3,0,0,0,0,0,0,0,0,3
6,19819,6|19819,0,460,24,0,0,0,0,0,0,0,460,24
6,20050,6|20050,0,0,0,0,0,0,0,0,0,0,0,0
6,20051,6|20051,0,134,7,0,0,0,0,0,0,0,134,7
6,20053,6|20053,0,173,9,0,0,0,0,0,0,0,173,9
6,20685,6|20685,0,0,0,0,0,0,0,0,0,0,0,0
6,21833,6|21833,0,358,19,0,0,0,0,0,0,0,358,19
6,22243,6|22243,0,4224,240,0,0,0,0,0,0,0,4224,240
6,22906,6|22906,0,0,0,0,0,0,0,0,0,0,0,0
6,22944,6|22944,0,0,1,0,0,0,0,0,0,0,0,1
6,22993,6|22993,0,0,0,0,0,0,0,0,0,0,0,0
6,23311,6|23311,0,0,0,0,0,0,0,0,0,0,0,0
6,23312,6|23312,0,1,0,0,0,0,0,0,0,0,1,0
6,23422,6|23422,0,0,0,0,0,0,0,0,0,0,0,0
6,23424,6|23424,0,0,0,0,0,0,0,0,0,0,0,0
6,23425,6|23425,0,0,0,0,0,0,0,0,0,0,0,0
6,23426,6|23426,0,0,0,0,0,0,0,0,0,0,0,0
6,23887,6|23887,0,46,2,0,0,0,0,0,0,0,46,2
6,24045,6|24045,0,0,5,0,0,0,0,0,0,0,0,5
6,24047,6|24047,0,237,13,0,0,0,0,0,0,0,237,13
6,24052,6|24052,0,0,2,0,0,0,0,0,0,0,0,2
6,24056,6|24056,0,0,0,0,0,0,0,0,0,0,0,0
6,24057,6|24057,0,0,4,0,0,0,0,0,0,0,0,4
6,24062,6|24062,0,0,0,0,0,0,0,0,0,0,0,0
6,24206,6|24206,0,0,0,0,0,0,0,0,0,0,0,0
6,24817,6|24817,0,129,7,0,0,0,0,0,0,0,129,7
6,24821,6|24821,0,0,0,0,0,0,0,0,0,0,0,0
6,24822,6|24822,0,0,0,0,0,0,0,0,0,0,0,0
6,25003,6|25003,0,4528,254,0,0,0,0,0,0,0,4528,254
6,25004,6|25004,0,4785,278,0,0,0,0,0,0,0,4785,278
6,25005,6|25005,0,12470,679,0,0,0,0,0,0,0,12470,679
6,25006,6|25006,0,4473,253,0,0,0,0,0,0,0,4473,253
6,25007,6|25007,0,9908,544,0,0,0,0,0,0,0,9908,544
6,25081,6|25081,0,19,1,0,0,0,0,0,0,0,19,1
6,25476,6|25476,0,187,10,0,0,0,0,0,0,0,187,10
6,25600,6|25600,0,0,0,0,0,0,0,0,0,0,0,0
6,25603,6|25603,0,170,9,0,0,0,0,0,0,0,170,9
6,25604,6|25604,0,170,9,0,0,0,0,0,0,0,170,9
6,25605,6|25605,0,170,9,0,0,0,0,0,0,0,170,9
6,25656,6|25656,0,0,3,0,0,0,0,0,0,0,0,3
6,25657,6|25657,0,0,3,0,0,0,0,0,0,0,0,3
6,25658,6|25658,0,0,3,0,0,0,0,0,0,0,0,3
6,25659,6|25659,0,0,4,0,0,0,0,0,0,0,0,4
6,26376,6|26376,0,72,4,0,0,0,0,0,0,0,72,4
6,26852,6|26852,0,952,50,0,0,0,0,0,0,0,952,50
6,26983,6|26983,0,0,0,0,0,0,0,0,0,3,0,-3
6,27392,6|27392,0,132,7,0,0,0,0,0,0,0,132,7
6,30042,6|30042,0,151,8,0,0,0,0,0,0,0,151,8
6,30703,6|30703,0,237,13,0,0,0,0,0,0,0,237,13
6,30704,6|30704,0,237,13,0,0,0,0,0,0,0,237,13
6,30706,6|30706,0,237,13,0,0,0,0,0,0,0,237,13
6,30863,6|30863,0,0,0,0,0,0,0,0,0,0,0,0
6,32205,6|32205,0,96,5,0,0,0,0,0,0,0,96,5
8,9958,8|9958,0,0,4,0,0,0,0,0,0,0,0,4
8,9964,8|9964,0,209,11,0,0,0,0,0,0,0,209,11
8,9985,8|9985,0,0,0,0,0,0,0,0,0,0,0,0
8,10832,8|10832,0,0,0,0,0,0,0,0,0,0,0,0
8,10904,8|10904,0,0,0,0,0,0,0,0,0,0,0,0
8,10933,8|10933,0,0,0,0,0,0,0,0,0,0,0,0
8,10938,8|10938,0,0,0,0,0,0,0,0,0,0,0,0
8,10946,8|10946,0,0,0,0,0,0,0,0,0,0,0,0
8,10963,8|10963,0,0,0,0,0,0,0,0,0,0,0,0
8,10964,8|10964,0,0,0,0,0,0,0,0,0,0,0,0
8,10965,8|10965,0,0,0,0,0,0,0,0,0,0,0,0
8,10969,8|10969,0,0,0,0,0,0,0,0,0,0,0,0
8,10988,8|10988,0,0,0,0,0,0,0,0,0,0,0,0
8,10998,8|10998,0,0,0,0,0,0,0,0,0,0,0,0
8,11017,8|11017,0,0,0,0,0,0,0,0,0,0,0,0
8,11020,8|11020,0,0,0,0,0,0,0,0,0,0,0,0
8,11022,8|11022,0,0,0,0,0,0,0,0,0,0,0,0
8,11043,8|11043,0,2,0,0,0,0,0,0,0,0,2,0
8,11054,8|11054,0,1,0,0,0,0,0,0,0,0,1,0
8,11065,8|11065,0,0,0,0,0,0,0,0,0,0,0,0
8,11083,8|11083,0,0,0,0,0,0,0,0,0,0,0,0
8,11094,8|11094,0,0,0,0,0,0,0,0,0,0,0,0
8,11107,8|11107,0,0,0,0,0,0,0,0,0,0,0,0
8,11113,8|11113,0,0,0,0,0,0,0,0,0,0,0,0
8,11119,8|11119,0,0,0,0,0,0,0,0,0,0,0,0
8,11122,8|11122,0,0,0,0,0,0,0,0,0,0,0,0
8,11125,8|11125,0,3,0,0,0,0,0,0,0,0,3,0
8,11129,8|11129,0,0,0,0,0,0,0,0,0,0,0,0
8,11149,8|11149,0,0,0,0,0,0,0,0,0,0,0,0
8,11160,8|11160,0,0,0,0,0,0,0,0,0,0,0,0
8,11163,8|11163,0,0,0,0,0,0,0,0,0,0,0,0
8,11165,8|11165,0,522,28,0,0,0,0,0,0,0,522,28
8,11174,8|11174,0,916,48,0,0,0,0,0,0,0,916,48
8,11188,8|11188,0,0,0,0,0,0,0,0,0,0,0,0
8,11194,8|11194,0,0,0,0,0,0,0,0,0,0,0,0
8,11197,8|11197,0,0,0,0,0,0,0,0,0,0,0,0
8,11213,8|11213,0,0,0,0,0,0,0,0,0,0,0,0
8,11218,8|11218,0,0,0,0,0,0,0,0,0,0,0,0
8,11249,8|11249,0,0,0,0,0,0,0,0,0,0,0,0
8,11252,8|11252,0,0,0,0,0,0,0,0,0,0,0,0
8,11256,8|11256,0,0,0,0,0,0,0,0,0,0,0,0
8,11257,8|11257,0,0,0,0,0,0,0,0,0,0,0,0
8,11258,8|11258,0,0,0,0,0,0,0,0,0,0,0,0
8,11261,8|11261,0,0,0,0,0,0,0,0,0,0,0,0
8,11262,8|11262,0,0,0,0,0,0,0,0,0,0,0,0
8,11269,8|11269,0,0,0,0,0,0,0,0,0,0,0,0
8,11272,8|11272,0,0,0,0,0,0,0,0,0,0,0,0
8,11284,8|11284,0,0,0,0,0,0,0,0,0,0,0,0
8,11294,8|11294,0,0,0,0,0,0,0,0,0,0,0,0
8,11296,8|11296,0,1,0,0,0,0,0,0,0,0,1,0
8,11298,8|11298,0,0,0,0,0,0,0,0,0,0,0,0
8,11299,8|11299,0,42,0,0,0,0,0,0,0,0,42,0
8,11306,8|11306,0,0,0,0,0,0,0,0,0,0,0,0
8,11308,8|11308,0,0,0,0,0,0,0,0,0,0,0,0
8,11310,8|11310,0,0,0,0,0,0,0,0,0,0,0,0
8,11313,8|11313,0,0,0,0,0,0,0,0,0,0,0,0
8,11323,8|11323,0,0,0,0,0,0,0,0,0,0,0,0
8,11337,8|11337,0,0,0,0,0,0,0,0,0,0,0,0
8,11342,8|11342,0,2,0,0,0,0,0,0,0,0,2,0
8,11345,8|11345,0,1,0,0,0,0,0,0,0,0,1,0
8,11349,8|11349,0,0,0,0,0,0,0,0,0,0,0,0
8,11409,8|11409,0,0,0,0,0,0,0,0,0,0,0,0
8,11410,8|11410,0,0,0,0,0,0,0,0,0,0,0,0
8,11412,8|11412,0,0,0,0,0,0,0,0,0,0,0,0
8,11421,8|11421,0,0,0,0,0,0,0,0,0,0,0,0
8,11430,8|11430,0,0,0,0,0,0,0,0,0,0,0,0
8,11432,8|11432,0,0,0,0,0,0,0,0,0,0,0,0
8,11434,8|11434,0,0,0,0,0,0,0,0,0,0,0,0
8,11459,8|11459,0,0,0,0,0,0,0,0,0,0,0,0
8,11492,8|11492,0,0,0,0,0,0,0,0,0,0,0,0
8,11498,8|11498,0,0,0,0,0,0,0,0,0,0,0,0
8,11501,8|11501,0,0,0,0,0,0,0,0,0,0,0,0
8,11504,8|11504,0,0,0,0,0,0,0,0,0,0,0,0
8,11514,8|11514,0,0,0,0,0,0,0,0,0,0,0,0
8,11515,8|11515,0,1,0,0,0,0,0,0,0,0,1,0
8,11521,8|11521,0,2683,141,0,0,0,0,0,0,0,2683,141
8,11522,8|11522,0,7,0,0,0,0,0,0,0,0,7,0
8,11524,8|11524,0,0,0,0,0,0,0,0,0,0,0,0
8,11528,8|11528,0,2,0,0,0,0,0,0,0,0,2,0
8,11529,8|11529,0,0,0,0,0,0,0,0,0,0,0,0
8,11549,8|11549,0,0,0,0,0,0,0,0,0,0,0,0
8,11558,8|11558,0,0,0,0,0,0,0,0,0,0,0,0
8,11580,8|11580,0,2473,130,0,0,0,0,0,0,0,2473,130
8,11707,8|11707,0,0,0,0,0,0,0,0,0,0,0,0
8,11722,8|11722,0,0,0,0,0,0,0,0,0,0,0,0
8,11736,8|11736,0,0,0,0,0,0,0,0,0,0,0,0
8,11768,8|11768,0,0,0,0,0,0,0,0,0,0,0,0
8,11769,8|11769,0,0,0,0,0,0,0,0,0,0,0,0
8,11782,8|11782,0,0,0,0,0,0,0,0,0,0,0,0
8,11783,8|11783,0,0,0,0,0,0,0,0,0,0,0,0
8,11785,8|11785,0,0,0,0,0,0,0,0,0,0,0,0
8,11793,8|11793,0,0,0,0,0,0,0,0,0,0,0,0
8,11799,8|11799,0,0,0,0,0,0,0,0,0,0,0,0
8,11805,8|11805,0,7,0,0,0,0,0,0,0,0,7,0
8,11830,8|11830,0,0,0,0,0,0,0,0,0,0,0,0
8,11833,8|11833,0,0,0,0,0,0,0,0,0,0,0,0
8,11851,8|11851,0,0,0,0,0,0,0,0,0,0,0,0
8,11858,8|11858,0,1,0,0,0,0,0,0,0,0,1,0
8,11859,8|11859,0,0,0,0,0,0,0,0,0,0,0,0
8,11861,8|11861,0,0,0,0,0,0,0,0,0,0,0,0
8,11863,8|11863,0,0,0,0,0,0,0,0,0,0,0,0
8,11872,8|11872,0,0,0,0,0,0,0,0,0,0,0,0
8,11877,8|11877,0,0,0,0,0,0,0,0,0,0,0,0
8,11932,8|11932,0,0,0,0,0,0,0,0,0,0,0,0
8,11946,8|11946,0,0,0,0,0,0,0,0,0,0,0,0
8,11958,8|11958,0,0,0,0,0,0,0,0,0,0,0,0
8,11965,8|11965,0,0,0,0,0,0,0,0,0,0,0,0
8,11968,8|11968,0,0,0,0,0,0,0,0,0,0,0,0
8,11973,8|11973,0,0,0,0,0,0,0,0,0,0,0,0
8,11976,8|11976,0,0,0,0,0,0,0,0,0,0,0,0
8,11978,8|11978,0,0,0,0,0,0,0,0,0,0,0,0
8,11982,8|11982,0,0,0,0,0,0,0,0,0,0,0,0
8,11984,8|11984,0,241,13,0,0,0,0,0,0,0,241,13
8,11990,8|11990,0,0,0,0,0,0,0,0,0,0,0,0
8,12013,8|12013,0,0,0,0,0,0,0,0,0,0,0,0
8,12021,8|12021,0,1,0,0,0,0,0,0,0,0,1,0
8,12039,8|12039,0,0,0,0,0,0,0,0,0,0,0,0
8,12065,8|12065,0,0,0,0,0,0,0,0,0,0,0,0
8,12074,8|12074,0,0,0,0,0,0,0,0,0,0,0,0
8,12075,8|12075,0,0,0,0,0,0,0,0,0,0,0,0
8,12077,8|12077,0,0,0,0,0,0,0,0,0,0,0,0
8,12110,8|12110,0,0,0,0,0,0,0,0,0,0,0,0
8,12116,8|12116,0,0,0,0,0,0,0,0,0,0,0,0
8,12117,8|12117,0,0,0,0,0,0,0,0,0,0,0,0
8,12120,8|12120,0,0,0,0,0,0,0,0,0,0,0,0
8,12124,8|12124,0,111,6,0,0,0,0,0,0,0,111,6
8,12125,8|12125,0,882,46,0,0,0,0,0,0,0,882,46
8,12166,8|12166,0,0,0,0,0,0,0,0,0,0,0,0
8,14361,8|14361,0,0,0,0,0,0,0,0,0,0,0,0
8,14398,8|14398,0,0,0,0,0,0,0,0,0,0,0,0
8,14417,8|14417,0,0,0,0,0,0,0,0,0,0,0,0
8,14455,8|14455,0,0,0,0,0,0,0,0,0,0,0,0
8,14673,8|14673,0,0,0,0,0,0,0,0,0,0,0,0
8,14783,8|14783,0,0,0,0,0,0,0,0,0,0,0,0
8,14852,8|14852,0,0,0,0,0,0,0,0,0,0,0,0
8,15078,8|15078,0,169,9,0,0,0,0,0,0,0,169,9
8,15081,8|15081,0,0,0,0,0,0,0,0,0,0,0,0
8,15095,8|15095,0,0,0,0,0,0,0,0,0,0,0,0
8,15295,8|15295,0,0,0,0,0,0,0,0,0,0,0,0
8,15299,8|15299,0,0,0,0,0,0,0,0,0,0,0,0
8,15306,8|15306,0,0,0,0,0,0,0,0,0,0,0,0
8,15310,8|15310,0,0,0,0,0,0,0,0,0,0,0,0
8,15344,8|15344,0,126,7,0,0,0,0,0,0,0,126,7
8,15358,8|15358,0,0,0,0,0,0,0,0,0,0,0,0
8,15366,8|15366,0,0,0,0,0,0,0,0,0,0,0,0
8,15406,8|15406,0,0,0,0,0,0,0,0,0,0,0,0
8,15459,8|15459,0,0,0,0,0,0,0,0,0,0,0,0
8,15467,8|15467,0,0,0,0,0,0,0,0,0,0,0,0
8,15489,8|15489,0,0,0,0,0,0,0,0,0,0,0,0
8,15505,8|15505,0,0,0,0,0,0,0,0,0,0,0,0
8,15508,8|15508,0,3,0,0,0,0,0,0,0,0,3,0
8,15509,8|15509,0,0,0,0,0,0,0,0,0,0,0,0
8,15510,8|15510,0,0,0,0,0,0,0,0,0,0,0,0
8,15511,8|15511,0,0,1,0,0,0,0,0,0,0,0,1
8,15568,8|15568,0,1,0,0,0,0,0,0,0,0,1,0
8,15590,8|15590,0,0,0,0,0,0,0,0,0,0,0,0
8,15626,8|15626,0,100,5,0,0,0,0,0,0,0,100,5
8,15636,8|15636,0,0,0,0,0,0,0,0,0,0,0,0
8,15637,8|15637,0,0,0,0,0,0,0,0,0,0,0,0
8,15645,8|15645,0,0,0,0,0,0,0,0,0,0,0,0
8,15646,8|15646,0,0,0,0,0,0,0,0,0,0,0,0
8,15654,8|15654,0,0,0,0,0,0,0,0,0,0,0,0
8,15655,8|15655,0,0,0,0,0,0,0,0,0,0,0,0
8,15657,8|15657,0,0,0,0,0,0,0,0,0,0,0,0
8,15672,8|15672,0,667,35,0,0,0,0,0,0,0,667,35
8,15693,8|15693,0,0,0,0,0,0,0,0,0,0,0,0
8,15710,8|15710,0,0,0,0,0,0,0,0,0,0,0,0
8,15724,8|15724,0,0,0,0,0,0,0,0,0,0,0,0
8,15880,8|15880,0,0,0,0,0,0,0,0,0,0,0,0
8,15935,8|15935,0,0,0,0,0,0,0,0,0,0,0,0
8,15936,8|15936,0,0,0,0,0,0,0,0,0,0,0,0
8,15937,8|15937,0,0,0,0,0,0,0,0,0,0,0,0
8,16017,8|16017,0,0,0,0,0,0,0,0,0,0,0,0
8,16178,8|16178,0,0,0,0,0,0,0,0,0,0,0,0
8,16238,8|16238,0,0,0,0,0,0,0,0,0,0,0,0
8,16247,8|16247,0,0,0,0,0,0,0,0,0,0,0,0
8,16250,8|16250,0,0,0,0,0,0,0,0,0,0,0,0
8,16251,8|16251,0,0,0,0,0,0,0,0,0,0,0,0
8,16252,8|16252,0,0,0,0,0,0,0,0,0,0,0,0
8,16253,8|16253,0,0,0,0,0,0,0,0,0,0,0,0
8,16383,8|16383,0,0,0,0,0,0,0,0,0,0,0,0
8,16482,8|16482,0,0,0,0,0,0,0,0,0,0,0,0
8,16499,8|16499,0,0,0,0,0,0,0,0,0,0,0,0
8,16625,8|16625,0,0,0,0,0,0,0,0,0,0,0,0
8,16634,8|16634,0,0,0,0,0,0,0,0,0,0,0,0
8,16670,8|16670,0,0,0,0,0,0,0,0,0,0,0,0
8,16686,8|16686,0,0,0,0,0,0,0,0,0,0,0,0
8,16736,8|16736,0,2,0,0,0,0,0,0,0,0,2,0
8,16781,8|16781,0,0,0,0,0,0,0,0,0,0,0,0
8,16837,8|16837,0,196,10,0,0,0,0,0,0,0,196,10
8,16840,8|16840,0,0,0,0,0,0,0,0,0,0,0,0
8,16909,8|16909,0,0,0,0,0,0,0,0,0,0,0,0
8,16953,8|16953,0,0,0,0,0,0,0,0,0,0,0,0
8,16957,8|16957,0,127,7,0,0,0,0,0,0,0,127,7
8,16958,8|16958,0,0,0,0,0,0,0,0,0,0,0,0
8,16963,8|16963,0,0,0,0,0,0,0,0,0,0,0,0
8,17133,8|17133,0,3,0,0,0,0,0,0,0,0,3,0
8,17223,8|17223,0,0,0,0,0,0,0,0,0,0,0,0
8,17233,8|17233,0,0,0,0,0,0,0,0,0,0,0,0
8,17312,8|17312,0,0,0,0,0,0,0,0,0,0,0,0
8,17407,8|17407,0,0,0,0,0,0,0,0,0,0,0,0
8,17408,8|17408,0,0,0,0,0,0,0,0,0,0,0,0
8,17442,8|17442,0,0,0,0,0,0,0,0,0,0,0,0
8,17466,8|17466,0,0,0,0,0,0,0,0,0,0,0,0
8,17467,8|17467,0,3,0,0,0,0,0,0,0,0,3,0
8,17468,8|17468,0,0,0,0,0,0,0,0,0,0,0,0
8,17469,8|17469,0,1,0,0,0,0,0,0,0,0,1,0
8,17479,8|17479,0,6,0,0,0,0,0,0,0,0,6,0
8,17538,8|17538,0,1,0,0,0,0,0,0,0,0,1,0
8,17544,8|17544,0,0,0,0,0,0,0,0,0,0,0,0
8,17710,8|17710,0,783,41,0,0,0,0,0,0,0,783,41
8,17711,8|17711,0,0,0,0,0,0,0,0,0,0,0,0
8,17742,8|17742,0,0,0,0,0,0,0,0,0,0,0,0
8,17743,8|17743,0,1,0,0,0,0,0,0,0,0,1,0
8,17744,8|17744,0,8,0,0,0,0,0,0,0,0,8,0
8,17745,8|17745,0,0,5,0,0,0,0,0,0,0,0,5
8,17746,8|17746,0,6,0,0,0,0,0,0,0,0,6,0
8,17748,8|17748,0,0,0,0,0,0,0,0,0,0,0,0
8,17754,8|17754,0,0,0,0,0,0,0,0,0,0,0,0
8,17756,8|17756,0,311,16,0,0,0,0,0,0,0,311,16
8,17968,8|17968,0,1,0,0,0,0,0,0,0,0,1,0
8,18080,8|18080,0,1,0,0,0,0,0,0,0,0,1,0
8,18109,8|18109,0,332,18,0,0,0,0,0,0,0,332,18
8,18116,8|18116,0,1,0,0,0,0,0,0,0,0,1,0
8,18277,8|18277,0,0,0,0,0,0,0,0,0,0,0,0
8,18339,8|18339,0,1,0,0,0,0,0,0,0,0,1,0
8,18479,8|18479,0,0,0,0,0,0,0,0,0,0,0,0
8,18555,8|18555,0,0,0,0,0,0,0,0,0,0,0,0
8,18621,8|18621,0,353,19,0,0,0,0,0,0,0,353,19
8,18683,8|18683,0,2,0,0,0,0,0,0,0,0,2,0
8,18684,8|18684,0,8,0,0,0,0,0,0,0,0,8,0
8,18696,8|18696,0,1,0,0,0,0,0,0,0,0,1,0
8,18885,8|18885,0,24,0,0,0,0,0,0,0,0,24,0
8,18958,8|18958,0,0,0,0,0,0,0,0,0,0,0,0
8,18959,8|18959,0,0,0,0,0,0,0,0,0,0,0,0
8,18960,8|18960,0,0,0,0,0,0,0,0,0,0,0,0
8,18961,8|18961,0,0,0,0,0,0,0,0,0,0,0,0
8,19054,8|19054,0,0,0,0,0,0,0,0,0,0,0,0
8,19056,8|19056,0,874,46,0,0,0,0,0,0,0,874,46
8,19069,8|19069,0,0,0,0,0,0,0,0,0,0,0,0
8,19100,8|19100,0,0,0,0,0,0,0,0,0,0,0,0
8,19498,8|19498,0,2,0,0,0,0,0,0,0,0,2,0
8,19709,8|19709,0,0,0,0,0,0,0,0,0,0,0,0
8,19710,8|19710,0,0,0,0,0,0,0,0,0,0,0,0
8,19711,8|19711,0,0,0,0,0,0,0,0,0,0,0,0
8,19712,8|19712,0,0,0,0,0,0,0,0,0,0,0,0
8,19714,8|19714,0,0,3,0,0,0,0,0,0,0,0,3
8,19890,8|19890,0,0,0,0,0,0,0,0,0,0,0,0
8,20039,8|20039,0,0,0,0,0,0,0,0,0,0,0,0
8,20135,8|20135,0,0,0,0,0,0,0,0,0,0,0,0
8,20292,8|20292,0,0,0,0,0,0,0,0,0,0,0,0
8,20444,8|20444,0,0,0,0,0,0,0,0,0,0,0,0
8,20580,8|20580,0,0,0,0,0,0,0,0,0,0,0,0
8,20750,8|20750,0,0,0,0,0,0,0,0,0,0,0,0
8,20751,8|20751,0,0,0,0,0,0,0,0,0,0,0,0
8,20752,8|20752,0,0,0,0,0,0,0,0,0,0,0,0
8,20864,8|20864,0,285,15,0,0,0,0,0,0,0,285,15
8,21077,8|21077,0,5,0,0,0,0,0,0,0,0,5,0
8,21188,8|21188,0,0,0,0,0,0,0,0,0,0,0,0
8,21379,8|21379,0,0,0,0,0,0,0,0,0,0,0,0
8,21616,8|21616,0,1,0,0,0,0,0,0,0,0,1,0
8,21617,8|21617,0,1,0,0,0,0,0,0,0,0,1,0
8,21736,8|21736,0,344,18,0,0,0,0,0,0,0,344,18
8,21737,8|21737,0,529,28,0,0,0,0,0,0,0,529,28
8,21738,8|21738,0,0,5,0,0,0,0,0,0,0,0,5
8,21802,8|21802,0,0,0,0,0,0,0,0,0,0,0,0
8,21814,8|21814,0,0,0,0,0,0,0,0,0,0,0,0
8,21856,8|21856,0,1,0,0,0,0,0,0,0,0,1,0
8,21954,8|21954,0,0,0,0,0,0,0,0,0,0,0,0
8,21970,8|21970,0,2,0,0,0,0,0,0,0,0,2,0
8,22403,8|22403,0,640,34,0,0,0,0,0,0,0,640,34
8,22874,8|22874,0,2,0,0,0,0,0,0,0,0,2,0
8,22875,8|22875,0,1,0,0,0,0,0,0,0,0,1,0
8,22878,8|22878,0,1,0,0,0,0,0,0,0,0,1,0
8,22879,8|22879,0,0,0,0,0,0,0,0,0,0,0,0
8,22881,8|22881,0,1,0,0,0,0,0,0,0,0,1,0
8,22883,8|22883,0,1,0,0,0,0,0,0,0,0,1,0
8,22884,8|22884,0,3,0,0,0,0,0,0,0,0,3,0
8,22885,8|22885,0,1,0,0,0,0,0,0,0,0,1,0
8,22886,8|22886,0,0,0,0,0,0,0,0,0,0,0,0
8,22919,8|22919,0,0,0,0,0,0,0,0,0,0,0,0
8,22946,8|22946,0,9,0,0,0,0,0,0,0,0,9,0
8,22948,8|22948,0,0,0,0,0,0,0,0,0,0,0,0
8,22952,8|22952,0,47,2,0,0,0,0,0,0,0,47,2
8,23031,8|23031,0,0,0,0,0,0,0,0,0,0,0,0
8,23148,8|23148,0,2,0,0,0,0,0,0,0,0,2,0
8,23149,8|23149,0,1,0,0,0,0,0,0,0,0,1,0
8,23315,8|23315,0,1,0,0,0,0,0,0,0,0,1,0
8,23403,8|23403,0,529,28,0,0,0,0,0,0,0,529,28
8,23408,8|23408,0,0,4,0,0,0,0,0,0,0,0,4
8,23409,8|23409,0,0,0,0,0,0,0,0,0,0,0,0
8,23410,8|23410,0,0,0,0,0,0,0,0,0,0,0,0
8,23411,8|23411,0,0,2,0,0,0,0,0,0,0,0,2
8,23413,8|23413,0,0,0,0,0,0,0,0,0,0,0,0
8,23438,8|23438,0,0,0,0,0,0,0,0,0,0,0,0
8,23508,8|23508,0,428,23,0,0,0,0,0,0,0,428,23
8,23520,8|23520,0,232,12,0,0,0,0,0,0,0,232,12
8,23522,8|23522,0,0,0,0,0,0,0,0,0,0,0,0
8,23541,8|23541,0,138,7,0,0,0,0,0,0,0,138,7
8,23769,8|23769,0,0,2,0,0,0,0,0,0,0,0,2
8,23928,8|23928,0,14,1,0,0,0,0,0,0,0,14,1
8,24126,8|24126,0,0,0,0,0,0,0,0,0,0,0,0
8,24129,8|24129,0,0,0,0,0,0,0,0,0,0,0,0
8,24141,8|24141,0,0,0,0,0,0,0,0,0,0,0,0
8,24146,8|24146,0,0,0,0,0,0,0,0,0,0,0,0
8,24169,8|24169,0,161,9,0,0,0,0,0,0,0,161,9
8,24179,8|24179,0,0,0,0,0,0,0,0,0,0,0,0
8,24182,8|24182,0,35,2,0,0,0,0,0,0,0,35,2
8,24198,8|24198,0,0,5,0,0,0,0,0,0,0,0,5
8,24212,8|24212,0,0,0,0,0,0,0,0,0,0,0,0
8,24303,8|24303,0,2,0,0,0,0,0,0,0,0,2,0
8,24304,8|24304,0,3,0,0,0,0,0,0,0,0,3,0
8,24368,8|24368,0,2,0,0,0,0,0,0,0,0,2,0
8,24369,8|24369,0,0,0,0,0,0,0,0,0,0,0,0
8,24370,8|24370,0,1,0,0,0,0,0,0,0,0,1,0
8,24372,8|24372,0,2,0,0,0,0,0,0,0,0,2,0
8,24374,8|24374,0,1,0,0,0,0,0,0,0,0,1,0
8,24416,8|24416,0,5,0,0,0,0,0,0,0,0,5,0
8,24554,8|24554,0,18,0,0,0,0,0,0,0,0,18,0
8,24651,8|24651,0,0,0,0,0,0,0,0,0,0,0,0
8,24652,8|24652,0,0,3,0,0,0,0,0,0,0,0,3
8,24653,8|24653,0,0,0,0,0,0,0,0,0,0,0,0
8,24741,8|24741,0,1,0,0,0,0,0,0,0,0,1,0
8,24742,8|24742,0,0,0,0,0,0,0,0,0,0,0,0
8,24743,8|24743,0,1,0,0,0,0,0,0,0,0,1,0
8,24744,8|24744,0,1,0,0,0,0,0,0,0,0,1,0
8,24831,8|24831,0,0,0,0,0,0,0,0,0,0,0,0
8,24832,8|24832,0,0,0,0,0,0,0,0,0,0,0,0
8,24849,8|24849,0,0,0,0,0,0,0,0,0,0,0,0
8,24850,8|24850,0,0,0,0,0,0,0,0,0,0,0,0
8,24853,8|24853,0,0,0,0,0,0,0,0,0,0,0,0
8,24854,8|24854,0,0,0,0,0,0,0,0,0,0,0,0
8,24857,8|24857,0,332,18,0,0,0,0,0,0,0,332,18
8,24875,8|24875,0,0,0,0,0,0,0,0,0,0,0,0
8,24951,8|24951,0,0,0,0,0,0,0,0,0,0,0,0
8,24952,8|24952,0,0,0,0,0,0,0,0,0,0,0,0
8,25435,8|25435,0,0,0,0,0,0,0,0,0,0,0,0
8,25438,8|25438,0,189,10,0,0,0,0,0,0,0,189,10
8,25487,8|25487,0,163,9,0,0,0,0,0,0,0,163,9
8,25585,8|25585,0,0,0,0,0,0,0,0,0,0,0,0
8,25630,8|25630,0,628,33,0,0,0,0,0,0,0,628,33
8,26224,8|26224,0,609,32,0,0,0,0,0,0,0,609,32
8,26225,8|26225,0,266,14,0,0,0,0,0,0,0,266,14
8,26226,8|26226,0,266,14,0,0,0,0,0,0,0,266,14
8,26636,8|26636,0,0,0,0,0,0,0,0,0,0,0,0
8,26695,8|26695,0,0,0,0,0,0,0,0,0,0,0,0
8,26696,8|26696,0,0,0,0,0,0,0,0,0,0,0,0
8,26697,8|26697,0,0,0,0,0,0,0,0,0,0,0,0
8,26698,8|26698,0,0,0,0,0,0,0,0,0,0,0,0
8,27193,8|27193,0,159,8,0,0,0,0,0,0,0,159,8
8,27199,8|27199,0,0,0,0,0,0,0,0,0,0,0,0
8,27364,8|27364,0,118,6,0,0,0,0,0,0,0,118,6
8,27429,8|27429,0,0,0,0,0,0,0,0,0,0,0,0
8,27431,8|27431,0,0,0,0,0,0,0,0,0,0,0,0
8,27442,8|27442,0,0,0,0,0,0,0,0,0,0,0,0
8,27490,8|27490,0,0,0,0,0,0,0,0,0,0,0,0
8,27557,8|27557,0,0,0,0,0,0,0,0,0,0,0,0
8,27678,8|27678,0,0,0,0,0,0,0,0,0,0,0,0
8,27684,8|27684,0,0,0,0,0,0,0,0,0,1,0,-1
8,27772,8|27772,0,0,3,0,0,0,0,0,0,0,0,3
8,27774,8|27774,0,0,0,0,0,0,0,0,0,0,0,0
8,27777,8|27777,0,0,0,0,0,0,0,0,0,0,0,0
8,27779,8|27779,0,0,0,0,0,0,0,0,0,0,0,0
8,28050,8|28050,0,0,4,0,0,0,0,0,0,0,0,4
8,28051,8|28051,0,0,3,0,0,0,0,0,0,0,0,3
8,28052,8|28052,0,0,4,0,0,0,0,0,0,0,0,4
8,28079,8|28079,0,0,0,0,0,0,0,0,0,0,0,0
8,28530,8|28530,0,0,0,0,0,0,0,0,0,0,0,0
8,29549,8|29549,0,771,41,0,0,0,0,0,0,0,771,41
8,29551,8|29551,0,0,0,0,0,0,0,0,0,0,0,0
8,30185,8|30185,0,0,0,0,0,0,0,0,0,0,0,0
8,30336,8|30336,0,0,0,0,0,0,0,0,0,0,0,0
8,30343,8|30343,0,0,0,0,0,0,0,0,0,0,0,0
8,30428,8|30428,0,0,0,0,0,0,0,0,0,0,0,0
8,30448,8|30448,0,170,9,0,0,0,0,0,0,0,170,9
8,30729,8|30729,0,0,0,0,0,0,0,0,0,0,0,0
8,30822,8|30822,0,0,0,0,0,0,0,0,0,0,0,0
8,30947,8|30947,0,0,0,0,0,0,0,0,0,6,0,-6
8,30991,8|30991,0,0,0,0,0,0,0,0,0,0,0,0
8,31021,8|31021,0,0,0,0,0,0,0,0,0,0,0,0
8,31292,8|31292,0,0,0,0,0,0,0,0,0,0,0,0
8,31300,8|31300,0,0,0,0,0,0,0,0,0,0,0,0
8,31324,8|31324,0,0,0,0,0,0,0,0,0,0,0,0
8,31630,8|31630,0,0,0,0,0,0,0,0,0,0,0,0
8,31661,8|31661,0,0,0,0,0,0,0,0,0,0,0,0
8,31862,8|31862,0,0,0,0,0,0,0,0,0,0,0,0
8,31905,8|31905,0,0,0,0,0,0,0,0,0,0,0,0
8,31938,8|31938,0,0,0,0,0,0,0,0,0,0,0,0
8,31939,8|31939,0,0,0,0,0,0,0,0,0,0,0,0
8,31940,8|31940,0,0,0,0,0,0,0,0,0,0,0,0
8,32144,8|32144,0,0,0,0,0,0,0,0,0,0,0,0
8,32182,8|32182,0,0,0,0,0,0,0,0,0,0,0,0
8,32416,8|32416,0,0,0,0,0,0,0,0,0,0,0,0
8,32474,8|32474,0,0,0,0,0,0,0,0,0,0,0,0
8,908907,8|908907,0,0,0,0,0,0,0,0,0,0,0,0
8,998887766,8|998887766,0,0,0,0,0,0,0,0,0,0,0,0
9,61,9|61,0,0,0,0,0,0,0,0,0,0,0,0
9,8507,9|8507,0,0,0,0,0,0,0,0,0,0,0,0
9,8514,9|8514,0,0,0,0,0,0,0,0,0,0,0,0
9,8516,9|8516,0,0,0,0,0,0,0,0,0,0,0,0
9,8545,9|8545,0,0,0,0,0,0,0,0,0,0,0,0
9,8548,9|8548,0,0,0,0,0,0,0,0,0,0,0,0
9,8570,9|8570,0,0,0,0,0,0,0,0,0,0,0,0
9,8573,9|8573,0,0,0,0,0,0,0,0,0,0,0,0
9,8582,9|8582,0,0,0,0,0,0,0,0,0,0,0,0
9,8583,9|8583,0,0,0,0,0,0,0,0,0,0,0,0
9,8586,9|8586,0,0,0,0,0,0,0,0,0,0,0,0
9,8589,9|8589,0,0,0,0,0,0,0,0,0,0,0,0
9,8591,9|8591,0,0,0,0,0,0,0,0,0,0,0,0
9,8593,9|8593,0,0,0,0,0,0,0,0,0,0,0,0
9,8596,9|8596,0,170,9,0,0,0,0,0,0,0,170,9
9,8599,9|8599,0,54,0,0,0,0,0,0,0,0,54,0
9,8600,9|8600,0,0,0,0,0,0,0,0,0,0,0,0
9,8602,9|8602,0,0,0,0,0,0,0,0,0,0,0,0
9,8605,9|8605,0,0,0,0,0,0,0,0,0,0,0,0
9,8607,9|8607,0,0,0,0,0,0,0,0,0,0,0,0
9,8608,9|8608,0,0,0,0,0,0,0,0,0,0,0,0
9,8612,9|8612,0,113,6,0,0,0,0,0,0,0,113,6
9,8618,9|8618,0,0,0,0,0,0,0,0,0,0,0,0
9,8620,9|8620,0,0,0,0,0,0,0,0,0,0,0,0
9,8623,9|8623,0,1,0,0,0,0,0,0,0,0,1,0
9,8628,9|8628,0,0,0,0,0,0,0,0,0,0,0,0
9,8631,9|8631,0,0,0,0,0,0,0,0,0,0,0,0
9,8636,9|8636,0,0,0,0,0,0,0,0,0,0,0,0
9,8640,9|8640,0,194,10,0,0,0,0,0,0,0,194,10
9,8643,9|8643,0,0,0,0,0,0,0,0,0,0,0,0
9,8645,9|8645,0,163,9,0,0,0,0,0,0,0,163,9
9,8648,9|8648,0,0,2,0,0,0,0,0,0,0,0,2
9,8649,9|8649,0,0,0,0,0,0,0,0,0,0,0,0
9,8653,9|8653,0,0,1,0,0,0,0,0,0,0,0,1
9,8655,9|8655,0,0,0,0,0,0,0,0,0,0,0,0
9,8659,9|8659,0,0,0,0,0,0,0,0,0,0,0,0
9,8668,9|8668,0,0,0,0,0,0,0,0,0,0,0,0
9,8674,9|8674,0,0,0,0,0,0,0,0,0,0,0,0
9,8676,9|8676,0,119,6,0,0,0,0,0,0,0,119,6
9,8677,9|8677,0,0,0,0,0,0,0,0,0,0,0,0
9,8679,9|8679,0,0,0,0,0,0,0,0,0,0,0,0
9,8710,9|8710,0,0,0,0,0,0,0,0,0,0,0,0
9,8787,9|8787,0,0,0,0,0,0,0,0,0,0,0,0
9,8844,9|8844,0,0,3,0,0,0,0,0,0,0,0,3
9,8846,9|8846,0,0,0,0,0,0,0,0,0,0,0,0
9,8930,9|8930,0,0,0,0,0,0,0,0,0,0,0,0
9,8981,9|8981,0,0,0,0,0,0,0,0,0,0,0,0
9,9002,9|9002,0,0,0,0,0,0,0,0,0,0,0,0
9,10861,9|10861,0,0,0,0,0,0,0,0,0,0,0,0
9,12175,9|12175,0,0,2,0,0,0,0,0,0,0,0,2
9,12184,9|12184,0,118,6,0,0,0,0,0,0,0,118,6
9,12224,9|12224,0,0,0,0,0,0,0,0,0,0,0,0
9,14243,9|14243,0,4,0,0,0,0,0,0,0,0,4,0
9,14316,9|14316,0,0,0,0,0,0,0,0,0,0,0,0
9,14404,9|14404,0,2,0,0,0,0,0,0,0,0,2,0
9,14475,9|14475,0,0,0,0,0,0,0,0,0,0,0,0
9,14476,9|14476,0,0,0,0,0,0,0,0,0,0,0,0
9,14494,9|14494,0,0,0,0,0,0,0,0,0,0,0,0
9,14501,9|14501,0,2,0,0,0,0,0,0,0,0,2,0
9,14545,9|14545,0,0,0,0,0,0,0,0,0,0,0,0
9,14551,9|14551,0,0,1,0,0,0,0,0,0,0,0,1
9,14576,9|14576,0,0,0,0,0,0,0,0,0,0,0,0
9,14577,9|14577,0,0,0,0,0,0,0,0,0,0,0,0
9,14614,9|14614,0,4,0,0,0,0,0,0,0,0,4,0
9,14619,9|14619,0,2,0,0,0,0,0,0,0,0,2,0
9,14621,9|14621,0,4,0,0,0,0,0,0,0,0,4,0
9,14801,9|14801,0,0,0,0,0,0,0,0,0,0,0,0
9,14824,9|14824,0,0,2,0,0,0,0,0,0,0,0,2
9,15043,9|15043,0,0,0,0,0,0,0,0,0,0,0,0
9,15048,9|15048,0,1,0,0,0,0,0,0,0,0,1,0
9,15140,9|15140,0,0,2,0,0,0,0,0,0,0,0,2
9,15146,9|15146,0,0,0,0,0,0,0,0,0,0,0,0
9,15150,9|15150,0,0,0,0,0,0,0,0,0,0,0,0
9,15211,9|15211,0,1,0,0,0,0,0,0,0,0,1,0
9,15216,9|15216,0,2,0,0,0,0,0,0,0,0,2,0
9,15219,9|15219,0,0,0,0,0,0,0,0,0,0,0,0
9,15223,9|15223,0,0,0,0,0,0,0,0,0,0,0,0
9,15425,9|15425,0,0,0,0,0,0,0,0,0,0,0,0
9,15473,9|15473,0,0,0,0,0,0,0,0,0,0,0,0
9,15504,9|15504,0,0,0,0,0,0,0,0,0,0,0,0
9,15579,9|15579,0,4,0,0,0,0,0,0,0,0,4,0
9,15584,9|15584,0,0,0,0,0,0,0,0,0,0,0,0
9,15588,9|15588,0,0,0,0,0,0,0,0,0,0,0,0
9,15686,9|15686,0,1,0,0,0,0,0,0,0,0,1,0
9,15890,9|15890,0,0,0,0,0,0,0,0,0,0,0,0
9,16556,9|16556,0,0,0,0,0,0,0,0,0,0,0,0
9,16700,9|16700,0,1,0,0,0,0,0,0,0,0,1,0
9,16702,9|16702,0,2,0,0,0,0,0,0,0,0,2,0
9,16822,9|16822,0,0,3,0,0,0,0,0,0,0,0,3
9,16823,9|16823,0,189,10,0,0,0,0,0,0,0,189,10
9,16844,9|16844,0,0,1,0,0,0,0,0,0,0,0,1
9,16853,9|16853,0,140,7,0,0,0,0,0,0,0,140,7
9,16862,9|16862,0,0,0,0,0,0,0,0,0,0,0,0
9,16991,9|16991,0,3,0,0,0,0,0,0,0,0,3,0
9,16992,9|16992,0,152,8,0,0,0,0,0,0,0,152,8
9,17214,9|17214,0,2,0,0,0,0,0,0,0,0,2,0
9,17225,9|17225,0,8,0,0,0,0,0,0,0,0,8,0
9,17242,9|17242,0,0,0,0,0,0,0,0,0,0,0,0
9,17332,9|17332,0,293,15,0,0,0,0,0,0,0,293,15
9,18111,9|18111,0,0,0,0,0,0,0,0,0,0,0,0
9,18168,9|18168,0,13,0,0,0,0,0,0,0,0,13,0
9,18232,9|18232,0,0,0,0,0,0,0,0,0,0,0,0
9,18286,9|18286,0,0,0,0,0,0,0,0,0,0,0,0
9,18294,9|18294,0,0,0,0,0,0,0,0,0,0,0,0
9,18314,9|18314,0,0,2,0,0,0,0,0,0,0,0,2
9,18404,9|18404,0,0,0,0,0,0,0,0,0,0,0,0
9,18405,9|18405,0,0,0,0,0,0,0,0,0,0,0,0
9,18406,9|18406,0,0,1,0,0,0,0,0,0,0,0,1
9,18407,9|18407,0,0,0,0,0,0,0,0,0,0,0,0
9,18454,9|18454,0,32,2,0,0,0,0,0,0,0,32,2
9,18455,9|18455,0,0,2,0,0,0,0,0,0,0,0,2
9,18470,9|18470,0,0,0,0,0,0,0,0,0,0,0,0
9,18550,9|18550,0,141,7,0,0,0,0,0,0,0,141,7
9,18552,9|18552,0,156,8,0,0,0,0,0,0,0,156,8
9,18634,9|18634,0,0,3,0,0,0,0,0,0,0,0,3
9,18635,9|18635,0,0,2,0,0,0,0,0,0,0,0,2
9,18636,9|18636,0,0,4,0,0,0,0,0,0,0,0,4
9,18736,9|18736,0,12,0,0,0,0,0,0,0,0,12,0
9,18788,9|18788,0,0,1,0,0,0,0,0,0,0,0,1
9,18791,9|18791,0,16,0,0,0,0,0,0,0,0,16,0
9,18911,9|18911,0,0,0,0,0,0,0,0,0,0,0,0
9,18917,9|18917,0,0,0,0,0,0,0,0,0,0,0,0
9,19010,9|19010,0,0,0,0,0,0,0,0,0,0,0,0
9,19018,9|19018,0,0,0,0,0,0,0,0,0,0,0,0
9,19142,9|19142,0,217,11,0,0,0,0,0,0,0,217,11
9,19144,9|19144,0,0,0,0,0,0,0,0,0,0,0,0
9,19400,9|19400,0,160,8,0,0,0,0,0,0,0,160,8
9,19401,9|19401,0,0,0,0,0,0,0,0,0,0,0,0
9,19402,9|19402,0,8,0,0,0,0,0,0,0,0,8,0
9,19428,9|19428,0,0,0,0,0,0,0,0,0,0,0,0
9,19429,9|19429,0,0,0,0,0,0,0,0,0,0,0,0
9,19558,9|19558,0,10,0,0,0,0,0,0,0,0,10,0
9,19614,9|19614,0,521,27,0,0,0,0,0,0,0,521,27
9,19615,9|19615,0,25,1,0,0,0,0,0,0,0,25,1
9,19832,9|19832,0,0,0,0,0,0,0,0,0,0,0,0
9,19967,9|19967,0,9,0,0,0,0,0,0,0,0,9,0
9,19968,9|19968,0,2,0,0,0,0,0,0,0,0,2,0
9,20108,9|20108,0,130,7,0,0,0,0,0,0,0,130,7
9,20109,9|20109,0,288,15,0,0,0,0,0,0,0,288,15
9,20110,9|20110,0,176,9,0,0,0,0,0,0,0,176,9
9,20260,9|20260,0,12,0,0,0,0,0,0,0,0,12,0
9,20261,9|20261,0,16,0,0,0,0,0,0,0,0,16,0
9,20267,9|20267,0,12,0,0,0,0,0,0,0,0,12,0
9,20268,9|20268,0,2,0,0,0,0,0,0,0,0,2,0
9,20269,9|20269,0,1,0,0,0,0,0,0,0,0,1,0
9,20270,9|20270,0,0,0,0,0,0,0,0,0,0,0,0
9,20271,9|20271,0,2,0,0,0,0,0,0,0,0,2,0
9,20326,9|20326,0,1,0,0,0,0,0,0,0,0,1,0
9,20328,9|20328,0,4,0,0,0,0,0,0,0,0,4,0
9,20467,9|20467,0,0,0,0,0,0,0,0,0,0,0,0
9,20525,9|20525,0,106,6,0,0,0,0,0,0,0,106,6
9,20526,9|20526,0,22,1,0,0,0,0,0,0,0,22,1
9,20530,9|20530,0,0,0,0,0,0,0,0,0,0,0,0
9,20531,9|20531,0,0,0,0,0,0,0,0,0,0,0,0
9,20578,9|20578,0,0,0,0,0,0,0,0,0,0,0,0
9,20669,9|20669,0,13,1,0,0,0,0,0,0,0,13,1
9,20670,9|20670,0,13,0,0,0,0,0,0,0,0,13,0
9,20789,9|20789,0,0,0,0,0,0,0,0,0,0,0,0
9,20792,9|20792,0,9,0,0,0,0,0,0,0,0,9,0
9,20793,9|20793,0,0,1,0,0,0,0,0,0,0,0,1
9,20948,9|20948,0,15,0,0,0,0,0,0,0,0,15,0
9,21004,9|21004,0,0,0,0,0,0,0,0,0,0,0,0
9,21192,9|21192,0,6,0,0,0,0,0,0,0,0,6,0
9,21193,9|21193,0,6,0,0,0,0,0,0,0,0,6,0
9,21215,9|21215,0,113,6,0,0,0,0,0,0,0,113,6
9,21477,9|21477,0,0,0,0,0,0,0,0,0,0,0,0
9,22359,9|22359,0,0,0,0,0,0,0,0,0,0,0,0
9,22532,9|22532,0,5,0,0,0,0,0,0,0,0,5,0
9,22684,9|22684,0,32,0,0,0,0,0,0,0,0,32,0
9,22685,9|22685,0,25,1,0,0,0,0,0,0,0,25,1
9,22686,9|22686,0,7,0,0,0,0,0,0,0,0,7,0
9,22687,9|22687,0,7,0,0,0,0,0,0,0,0,7,0
9,22702,9|22702,0,3,0,0,0,0,0,0,0,0,3,0
9,22736,9|22736,0,1,0,0,0,0,0,0,0,0,1,0
9,22770,9|22770,0,3,0,0,0,0,0,0,0,0,3,0
9,23090,9|23090,0,335,18,0,0,0,0,0,0,0,335,18
9,23091,9|23091,0,187,10,0,0,0,0,0,0,0,187,10
9,23092,9|23092,0,0,0,0,0,0,0,0,0,0,0,0
9,23335,9|23335,0,2,0,0,0,0,0,0,0,0,2,0
9,23366,9|23366,0,1,0,0,0,0,0,0,0,0,1,0
9,23591,9|23591,0,0,0,0,0,0,0,0,0,0,0,0
9,23599,9|23599,0,0,0,0,0,0,0,0,0,0,0,0
9,23614,9|23614,0,0,0,0,0,0,0,0,0,0,0,0
9,23675,9|23675,0,0,0,0,0,0,0,0,0,0,0,0
9,23725,9|23725,0,0,2,0,0,0,0,0,0,0,0,2
9,23794,9|23794,0,1,0,0,0,0,0,0,0,0,1,0
9,23797,9|23797,0,204,11,0,0,0,0,0,0,0,204,11
9,23798,9|23798,0,0,0,0,0,0,0,0,0,0,0,0
9,23926,9|23926,0,0,0,0,0,0,0,0,0,0,0,0
9,24271,9|24271,0,15,0,0,0,0,0,0,0,0,15,0
9,24272,9|24272,0,12,0,0,0,0,0,0,0,0,12,0
9,24290,9|24290,0,124,7,0,0,0,0,0,0,0,124,7
9,24291,9|24291,0,12,0,0,0,0,0,0,0,0,12,0
9,24349,9|24349,0,0,0,0,0,0,0,0,0,0,0,0
9,24393,9|24393,0,1,0,0,0,0,0,0,0,0,1,0
9,24394,9|24394,0,5,0,0,0,0,0,0,0,0,5,0
9,24395,9|24395,0,5,0,0,0,0,0,0,0,0,5,0
9,24396,9|24396,0,1,0,0,0,0,0,0,0,0,1,0
9,24397,9|24397,0,1,0,0,0,0,0,0,0,0,1,0
9,24398,9|24398,0,3,0,0,0,0,0,0,0,0,3,0
9,24399,9|24399,0,5,0,0,0,0,0,0,0,0,5,0
9,24400,9|24400,0,2,0,0,0,0,0,0,0,0,2,0
9,24432,9|24432,0,0,4,0,0,0,0,0,0,0,0,4
9,24433,9|24433,0,1,0,0,0,0,0,0,0,0,1,0
9,24624,9|24624,0,8,0,0,0,0,0,0,0,0,8,0
9,24626,9|24626,0,0,0,0,0,0,0,0,0,0,0,0
9,24664,9|24664,0,0,0,0,0,0,0,0,0,0,0,0
9,24665,9|24665,0,0,0,0,0,0,0,0,0,0,0,0
9,24666,9|24666,0,0,0,0,0,0,0,0,0,0,0,0
9,24670,9|24670,0,0,0,0,0,0,0,0,0,0,0,0
9,24672,9|24672,0,0,0,0,0,0,0,0,0,0,0,0
9,24673,9|24673,0,0,0,0,0,0,0,0,0,0,0,0
9,24967,9|24967,0,0,0,0,0,0,0,0,0,0,0,0
9,24968,9|24968,0,8,0,0,0,0,0,0,0,0,8,0
9,24969,9|24969,0,9,0,0,0,0,0,0,0,0,9,0
9,24970,9|24970,0,15,0,0,0,0,0,0,0,0,15,0
9,24971,9|24971,0,2,0,0,0,0,0,0,0,0,2,0
9,24980,9|24980,0,0,0,0,0,0,0,0,0,0,0,0
9,24981,9|24981,0,1,0,0,0,0,0,0,0,0,1,0
9,25049,9|25049,0,0,0,0,0,0,0,0,0,0,0,0
9,25131,9|25131,0,0,0,0,0,0,0,0,0,0,0,0
9,25182,9|25182,0,123,7,0,0,0,0,0,0,0,123,7
9,25183,9|25183,0,12,1,0,0,0,0,0,0,0,12,1
9,25210,9|25210,0,0,0,0,0,0,0,0,0,0,0,0
9,25287,9|25287,0,0,3,0,0,0,0,0,0,0,0,3
9,25288,9|25288,0,0,0,0,0,0,0,0,0,0,0,0
9,25289,9|25289,0,0,2,0,0,0,0,0,0,0,0,2
9,25373,9|25373,0,0,0,0,0,0,0,0,0,0,0,0
9,25507,9|25507,0,0,0,0,0,0,0,0,0,0,0,0
9,25509,9|25509,0,0,0,0,0,0,0,0,0,0,0,0
9,25510,9|25510,0,0,0,0,0,0,0,0,0,0,0,0
9,25511,9|25511,0,0,0,0,0,0,0,0,0,0,0,0
9,25512,9|25512,0,0,0,0,0,0,0,0,0,0,0,0
9,25513,9|25513,0,0,0,0,0,0,0,0,0,0,0,0
9,25514,9|25514,0,0,0,0,0,0,0,0,0,0,0,0
9,25515,9|25515,0,0,0,0,0,0,0,0,0,0,0,0
9,25655,9|25655,0,0,5,0,0,0,0,0,0,0,0,5
9,25945,9|25945,0,0,0,0,0,0,0,0,0,0,0,0
9,25946,9|25946,0,0,0,0,0,0,0,0,0,0,0,0
9,25947,9|25947,0,182,10,0,0,0,0,0,0,0,182,10
9,25948,9|25948,0,428,23,0,0,0,0,0,0,0,428,23
9,25949,9|25949,0,0,0,0,0,0,0,0,0,0,0,0
9,26026,9|26026,0,0,2,0,0,0,0,0,0,0,0,2
9,26027,9|26027,0,0,0,0,0,0,0,0,0,0,0,0
9,26032,9|26032,0,0,0,0,0,0,0,0,0,0,0,0
9,26165,9|26165,0,0,0,0,0,0,0,0,0,0,0,0
9,26258,9|26258,0,96,5,0,0,0,0,0,0,0,96,5
9,26259,9|26259,0,0,5,0,0,0,0,0,0,0,0,5
9,26358,9|26358,0,0,0,0,0,0,0,0,0,0,0,0
9,26360,9|26360,0,29,0,0,0,0,0,0,0,0,29,0
9,26361,9|26361,0,0,0,0,0,0,0,0,0,0,0,0
9,26362,9|26362,0,231,12,0,0,0,0,0,0,0,231,12
9,26363,9|26363,0,73,4,0,0,0,0,0,0,0,73,4
9,26425,9|26425,0,0,0,0,0,0,0,0,0,0,0,0
9,26644,9|26644,0,0,0,0,0,0,0,0,0,0,0,0
9,26647,9|26647,0,0,2,0,0,0,0,0,0,0,0,2
9,26761,9|26761,0,0,0,0,0,0,0,0,0,0,0,0
9,26872,9|26872,0,0,0,0,0,0,0,0,0,0,0,0
9,26874,9|26874,0,0,2,0,0,0,0,0,0,0,0,2
9,26934,9|26934,0,0,0,0,0,0,0,0,0,0,0,0
9,27053,9|27053,0,0,0,0,0,0,0,0,0,0,0,0
9,27379,9|27379,0,182,10,0,0,0,0,0,0,0,182,10
9,27380,9|27380,0,578,30,0,0,0,0,0,0,0,578,30
9,27381,9|27381,0,659,35,0,0,0,0,0,0,0,659,35
9,27398,9|27398,0,0,0,0,0,0,0,0,0,0,0,0
9,27399,9|27399,0,0,0,0,0,0,0,0,0,0,0,0
9,27400,9|27400,0,0,1,0,0,0,0,0,0,0,0,1
9,27548,9|27548,0,175,9,0,0,0,0,0,0,0,175,9
9,27549,9|27549,0,0,0,0,0,0,0,0,0,0,0,0
9,27550,9|27550,0,0,3,0,0,0,0,0,0,7,0,-4
9,27633,9|27633,0,0,0,0,0,0,0,0,0,0,0,0
9,27634,9|27634,0,0,0,0,0,0,0,0,0,0,0,0
9,27635,9|27635,0,0,0,0,0,0,0,0,0,0,0,0
9,27637,9|27637,0,0,0,0,0,0,0,0,0,0,0,0
9,27638,9|27638,0,0,0,0,0,0,0,0,0,0,0,0
9,27641,9|27641,0,2,0,0,0,0,0,0,0,0,2,0
9,28054,9|28054,0,24,1,0,0,0,0,0,0,0,24,1
9,28055,9|28055,0,0,0,0,0,0,0,0,0,0,0,0
9,28115,9|28115,0,17,1,0,0,0,0,0,0,0,17,1
9,28509,9|28509,0,0,0,0,0,0,0,0,0,0,0,0
9,28510,9|28510,0,0,0,0,0,0,0,0,0,0,0,0
9,29219,9|29219,0,0,0,0,0,0,0,0,0,0,0,0
9,29678,9|29678,0,0,0,0,0,0,0,0,0,0,0,0
9,29679,9|29679,0,0,0,0,0,0,0,0,0,0,0,0
9,29685,9|29685,0,0,0,0,0,0,0,0,0,0,0,0
9,29686,9|29686,0,0,0,0,0,0,0,0,0,0,0,0
9,29758,9|29758,0,0,0,0,0,0,0,0,0,0,0,0
9,29760,9|29760,0,0,0,0,0,0,0,0,0,0,0,0
9,29761,9|29761,0,0,1,0,0,0,0,0,0,0,0,1
9,29833,9|29833,0,104,6,0,0,0,0,0,0,0,104,6
9,29834,9|29834,0,184,10,0,0,0,0,0,0,0,184,10
9,29836,9|29836,0,0,0,0,0,0,0,0,0,0,0,0
9,29855,9|29855,0,0,0,0,0,0,0,0,0,0,0,0
9,29873,9|29873,0,0,0,0,0,0,0,0,0,0,0,0
9,29890,9|29890,0,0,0,0,0,0,0,0,0,0,0,0
9,29895,9|29895,0,0,0,0,0,0,0,0,0,0,0,0
9,30338,9|30338,0,0,0,0,0,0,0,0,0,0,0,0
9,30591,9|30591,0,0,0,0,0,0,0,0,0,0,0,0
9,30592,9|30592,0,0,2,0,0,0,0,0,0,0,0,2
9,30593,9|30593,0,0,2,0,0,0,0,0,0,0,0,2
9,30622,9|30622,0,0,0,0,0,0,0,0,0,0,0,0
9,30629,9|30629,0,0,0,0,0,0,0,0,0,0,0,0
9,30655,9|30655,0,0,1,0,0,0,0,0,0,3,0,-2
9,30660,9|30660,0,0,0,0,0,0,0,0,0,3,0,-3
9,30677,9|30677,0,0,3,0,0,0,0,0,0,0,0,3
9,30678,9|30678,0,0,0,0,0,0,0,0,0,0,0,0
9,31552,9|31552,0,0,0,0,0,0,0,0,0,0,0,0
9,31830,9|31830,0,0,0,0,0,0,0,0,0,0,0,0
9,31832,9|31832,0,0,0,0,0,0,0,0,0,0,0,0
9,31862,9|31862,0,0,0,0,0,0,0,0,0,0,0,0
9,32196,9|32196,0,0,0,0,0,0,0,0,0,0,0,0
9,32706,9|32706,0,243,13,0,0,0,0,0,0,0,243,13
9,32776,9|32776,0,0,0,0,0,0,0,0,0,0,0,0
9,32811,9|32811,0,0,0,0,0,0,0,0,0,0,0,0
9,32840,9|32840,0,24,0,0,0,0,0,0,0,0,24,0
9,33035,9|33035,0,0,0,0,0,0,0,0,0,4,0,-4
9,33085,9|33085,0,0,2,0,0,0,0,0,0,0,0,2
9,33180,9|33180,0,19,0,0,0,0,0,0,0,0,19,0
9,33310,9|33310,0,118,6,0,0,0,0,0,0,0,118,6
9,33311,9|33311,0,0,4,0,0,0,0,0,0,0,0,4
9,33623,9|33623,0,0,0,0,0,0,0,0,0,0,0,0
9,33737,9|33737,0,0,2,0,0,0,0,0,0,0,0,2
9,998887766,9|998887766,0,0,0,0,0,0,0,0,0,0,0,0
12,648,12|648,0,0,0,0,0,0,0,0,0,0,0,0
12,9903,12|9903,0,0,0,0,0,0,0,0,0,0,0,0
12,9929,12|9929,0,0,0,0,0,0,0,0,0,0,0,0
12,9993,12|9993,0,0,0,0,0,0,0,0,0,0,0,0
12,9994,12|9994,0,0,0,0,0,0,0,0,0,0,0,0
12,9995,12|9995,0,0,0,0,0,0,0,0,0,0,0,0
12,10006,12|10006,0,0,0,0,0,0,0,0,0,0,0,0
12,10020,12|10020,0,103,5,0,0,0,0,0,0,0,103,5
12,10027,12|10027,0,0,0,0,0,0,0,0,0,0,0,0
12,10028,12|10028,0,0,0,0,0,0,0,0,0,0,0,0
12,10037,12|10037,0,0,2,0,0,0,0,0,0,0,0,2
12,10038,12|10038,0,0,4,0,0,0,0,0,0,0,0,4
12,10045,12|10045,0,173,9,0,0,0,0,0,0,0,173,9
12,10053,12|10053,0,271,14,0,0,0,0,0,0,0,271,14
12,10054,12|10054,0,0,0,0,0,0,0,0,0,0,0,0
12,10062,12|10062,0,0,0,0,0,0,0,0,0,0,0,0
12,10065,12|10065,0,0,4,0,0,0,0,0,0,0,0,4
12,10067,12|10067,0,0,4,0,0,0,0,0,0,0,0,4
12,10068,12|10068,0,0,0,0,0,0,0,0,0,0,0,0
12,10069,12|10069,0,0,0,0,0,0,0,0,0,0,0,0
12,10070,12|10070,0,0,2,0,0,0,0,0,0,0,0,2
12,10104,12|10104,0,0,3,0,0,0,0,0,0,0,0,3
12,10105,12|10105,0,129,7,0,0,0,0,0,0,0,129,7
12,10108,12|10108,0,0,0,0,0,0,0,0,0,0,0,0
12,10109,12|10109,0,0,5,0,0,0,0,0,0,0,0,5
12,10110,12|10110,0,0,1,0,0,0,0,0,0,0,0,1
12,10111,12|10111,0,0,5,0,0,0,0,0,0,0,0,5
12,10112,12|10112,0,0,4,0,0,0,0,0,0,0,0,4
12,10113,12|10113,0,0,0,0,0,0,0,0,0,0,0,0
12,10115,12|10115,0,0,3,0,0,0,0,0,0,0,0,3
12,10118,12|10118,0,0,4,0,0,0,0,0,0,0,0,4
12,10126,12|10126,0,0,0,0,0,0,0,0,0,0,0,0
12,10129,12|10129,0,0,0,0,0,0,0,0,0,0,0,0
12,10130,12|10130,0,0,1,0,0,0,0,0,0,0,0,1
12,10138,12|10138,0,313,17,0,0,0,0,0,0,0,313,17
12,10139,12|10139,0,308,16,0,0,0,0,0,0,0,308,16
12,10141,12|10141,0,0,0,0,0,0,0,0,0,0,0,0
12,10149,12|10149,0,0,4,0,0,0,0,0,0,0,0,4
12,10150,12|10150,0,0,0,0,0,0,0,0,0,0,0,0
12,10152,12|10152,0,0,0,0,0,0,0,0,0,0,0,0
12,10154,12|10154,0,0,0,0,0,0,0,0,0,0,0,0
12,10162,12|10162,0,123,7,0,0,0,0,0,0,0,123,7
12,10168,12|10168,0,423,22,0,0,0,0,0,0,0,423,22
12,10169,12|10169,0,599,32,0,0,0,0,0,0,0,599,32
12,10170,12|10170,0,0,0,0,0,0,0,0,0,0,0,0
12,10189,12|10189,0,0,1,0,0,0,0,0,0,0,0,1
12,10192,12|10192,0,0,0,0,0,0,0,0,0,0,0,0
12,10198,12|10198,0,0,0,0,0,0,0,0,0,0,0,0
12,10212,12|10212,0,116,6,0,0,0,0,0,0,0,116,6
12,10222,12|10222,0,0,5,0,0,0,0,0,0,0,0,5
12,10226,12|10226,0,0,0,0,0,0,0,0,0,0,0,0
12,10242,12|10242,0,521,27,0,0,0,0,0,0,0,521,27
12,10243,12|10243,0,372,20,0,0,0,0,0,0,0,372,20
12,10244,12|10244,0,353,19,0,0,0,0,0,0,0,353,19
12,10245,12|10245,0,345,18,0,0,0,0,0,0,0,345,18
12,10246,12|10246,0,230,12,0,0,0,0,0,0,0,230,12
12,10254,12|10254,0,0,3,0,0,0,0,0,0,0,0,3
12,10265,12|10265,0,0,0,0,0,0,0,0,0,0,0,0
12,10274,12|10274,0,0,0,0,0,0,0,0,0,0,0,0
12,10296,12|10296,0,0,0,0,0,0,0,0,0,0,0,0
12,10316,12|10316,0,0,0,0,0,0,0,0,0,0,0,0
12,10332,12|10332,0,0,0,0,0,0,0,0,0,0,0,0
12,10336,12|10336,0,140,7,0,0,0,0,0,0,0,140,7
12,10350,12|10350,0,0,5,0,0,0,0,0,0,0,0,5
12,10389,12|10389,0,0,0,0,0,0,0,0,0,0,0,0
12,10399,12|10399,0,0,2,0,0,0,0,0,0,0,0,2
12,10400,12|10400,0,0,5,0,0,0,0,0,0,0,0,5
12,10401,12|10401,0,0,0,0,0,0,0,0,0,0,0,0
12,10437,12|10437,0,0,0,0,0,0,0,0,0,0,0,0
12,10438,12|10438,0,0,2,0,0,0,0,0,0,0,0,2
12,10583,12|10583,0,138,7,0,0,0,0,0,0,0,138,7
12,10620,12|10620,0,0,0,0,0,0,0,0,0,0,0,0
12,10688,12|10688,0,0,0,0,0,0,0,0,0,0,0,0
12,10698,12|10698,0,198,10,0,0,0,0,0,0,0,198,10
12,10778,12|10778,0,0,0,0,0,0,0,0,0,0,0,0
12,10825,12|10825,0,0,2,0,0,0,0,0,0,0,0,2
12,10826,12|10826,0,0,1,0,0,0,0,0,0,0,0,1
12,10830,12|10830,0,0,0,0,0,0,0,0,0,0,0,0
12,12196,12|12196,0,534,28,0,0,0,0,0,0,0,534,28
12,14219,12|14219,0,0,0,0,0,0,0,0,0,0,0,0
12,14223,12|14223,0,0,0,0,0,0,0,0,0,0,0,0
12,14335,12|14335,0,0,0,0,0,0,0,0,0,0,0,0
12,14336,12|14336,0,109,6,0,0,0,0,0,0,0,109,6
12,14338,12|14338,0,0,0,0,0,0,0,0,0,0,0,0
12,14742,12|14742,0,214,11,0,0,0,0,0,0,0,214,11
12,14786,12|14786,0,0,0,0,0,0,0,0,0,0,0,0
12,14830,12|14830,0,121,6,0,0,0,0,0,0,0,121,6
12,14832,12|14832,0,237,13,0,0,0,0,0,0,0,237,13
12,14858,12|14858,0,0,1,0,0,0,0,0,0,0,0,1
12,14859,12|14859,0,100,5,0,0,0,0,0,0,0,100,5
12,15054,12|15054,0,0,0,0,0,0,0,0,0,0,0,0
12,15398,12|15398,0,0,0,0,0,0,0,0,0,0,0,0
12,15700,12|15700,0,0,0,0,0,0,0,0,0,0,0,0
12,15701,12|15701,0,0,0,0,0,0,0,0,0,0,0,0
12,15702,12|15702,0,0,0,0,0,0,0,0,0,0,0,0
12,15707,12|15707,0,0,5,0,0,0,0,0,0,0,0,5
12,16144,12|16144,0,153,8,0,0,0,0,0,0,0,153,8
12,16157,12|16157,0,0,0,0,0,0,0,0,0,0,0,0
12,16170,12|16170,0,0,0,0,0,0,0,0,0,0,0,0
12,16190,12|16190,0,0,0,0,0,0,0,0,0,0,0,0
12,16353,12|16353,0,0,0,0,0,0,0,0,0,0,0,0
12,16355,12|16355,0,0,0,0,0,0,0,0,0,0,0,0
12,16356,12|16356,0,0,0,0,0,0,0,0,0,0,0,0
12,16357,12|16357,0,0,1,0,0,0,0,0,0,0,0,1
12,16421,12|16421,0,0,0,0,0,0,0,0,0,0,0,0
12,16473,12|16473,0,0,0,0,0,0,0,0,0,0,0,0
12,16691,12|16691,0,0,0,0,0,0,0,0,0,0,0,0
12,16692,12|16692,0,0,0,0,0,0,0,0,0,0,0,0
12,16710,12|16710,0,0,1,0,0,0,0,0,0,0,0,1
12,16750,12|16750,0,0,0,0,0,0,0,0,0,0,0,0
12,16755,12|16755,0,153,8,0,0,0,0,0,0,0,153,8
12,16964,12|16964,0,0,0,0,0,0,0,0,0,0,0,0
12,17156,12|17156,0,0,1,0,0,0,0,0,0,0,0,1
12,17363,12|17363,0,119,6,0,0,0,0,0,0,0,119,6
12,17601,12|17601,0,0,0,0,0,0,0,0,0,0,0,0
12,17733,12|17733,0,0,3,0,0,0,0,0,0,0,0,3
12,17734,12|17734,0,0,2,0,0,0,0,0,0,0,0,2
12,17738,12|17738,0,0,4,0,0,0,0,0,0,0,0,4
12,17784,12|17784,0,0,0,0,0,0,0,0,0,0,0,0
12,17937,12|17937,0,0,0,0,0,0,0,0,0,0,0,0
12,17949,12|17949,0,0,0,0,0,0,0,0,0,0,0,0
12,18061,12|18061,0,0,0,0,0,0,0,0,0,0,0,0
12,18215,12|18215,0,0,3,0,0,0,0,0,0,0,0,3
12,18504,12|18504,0,109,6,0,0,0,0,0,0,0,109,6
12,18588,12|18588,0,0,0,0,0,0,0,0,0,0,0,0
12,18589,12|18589,0,0,0,0,0,0,0,0,0,0,0,0
12,18600,12|18600,0,0,1,0,0,0,0,0,0,0,0,1
12,18604,12|18604,0,0,0,0,0,0,0,0,0,0,0,0
12,18739,12|18739,0,0,0,0,0,0,0,0,0,0,0,0
12,18740,12|18740,0,0,0,0,0,0,0,0,0,0,0,0
12,18753,12|18753,0,0,3,0,0,0,0,0,0,0,0,3
12,18871,12|18871,0,0,5,0,0,0,0,0,0,0,0,5
12,18873,12|18873,0,0,0,0,0,0,0,0,0,0,0,0
12,18909,12|18909,0,0,1,0,0,0,0,0,0,0,0,1
12,18916,12|18916,0,0,0,0,0,0,0,0,0,0,0,0
12,18924,12|18924,0,273,14,0,0,0,0,0,0,0,273,14
12,19189,12|19189,0,0,3,0,0,0,0,0,0,0,0,3
12,19415,12|19415,0,212,11,0,0,0,0,0,0,0,212,11
12,19461,12|19461,0,0,0,0,0,0,0,0,0,0,0,0
12,19810,12|19810,0,0,0,0,0,0,0,0,0,0,0,0
12,19825,12|19825,0,0,2,0,0,0,0,0,0,0,0,2
12,20229,12|20229,0,0,4,0,0,0,0,0,0,0,0,4
12,20343,12|20343,0,0,0,0,0,0,0,0,0,0,0,0
12,20877,12|20877,0,0,0,0,0,0,0,0,0,0,0,0
12,20878,12|20878,0,0,0,0,0,0,0,0,0,0,0,0
12,21455,12|21455,0,0,0,0,0,0,0,0,0,0,0,0
12,21975,12|21975,0,0,0,0,0,0,0,0,0,0,0,0
12,22084,12|22084,0,0,0,0,0,0,0,0,0,0,0,0
12,22085,12|22085,0,0,0,0,0,0,0,0,0,0,0,0
12,22093,12|22093,0,0,3,0,0,0,0,0,0,0,0,3
12,22131,12|22131,0,0,0,0,0,0,0,0,0,0,0,0
12,22133,12|22133,0,124,7,0,0,0,0,0,0,0,124,7
12,22134,12|22134,0,0,0,0,0,0,0,0,0,0,0,0
12,22211,12|22211,0,106,6,0,0,0,0,0,0,0,106,6
12,22483,12|22483,0,0,2,0,0,0,0,0,0,0,0,2
12,22488,12|22488,0,0,0,0,0,0,0,0,0,0,0,0
12,22709,12|22709,0,0,0,0,0,0,0,0,0,0,0,0
12,22783,12|22783,0,0,0,0,0,0,0,0,0,0,0,0
12,22784,12|22784,0,0,0,0,0,0,0,0,0,0,0,0
12,22989,12|22989,0,285,15,0,0,0,0,0,0,0,285,15
12,23019,12|23019,0,0,0,0,0,0,0,0,0,0,0,0
12,23196,12|23196,0,0,0,0,0,0,0,0,0,0,0,0
12,23326,12|23326,0,0,0,0,0,0,0,0,0,0,0,0
12,23327,12|23327,0,170,9,0,0,0,0,0,0,0,170,9
12,23328,12|23328,0,0,0,0,0,0,0,0,0,0,0,0
12,23329,12|23329,0,0,0,0,0,0,0,0,0,0,0,0
12,23829,12|23829,0,0,0,0,0,0,0,0,0,0,0,0
12,24019,12|24019,0,256,14,0,0,0,0,0,0,0,256,14
12,24323,12|24323,0,0,1,0,0,0,0,0,0,0,0,1
12,24324,12|24324,0,0,0,0,0,0,0,0,0,0,0,0
12,24328,12|24328,0,0,0,0,0,0,0,0,0,0,0,0
12,24330,12|24330,0,0,2,0,0,0,0,0,0,0,0,2
12,24331,12|24331,0,0,2,0,0,0,0,0,0,0,0,2
12,24348,12|24348,0,0,0,0,0,0,0,0,0,0,0,0
12,24681,12|24681,0,154,8,0,0,0,0,0,0,0,154,8
12,24894,12|24894,0,0,0,0,0,0,0,0,0,0,0,0
12,24895,12|24895,0,0,1,0,0,0,0,0,0,0,0,1
12,24896,12|24896,0,0,0,0,0,0,0,0,0,0,0,0
12,24897,12|24897,0,0,0,0,0,0,0,0,0,0,0,0
12,24898,12|24898,0,0,0,0,0,0,0,0,0,0,0,0
12,24899,12|24899,0,0,1,0,0,0,0,0,0,0,0,1
12,24900,12|24900,0,173,9,0,0,0,0,0,0,0,173,9
12,24904,12|24904,0,0,0,0,0,0,0,0,0,0,0,0
12,24910,12|24910,0,0,1,0,0,0,0,0,0,0,0,1
12,25055,12|25055,0,0,0,0,0,0,0,0,0,0,0,0
12,25062,12|25062,0,0,0,0,0,0,0,0,0,0,0,0
12,25079,12|25079,0,0,3,0,0,0,0,0,0,0,0,3
12,25090,12|25090,0,0,0,0,0,0,0,0,0,0,0,0
12,25238,12|25238,0,0,0,0,0,0,0,0,0,0,0,0
12,25239,12|25239,0,0,0,0,0,0,0,0,0,0,0,0
12,25240,12|25240,0,0,0,0,0,0,0,0,0,0,0,0
12,25324,12|25324,0,0,0,0,0,0,0,0,0,0,0,0
12,25346,12|25346,0,0,0,0,0,0,0,0,0,0,0,0
12,25484,12|25484,0,0,0,0,0,0,0,0,0,0,0,0
12,25554,12|25554,0,0,0,0,0,0,0,0,0,0,0,0
12,26216,12|26216,0,0,3,0,0,0,0,0,0,0,0,3
12,26217,12|26217,0,0,4,0,0,0,0,0,0,0,0,4
12,26277,12|26277,0,0,0,0,0,0,0,0,0,0,0,0
12,26278,12|26278,0,0,0,0,0,0,0,0,0,0,0,0
12,26279,12|26279,0,0,0,0,0,0,0,0,0,0,0,0
12,26280,12|26280,0,0,0,0,0,0,0,0,0,0,0,0
12,26354,12|26354,0,0,0,0,0,0,0,0,0,0,0,0
12,26358,12|26358,0,0,0,0,0,0,0,0,0,0,0,0
12,26360,12|26360,0,0,0,0,0,0,0,0,0,0,0,0
12,26459,12|26459,0,0,0,0,0,0,0,0,0,0,0,0
12,26460,12|26460,0,0,0,0,0,0,0,0,0,0,0,0
12,26716,12|26716,0,0,1,0,0,0,0,0,0,0,0,1
12,26717,12|26717,0,0,0,0,0,0,0,0,0,0,0,0
12,26719,12|26719,0,0,0,0,0,0,0,0,0,0,0,0
12,26720,12|26720,0,0,0,0,0,0,0,0,0,0,0,0
12,26721,12|26721,0,0,1,0,0,0,0,0,0,0,0,1
12,26766,12|26766,0,0,0,0,0,0,0,0,0,0,0,0
12,26916,12|26916,0,0,0,0,0,0,0,0,0,0,0,0
12,26921,12|26921,0,0,0,0,0,0,0,0,0,0,0,0
12,26922,12|26922,0,0,0,0,0,0,0,0,0,0,0,0
12,26926,12|26926,0,0,0,0,0,0,0,0,0,0,0,0
12,26928,12|26928,0,0,0,0,0,0,0,0,0,0,0,0
12,26929,12|26929,0,0,0,0,0,0,0,0,0,0,0,0
12,26986,12|26986,0,0,0,0,0,0,0,0,0,0,0,0
12,26987,12|26987,0,0,0,0,0,0,0,0,0,0,0,0
12,26990,12|26990,0,0,5,0,0,0,0,0,0,0,0,5
12,26991,12|26991,0,0,0,0,0,0,0,0,0,0,0,0
12,26994,12|26994,0,0,2,0,0,0,0,0,0,0,0,2
12,27007,12|27007,0,0,0,0,0,0,0,0,0,0,0,0
12,27009,12|27009,0,0,5,0,0,0,0,0,0,0,0,5
12,27010,12|27010,0,0,5,0,0,0,0,0,0,0,0,5
12,27011,12|27011,0,0,3,0,0,0,0,0,0,0,0,3
12,27012,12|27012,0,0,0,0,0,0,0,0,0,0,0,0
12,27013,12|27013,0,0,2,0,0,0,0,0,0,0,0,2
12,27014,12|27014,0,0,0,0,0,0,0,0,0,0,0,0
12,27033,12|27033,0,151,8,0,0,0,0,0,0,0,151,8
12,27037,12|27037,0,0,0,0,0,0,0,0,0,0,0,0
12,27038,12|27038,0,0,1,0,0,0,0,0,0,0,0,1
12,27042,12|27042,0,0,0,0,0,0,0,0,0,0,0,0
12,27044,12|27044,0,0,0,0,0,0,0,0,0,0,0,0
12,27063,12|27063,0,0,0,0,0,0,0,0,0,0,0,0
12,27124,12|27124,0,0,3,0,0,0,0,0,0,0,0,3
12,27125,12|27125,0,0,0,0,0,0,0,0,0,0,0,0
12,27349,12|27349,0,0,2,0,0,0,0,0,0,0,0,2
12,27401,12|27401,0,0,0,0,0,0,0,0,0,0,0,0
12,27650,12|27650,0,0,0,0,0,0,0,0,0,0,0,0
12,27651,12|27651,0,0,0,0,0,0,0,0,0,0,0,0
12,27652,12|27652,0,0,0,0,0,0,0,0,0,0,0,0
12,27821,12|27821,0,0,0,0,0,0,0,0,0,0,0,0
12,27822,12|27822,0,0,0,0,0,0,0,0,0,0,0,0
12,27906,12|27906,0,0,0,0,0,0,0,0,0,0,0,0
12,27907,12|27907,0,0,0,0,0,0,0,0,0,0,0,0
12,27908,12|27908,0,0,0,0,0,0,0,0,0,0,0,0
12,28653,12|28653,0,0,0,0,0,0,0,0,0,0,0,0
12,28654,12|28654,0,0,0,0,0,0,0,0,0,0,0,0
12,29647,12|29647,0,0,4,0,0,0,0,0,0,0,0,4
12,29659,12|29659,0,301,16,0,0,0,0,0,0,0,301,16
12,29664,12|29664,0,0,4,0,0,0,0,0,0,0,0,4
12,29668,12|29668,0,144,8,0,0,0,0,0,0,0,144,8
12,29670,12|29670,0,144,8,0,0,0,0,0,0,0,144,8
12,29693,12|29693,0,0,0,0,0,0,0,0,0,0,0,0
12,29782,12|29782,0,0,0,0,0,0,0,0,0,0,0,0
12,29869,12|29869,0,0,0,0,0,0,0,0,0,0,0,0
12,29883,12|29883,0,0,0,0,0,0,0,0,0,0,0,0
12,29886,12|29886,0,0,0,0,0,0,0,0,0,0,0,0
12,30034,12|30034,0,0,4,0,0,0,0,0,0,0,0,4
12,30035,12|30035,0,0,4,0,0,0,0,0,0,0,0,4
12,30093,12|30093,0,313,17,0,0,0,0,0,0,0,313,17
12,30094,12|30094,0,240,13,0,0,0,0,0,0,0,240,13
12,998887766,12|998887766,0,0,0,0,0,0,0,0,0,0,0,0
13,288,13|288,0,0,0,0,0,0,0,0,0,0,0,0
13,4716,13|4716,0,0,0,0,0,0,0,0,0,0,0,0
13,9881,13|9881,0,0,0,0,0,0,0,0,0,0,0,0
13,9893,13|9893,0,0,0,0,0,0,0,0,0,0,0,0
13,9903,13|9903,0,0,0,0,0,0,0,0,0,0,0,0
13,9918,13|9918,0,0,0,0,0,0,0,0,0,0,0,0
13,9929,13|9929,0,0,0,0,0,0,0,0,0,0,0,0
13,9938,13|9938,0,0,0,0,0,0,0,0,0,0,0,0
13,9960,13|9960,0,0,0,0,0,0,0,0,0,0,0,0
13,9961,13|9961,0,4,0,0,0,0,0,0,0,0,4,0
13,9963,13|9963,0,0,0,0,0,0,0,0,0,0,0,0
13,9967,13|9967,0,0,0,0,0,0,0,0,0,0,0,0
13,9982,13|9982,0,0,0,0,0,0,0,0,0,0,0,0
13,9984,13|9984,0,0,0,0,0,0,0,0,0,0,0,0
13,9993,13|9993,0,0,0,0,0,0,0,0,0,0,0,0
13,9994,13|9994,0,0,0,0,0,0,0,0,0,0,0,0
13,9995,13|9995,0,0,0,0,0,0,0,0,0,0,0,0
13,9999,13|9999,0,0,0,0,0,0,0,0,0,0,0,0
13,10000,13|10000,0,0,0,0,0,0,0,0,0,0,0,0
13,10005,13|10005,0,0,0,0,0,0,0,0,0,0,0,0
13,10006,13|10006,0,0,0,0,0,0,0,0,0,0,0,0
13,10017,13|10017,0,0,0,0,0,0,0,0,0,0,0,0
13,10020,13|10020,0,0,0,0,0,0,0,0,0,0,0,0
13,10027,13|10027,0,0,0,0,0,0,0,0,0,0,0,0
13,10028,13|10028,0,12,0,0,0,0,0,0,0,0,12,0
13,10029,13|10029,0,0,0,0,0,0,0,0,0,0,0,0
13,10037,13|10037,0,0,0,0,0,0,0,0,0,0,0,0
13,10038,13|10038,0,0,0,0,0,0,0,0,0,0,0,0
13,10039,13|10039,0,0,0,0,0,0,0,0,0,0,0,0
13,10040,13|10040,0,0,0,0,0,0,0,0,0,0,0,0
13,10044,13|10044,0,0,0,0,0,0,0,0,0,0,0,0
13,10045,13|10045,0,0,0,0,0,0,0,0,0,0,0,0
13,10052,13|10052,0,0,0,0,0,0,0,0,0,18,0,-18
13,10053,13|10053,0,0,0,0,0,0,0,0,0,0,0,0
13,10054,13|10054,0,0,0,0,0,0,0,0,0,0,0,0
13,10062,13|10062,0,0,0,0,0,0,0,0,0,0,0,0
13,10065,13|10065,0,0,0,0,0,0,0,0,0,0,0,0
13,10067,13|10067,0,0,0,0,0,0,0,0,0,0,0,0
13,10068,13|10068,0,0,0,0,0,0,0,0,0,0,0,0
13,10069,13|10069,0,0,0,0,0,0,0,0,0,0,0,0
13,10070,13|10070,0,0,0,0,0,0,0,0,0,0,0,0
13,10075,13|10075,0,0,0,0,0,0,0,0,0,0,0,0
13,10080,13|10080,0,0,0,0,0,0,0,0,0,0,0,0
13,10083,13|10083,0,0,0,0,0,0,0,0,0,0,0,0
13,10089,13|10089,0,0,0,0,0,0,0,0,0,0,0,0
13,10093,13|10093,0,0,0,0,0,0,0,0,0,0,0,0
13,10094,13|10094,0,0,0,0,0,0,0,0,0,0,0,0
13,10095,13|10095,0,0,0,0,0,0,0,0,0,0,0,0
13,10098,13|10098,0,0,0,0,0,0,0,0,0,0,0,0
13,10099,13|10099,0,0,0,0,0,0,0,0,0,0,0,0
13,10104,13|10104,0,0,0,0,0,0,0,0,0,0,0,0
13,10105,13|10105,0,0,0,0,0,0,0,0,0,0,0,0
13,10108,13|10108,0,0,0,0,0,0,0,0,0,0,0,0
13,10110,13|10110,0,0,0,0,0,0,0,0,0,0,0,0
13,10111,13|10111,0,0,0,0,0,0,0,0,0,0,0,0
13,10112,13|10112,0,0,0,0,0,0,0,0,0,0,0,0
13,10113,13|10113,0,0,0,0,0,0,0,0,0,0,0,0
13,10115,13|10115,0,0,0,0,0,0,0,0,0,0,0,0
13,10118,13|10118,0,0,0,0,0,0,0,0,0,0,0,0
13,10119,13|10119,0,0,0,0,0,0,0,0,0,0,0,0
13,10122,13|10122,0,0,0,0,0,0,0,0,0,0,0,0
13,10126,13|10126,0,0,0,0,0,0,0,0,0,0,0,0
13,10129,13|10129,0,0,0,0,0,0,0,0,0,0,0,0
13,10130,13|10130,0,0,0,0,0,0,0,0,0,0,0,0
13,10133,13|10133,0,3,0,0,0,0,0,0,0,0,3,0
13,10134,13|10134,0,0,0,0,0,0,0,0,0,0,0,0
13,10138,13|10138,0,0,0,0,0,0,0,0,0,0,0,0
13,10139,13|10139,0,6,0,0,0,0,0,0,0,0,6,0
13,10142,13|10142,0,0,0,0,0,0,0,0,0,0,0,0
13,10149,13|10149,0,0,0,0,0,0,0,0,0,0,0,0
13,10150,13|10150,0,0,0,0,0,0,0,0,0,0,0,0
13,10152,13|10152,0,0,0,0,0,0,0,0,0,0,0,0
13,10153,13|10153,0,0,0,0,0,0,0,0,0,0,0,0
13,10161,13|10161,0,0,0,0,0,0,0,0,0,6,0,-6
13,10162,13|10162,0,0,0,0,0,0,0,0,0,0,0,0
13,10164,13|10164,0,6,0,0,0,0,0,0,0,0,6,0
13,10168,13|10168,0,0,0,0,0,0,0,0,0,0,0,0
13,10169,13|10169,0,0,0,0,0,0,0,0,0,0,0,0
13,10170,13|10170,0,0,0,0,0,0,0,0,0,0,0,0
13,10185,13|10185,0,0,0,0,0,0,0,0,0,0,0,0
13,10186,13|10186,0,0,0,0,0,0,0,0,0,0,0,0
13,10187,13|10187,0,0,0,0,0,0,0,0,0,0,0,0
13,10189,13|10189,0,0,0,0,0,0,0,0,0,0,0,0
13,10192,13|10192,0,0,0,0,0,0,0,0,0,0,0,0
13,10195,13|10195,0,0,0,0,0,0,0,0,0,0,0,0
13,10196,13|10196,0,0,0,0,0,0,0,0,0,0,0,0
13,10198,13|10198,0,0,0,0,0,0,0,0,0,0,0,0
13,10203,13|10203,0,0,0,0,0,0,0,0,0,0,0,0
13,10212,13|10212,0,0,0,0,0,0,0,0,0,0,0,0
13,10220,13|10220,0,0,0,0,0,0,0,0,0,0,0,0
13,10222,13|10222,0,0,0,0,0,0,0,0,0,0,0,0
13,10229,13|10229,0,0,0,0,0,0,0,0,0,0,0,0
13,10242,13|10242,0,26,0,0,0,0,0,0,0,0,26,0
13,10243,13|10243,0,6,0,0,0,0,0,0,0,0,6,0
13,10244,13|10244,0,5,0,0,0,0,0,0,0,0,5,0
13,10245,13|10245,0,0,0,0,0,0,0,0,0,0,0,0
13,10246,13|10246,0,0,0,0,0,0,0,0,0,0,0,0
13,10254,13|10254,0,0,0,0,0,0,0,0,0,0,0,0
13,10265,13|10265,0,0,0,0,0,0,0,0,0,0,0,0
13,10275,13|10275,0,0,0,0,0,0,0,0,0,0,0,0
13,10277,13|10277,0,0,0,0,0,0,0,0,0,0,0,0
13,10278,13|10278,0,0,0,0,0,0,0,0,0,0,0,0
13,10279,13|10279,0,0,0,0,0,0,0,0,0,0,0,0
13,10304,13|10304,0,0,0,0,0,0,0,0,0,0,0,0
13,10308,13|10308,0,0,0,0,0,0,0,0,0,0,0,0
13,10317,13|10317,0,0,0,0,0,0,0,0,0,0,0,0
13,10335,13|10335,0,0,0,0,0,0,0,0,0,0,0,0
13,10338,13|10338,0,0,0,0,0,0,0,0,0,0,0,0
13,10342,13|10342,0,0,0,0,0,0,0,0,0,0,0,0
13,10350,13|10350,0,0,0,0,0,0,0,0,0,0,0,0
13,10362,13|10362,0,0,0,0,0,0,0,0,0,0,0,0
13,10374,13|10374,0,0,0,0,0,0,0,0,0,0,0,0
13,10377,13|10377,0,0,0,0,0,0,0,0,0,0,0,0
13,10389,13|10389,0,0,0,0,0,0,0,0,0,0,0,0
13,10390,13|10390,0,0,0,0,0,0,0,0,0,0,0,0
13,10399,13|10399,0,9,0,0,0,0,0,0,0,0,9,0
13,10400,13|10400,0,9,0,0,0,0,0,0,0,0,9,0
13,10401,13|10401,0,9,0,0,0,0,0,0,0,0,9,0
13,10416,13|10416,0,0,0,0,0,0,0,0,0,0,0,0
13,10426,13|10426,0,0,0,0,0,0,0,0,0,0,0,0
13,10437,13|10437,0,0,0,0,0,0,0,0,0,0,0,0
13,10438,13|10438,0,0,0,0,0,0,0,0,0,0,0,0
13,10439,13|10439,0,0,0,0,0,0,0,0,0,0,0,0
13,10451,13|10451,0,0,0,0,0,0,0,0,0,0,0,0
13,10481,13|10481,0,0,0,0,0,0,0,0,0,0,0,0
13,10489,13|10489,0,0,0,0,0,0,0,0,0,0,0,0
13,10541,13|10541,0,0,0,0,0,0,0,0,0,0,0,0
13,10546,13|10546,0,0,0,0,0,0,0,0,0,0,0,0
13,10569,13|10569,0,0,0,0,0,0,0,0,0,0,0,0
13,10571,13|10571,0,0,0,0,0,0,0,0,0,0,0,0
13,10583,13|10583,0,20,1,0,0,0,0,0,0,0,20,1
13,10605,13|10605,0,0,0,0,0,0,0,0,0,0,0,0
13,10606,13|10606,0,0,0,0,0,0,0,0,0,0,0,0
13,10619,13|10619,0,0,0,0,0,0,0,0,0,0,0,0
13,10620,13|10620,0,0,0,0,0,0,0,0,0,0,0,0
13,10727,13|10727,0,0,0,0,0,0,0,0,0,0,0,0
13,10757,13|10757,0,0,0,0,0,0,0,0,0,0,0,0
13,10778,13|10778,0,0,0,0,0,0,0,0,0,0,0,0
13,10814,13|10814,0,11,0,0,0,0,0,0,0,0,11,0
13,10815,13|10815,0,0,0,0,0,0,0,0,0,0,0,0
13,10825,13|10825,0,0,0,0,0,0,0,0,0,0,0,0
13,10826,13|10826,0,0,0,0,0,0,0,0,0,0,0,0
13,10830,13|10830,0,0,0,0,0,0,0,0,0,0,0,0
13,10884,13|10884,0,0,0,0,0,0,0,0,0,0,0,0
13,12162,13|12162,0,0,0,0,0,0,0,0,0,0,0,0
13,12196,13|12196,0,0,0,0,0,0,0,0,0,0,0,0
13,12197,13|12197,0,0,0,0,0,0,0,0,0,0,0,0
13,14219,13|14219,0,0,0,0,0,0,0,0,0,0,0,0
13,14222,13|14222,0,0,0,0,0,0,0,0,0,0,0,0
13,14335,13|14335,0,0,0,0,0,0,0,0,0,0,0,0
13,14336,13|14336,0,0,0,0,0,0,0,0,0,0,0,0
13,14338,13|14338,0,0,0,0,0,0,0,0,0,0,0,0
13,14339,13|14339,0,0,0,0,0,0,0,0,0,0,0,0
13,14350,13|14350,0,0,0,0,0,0,0,0,0,0,0,0
13,14556,13|14556,0,0,0,0,0,0,0,0,0,0,0,0
13,14628,13|14628,0,0,0,0,0,0,0,0,0,0,0,0
13,14648,13|14648,0,0,0,0,0,0,0,0,0,0,0,0
13,14675,13|14675,0,0,0,0,0,0,0,0,0,0,0,0
13,14742,13|14742,0,0,0,0,0,0,0,0,0,0,0,0
13,14786,13|14786,0,0,0,0,0,0,0,0,0,0,0,0
13,14827,13|14827,0,0,0,0,0,0,0,0,0,0,0,0
13,14830,13|14830,0,0,0,0,0,0,0,0,0,0,0,0
13,14832,13|14832,0,0,0,0,0,0,0,0,0,0,0,0
13,14858,13|14858,0,0,0,0,0,0,0,0,0,0,0,0
13,14859,13|14859,0,0,0,0,0,0,0,0,0,0,0,0
13,15049,13|15049,0,0,0,0,0,0,0,0,0,0,0,0
13,15056,13|15056,0,5,0,0,0,0,0,0,0,0,5,0
13,15162,13|15162,0,0,0,0,0,0,0,0,0,0,0,0
13,15229,13|15229,0,0,0,0,0,0,0,0,0,0,0,0
13,15231,13|15231,0,0,0,0,0,0,0,0,0,0,0,0
13,15253,13|15253,0,0,0,0,0,0,0,0,0,0,0,0
13,15260,13|15260,0,0,0,0,0,0,0,0,0,0,0,0
13,15333,13|15333,0,0,0,0,0,0,0,0,0,0,0,0
13,15397,13|15397,0,0,0,0,0,0,0,0,0,0,0,0
13,15398,13|15398,0,0,0,0,0,0,0,0,0,0,0,0
13,15513,13|15513,0,0,0,0,0,0,0,0,0,0,0,0
13,15514,13|15514,0,0,0,0,0,0,0,0,0,0,0,0
13,15516,13|15516,0,0,0,0,0,0,0,0,0,0,0,0
13,15667,13|15667,0,0,0,0,0,0,0,0,0,0,0,0
13,15669,13|15669,0,0,0,0,0,0,0,0,0,0,0,0
13,15700,13|15700,0,0,0,0,0,0,0,0,0,0,0,0
13,15701,13|15701,0,0,0,0,0,0,0,0,0,0,0,0
13,15702,13|15702,0,0,0,0,0,0,0,0,0,0,0,0
13,15705,13|15705,0,0,0,0,0,0,0,0,0,0,0,0
13,15707,13|15707,0,0,0,0,0,0,0,0,0,0,0,0
13,15904,13|15904,0,0,0,0,0,0,0,0,0,0,0,0
13,16058,13|16058,0,0,0,0,0,0,0,0,0,0,0,0
13,16144,13|16144,0,16,1,0,0,0,0,0,0,0,16,1
13,16157,13|16157,0,0,0,0,0,0,0,0,0,0,0,0
13,16171,13|16171,0,0,0,0,0,0,0,0,0,0,0,0
13,16183,13|16183,0,0,0,0,0,0,0,0,0,0,0,0
13,16200,13|16200,0,0,0,0,0,0,0,0,0,0,0,0
13,16352,13|16352,0,0,0,0,0,0,0,0,0,0,0,0
13,16353,13|16353,0,0,0,0,0,0,0,0,0,0,0,0
13,16354,13|16354,0,0,0,0,0,0,0,0,0,0,0,0
13,16355,13|16355,0,0,0,0,0,0,0,0,0,0,0,0
13,16356,13|16356,0,0,0,0,0,0,0,0,0,0,0,0
13,16357,13|16357,0,0,0,0,0,0,0,0,0,0,0,0
13,16421,13|16421,0,0,0,0,0,0,0,0,0,0,0,0
13,16690,13|16690,0,0,0,0,0,0,0,0,0,0,0,0
13,16691,13|16691,0,11,0,0,0,0,0,0,0,0,11,0
13,16710,13|16710,0,0,0,0,0,0,0,0,0,0,0,0
13,16748,13|16748,0,15,1,0,0,0,0,0,0,0,15,1
13,16750,13|16750,0,0,0,0,0,0,0,0,0,0,0,0
13,16755,13|16755,0,15,0,0,0,0,0,0,0,0,15,0
13,16758,13|16758,0,0,0,0,0,0,0,0,0,0,0,0
13,16760,13|16760,0,0,0,0,0,0,0,0,0,0,0,0
13,16827,13|16827,0,0,0,0,0,0,0,0,0,0,0,0
13,16828,13|16828,0,0,0,0,0,0,0,0,0,0,0,0
13,16935,13|16935,0,0,0,0,0,0,0,0,0,0,0,0
13,16964,13|16964,0,0,0,0,0,0,0,0,0,0,0,0
13,17041,13|17041,0,0,0,0,0,0,0,0,0,0,0,0
13,17156,13|17156,0,0,0,0,0,0,0,0,0,0,0,0
13,17157,13|17157,0,0,0,0,0,0,0,0,0,0,0,0
13,17302,13|17302,0,0,0,0,0,0,0,0,0,0,0,0
13,17360,13|17360,0,0,0,0,0,0,0,0,0,0,0,0
13,17363,13|17363,0,0,0,0,0,0,0,0,0,0,0,0
13,17364,13|17364,0,0,0,0,0,0,0,0,0,0,0,0
13,17365,13|17365,0,0,0,0,0,0,0,0,0,0,0,0
13,17389,13|17389,0,0,0,0,0,0,0,0,0,0,0,0
13,17447,13|17447,0,0,0,0,0,0,0,0,0,0,0,0
13,17485,13|17485,0,0,0,0,0,0,0,0,0,0,0,0
13,17601,13|17601,0,0,0,0,0,0,0,0,0,0,0,0
13,17730,13|17730,0,0,0,0,0,0,0,0,0,0,0,0
13,17733,13|17733,0,0,0,0,0,0,0,0,0,0,0,0
13,17734,13|17734,0,0,0,0,0,0,0,0,0,0,0,0
13,17738,13|17738,0,0,0,0,0,0,0,0,0,0,0,0
13,17784,13|17784,0,0,0,0,0,0,0,0,0,0,0,0
13,17856,13|17856,0,0,0,0,0,0,0,0,0,0,0,0
13,17936,13|17936,0,0,0,0,0,0,0,0,0,0,0,0
13,17937,13|17937,0,0,0,0,0,0,0,0,0,0,0,0
13,17949,13|17949,0,0,0,0,0,0,0,0,0,0,0,0
13,18061,13|18061,0,0,0,0,0,0,0,0,0,0,0,0
13,18065,13|18065,0,0,0,0,0,0,0,0,0,0,0,0
13,18066,13|18066,0,0,0,0,0,0,0,0,0,0,0,0
13,18215,13|18215,0,0,0,0,0,0,0,0,0,0,0,0
13,18504,13|18504,0,11,0,0,0,0,0,0,0,0,11,0
13,18546,13|18546,0,0,0,0,0,0,0,0,0,0,0,0
13,18600,13|18600,0,0,0,0,0,0,0,0,0,0,0,0
13,18602,13|18602,0,0,0,0,0,0,0,0,0,0,0,0
13,18604,13|18604,0,0,0,0,0,0,0,0,0,0,0,0
13,18607,13|18607,0,0,0,0,0,0,0,0,0,0,0,0
13,18609,13|18609,0,0,0,0,0,0,0,0,0,0,0,0
13,18871,13|18871,0,3,0,0,0,0,0,0,0,0,3,0
13,18873,13|18873,0,0,0,0,0,0,0,0,0,0,0,0
13,18882,13|18882,0,0,0,0,0,0,0,0,0,0,0,0
13,18924,13|18924,0,13,0,0,0,0,0,0,0,0,13,0
13,19189,13|19189,0,0,0,0,0,0,0,0,0,0,0,0
13,19283,13|19283,0,0,0,0,0,0,0,0,0,0,0,0
13,19284,13|19284,0,0,0,0,0,0,0,0,0,0,0,0
13,19290,13|19290,0,12,0,0,0,0,0,0,0,0,12,0
13,19291,13|19291,0,0,0,0,0,0,0,0,0,0,0,0
13,19292,13|19292,0,0,0,0,0,0,0,0,0,0,0,0
13,19415,13|19415,0,0,0,0,0,0,0,0,0,0,0,0
13,19419,13|19419,0,0,0,0,0,0,0,0,0,0,0,0
13,19461,13|19461,0,20,1,0,0,0,0,0,0,0,20,1
13,19810,13|19810,0,0,0,0,0,0,0,0,0,0,0,0
13,19811,13|19811,0,0,0,0,0,0,0,0,0,0,0,0
13,19825,13|19825,0,0,0,0,0,0,0,0,0,0,0,0
13,20027,13|20027,0,0,0,0,0,0,0,0,0,0,0,0
13,20029,13|20029,0,0,0,0,0,0,0,0,0,0,0,0
13,20030,13|20030,0,0,0,0,0,0,0,0,0,0,0,0
13,20229,13|20229,0,0,0,0,0,0,0,0,0,0,0,0
13,20342,13|20342,0,0,0,0,0,0,0,0,0,0,0,0
13,20343,13|20343,0,5,0,0,0,0,0,0,0,0,5,0
13,20544,13|20544,0,0,0,0,0,0,0,0,0,0,0,0
13,20877,13|20877,0,0,0,0,0,0,0,0,0,0,0,0
13,20878,13|20878,0,0,0,0,0,0,0,0,0,0,0,0
13,21455,13|21455,0,0,0,0,0,0,0,0,0,0,0,0
13,21624,13|21624,0,0,0,0,0,0,0,0,0,0,0,0
13,21626,13|21626,0,0,0,0,0,0,0,0,0,0,0,0
13,21974,13|21974,0,0,0,0,0,0,0,0,0,0,0,0
13,21975,13|21975,0,0,0,0,0,0,0,0,0,0,0,0
13,21988,13|21988,0,0,0,0,0,0,0,0,0,0,0,0
13,22083,13|22083,0,5,0,0,0,0,0,0,0,0,5,0
13,22093,13|22093,0,44,0,0,0,0,0,0,0,0,44,0
13,22131,13|22131,0,0,0,0,0,0,0,0,0,0,0,0
13,22132,13|22132,0,0,0,0,0,0,0,0,0,0,0,0
13,22133,13|22133,0,8,0,0,0,0,0,0,0,0,8,0
13,22134,13|22134,0,0,0,0,0,0,0,0,0,0,0,0
13,22169,13|22169,0,0,0,0,0,0,0,0,0,0,0,0
13,22211,13|22211,0,0,0,0,0,0,0,0,0,0,0,0
13,22481,13|22481,0,0,0,0,0,0,0,0,0,0,0,0
13,22482,13|22482,0,0,0,0,0,0,0,0,0,0,0,0
13,22483,13|22483,0,0,0,0,0,0,0,0,0,0,0,0
13,22485,13|22485,0,0,0,0,0,0,0,0,0,0,0,0
13,22486,13|22486,0,0,0,0,0,0,0,0,0,0,0,0
13,22488,13|22488,0,0,0,0,0,0,0,0,0,0,0,0
13,22497,13|22497,0,0,0,0,0,0,0,0,0,0,0,0
13,22709,13|22709,0,0,0,0,0,0,0,0,0,0,0,0
13,22783,13|22783,0,0,0,0,0,0,0,0,0,0,0,0
13,22852,13|22852,0,0,0,0,0,0,0,0,0,0,0,0
13,22854,13|22854,0,0,0,0,0,0,0,0,0,0,0,0
13,22989,13|22989,0,6,0,0,0,0,0,0,0,0,6,0
13,23019,13|23019,0,43,0,0,0,0,0,0,0,0,43,0
13,23196,13|23196,0,8,0,0,0,0,0,0,0,0,8,0
13,23327,13|23327,0,0,0,0,0,0,0,0,0,0,0,0
13,23328,13|23328,0,0,0,0,0,0,0,0,0,0,0,0
13,23329,13|23329,0,0,0,0,0,0,0,0,0,0,0,0
13,23440,13|23440,0,0,0,0,0,0,0,0,0,0,0,0
13,23554,13|23554,0,1,0,0,0,0,0,0,0,0,1,0
13,23555,13|23555,0,0,0,0,0,0,0,0,0,0,0,0
13,23556,13|23556,0,0,0,0,0,0,0,0,0,0,0,0
13,23589,13|23589,0,0,0,0,0,0,0,0,0,0,0,0
13,23590,13|23590,0,0,0,0,0,0,0,0,0,0,0,0
13,23674,13|23674,0,0,0,0,0,0,0,0,0,0,0,0
13,23681,13|23681,0,0,0,0,0,0,0,0,0,0,0,0
13,23764,13|23764,0,0,0,0,0,0,0,0,0,0,0,0
13,23765,13|23765,0,0,0,0,0,0,0,0,0,0,0,0
13,23829,13|23829,0,7,0,0,0,0,0,0,0,0,7,0
13,24018,13|24018,0,0,0,0,0,0,0,0,0,0,0,0
13,24019,13|24019,0,0,0,0,0,0,0,0,0,0,0,0
13,24238,13|24238,0,0,0,0,0,0,0,0,0,0,0,0
13,24239,13|24239,0,0,0,0,0,0,0,0,0,0,0,0
13,24328,13|24328,0,0,0,0,0,0,0,0,0,0,0,0
13,24331,13|24331,0,0,0,0,0,0,0,0,0,0,0,0
13,24348,13|24348,0,0,0,0,0,0,0,0,0,0,0,0
13,24576,13|24576,0,0,0,0,0,0,0,0,0,0,0,0
13,24577,13|24577,0,0,0,0,0,0,0,0,0,0,0,0
13,24581,13|24581,0,0,0,0,0,0,0,0,0,0,0,0
13,24588,13|24588,0,0,0,0,0,0,0,0,0,0,0,0
13,24680,13|24680,0,0,0,0,0,0,0,0,0,0,0,0
13,24681,13|24681,0,0,0,0,0,0,0,0,0,0,0,0
13,24683,13|24683,0,73,4,0,0,0,0,0,0,0,73,4
13,24702,13|24702,0,0,0,0,0,0,0,0,0,0,0,0
13,24728,13|24728,0,0,0,0,0,0,0,0,0,0,0,0
13,24894,13|24894,0,7,0,0,0,0,0,0,0,0,7,0
13,24895,13|24895,0,7,0,0,0,0,0,0,0,0,7,0
13,24896,13|24896,0,4,0,0,0,0,0,0,0,0,4,0
13,24897,13|24897,0,2,0,0,0,0,0,0,0,0,2,0
13,24898,13|24898,0,25,0,0,0,0,0,0,0,0,25,0
13,24899,13|24899,0,10,0,0,0,0,0,0,0,0,10,0
13,24900,13|24900,0,0,0,0,0,0,0,0,0,0,0,0
13,24903,13|24903,0,8,0,0,0,0,0,0,0,0,8,0
13,24904,13|24904,0,6,0,0,0,0,0,0,0,0,6,0
13,24910,13|24910,0,0,0,0,0,0,0,0,0,0,0,0
13,24957,13|24957,0,10,0,0,0,0,0,0,0,0,10,0
13,24958,13|24958,0,9,0,0,0,0,0,0,0,0,9,0
13,24996,13|24996,0,0,0,0,0,0,0,0,0,0,0,0
13,25054,13|25054,0,0,0,0,0,0,0,0,0,0,0,0
13,25055,13|25055,0,8,0,0,0,0,0,0,0,0,8,0
13,25056,13|25056,0,20,0,0,0,0,0,0,0,0,20,0
13,25059,13|25059,0,81,4,0,0,0,0,0,0,0,81,4
13,25079,13|25079,0,33,2,0,0,0,0,0,0,0,33,2
13,25104,13|25104,0,0,0,0,0,0,0,0,0,0,0,0
13,25105,13|25105,0,0,0,0,0,0,0,0,0,0,0,0
13,25106,13|25106,0,0,0,0,0,0,0,0,0,0,0,0
13,25238,13|25238,0,0,0,0,0,0,0,0,0,0,0,0
13,25239,13|25239,0,0,0,0,0,0,0,0,0,0,0,0
13,25240,13|25240,0,0,0,0,0,0,0,0,0,0,0,0
13,25299,13|25299,0,0,0,0,0,0,0,0,0,0,0,0
13,25317,13|25317,0,0,0,0,0,0,0,0,0,0,0,0
13,25324,13|25324,0,0,0,0,0,0,0,0,0,0,0,0
13,25345,13|25345,0,0,0,0,0,0,0,0,0,0,0,0
13,25346,13|25346,0,0,0,0,0,0,0,0,0,0,0,0
13,26049,13|26049,0,0,0,0,0,0,0,0,0,0,0,0
13,26050,13|26050,0,0,0,0,0,0,0,0,0,0,0,0
13,26177,13|26177,0,0,0,0,0,0,0,0,0,0,0,0
13,26216,13|26216,0,0,0,0,0,0,0,0,0,0,0,0
13,26217,13|26217,0,0,0,0,0,0,0,0,0,0,0,0
13,26277,13|26277,0,0,0,0,0,0,0,0,0,0,0,0
13,26278,13|26278,0,0,0,0,0,0,0,0,0,0,0,0
13,26279,13|26279,0,0,0,0,0,0,0,0,0,0,0,0
13,26280,13|26280,0,0,0,0,0,0,0,0,0,0,0,0
13,26354,13|26354,0,0,0,0,0,0,0,0,0,0,0,0
13,26355,13|26355,0,0,0,0,0,0,0,0,0,0,0,0
13,26459,13|26459,0,0,0,0,0,0,0,0,0,0,0,0
13,26461,13|26461,0,0,0,0,0,0,0,0,0,0,0,0
13,26720,13|26720,0,0,0,0,0,0,0,0,0,0,0,0
13,26919,13|26919,0,0,0,0,0,0,0,0,0,0,0,0
13,26920,13|26920,0,0,0,0,0,0,0,0,0,0,0,0
13,26921,13|26921,0,0,0,0,0,0,0,0,0,0,0,0
13,26922,13|26922,0,0,0,0,0,0,0,0,0,0,0,0
13,26980,13|26980,0,0,0,0,0,0,0,0,0,0,0,0
13,26985,13|26985,0,0,0,0,0,0,0,0,0,0,0,0
13,26986,13|26986,0,0,0,0,0,0,0,0,0,0,0,0
13,26987,13|26987,0,0,0,0,0,0,0,0,0,0,0,0
13,26990,13|26990,0,0,0,0,0,0,0,0,0,0,0,0
13,26991,13|26991,0,0,0,0,0,0,0,0,0,0,0,0
13,26995,13|26995,0,0,0,0,0,0,0,0,0,0,0,0
13,26996,13|26996,0,0,0,0,0,0,0,0,0,0,0,0
13,26997,13|26997,0,0,0,0,0,0,0,0,0,0,0,0
13,27007,13|27007,0,0,0,0,0,0,0,0,0,0,0,0
13,27010,13|27010,0,0,0,0,0,0,0,0,0,0,0,0
13,27011,13|27011,0,0,0,0,0,0,0,0,0,0,0,0
13,27013,13|27013,0,0,0,0,0,0,0,0,0,0,0,0
13,27014,13|27014,0,0,0,0,0,0,0,0,0,0,0,0
13,27033,13|27033,0,0,0,0,0,0,0,0,0,0,0,0
13,27037,13|27037,0,0,0,0,0,0,0,0,0,0,0,0
13,27038,13|27038,0,0,0,0,0,0,0,0,0,0,0,0
13,27041,13|27041,0,0,0,0,0,0,0,0,0,0,0,0
13,27042,13|27042,0,0,0,0,0,0,0,0,0,0,0,0
13,27044,13|27044,0,0,0,0,0,0,0,0,0,0,0,0
13,27046,13|27046,0,0,0,0,0,0,0,0,0,0,0,0
13,27063,13|27063,0,0,0,0,0,0,0,0,0,0,0,0
13,27124,13|27124,0,0,0,0,0,0,0,0,0,0,0,0
13,27125,13|27125,0,0,0,0,0,0,0,0,0,0,0,0
13,27340,13|27340,0,0,0,0,0,0,0,0,0,0,0,0
13,27349,13|27349,0,0,0,0,0,0,0,0,0,0,0,0
13,27401,13|27401,0,0,0,0,0,0,0,0,0,0,0,0
13,27650,13|27650,0,0,0,0,0,0,0,0,0,0,0,0
13,27651,13|27651,0,0,0,0,0,0,0,0,0,0,0,0
13,27652,13|27652,0,0,0,0,0,0,0,0,0,0,0,0
13,27821,13|27821,0,0,0,0,0,0,0,0,0,0,0,0
13,27822,13|27822,0,0,0,0,0,0,0,0,0,0,0,0
13,27859,13|27859,0,0,0,0,0,0,0,0,0,0,0,0
13,27906,13|27906,0,0,0,0,0,0,0,0,0,0,0,0
13,28653,13|28653,0,0,0,0,0,0,0,0,0,0,0,0
13,28654,13|28654,0,0,0,0,0,0,0,0,0,0,0,0
13,29646,13|29646,0,0,0,0,0,0,0,0,0,0,0,0
13,29662,13|29662,0,0,0,0,0,0,0,0,0,0,0,0
13,29664,13|29664,0,0,0,0,0,0,0,0,0,0,0,0
13,29666,13|29666,0,0,0,0,0,0,0,0,0,0,0,0
13,29668,13|29668,0,0,0,0,0,0,0,0,0,0,0,0
13,29669,13|29669,0,0,0,0,0,0,0,0,0,0,0,0
13,29670,13|29670,0,0,0,0,0,0,0,0,0,0,0,0
13,29680,13|29680,0,0,0,0,0,0,0,0,0,0,0,0
13,29693,13|29693,0,0,0,0,0,0,0,0,0,0,0,0
13,29770,13|29770,0,0,0,0,0,0,0,0,0,0,0,0
13,29772,13|29772,0,0,0,0,0,0,0,0,0,0,0,0
13,29774,13|29774,0,0,0,0,0,0,0,0,0,0,0,0
13,29782,13|29782,0,0,0,0,0,0,0,0,0,0,0,0
13,29785,13|29785,0,0,0,0,0,0,0,0,0,0,0,0
13,29869,13|29869,0,0,0,0,0,0,0,0,0,0,0,0
13,29883,13|29883,0,0,0,0,0,0,0,0,0,0,0,0
13,29885,13|29885,0,0,0,0,0,0,0,0,0,0,0,0
13,29886,13|29886,0,0,0,0,0,0,0,0,0,0,0,0
13,29887,13|29887,0,0,0,0,0,0,0,0,0,0,0,0
13,30094,13|30094,0,0,0,0,0,0,0,0,0,0,0,0
13,31206,13|31206,0,0,0,0,0,0,0,0,0,0,0,0
13,31207,13|31207,0,0,0,0,0,0,0,0,0,0,0,0
13,31214,13|31214,0,0,0,0,0,0,0,0,0,0,0,0
13,31236,13|31236,0,0,0,0,0,0,0,0,0,0,0,0
13,31313,13|31313,0,0,0,0,0,0,0,0,0,0,0,0
13,31389,13|31389,0,0,0,0,0,0,0,0,0,0,0,0
13,31390,13|31390,0,0,0,0,0,0,0,0,0,0,0,0
13,31768,13|31768,0,0,0,0,0,0,0,0,0,0,0,0
13,32175,13|32175,0,0,0,0,0,0,0,0,0,0,0,0
13,32176,13|32176,0,0,0,0,0,0,0,0,0,0,0,0
13,32210,13|32210,0,0,0,0,0,0,0,0,0,0,0,0
13,32211,13|32211,0,0,0,0,0,0,0,0,0,0,0,0
13,32244,13|32244,0,0,0,0,0,0,0,0,0,0,0,0
13,32245,13|32245,0,0,0,0,0,0,0,0,0,0,0,0
13,32272,13|32272,0,0,0,0,0,0,0,0,0,0,0,0
13,32273,13|32273,0,0,0,0,0,0,0,0,0,0,0,0
13,32274,13|32274,0,0,0,0,0,0,0,0,0,0,0,0
13,32275,13|32275,0,0,0,0,0,0,0,0,0,0,0,0
13,32344,13|32344,0,0,0,0,0,0,0,0,0,0,0,0
13,32345,13|32345,0,0,0,0,0,0,0,0,0,0,0,0
13,32346,13|32346,0,0,0,0,0,0,0,0,0,0,0,0
13,33192,13|33192,0,0,0,0,0,0,0,0,0,0,0,0
13,33193,13|33193,0,0,0,0,0,0,0,0,0,0,0,0
13,33195,13|33195,0,0,0,0,0,0,0,0,0,0,0,0
13,33402,13|33402,0,0,0,0,0,0,0,0,0,0,0,0
15,8,15|8,0,0,0,0,0,0,0,0,0,0,0,0
15,61,15|61,0,0,0,0,0,0,0,0,0,0,0,0
15,12184,15|12184,0,0,1,0,0,0,0,0,0,0,0,1
15,12224,15|12224,0,0,0,0,0,0,0,0,0,0,0,0
15,14266,15|14266,0,0,0,0,0,0,0,0,0,0,0,0
15,14268,15|14268,0,0,3,0,0,0,0,0,0,0,0,3
15,14296,15|14296,0,0,0,0,0,0,0,0,0,0,0,0
15,14315,15|14315,0,0,0,0,0,0,0,0,0,0,0,0
15,14316,15|14316,0,0,4,0,0,0,0,0,0,0,0,4
15,14402,15|14402,0,0,0,0,0,0,0,0,0,0,0,0
15,14403,15|14403,0,0,0,0,0,0,0,0,0,0,0,0
15,14404,15|14404,0,454,24,0,0,0,0,0,0,0,454,24
15,14405,15|14405,0,0,0,0,0,0,0,0,0,0,0,0
15,14409,15|14409,0,266,14,0,0,0,0,0,0,0,266,14
15,14501,15|14501,0,375,20,0,0,0,0,0,0,0,375,20
15,14566,15|14566,0,0,0,0,0,0,0,0,0,0,0,0
15,14571,15|14571,0,0,0,0,0,0,0,0,0,0,0,0
15,14572,15|14572,0,19,0,0,0,0,0,0,0,0,19,0
15,14614,15|14614,0,112,6,0,0,0,0,0,0,0,112,6
15,14618,15|14618,0,0,2,0,0,0,0,0,0,0,0,2
15,14619,15|14619,0,226,12,0,0,0,0,0,0,0,226,12
15,14620,15|14620,0,113,6,0,0,0,0,0,0,0,113,6
15,14621,15|14621,0,148,8,0,0,0,0,0,0,0,148,8
15,14622,15|14622,0,0,4,0,0,0,0,0,0,0,0,4
15,14696,15|14696,0,0,0,0,0,0,0,0,0,0,0,0
15,14792,15|14792,0,0,0,0,0,0,0,0,0,0,0,0
15,15040,15|15040,0,124,7,0,0,0,0,0,0,0,124,7
15,15041,15|15041,0,0,4,0,0,0,0,0,0,0,0,4
15,15043,15|15043,0,555,29,0,0,0,0,0,0,0,555,29
15,15045,15|15045,0,209,11,0,0,0,0,0,0,0,209,11
15,15046,15|15046,0,173,9,0,0,0,0,0,0,0,173,9
15,15047,15|15047,0,0,0,0,0,0,0,0,0,0,0,0
15,15048,15|15048,0,0,3,0,0,0,0,0,0,0,0,3
15,15142,15|15142,0,118,6,0,0,0,0,0,0,0,118,6
15,15210,15|15210,0,0,4,0,0,0,0,0,0,0,0,4
15,15211,15|15211,0,0,3,0,0,0,0,0,0,0,0,3
15,15212,15|15212,0,0,4,0,0,0,0,0,0,0,0,4
15,15213,15|15213,0,0,4,0,0,0,0,0,0,0,0,4
15,15216,15|15216,0,0,0,0,0,0,0,0,0,0,0,0
15,15217,15|15217,0,214,11,0,0,0,0,0,0,0,214,11
15,15218,15|15218,0,194,10,0,0,0,0,0,0,0,194,10
15,15328,15|15328,0,0,0,0,0,0,0,0,0,0,0,0
15,15504,15|15504,0,0,0,0,0,0,0,0,0,0,0,0
15,15579,15|15579,0,1049,55,0,0,0,0,0,0,0,1049,55
15,15584,15|15584,0,0,5,0,0,0,0,0,0,0,0,5
15,15585,15|15585,0,0,3,0,0,0,0,0,0,0,0,3
15,15588,15|15588,0,282,15,0,0,0,0,0,0,0,282,15
15,15610,15|15610,0,0,0,0,0,0,0,0,0,0,0,0
15,15611,15|15611,0,0,0,0,0,0,0,0,0,0,0,0
15,15612,15|15612,0,0,0,0,0,0,0,0,0,0,0,0
15,15631,15|15631,0,0,0,0,0,0,0,0,0,0,0,0
15,15635,15|15635,0,0,0,0,0,0,0,0,0,0,0,0
15,15686,15|15686,0,0,5,0,0,0,0,0,0,0,0,5
15,15887,15|15887,0,0,0,0,0,0,0,0,0,0,0,0
15,16005,15|16005,0,0,3,0,0,0,0,0,0,0,0,3
15,16344,15|16344,0,0,0,0,0,0,0,0,0,0,0,0
15,16433,15|16433,0,0,4,0,0,0,0,0,0,0,0,4
15,16434,15|16434,0,0,0,0,0,0,0,0,0,0,0,0
15,16700,15|16700,0,116,6,0,0,0,0,0,0,0,116,6
15,16702,15|16702,0,121,6,0,0,0,0,0,0,0,121,6
15,16704,15|16704,0,216,11,0,0,0,0,0,0,0,216,11
15,16853,15|16853,0,0,0,0,0,0,0,0,0,0,0,0
15,16990,15|16990,0,119,6,0,0,0,0,0,0,0,119,6
15,16991,15|16991,0,0,0,0,0,0,0,0,0,0,0,0
15,17017,15|17017,0,0,0,0,0,0,0,0,0,0,0,0
15,17161,15|17161,0,0,3,0,0,0,0,0,0,0,0,3
15,17212,15|17212,0,0,0,0,0,0,0,0,0,0,0,0
15,17214,15|17214,0,152,8,0,0,0,0,0,0,0,152,8
15,17398,15|17398,0,0,0,0,0,0,0,0,0,0,0,0
15,17440,15|17440,0,0,0,0,0,0,0,0,0,0,0,0
15,17462,15|17462,0,0,2,0,0,0,0,0,0,0,0,2
15,17524,15|17524,0,0,4,0,0,0,0,0,0,0,0,4
15,17547,15|17547,0,0,4,0,0,0,0,0,0,0,0,4
15,17679,15|17679,0,0,0,0,0,0,0,0,0,0,0,0
15,17757,15|17757,0,0,0,0,0,0,0,0,0,0,0,0
15,17888,15|17888,0,0,0,0,0,0,0,0,0,0,0,0
15,17957,15|17957,0,0,0,0,0,0,0,0,0,0,0,0
15,17959,15|17959,0,113,6,0,0,0,0,0,0,0,113,6
15,18146,15|18146,0,0,0,0,0,0,0,0,0,0,0,0
15,18149,15|18149,0,0,0,0,0,0,0,0,0,0,0,0
15,18151,15|18151,0,210,11,0,0,0,0,0,0,0,210,11
15,18152,15|18152,0,151,8,0,0,0,0,0,0,0,151,8
15,18167,15|18167,0,0,4,0,0,0,0,0,0,0,0,4
15,18168,15|18168,0,349,18,0,0,0,0,0,0,0,349,18
15,18218,15|18218,0,0,0,0,0,0,0,0,0,0,0,0
15,18247,15|18247,0,0,0,0,0,0,0,0,0,0,0,0
15,18248,15|18248,0,166,9,0,0,0,0,0,0,0,166,9
15,18294,15|18294,0,0,0,0,0,0,0,0,0,0,0,0
15,18302,15|18302,0,0,0,0,0,0,0,0,0,0,0,0
15,18304,15|18304,0,0,0,0,0,0,0,0,0,0,0,0
15,18365,15|18365,0,0,0,0,0,0,0,0,0,0,0,0
15,18385,15|18385,0,0,0,0,0,0,0,0,0,0,0,0
15,18391,15|18391,0,0,0,0,0,0,0,0,0,0,0,0
15,18436,15|18436,0,0,0,0,0,0,0,0,0,0,0,0
15,18505,15|18505,0,0,4,0,0,0,0,0,0,0,0,4
15,18547,15|18547,0,0,4,0,0,0,0,0,0,0,0,4
15,18548,15|18548,0,0,4,0,0,0,0,0,0,0,0,4
15,18550,15|18550,0,0,4,0,0,0,0,0,0,0,0,4
15,18551,15|18551,0,0,5,0,0,0,0,0,0,0,0,5
15,18552,15|18552,0,0,4,0,0,0,0,0,0,0,0,4
15,18716,15|18716,0,0,0,0,0,0,0,0,0,0,0,0
15,18717,15|18717,0,0,0,0,0,0,0,0,0,0,0,0
15,18830,15|18830,0,0,0,0,0,0,0,0,0,0,0,0
15,18934,15|18934,0,583,31,0,0,0,0,0,0,0,583,31
15,19010,15|19010,0,334,18,0,0,0,0,0,0,0,334,18
15,19018,15|19018,0,0,0,0,0,0,0,0,0,0,0,0
15,19019,15|19019,0,0,0,0,0,0,0,0,0,0,0,0
15,19105,15|19105,0,186,10,0,0,0,0,0,0,0,186,10
15,19175,15|19175,0,139,7,0,0,0,0,0,0,0,139,7
15,19428,15|19428,0,0,0,0,0,0,0,0,0,0,0,0
15,19429,15|19429,0,0,0,0,0,0,0,0,0,0,0,0
15,19558,15|19558,0,0,3,0,0,0,0,0,0,0,0,3
15,19722,15|19722,0,0,0,0,0,0,0,0,0,0,0,0
15,20108,15|20108,0,0,0,0,0,0,0,0,0,0,0,0
15,20260,15|20260,0,210,11,0,0,0,0,0,0,0,210,11
15,20261,15|20261,0,214,11,0,0,0,0,0,0,0,214,11
15,20267,15|20267,0,462,24,0,0,0,0,0,0,0,462,24
15,20268,15|20268,0,0,4,0,0,0,0,0,0,0,0,4
15,20269,15|20269,0,0,4,0,0,0,0,0,0,0,0,4
15,20326,15|20326,0,0,0,0,0,0,0,0,0,0,0,0
15,20328,15|20328,0,0,0,0,0,0,0,0,0,0,0,0
15,20329,15|20329,0,0,0,0,0,0,0,0,0,0,0,0
15,20426,15|20426,0,0,0,0,0,0,0,0,0,0,0,0
15,20427,15|20427,0,0,2,0,0,0,0,0,0,0,0,2
15,20431,15|20431,0,0,0,0,0,0,0,0,0,0,0,0
15,20434,15|20434,0,0,0,0,0,0,0,0,0,0,0,0
15,20485,15|20485,0,25,0,0,0,0,0,0,0,0,25,0
15,20524,15|20524,0,357,19,0,0,0,0,0,0,0,357,19
15,20526,15|20526,0,405,21,0,0,0,0,0,0,0,405,21
15,20550,15|20550,0,0,3,0,0,0,0,0,0,0,0,3
15,20551,15|20551,0,0,2,0,0,0,0,0,0,0,0,2
15,20552,15|20552,0,0,0,0,0,0,0,0,0,0,0,0
15,20555,15|20555,0,0,1,0,0,0,0,0,0,0,0,1
15,20557,15|20557,0,0,0,0,0,0,0,0,0,0,0,0
15,20559,15|20559,0,0,0,0,0,0,0,0,0,0,0,0
15,20564,15|20564,0,0,0,0,0,0,0,0,0,0,0,0
15,20669,15|20669,0,589,31,0,0,0,0,0,0,0,589,31
15,20670,15|20670,0,599,32,0,0,0,0,0,0,0,599,32
15,20671,15|20671,0,0,0,0,0,0,0,0,0,0,0,0
15,20733,15|20733,0,0,5,0,0,0,0,0,0,0,0,5
15,20948,15|20948,0,561,30,0,0,0,0,0,0,0,561,30
15,21192,15|21192,0,194,10,0,0,0,0,0,0,0,194,10
15,21193,15|21193,0,227,12,0,0,0,0,0,0,0,227,12
15,21866,15|21866,0,116,6,0,0,0,0,0,0,0,116,6
15,22359,15|22359,0,0,0,0,0,0,0,0,0,0,0,0
15,22379,15|22379,0,0,0,0,0,0,0,0,0,0,0,0
15,22390,15|22390,0,0,0,0,0,0,0,0,0,0,0,0
15,22686,15|22686,0,25,1,0,0,0,0,0,0,0,25,1
15,22687,15|22687,0,31,0,0,0,0,0,0,0,0,31,0
15,22735,15|22735,0,0,1,0,0,0,0,0,0,0,0,1
15,22736,15|22736,0,0,0,0,0,0,0,0,0,0,0,0
15,22737,15|22737,0,0,5,0,0,0,0,0,0,0,0,5
15,22741,15|22741,0,0,0,0,0,0,0,0,0,0,0,0
15,22849,15|22849,0,0,2,0,0,0,0,0,0,0,0,2
15,23041,15|23041,0,0,0,0,0,0,0,0,0,0,0,0
15,23366,15|23366,0,5,0,0,0,0,0,0,0,0,5,0
15,23368,15|23368,0,0,0,0,0,0,0,0,0,0,0,0
15,23605,15|23605,0,0,1,0,0,0,0,0,0,0,0,1
15,23606,15|23606,0,0,0,0,0,0,0,0,0,0,0,0
15,23607,15|23607,0,0,0,0,0,0,0,0,0,0,0,0
15,23614,15|23614,0,0,2,0,0,0,0,0,0,0,0,2
15,23793,15|23793,0,0,0,0,0,0,0,0,0,0,0,0
15,23794,15|23794,0,0,5,0,0,0,0,0,0,0,0,5
15,23796,15|23796,0,0,3,0,0,0,0,0,0,0,0,3
15,24036,15|24036,0,0,0,0,0,0,0,0,0,0,0,0
15,24038,15|24038,0,0,1,0,0,0,0,0,0,0,0,1
15,24039,15|24039,0,0,4,0,0,0,0,0,0,0,0,4
15,24040,15|24040,0,0,0,0,0,0,0,0,0,0,0,0
15,24271,15|24271,0,0,2,0,0,0,0,0,0,0,0,2
15,24272,15|24272,0,0,0,0,0,0,0,0,0,0,0,0
15,24393,15|24393,0,132,7,0,0,0,0,0,0,0,132,7
15,24394,15|24394,0,122,6,0,0,0,0,0,0,0,122,6
15,24395,15|24395,0,263,14,0,0,0,0,0,0,0,263,14
15,24396,15|24396,0,0,5,0,0,0,0,0,0,0,0,5
15,24397,15|24397,0,220,12,0,0,0,0,0,0,0,220,12
15,24398,15|24398,0,168,9,0,0,0,0,0,0,0,168,9
15,24399,15|24399,0,0,4,0,0,0,0,0,0,0,0,4
15,24400,15|24400,0,0,4,0,0,0,0,0,0,0,0,4
15,24433,15|24433,0,4,0,0,0,0,0,0,0,0,4,0
15,24627,15|24627,0,0,1,0,0,0,0,0,0,0,0,1
15,24980,15|24980,0,0,0,0,0,0,0,0,0,0,0,0
15,24981,15|24981,0,117,6,0,0,0,0,0,0,0,117,6
15,24982,15|24982,0,0,2,0,0,0,0,0,0,0,0,2
15,25078,15|25078,0,0,0,0,0,0,0,0,0,0,0,0
15,25143,15|25143,0,0,0,0,0,0,0,0,0,0,0,0
15,25412,15|25412,0,0,5,0,0,0,0,0,0,0,0,5
15,25466,15|25466,0,0,0,0,0,0,0,0,0,0,0,0
15,25467,15|25467,0,0,0,0,0,0,0,0,0,0,0,0
15,25491,15|25491,0,70,4,0,0,0,0,0,0,0,70,4
15,25594,15|25594,0,0,0,0,0,0,0,0,0,0,0,0
15,25595,15|25595,0,0,0,0,0,0,0,0,0,0,0,0
15,25652,15|25652,0,189,10,0,0,0,0,0,0,0,189,10
15,25653,15|25653,0,189,10,0,0,0,0,0,0,0,189,10
15,25654,15|25654,0,189,10,0,0,0,0,0,0,0,189,10
15,25655,15|25655,0,189,10,0,0,0,0,0,0,0,189,10
15,25689,15|25689,0,0,0,0,0,0,0,0,0,0,0,0
15,25690,15|25690,0,170,9,0,0,0,0,0,0,0,170,9
15,25691,15|25691,0,0,2,0,0,0,0,0,0,0,0,2
15,25840,15|25840,0,0,0,0,0,0,0,0,0,0,0,0
15,25945,15|25945,0,0,0,0,0,0,0,0,0,0,0,0
15,25969,15|25969,0,0,3,0,0,0,0,0,0,0,0,3
15,26075,15|26075,0,0,1,0,0,0,0,0,0,0,0,1
15,26076,15|26076,0,0,0,0,0,0,0,0,0,0,0,0
15,26077,15|26077,0,0,0,0,0,0,0,0,0,0,0,0
15,26233,15|26233,0,0,3,0,0,0,0,0,0,0,0,3
15,26260,15|26260,0,0,5,0,0,0,0,0,0,0,0,5
15,26261,15|26261,0,0,4,0,0,0,0,0,0,0,0,4
15,26335,15|26335,0,0,0,0,0,0,0,0,0,0,0,0
15,26336,15|26336,0,0,0,0,0,0,0,0,0,0,0,0
15,26337,15|26337,0,0,2,0,0,0,0,0,0,0,0,2
15,26338,15|26338,0,0,3,0,0,0,0,0,0,0,0,3
15,26339,15|26339,0,0,0,0,0,0,0,0,0,0,0,0
15,26340,15|26340,0,0,0,0,0,0,0,0,0,0,0,0
15,26341,15|26341,0,0,0,0,0,0,0,0,0,0,0,0
15,26342,15|26342,0,0,2,0,0,0,0,0,0,0,0,2
15,26857,15|26857,0,0,0,0,0,0,0,0,0,0,0,0
15,26860,15|26860,0,0,0,0,0,0,0,0,0,0,0,0
15,27058,15|27058,0,0,4,0,0,0,0,0,0,0,0,4
15,27059,15|27059,0,239,13,0,0,0,0,0,0,0,239,13
15,27060,15|27060,0,311,16,0,0,0,0,0,0,0,311,16
15,27061,15|27061,0,124,7,0,0,0,0,0,0,0,124,7
15,27328,15|27328,0,0,0,0,0,0,0,0,0,0,0,0
15,27329,15|27329,0,0,0,0,0,0,0,0,0,0,0,0
15,27468,15|27468,0,0,0,0,0,0,0,0,0,0,0,0
15,27476,15|27476,0,0,0,0,0,0,0,0,0,0,0,0
15,27816,15|27816,0,0,0,0,0,0,0,0,0,0,0,0
15,27817,15|27817,0,0,1,0,0,0,0,0,0,0,0,1
15,27818,15|27818,0,0,0,0,0,0,0,0,0,0,0,0
15,27860,15|27860,0,106,6,0,0,0,0,0,0,0,106,6
15,27861,15|27861,0,0,0,0,0,0,0,0,0,0,0,0
15,27862,15|27862,0,0,0,0,0,0,0,0,0,0,0,0
15,27864,15|27864,0,0,0,0,0,0,0,0,0,0,0,0
15,28006,15|28006,0,0,0,0,0,0,0,0,0,0,0,0
15,28351,15|28351,0,481,25,0,0,0,0,0,0,0,481,25
15,28354,15|28354,0,0,3,0,0,0,0,0,0,0,0,3
15,28623,15|28623,0,0,0,0,0,0,0,0,0,0,0,0
15,28635,15|28635,0,0,0,0,0,0,0,0,0,0,0,0
15,28636,15|28636,0,0,3,0,0,0,0,0,0,0,0,3
15,29205,15|29205,0,0,0,0,0,0,0,0,0,0,0,0
15,29563,15|29563,0,0,0,0,0,0,0,0,0,0,0,0
15,29564,15|29564,0,0,0,0,0,0,0,0,0,0,0,0
15,29565,15|29565,0,0,1,0,0,0,0,0,0,0,0,1
15,29749,15|29749,0,0,0,0,0,0,0,0,0,0,0,0
15,29750,15|29750,0,0,2,0,0,0,0,0,0,0,0,2
15,29751,15|29751,0,0,2,0,0,0,0,0,0,0,0,2
15,29753,15|29753,0,0,0,0,0,0,0,0,0,0,0,0
15,29754,15|29754,0,0,0,0,0,0,0,0,0,0,0,0
15,29755,15|29755,0,0,0,0,0,0,0,0,0,0,0,0
15,29756,15|29756,0,17,0,0,0,0,0,0,0,0,17,0
15,29757,15|29757,0,24,1,0,0,0,0,0,0,0,24,1
15,29891,15|29891,0,0,0,0,0,0,0,0,0,0,0,0
15,29892,15|29892,0,0,0,0,0,0,0,0,0,0,0,0
15,29923,15|29923,0,142,8,0,0,0,0,0,0,0,142,8
15,29925,15|29925,0,0,0,0,0,0,0,0,0,0,0,0
15,29930,15|29930,0,0,0,0,0,0,0,0,0,0,0,0
15,29939,15|29939,0,525,28,0,0,0,0,0,0,0,525,28
15,30000,15|30000,0,0,0,0,0,0,0,0,0,0,0,0
15,30001,15|30001,0,0,5,0,0,0,0,0,0,0,0,5
15,30002,15|30002,0,0,0,0,0,0,0,0,0,0,0,0
15,30003,15|30003,0,0,2,0,0,0,0,0,0,0,0,2
15,30004,15|30004,0,0,2,0,0,0,0,0,0,0,0,2
15,30005,15|30005,0,0,4,0,0,0,0,0,0,0,0,4
15,30007,15|30007,0,0,3,0,0,0,0,0,0,0,0,3
15,30143,15|30143,0,113,6,0,0,0,0,0,0,0,113,6
15,30144,15|30144,0,0,2,0,0,0,0,0,0,0,0,2
15,30212,15|30212,0,0,0,0,0,0,0,0,0,0,0,0
15,30214,15|30214,0,0,4,0,0,0,0,0,0,0,0,4
15,30216,15|30216,0,0,4,0,0,0,0,0,0,0,0,4
15,30217,15|30217,0,0,1,0,0,0,0,0,0,0,0,1
15,30218,15|30218,0,0,0,0,0,0,0,0,0,0,0,0
15,30387,15|30387,0,0,0,0,0,0,0,0,0,0,0,0
15,30388,15|30388,0,0,0,0,0,0,0,0,0,0,0,0
15,30578,15|30578,0,0,0,0,0,0,0,0,0,0,0,0
15,30623,15|30623,0,188,10,0,0,0,0,0,0,3,188,7
15,30626,15|30626,0,514,27,0,0,0,0,0,0,0,514,27
15,30627,15|30627,0,394,21,0,0,0,0,0,0,0,394,21
15,30628,15|30628,0,0,2,0,0,0,0,0,0,0,0,2
15,30631,15|30631,0,819,43,0,0,0,0,0,0,0,819,43
15,30632,15|30632,0,863,45,0,0,0,0,0,0,0,863,45
15,30709,15|30709,0,0,2,0,0,0,0,0,0,0,0,2
15,30851,15|30851,0,0,0,0,0,0,0,0,0,0,0,0
15,30856,15|30856,0,159,8,0,0,0,0,0,0,0,159,8
15,30859,15|30859,0,0,0,0,0,0,0,0,0,0,0,0
15,30890,15|30890,0,0,0,0,0,0,0,0,0,0,0,0
15,31612,15|31612,0,221,12,0,0,0,0,0,0,0,221,12
15,31706,15|31706,0,317,17,0,0,0,0,0,0,0,317,17
15,31708,15|31708,0,205,11,0,0,0,0,0,0,0,205,11
15,31824,15|31824,0,0,0,0,0,0,0,0,0,0,0,0
15,31826,15|31826,0,0,0,0,0,0,0,0,0,0,0,0
15,31958,15|31958,0,0,4,0,0,0,0,0,0,0,0,4
15,32926,15|32926,0,0,2,0,0,0,0,0,0,0,0,2
15,33048,15|33048,0,0,0,0,0,0,0,0,0,0,0,0
16,2772,16|2772,0,0,0,0,0,0,0,0,0,0,0,0
16,10992,16|10992,0,0,0,0,0,0,0,0,0,0,0,0
16,11165,16|11165,0,0,0,0,0,0,0,0,0,0,0,0
16,11235,16|11235,0,0,0,0,0,0,0,0,0,0,0,0
16,11247,16|11247,0,0,0,0,0,0,0,0,0,0,0,0
16,12000,16|12000,0,0,0,0,0,0,0,0,0,0,0,0
16,12451,16|12451,0,0,0,0,0,0,0,0,0,0,0,0
16,13639,16|13639,0,0,0,0,0,0,0,0,0,0,0,0
16,14506,16|14506,0,332,18,0,0,0,0,0,0,0,332,18
16,14507,16|14507,0,332,18,0,0,0,0,0,0,0,332,18
16,15344,16|15344,0,0,0,0,0,0,0,0,0,0,0,0
16,15790,16|15790,0,0,0,0,0,0,0,0,0,0,0,0
16,15795,16|15795,0,0,0,0,0,0,0,0,0,0,0,0
16,15807,16|15807,0,17,1,0,0,0,0,0,0,0,17,1
16,15849,16|15849,0,0,0,0,0,0,0,0,0,0,0,0
16,15850,16|15850,0,0,0,0,0,0,0,0,0,0,0,0
16,15859,16|15859,0,0,0,0,0,0,0,0,0,0,0,0
16,15870,16|15870,0,1,0,0,0,0,0,0,0,0,1,0
16,15871,16|15871,0,1,0,0,0,0,0,0,0,0,1,0
16,15877,16|15877,0,326,17,0,0,0,0,0,0,0,326,17
16,15880,16|15880,0,0,0,0,0,0,0,0,0,0,0,0
16,15881,16|15881,0,3,0,0,0,0,0,0,0,0,3,0
16,15883,16|15883,0,2,0,0,0,0,0,0,0,0,2,0
16,15893,16|15893,0,0,0,0,0,0,0,0,0,0,0,0
16,15921,16|15921,0,0,0,0,0,0,0,0,0,0,0,0
16,16053,16|16053,0,0,0,0,0,0,0,0,0,0,0,0
16,16209,16|16209,0,0,0,0,0,0,0,0,0,0,0,0
16,16213,16|16213,0,678,36,0,0,0,0,0,0,0,678,36
16,16217,16|16217,0,0,0,0,0,0,0,0,0,0,0,0
16,16235,16|16235,0,0,0,0,0,0,0,0,0,0,0,0
16,16237,16|16237,0,3,0,0,0,0,0,0,0,0,3,0
16,16282,16|16282,0,0,0,0,0,0,0,0,0,0,0,0
16,16302,16|16302,0,0,0,0,0,0,0,0,0,0,0,0
16,16314,16|16314,0,1,0,0,0,0,0,0,0,0,1,0
16,16375,16|16375,0,0,0,0,0,0,0,0,0,0,0,0
16,16382,16|16382,0,0,0,0,0,0,0,0,0,0,0,0
16,16519,16|16519,0,0,0,0,0,0,0,0,0,0,0,0
16,16534,16|16534,0,0,1,0,0,0,0,0,0,0,0,1
16,16535,16|16535,0,0,0,0,0,0,0,0,0,0,0,0
16,16638,16|16638,0,0,0,0,0,0,0,0,0,0,0,0
16,16650,16|16650,0,1,0,0,0,0,0,0,0,0,1,0
16,16655,16|16655,0,0,0,0,0,0,0,0,0,0,0,0
16,16660,16|16660,0,0,0,0,0,0,0,0,0,0,0,0
16,16681,16|16681,0,2,0,0,0,0,0,0,0,0,2,0
16,16728,16|16728,0,0,0,0,0,0,0,0,0,0,0,0
16,16739,16|16739,0,1,0,0,0,0,0,0,0,0,1,0
16,16763,16|16763,0,0,0,0,0,0,0,0,0,0,0,0
16,16765,16|16765,0,1,0,0,0,0,0,0,0,0,1,0
16,16775,16|16775,0,0,0,0,0,0,0,0,0,0,0,0
16,16881,16|16881,0,0,0,0,0,0,0,0,0,0,0,0
16,16902,16|16902,0,0,0,0,0,0,0,0,0,0,0,0
16,16926,16|16926,0,3,0,0,0,0,0,0,0,0,3,0
16,16938,16|16938,0,2,0,0,0,0,0,0,0,0,2,0
16,16944,16|16944,0,0,0,0,0,0,0,0,0,0,0,0
16,16969,16|16969,0,0,3,0,0,0,0,0,0,0,0,3
16,17025,16|17025,0,0,0,0,0,0,0,0,0,0,0,0
16,17026,16|17026,0,0,0,0,0,0,0,0,0,0,0,0
16,17028,16|17028,0,2,0,0,0,0,0,0,0,0,2,0
16,17075,16|17075,0,2,0,0,0,0,0,0,0,0,2,0
16,17077,16|17077,0,0,0,0,0,0,0,0,0,0,0,0
16,17114,16|17114,0,0,0,0,0,0,0,0,0,0,0,0
16,17120,16|17120,0,0,0,0,0,0,0,0,0,0,0,0
16,17129,16|17129,0,1,0,0,0,0,0,0,0,0,1,0
16,17154,16|17154,0,0,0,0,0,0,0,0,0,0,0,0
16,17155,16|17155,0,0,0,0,0,0,0,0,0,0,0,0
16,17165,16|17165,0,2,0,0,0,0,0,0,0,0,2,0
16,17348,16|17348,0,0,0,0,0,0,0,0,0,0,0,0
16,17351,16|17351,0,0,0,0,0,0,0,0,0,0,0,0
16,17638,16|17638,0,0,0,0,0,0,0,0,0,0,0,0
16,17687,16|17687,0,1,0,0,0,0,0,0,0,0,1,0
16,17689,16|17689,0,1,0,0,0,0,0,0,0,0,1,0
16,17713,16|17713,0,0,0,0,0,0,0,0,0,0,0,0
16,17915,16|17915,0,0,0,0,0,0,0,0,0,0,0,0
16,17986,16|17986,0,183,10,0,0,0,0,0,0,0,183,10
16,17993,16|17993,0,224,12,0,0,0,0,0,0,0,224,12
16,18006,16|18006,0,1,0,0,0,0,0,0,0,0,1,0
16,18007,16|18007,0,1,0,0,0,0,0,0,0,0,1,0
16,18009,16|18009,0,0,0,0,0,0,0,0,0,0,0,0
16,18085,16|18085,0,0,0,0,0,0,0,0,0,0,0,0
16,18107,16|18107,0,0,0,0,0,0,0,0,0,0,0,0
16,18276,16|18276,0,1,0,0,0,0,0,0,0,0,1,0
16,18280,16|18280,0,0,0,0,0,0,0,0,0,0,0,0
16,18282,16|18282,0,0,0,0,0,0,0,0,0,0,0,0
16,18284,16|18284,0,2,0,0,0,0,0,0,0,0,2,0
16,18338,16|18338,0,0,0,0,0,0,0,0,0,0,0,0
16,18356,16|18356,0,0,0,0,0,0,0,0,0,0,0,0
16,18357,16|18357,0,242,13,0,0,0,0,0,0,0,242,13
16,18360,16|18360,0,248,13,0,0,0,0,0,0,0,248,13
16,18361,16|18361,0,258,14,0,0,0,0,0,0,0,258,14
16,18362,16|18362,0,0,0,0,0,0,0,0,0,0,0,0
16,18364,16|18364,0,0,0,0,0,0,0,0,0,0,0,0
16,18408,16|18408,0,1,0,0,0,0,0,0,0,0,1,0
16,18423,16|18423,0,0,0,0,0,0,0,0,0,0,0,0
16,18554,16|18554,0,0,0,0,0,0,0,0,0,0,0,0
16,18583,16|18583,0,0,0,0,0,0,0,0,0,0,0,0
16,18701,16|18701,0,1,0,0,0,0,0,0,0,0,1,0
16,18831,16|18831,0,0,0,0,0,0,0,0,0,0,0,0
16,18832,16|18832,0,0,0,0,0,0,0,0,0,0,0,0
16,18860,16|18860,0,0,0,0,0,0,0,0,0,0,0,0
16,18861,16|18861,0,0,0,0,0,0,0,0,0,0,0,0
16,18949,16|18949,0,1,0,0,0,0,0,0,0,0,1,0
16,18950,16|18950,0,0,0,0,0,0,0,0,0,0,0,0
16,18951,16|18951,0,0,0,0,0,0,0,0,0,0,0,0
16,18952,16|18952,0,0,0,0,0,0,0,0,0,0,0,0
16,18953,16|18953,0,0,0,0,0,0,0,0,0,0,0,0
16,18954,16|18954,0,0,0,0,0,0,0,0,0,0,0,0
16,18998,16|18998,0,1,0,0,0,0,0,0,0,0,1,0
16,19239,16|19239,0,1,0,0,0,0,0,0,0,0,1,0
16,19240,16|19240,0,2,0,0,0,0,0,0,0,0,2,0
16,19472,16|19472,0,249,13,0,0,0,0,0,0,0,249,13
16,19526,16|19526,0,0,0,0,0,0,0,0,0,0,0,0
16,19705,16|19705,0,0,0,0,0,0,0,0,0,0,0,0
16,19706,16|19706,0,0,0,0,0,0,0,0,0,0,0,0
16,19708,16|19708,0,0,0,0,0,0,0,0,0,0,0,0
16,19716,16|19716,0,0,0,0,0,0,0,0,0,0,0,0
16,19717,16|19717,0,26,0,0,0,0,0,0,0,0,26,0
16,19744,16|19744,0,0,0,0,0,0,0,0,0,0,0,0
16,19979,16|19979,0,1,0,0,0,0,0,0,0,0,1,0
16,20227,16|20227,0,0,4,0,0,0,0,0,0,0,0,4
16,20228,16|20228,0,0,0,0,0,0,0,0,0,0,0,0
16,20279,16|20279,0,489,26,0,0,0,0,0,0,0,489,26
16,20356,16|20356,0,0,0,0,0,0,0,0,0,0,0,0
16,20409,16|20409,0,0,0,0,0,0,0,0,0,0,0,0
16,20444,16|20444,0,197,10,0,0,0,0,0,0,0,197,10
16,20447,16|20447,0,2,0,0,0,0,0,0,0,0,2,0
16,20475,16|20475,0,1,0,0,0,0,0,0,0,0,1,0
16,20580,16|20580,0,0,0,0,0,0,0,0,0,0,0,0
16,20746,16|20746,0,1,0,0,0,0,0,0,0,0,1,0
16,20775,16|20775,0,0,0,0,0,0,0,0,0,0,0,0
16,20787,16|20787,0,480,25,0,0,0,0,0,0,0,480,25
16,20859,16|20859,0,15,0,0,0,0,0,0,0,0,15,0
16,21048,16|21048,0,1,0,0,0,0,0,0,0,0,1,0
16,21140,16|21140,0,0,0,0,0,0,0,0,0,0,0,0
16,21187,16|21187,0,31,2,0,0,0,0,0,0,0,31,2
16,21261,16|21261,0,0,0,0,0,0,0,0,0,0,0,0
16,21469,16|21469,0,14,0,0,0,0,0,0,0,0,14,0
16,21488,16|21488,0,0,0,0,0,0,0,0,0,0,0,0
16,21718,16|21718,0,180,10,0,0,0,0,0,0,0,180,10
16,21768,16|21768,0,0,0,0,0,0,0,0,0,0,0,0
16,21770,16|21770,0,122,6,0,0,0,0,0,0,0,122,6
16,21957,16|21957,0,0,0,0,0,0,0,0,0,0,0,0
16,22118,16|22118,0,0,0,0,0,0,0,0,0,0,0,0
16,22119,16|22119,0,0,0,0,0,0,0,0,0,0,0,0
16,22120,16|22120,0,0,0,0,0,0,0,0,0,0,0,0
16,22145,16|22145,0,0,0,0,0,0,0,0,0,0,0,0
16,22239,16|22239,0,30,2,0,0,0,0,0,0,0,30,2
16,22241,16|22241,0,26,1,0,0,0,0,0,0,0,26,1
16,22404,16|22404,0,395,21,0,0,0,0,0,0,0,395,21
16,22508,16|22508,0,1,0,0,0,0,0,0,0,0,1,0
16,22683,16|22683,0,0,0,0,0,0,0,0,0,0,0,0
16,22863,16|22863,0,0,0,0,0,0,0,0,0,0,0,0
16,22864,16|22864,0,0,0,0,0,0,0,0,0,0,0,0
16,22868,16|22868,0,0,0,0,0,0,0,0,0,0,0,0
16,22941,16|22941,0,165,9,0,0,0,0,0,0,0,165,9
16,23095,16|23095,0,0,0,0,0,0,0,0,0,0,0,0
16,23264,16|23264,0,0,0,0,0,0,0,0,0,0,0,0
16,23305,16|23305,0,0,0,0,0,0,0,0,0,0,0,0
16,23306,16|23306,0,0,0,0,0,0,0,0,0,0,0,0
16,23307,16|23307,0,0,0,0,0,0,0,0,0,0,0,0
16,23309,16|23309,0,0,0,0,0,0,0,0,0,0,0,0
16,23409,16|23409,0,166,9,0,0,0,0,0,0,0,166,9
16,23411,16|23411,0,169,9,0,0,0,0,0,0,0,169,9
16,23437,16|23437,0,1,0,0,0,0,0,0,0,0,1,0
16,23506,16|23506,0,191,10,0,0,0,0,0,0,0,191,10
16,23521,16|23521,0,150,8,0,0,0,0,0,0,0,150,8
16,23697,16|23697,0,2,0,0,0,0,0,0,0,0,2,0
16,23698,16|23698,0,1,0,0,0,0,0,0,0,0,1,0
16,23727,16|23727,0,1,0,0,0,0,0,0,0,0,1,0
16,23781,16|23781,0,3,0,0,0,0,0,0,0,0,3,0
16,24115,16|24115,0,12,0,0,0,0,0,0,0,0,12,0
16,24247,16|24247,0,1,0,0,0,0,0,0,0,0,1,0
16,24340,16|24340,0,162,9,0,0,0,0,0,0,0,162,9
16,24341,16|24341,0,152,8,0,0,0,0,0,0,0,152,8
16,24342,16|24342,0,300,16,0,0,0,0,0,0,0,300,16
16,24343,16|24343,0,612,32,0,0,0,0,0,0,0,612,32
16,24344,16|24344,0,522,28,0,0,0,0,0,0,0,522,28
16,24345,16|24345,0,139,7,0,0,0,0,0,0,0,139,7
16,24346,16|24346,0,235,12,0,0,0,0,0,0,0,235,12
16,24564,16|24564,0,1,0,0,0,0,0,0,0,0,1,0
16,24618,16|24618,0,47,0,0,0,0,0,0,0,0,47,0
16,24619,16|24619,0,134,7,0,0,0,0,0,0,0,134,7
16,24649,16|24649,0,61,3,0,0,0,0,0,0,0,61,3
16,24748,16|24748,0,2,0,0,0,0,0,0,0,0,2,0
16,24858,16|24858,0,122,6,0,0,0,0,0,0,0,122,6
16,25521,16|25521,0,399,21,0,0,0,0,0,0,0,399,21
16,25522,16|25522,0,365,19,0,0,0,0,0,0,0,365,19
16,26197,16|26197,0,0,0,0,0,0,0,0,0,0,0,0
16,26673,16|26673,0,34,0,0,0,0,0,0,0,0,34,0
16,26674,16|26674,0,34,0,0,0,0,0,0,0,0,34,0
16,26675,16|26675,0,0,2,0,0,0,0,0,0,0,0,2
16,27199,16|27199,0,277,15,0,0,0,0,0,0,0,277,15
16,27200,16|27200,0,271,14,0,0,0,0,0,0,0,271,14
16,27201,16|27201,0,119,6,0,0,0,0,0,0,0,119,6
16,27202,16|27202,0,73,4,0,0,0,0,0,0,0,73,4
16,28532,16|28532,0,0,0,0,0,0,0,0,0,0,0,0
16,28632,16|28632,0,0,0,0,0,0,0,0,0,0,0,0
16,29552,16|29552,0,256,14,0,0,0,0,0,0,0,256,14
16,29586,16|29586,0,0,0,0,0,0,0,0,0,0,0,0
16,29851,16|29851,0,0,5,0,0,0,0,0,0,0,0,5
16,29852,16|29852,0,0,0,0,0,0,0,0,0,0,0,0
16,30178,16|30178,0,47,2,0,0,0,0,0,0,0,47,2
16,31153,16|31153,0,0,0,0,0,0,0,0,0,0,0,0
16,31205,16|31205,0,0,0,0,0,0,0,0,0,0,0,0
16,32116,16|32116,0,332,18,0,0,0,0,0,0,0,332,18
16,32117,16|32117,0,144,8,0,0,0,0,0,0,0,144,8
17,1101,17|1101,0,0,0,0,0,0,0,0,0,0,0,0
17,11018,17|11018,0,0,0,0,0,0,0,0,0,0,0,0
17,11022,17|11022,0,0,0,0,0,0,0,0,0,0,0,0
17,11055,17|11055,0,0,0,0,0,0,0,0,0,0,0,0
17,11647,17|11647,0,0,0,0,0,0,0,0,0,0,0,0
17,11863,17|11863,0,35,2,0,0,0,0,0,0,0,35,2
17,11964,17|11964,0,7,0,0,0,0,0,0,0,0,7,0
17,11973,17|11973,0,0,0,0,0,0,0,0,0,0,0,0
17,14439,17|14439,0,0,0,0,0,0,0,0,0,0,0,0
17,14442,17|14442,0,0,0,0,0,0,0,0,0,0,0,0
17,14446,17|14446,0,0,0,0,0,0,0,0,0,0,0,0
17,14448,17|14448,0,430,23,0,0,0,0,0,0,0,430,23
17,14450,17|14450,0,543,29,0,0,0,0,0,0,0,543,29
17,14451,17|14451,0,777,41,0,0,0,0,0,0,0,777,41
17,14454,17|14454,0,609,32,0,0,0,0,0,0,0,609,32
17,14484,17|14484,0,0,0,0,0,0,0,0,0,0,0,0
17,14536,17|14536,0,0,0,0,0,0,0,0,0,0,0,0
17,14537,17|14537,0,100,5,0,0,0,0,0,0,0,100,5
17,14634,17|14634,0,0,0,0,0,0,0,0,0,0,0,0
17,14636,17|14636,0,112,6,0,0,0,0,0,0,0,112,6
17,14637,17|14637,0,0,0,0,0,0,0,0,0,0,0,0
17,14673,17|14673,0,0,0,0,0,0,0,0,0,0,0,0
17,14704,17|14704,0,171,9,0,0,0,0,0,0,0,171,9
17,14820,17|14820,0,17,0,0,0,0,0,0,0,4,17,-4
17,15295,17|15295,0,0,0,0,0,0,0,0,0,0,0,0
17,15297,17|15297,0,0,0,0,0,0,0,0,0,0,0,0
17,15299,17|15299,0,1,0,0,0,0,0,0,0,0,1,0
17,15306,17|15306,0,1,0,0,0,0,0,0,0,0,1,0
17,15310,17|15310,0,0,0,0,0,0,0,0,0,0,0,0
17,15390,17|15390,0,0,0,0,0,0,0,0,0,0,0,0
17,15391,17|15391,0,2,0,0,0,0,0,0,0,0,2,0
17,15392,17|15392,0,231,12,0,0,0,0,0,0,0,231,12
17,15443,17|15443,0,41,0,0,0,0,0,0,0,0,41,0
17,15444,17|15444,0,0,0,0,0,0,0,0,0,0,0,0
17,15489,17|15489,0,0,2,0,0,0,0,0,0,0,0,2
17,15499,17|15499,0,0,0,0,0,0,0,0,0,0,0,0
17,15500,17|15500,0,5,0,0,0,0,0,0,0,0,5,0
17,15574,17|15574,0,0,0,0,0,0,0,0,0,0,0,0
17,15577,17|15577,0,0,0,0,0,0,0,0,0,0,0,0
17,15591,17|15591,0,0,0,0,0,0,0,0,0,0,0,0
17,15592,17|15592,0,0,0,0,0,0,0,0,0,0,0,0
17,15623,17|15623,0,0,0,0,0,0,0,0,0,0,0,0
17,15624,17|15624,0,0,0,0,0,0,0,0,0,0,0,0
17,15625,17|15625,0,1,0,0,0,0,0,0,0,0,1,0
17,15880,17|15880,0,0,0,0,0,0,0,0,0,0,0,0
17,15896,17|15896,0,24,1,0,0,0,0,0,0,0,24,1
17,15897,17|15897,0,18,0,0,0,0,0,0,0,0,18,0
17,15899,17|15899,0,0,0,0,0,0,0,0,0,0,0,0
17,15900,17|15900,0,0,0,0,0,0,0,0,0,0,0,0
17,15943,17|15943,0,0,0,0,0,0,0,0,0,0,0,0
17,16104,17|16104,0,615,32,0,0,0,0,0,0,0,615,32
17,16168,17|16168,0,154,8,0,0,0,0,0,0,0,154,8
17,16178,17|16178,0,295,16,0,0,0,0,0,0,0,295,16
17,16335,17|16335,0,0,0,0,0,0,0,0,0,0,0,0
17,16431,17|16431,0,0,0,0,0,0,0,0,0,0,0,0
17,16498,17|16498,0,0,0,0,0,0,0,0,0,0,0,0
17,16732,17|16732,0,0,0,0,0,0,0,0,0,0,0,0
17,16733,17|16733,0,0,0,0,0,0,0,0,0,0,0,0
17,16738,17|16738,0,0,0,0,0,0,0,0,0,0,0,0
17,16770,17|16770,0,0,0,0,0,0,0,0,0,0,0,0
17,16776,17|16776,0,107,6,0,0,0,0,0,0,0,107,6
17,16777,17|16777,0,105,6,0,0,0,0,0,0,0,105,6
17,16778,17|16778,0,19,0,0,0,0,0,0,0,0,19,0
17,16779,17|16779,0,0,0,0,0,0,0,0,0,0,0,0
17,16863,17|16863,0,36,0,0,0,0,0,0,0,0,36,0
17,16864,17|16864,0,31,2,0,0,0,0,0,0,0,31,2
17,16865,17|16865,0,0,0,0,0,0,0,0,0,0,0,0
17,16866,17|16866,0,0,0,0,0,0,0,0,0,0,0,0
17,16867,17|16867,0,0,0,0,0,0,0,0,0,0,0,0
17,16902,17|16902,0,0,0,0,0,0,0,0,0,0,0,0
17,16909,17|16909,0,1,0,0,0,0,0,0,0,0,1,0
17,16910,17|16910,0,0,0,0,0,0,0,0,0,0,0,0
17,16958,17|16958,0,0,0,0,0,0,0,0,0,0,0,0
17,16960,17|16960,0,0,0,0,0,0,0,0,0,0,0,0
17,17055,17|17055,0,4,0,0,0,0,0,0,0,0,4,0
17,17056,17|17056,0,135,7,0,0,0,0,0,0,0,135,7
17,17058,17|17058,0,0,1,0,0,0,0,0,0,0,0,1
17,17099,17|17099,0,0,0,0,0,0,0,0,0,0,0,0
17,17147,17|17147,0,0,0,0,0,0,0,0,0,0,0,0
17,17150,17|17150,0,0,0,0,0,0,0,0,0,0,0,0
17,17200,17|17200,0,0,0,0,0,0,0,0,0,0,0,0
17,17201,17|17201,0,0,0,0,0,0,0,0,0,0,0,0
17,17203,17|17203,0,0,0,0,0,0,0,0,0,0,0,0
17,17224,17|17224,0,0,0,0,0,0,0,0,0,0,0,0
17,17237,17|17237,0,0,0,0,0,0,0,0,0,0,0,0
17,17238,17|17238,0,0,0,0,0,0,0,0,0,0,0,0
17,17272,17|17272,0,0,0,0,0,0,0,0,0,0,0,0
17,17286,17|17286,0,275,15,0,0,0,0,0,0,0,275,15
17,17287,17|17287,0,105,6,0,0,0,0,0,0,0,105,6
17,17289,17|17289,0,261,14,0,0,0,0,0,0,0,261,14
17,17291,17|17291,0,299,16,0,0,0,0,0,0,0,299,16
17,17307,17|17307,0,0,2,0,0,0,0,0,0,0,0,2
17,17313,17|17313,0,181,10,0,0,0,0,0,0,0,181,10
17,17405,17|17405,0,0,0,0,0,0,0,0,0,0,0,0
17,17406,17|17406,0,0,0,0,0,0,0,0,0,0,0,0
17,17407,17|17407,0,1,0,0,0,0,0,0,0,0,1,0
17,17421,17|17421,0,1,0,0,0,0,0,0,0,0,1,0
17,17424,17|17424,0,0,0,0,0,0,0,0,0,0,0,0
17,17500,17|17500,0,0,0,0,0,0,0,0,0,0,0,0
17,17501,17|17501,0,0,1,0,0,0,0,0,0,0,0,1
17,17514,17|17514,0,0,0,0,0,0,0,0,0,0,0,0
17,17515,17|17515,0,0,0,0,0,0,0,0,0,0,0,0
17,17539,17|17539,0,0,3,0,0,0,0,0,0,0,0,3
17,17544,17|17544,0,0,0,0,0,0,0,0,0,0,0,0
17,17616,17|17616,0,162,9,0,0,0,0,0,0,0,162,9
17,17740,17|17740,0,0,2,0,0,0,0,0,0,0,0,2
17,17742,17|17742,0,0,0,0,0,0,0,0,0,0,0,0
17,17746,17|17746,0,0,0,0,0,0,0,0,0,0,0,0
17,17750,17|17750,0,0,0,0,0,0,0,0,0,0,0,0
17,17819,17|17819,0,0,0,0,0,0,0,0,0,0,0,0
17,17820,17|17820,0,0,0,0,0,0,0,0,0,0,0,0
17,17944,17|17944,0,0,0,0,0,0,0,0,0,0,0,0
17,18009,17|18009,0,0,0,0,0,0,0,0,0,0,0,0
17,18010,17|18010,0,0,0,0,0,0,0,0,0,0,0,0
17,18079,17|18079,0,0,0,0,0,0,0,0,0,0,0,0
17,18193,17|18193,0,0,0,0,0,0,0,0,0,0,0,0
17,18360,17|18360,0,0,0,0,0,0,0,0,0,0,0,0
17,18362,17|18362,0,0,0,0,0,0,0,0,0,0,0,0
17,18597,17|18597,0,0,0,0,0,0,0,0,0,0,0,0
17,18598,17|18598,0,0,0,0,0,0,0,0,0,0,0,0
17,18687,17|18687,0,0,1,0,0,0,0,0,0,0,0,1
17,18690,17|18690,0,0,0,0,0,0,0,0,0,0,0,0
17,18694,17|18694,0,0,0,0,0,0,0,0,0,0,0,0
17,18695,17|18695,0,0,2,0,0,0,0,0,0,0,0,2
17,18696,17|18696,0,0,1,0,0,0,0,0,0,0,0,1
17,18714,17|18714,0,0,0,0,0,0,0,0,0,0,0,0
17,18758,17|18758,0,0,0,0,0,0,0,0,0,0,0,0
17,18759,17|18759,0,0,0,0,0,0,0,0,0,0,0,0
17,18761,17|18761,0,131,7,0,0,0,0,0,0,0,131,7
17,18817,17|18817,0,3,0,0,0,0,0,0,0,0,3,0
17,18886,17|18886,0,211,11,0,0,0,0,0,0,0,211,11
17,18997,17|18997,0,0,0,0,0,0,0,0,0,0,0,0
17,19054,17|19054,0,395,21,0,0,0,0,0,0,0,395,21
17,19071,17|19071,0,0,0,0,0,0,0,0,0,0,0,0
17,19072,17|19072,0,0,0,0,0,0,0,0,0,0,0,0
17,19281,17|19281,0,399,21,0,0,0,0,0,0,0,399,21
17,19425,17|19425,0,0,0,0,0,0,0,0,0,0,0,0
17,19700,17|19700,0,0,1,0,0,0,0,0,0,0,0,1
17,20226,17|20226,0,0,0,0,0,0,0,0,0,0,0,0
17,20227,17|20227,0,0,0,0,0,0,0,0,0,0,0,0
17,20228,17|20228,0,0,0,0,0,0,0,0,0,0,0,0
17,20330,17|20330,0,456,24,0,0,0,0,0,0,0,456,24
17,20331,17|20331,0,128,7,0,0,0,0,0,0,0,128,7
17,20448,17|20448,0,17,0,0,0,0,0,0,0,0,17,0
17,20469,17|20469,0,2,0,0,0,0,0,0,0,0,2,0
17,20470,17|20470,0,9,0,0,0,0,0,0,0,0,9,0
17,20754,17|20754,0,0,0,0,0,0,0,0,0,0,0,0
17,20760,17|20760,0,0,0,0,0,0,0,0,0,0,0,0
17,20867,17|20867,0,0,0,0,0,0,0,0,0,0,0,0
17,20868,17|20868,0,0,0,0,0,0,0,0,0,0,0,0
17,21375,17|21375,0,190,10,0,0,0,0,0,0,0,190,10
17,21616,17|21616,0,2,0,0,0,0,0,0,0,0,2,0
17,21617,17|21617,0,16,1,0,0,0,0,0,0,0,16,1
17,21618,17|21618,0,1,0,0,0,0,0,0,0,0,1,0
17,21711,17|21711,0,343,18,0,0,0,0,0,0,0,343,18
17,21773,17|21773,0,372,20,0,0,0,0,0,0,0,372,20
17,21774,17|21774,0,139,7,0,0,0,0,0,0,0,139,7
17,21775,17|21775,0,384,20,0,0,0,0,0,0,0,384,20
17,21803,17|21803,0,321,17,0,0,0,0,0,0,0,321,17
17,21804,17|21804,0,239,13,0,0,0,0,0,0,0,239,13
17,21812,17|21812,0,0,0,0,0,0,0,0,0,0,0,0
17,22060,17|22060,0,0,0,0,0,0,0,0,0,0,0,0
17,22061,17|22061,0,17,0,0,0,0,0,0,0,0,17,0
17,22363,17|22363,0,617,33,0,0,0,0,0,0,0,617,33
17,22401,17|22401,0,181,10,0,0,0,0,0,0,0,181,10
17,22471,17|22471,0,228,12,0,0,0,0,0,0,0,228,12
17,22558,17|22558,0,0,0,0,0,0,0,0,0,0,0,0
17,22559,17|22559,0,3,0,0,0,0,0,0,0,0,3,0
17,22560,17|22560,0,2,0,0,0,0,0,0,0,0,2,0
17,22573,17|22573,0,1,0,0,0,0,0,0,0,0,1,0
17,22787,17|22787,0,310,16,0,0,0,0,0,0,0,310,16
17,22788,17|22788,0,0,5,0,0,0,0,0,0,0,0,5
17,22789,17|22789,0,409,22,0,0,0,0,0,0,0,409,22
17,22791,17|22791,0,1,0,0,0,0,0,0,0,0,1,0
17,22793,17|22793,0,113,6,0,0,0,0,0,0,0,113,6
17,22916,17|22916,0,0,0,0,0,0,0,0,0,0,0,0
17,22939,17|22939,0,184,10,0,0,0,0,0,0,0,184,10
17,22981,17|22981,0,0,0,0,0,0,0,0,0,0,0,0
17,22983,17|22983,0,3,0,0,0,0,0,0,0,0,3,0
17,22984,17|22984,0,153,8,0,0,0,0,0,0,0,153,8
17,22985,17|22985,0,0,0,0,0,0,0,0,0,0,0,0
17,22986,17|22986,0,19,1,0,0,0,0,0,0,0,19,1
17,22987,17|22987,0,102,5,0,0,0,0,0,0,0,102,5
17,23022,17|23022,0,8,0,0,0,0,0,0,0,0,8,0
17,23023,17|23023,0,3,0,0,0,0,0,0,0,0,3,0
17,23024,17|23024,0,127,7,0,0,0,0,0,0,0,127,7
17,23025,17|23025,0,3,0,0,0,0,0,0,0,0,3,0
17,23027,17|23027,0,0,0,0,0,0,0,0,0,0,0,0
17,23028,17|23028,0,0,0,0,0,0,0,0,0,0,0,0
17,23281,17|23281,0,0,0,0,0,0,0,0,0,0,0,0
17,23282,17|23282,0,0,0,0,0,0,0,0,0,0,0,0
17,23283,17|23283,0,142,8,0,0,0,0,0,0,0,142,8
17,23413,17|23413,0,0,5,0,0,0,0,0,0,0,0,5
17,23414,17|23414,0,321,17,0,0,0,0,0,0,0,321,17
17,23415,17|23415,0,10,1,0,0,0,0,0,0,0,10,1
17,23416,17|23416,0,0,0,0,0,0,0,0,0,0,0,0
17,23503,17|23503,0,0,5,0,0,0,0,0,0,0,0,5
17,23522,17|23522,0,109,6,0,0,0,0,0,0,0,109,6
17,23568,17|23568,0,2,0,0,0,0,0,0,0,0,2,0
17,23570,17|23570,0,1,0,0,0,0,0,0,0,0,1,0
17,23571,17|23571,0,17,0,0,0,0,0,0,0,0,17,0
17,23573,17|23573,0,1,0,0,0,0,0,0,0,0,1,0
17,23574,17|23574,0,1,0,0,0,0,0,0,0,0,1,0
17,23575,17|23575,0,1,0,0,0,0,0,0,0,0,1,0
17,23617,17|23617,0,10,0,0,0,0,0,0,0,0,10,0
17,23769,17|23769,0,0,0,0,0,0,0,0,0,0,0,0
17,23822,17|23822,0,2,0,0,0,0,0,0,0,0,2,0
17,24025,17|24025,0,0,0,0,0,0,0,0,0,0,0,0
17,24027,17|24027,0,1,0,0,0,0,0,0,0,0,1,0
17,24029,17|24029,0,0,2,0,0,0,0,0,0,0,0,2
17,24041,17|24041,0,0,0,0,0,0,0,0,0,0,0,0
17,24112,17|24112,0,7,0,0,0,0,0,0,0,0,7,0
17,24114,17|24114,0,0,0,0,0,0,0,0,0,0,0,0
17,24170,17|24170,0,80,4,0,0,0,0,0,0,0,80,4
17,24200,17|24200,0,27,1,0,0,0,0,0,0,0,27,1
17,24214,17|24214,0,113,6,0,0,0,0,0,0,0,113,6
17,24379,17|24379,0,0,4,0,0,0,0,0,0,0,0,4
17,24562,17|24562,0,0,0,0,0,0,0,0,0,0,0,0
17,24630,17|24630,0,10,0,0,0,0,0,0,0,0,10,0
17,24631,17|24631,0,15,0,0,0,0,0,0,0,0,15,0
17,24632,17|24632,0,16,0,0,0,0,0,0,0,0,16,0
17,24633,17|24633,0,345,18,0,0,0,0,0,0,0,345,18
17,24634,17|24634,0,250,13,0,0,0,0,0,0,0,250,13
17,24635,17|24635,0,377,20,0,0,0,0,0,0,0,377,20
17,24636,17|24636,0,332,18,0,0,0,0,0,0,0,332,18
17,24637,17|24637,0,0,0,0,0,0,0,0,0,0,0,0
17,24638,17|24638,0,408,22,0,0,0,0,0,0,0,408,22
17,24704,17|24704,0,0,0,0,0,0,0,0,0,0,0,0
17,24833,17|24833,0,0,0,0,0,0,0,0,0,0,0,0
17,24859,17|24859,0,0,4,0,0,0,0,0,0,0,0,4
17,24978,17|24978,0,113,6,0,0,0,0,0,0,0,113,6
17,24979,17|24979,0,14,0,0,0,0,0,0,0,0,14,0
17,25348,17|25348,0,638,34,0,0,0,0,0,0,0,638,34
17,25439,17|25439,0,77,4,0,0,0,0,0,0,0,77,4
17,25468,17|25468,0,166,9,0,0,0,0,0,0,0,166,9
17,25487,17|25487,0,0,5,0,0,0,0,0,0,0,0,5
17,25517,17|25517,0,0,0,0,0,0,0,0,0,0,0,0
17,25518,17|25518,0,0,0,0,0,0,0,0,0,0,0,0
17,25519,17|25519,0,297,16,0,0,0,0,0,0,0,297,16
17,25520,17|25520,0,297,16,0,0,0,0,0,0,0,297,16
17,25644,17|25644,0,0,0,0,0,0,0,0,0,0,0,0
17,25685,17|25685,0,0,0,0,0,0,0,0,0,0,0,0
17,26314,17|26314,0,11,0,0,0,0,0,0,0,2,11,-2
17,26315,17|26315,0,0,4,0,0,0,0,0,0,0,0,4
17,26436,17|26436,0,0,0,0,0,0,0,0,0,0,0,0
17,26671,17|26671,0,0,0,0,0,0,0,0,0,0,0,0
17,26672,17|26672,0,0,0,0,0,0,0,0,0,0,0,0
17,26777,17|26777,0,0,0,0,0,0,0,0,0,0,0,0
17,26778,17|26778,0,0,0,0,0,0,0,0,0,0,0,0
17,26779,17|26779,0,0,0,0,0,0,0,0,0,0,0,0
17,26781,17|26781,0,0,0,0,0,0,0,0,0,0,0,0
17,26782,17|26782,0,2,0,0,0,0,0,0,0,0,2,0
17,27148,17|27148,0,0,0,0,0,0,0,0,0,0,0,0
17,27195,17|27195,0,110,6,0,0,0,0,0,0,0,110,6
17,27196,17|27196,0,138,7,0,0,0,0,0,0,0,138,7
17,27197,17|27197,0,96,5,0,0,0,0,0,0,0,96,5
17,27316,17|27316,0,51,3,0,0,0,0,0,0,0,51,3
17,27354,17|27354,0,0,0,0,0,0,0,0,0,0,0,0
17,27394,17|27394,0,0,0,0,0,0,0,0,0,0,0,0
17,27395,17|27395,0,0,0,0,0,0,0,0,0,0,0,0
17,27629,17|27629,0,0,0,0,0,0,0,0,0,0,0,0
17,27830,17|27830,0,0,0,0,0,0,0,0,0,0,0,0
17,27831,17|27831,0,0,0,0,0,0,0,0,0,0,0,0
17,27838,17|27838,0,0,1,0,0,0,0,0,0,0,0,1
17,28107,17|28107,0,0,0,0,0,0,0,0,0,0,0,0
17,28108,17|28108,0,47,0,0,0,0,0,0,0,0,47,0
17,29561,17|29561,0,102,5,0,0,0,0,0,0,0,102,5
17,29562,17|29562,0,237,13,0,0,0,0,0,0,0,237,13
17,29738,17|29738,0,151,8,0,0,0,0,0,0,0,151,8
17,30080,17|30080,0,56,3,0,0,0,0,0,0,0,56,3
17,30827,17|30827,0,0,0,0,0,0,0,0,0,0,0,0
17,31371,17|31371,0,0,0,0,0,0,0,0,0,0,0,0
17,32144,17|32144,0,0,5,0,0,0,0,0,0,0,0,5
22,8595,22|8595,0,0,0,0,0,0,0,0,0,0,0,0
22,8603,22|8603,0,0,1,0,0,0,0,0,0,0,0,1
22,8628,22|8628,0,0,0,0,0,0,0,0,0,0,0,0
22,8629,22|8629,0,0,0,0,0,0,0,0,0,0,0,0
22,8641,22|8641,0,0,2,0,0,0,0,0,0,0,0,2
22,8642,22|8642,0,0,1,0,0,0,0,0,0,0,0,1
22,8656,22|8656,0,0,0,0,0,0,0,0,0,0,0,0
22,9812,22|9812,0,0,0,0,0,0,0,0,0,0,0,0
22,14496,22|14496,0,0,0,0,0,0,0,0,0,0,0,0
22,14816,22|14816,0,0,0,0,0,0,0,0,0,0,0,0
22,15503,22|15503,0,17,1,0,0,0,0,0,0,0,17,1
22,15694,22|15694,0,0,0,0,0,0,0,0,0,0,0,0
22,15876,22|15876,0,24,0,0,0,0,0,0,0,0,24,0
22,16981,22|16981,0,13,0,0,0,0,0,0,0,0,13,0
22,18173,22|18173,0,0,0,0,0,0,0,0,0,0,0,0
22,18175,22|18175,0,46,2,0,0,0,0,0,0,0,46,2
22,18184,22|18184,0,0,0,0,0,0,0,0,0,0,0,0
22,18232,22|18232,0,0,0,0,0,0,0,0,0,0,0,0
22,18314,22|18314,0,10,0,0,0,0,0,0,0,0,10,0
22,18402,22|18402,0,42,2,0,0,0,0,0,0,0,42,2
22,18404,22|18404,0,47,0,0,0,0,0,0,0,0,47,0
22,18405,22|18405,0,0,0,0,0,0,0,0,0,0,0,0
22,18406,22|18406,0,0,0,0,0,0,0,0,0,0,0,0
22,18407,22|18407,0,1,0,0,0,0,0,0,0,0,1,0
22,18453,22|18453,0,28,0,0,0,0,0,0,0,0,28,0
22,18454,22|18454,0,0,0,0,0,0,0,0,0,0,0,0
22,18455,22|18455,0,0,0,0,0,0,0,0,0,0,0,0
22,18456,22|18456,0,0,1,0,0,0,0,0,0,0,0,1
22,18590,22|18590,0,0,0,0,0,0,0,0,0,0,0,0
22,18634,22|18634,0,15,0,0,0,0,0,0,0,0,15,0
22,18635,22|18635,0,0,2,0,0,0,0,0,0,0,0,2
22,18636,22|18636,0,0,0,0,0,0,0,0,0,0,0,0
22,18736,22|18736,0,10,1,0,0,0,0,0,0,0,10,1
22,18737,22|18737,0,3,0,0,0,0,0,0,0,0,3,0
22,18738,22|18738,0,5,0,0,0,0,0,0,0,0,5,0
22,18788,22|18788,0,0,0,0,0,0,0,0,0,0,0,0
22,18791,22|18791,0,3,0,0,0,0,0,0,0,0,3,0
22,18792,22|18792,0,0,0,0,0,0,0,0,0,0,0,0
22,18911,22|18911,0,0,0,0,0,0,0,0,0,0,0,0
22,18916,22|18916,0,0,0,0,0,0,0,0,0,0,0,0
22,18917,22|18917,0,0,0,0,0,0,0,0,0,0,0,0
22,20789,22|20789,0,1,0,0,0,0,0,0,0,0,1,0
22,20792,22|20792,0,0,0,0,0,0,0,0,0,0,0,0
22,20793,22|20793,0,0,0,0,0,0,0,0,0,0,0,0
22,21004,22|21004,0,0,0,0,0,0,0,0,0,0,0,0
22,21155,22|21155,0,0,0,0,0,0,0,0,0,0,0,0
22,21477,22|21477,0,0,0,0,0,0,0,0,0,0,0,0
22,21824,22|21824,0,2,0,0,0,0,0,0,0,0,2,0
22,21825,22|21825,0,0,0,0,0,0,0,0,0,0,0,0
22,22702,22|22702,0,0,0,0,0,0,0,0,0,0,0,0
22,22705,22|22705,0,0,0,0,0,0,0,0,0,0,0,0
22,22708,22|22708,0,0,0,0,0,0,0,0,0,0,0,0
22,22770,22|22770,0,0,0,0,0,0,0,0,0,0,0,0
22,23591,22|23591,0,0,0,0,0,0,0,0,0,0,0,0
22,23598,22|23598,0,0,0,0,0,0,0,0,0,0,0,0
22,23599,22|23599,0,0,0,0,0,0,0,0,0,0,0,0
22,23675,22|23675,0,21,0,0,0,0,0,0,0,0,21,0
22,23798,22|23798,0,0,0,0,0,0,0,0,0,0,0,0
22,24290,22|24290,0,0,0,0,0,0,0,0,0,0,0,0
22,24291,22|24291,0,1,0,0,0,0,0,0,0,0,1,0
22,24292,22|24292,0,3,0,0,0,0,0,0,0,0,3,0
22,24664,22|24664,0,0,0,0,0,0,0,0,0,0,0,0
22,24665,22|24665,0,0,0,0,0,0,0,0,0,0,0,0
22,24666,22|24666,0,0,0,0,0,0,0,0,0,0,0,0
22,24667,22|24667,0,0,0,0,0,0,0,0,0,0,0,0
22,24670,22|24670,0,9,0,0,0,0,0,0,0,0,9,0
22,24672,22|24672,0,3,0,0,0,0,0,0,0,0,3,0
22,24673,22|24673,0,3,0,0,0,0,0,0,0,0,3,0
22,24676,22|24676,0,0,0,0,0,0,0,0,0,0,0,0
22,25049,22|25049,0,5,0,0,0,0,0,0,0,0,5,0
22,25051,22|25051,0,10,0,0,0,0,0,0,0,0,10,0
22,25052,22|25052,0,11,1,0,0,0,0,0,0,0,11,1
22,25080,22|25080,0,1,0,0,0,0,0,0,0,0,1,0
22,25213,22|25213,0,47,2,0,0,0,0,0,0,0,47,2
22,26165,22|26165,0,0,0,0,0,0,0,0,0,0,0,0
22,26358,22|26358,0,19,1,0,0,0,0,0,0,0,19,1
22,26360,22|26360,0,0,0,0,0,0,0,0,0,0,0,0
22,26761,22|26761,0,0,0,0,0,0,0,0,0,0,0,0
22,26762,22|26762,0,0,0,0,0,0,0,0,0,0,0,0
22,27067,22|27067,0,0,0,0,0,0,0,0,0,0,0,0
22,27068,22|27068,0,0,0,0,0,0,0,0,0,0,0,0
22,27069,22|27069,0,0,0,0,0,0,0,0,0,0,0,0
22,27070,22|27070,0,0,0,0,0,0,0,0,0,0,0,0
22,29678,22|29678,0,0,0,0,0,0,0,0,0,0,0,0
22,29679,22|29679,0,0,0,0,0,0,0,0,0,0,0,0
22,30645,22|30645,0,0,0,0,0,0,0,0,0,0,0,0
22,30647,22|30647,0,0,0,0,0,0,0,0,0,0,0,0
22,30649,22|30649,0,0,0,0,0,0,0,0,0,0,0,0
22,30651,22|30651,0,0,3,0,0,0,0,0,0,0,0,3
22,30655,22|30655,0,0,0,0,0,0,0,0,0,0,0,0
22,30657,22|30657,0,0,0,0,0,0,0,0,0,0,0,0
22,30659,22|30659,0,0,0,0,0,0,0,0,0,0,0,0
22,30660,22|30660,0,0,0,0,0,0,0,0,0,0,0,0
22,30664,22|30664,0,0,0,0,0,0,0,0,0,0,0,0
22,30666,22|30666,0,0,0,0,0,0,0,0,0,0,0,0
22,30686,22|30686,0,0,0,0,0,0,0,0,0,0,0,0
22,30687,22|30687,0,0,0,0,0,0,0,0,0,0,0,0
22,30688,22|30688,0,0,0,0,0,0,0,0,0,0,0,0
22,30689,22|30689,0,0,0,0,0,0,0,0,0,0,0,0
22,30712,22|30712,0,0,2,0,0,0,0,0,0,0,0,2
22,30817,22|30817,0,0,2,0,0,0,0,0,0,0,0,2
22,30818,22|30818,0,46,0,0,0,0,0,0,0,0,46,0
22,31198,22|31198,0,24,0,0,0,0,0,0,0,0,24,0
22,31710,22|31710,0,0,0,0,0,0,0,0,0,0,0,0
22,32162,22|32162,0,0,0,0,0,0,0,0,0,0,0,0
22,32776,22|32776,0,0,0,0,0,0,0,0,0,0,0,0
22,32777,22|32777,0,0,0,0,0,0,0,0,0,0,0,0
22,32778,22|32778,0,0,0,0,0,0,0,0,0,0,0,0
22,33180,22|33180,0,0,0,0,0,0,0,0,0,0,0,0
43,15786,43|15786,0,0,0,0,0,0,0,0,0,0,0,0
43,15788,43|15788,0,0,0,0,0,0,0,0,0,0,0,0
43,15816,43|15816,0,0,0,0,0,0,0,0,0,0,0,0
43,15858,43|15858,0,0,0,0,0,0,0,0,0,0,0,0
43,16062,43|16062,0,0,0,0,0,0,0,0,0,0,0,0
43,16214,43|16214,0,0,0,0,0,0,0,0,0,0,0,0
43,16229,43|16229,0,0,0,0,0,0,0,0,0,0,0,0
43,16236,43|16236,0,0,0,0,0,0,0,0,0,0,0,0
43,16241,43|16241,0,0,0,0,0,0,0,0,0,0,0,0
43,16269,43|16269,0,0,0,0,0,0,0,0,0,0,0,0
43,16281,43|16281,0,0,0,0,0,0,0,0,0,0,0,0
43,16282,43|16282,0,0,0,0,0,0,0,0,0,0,0,0
43,16283,43|16283,0,0,0,0,0,0,0,0,0,0,0,0
43,16383,43|16383,0,0,0,0,0,0,0,0,0,0,0,0
43,16454,43|16454,0,0,0,0,0,0,0,0,0,0,0,0
43,16763,43|16763,0,0,0,0,0,0,0,0,0,0,0,0
43,16814,43|16814,0,0,0,0,0,0,0,0,0,0,0,0
43,16815,43|16815,0,0,0,0,0,0,0,0,0,0,0,0
43,17118,43|17118,0,0,0,0,0,0,0,0,0,0,0,0
43,17706,43|17706,0,0,0,0,0,0,0,0,0,0,0,0
43,19059,43|19059,0,0,0,0,0,0,0,0,0,0,0,0
43,19060,43|19060,0,0,0,0,0,0,0,0,0,0,0,0
43,19487,43|19487,0,0,0,0,0,0,0,0,0,0,0,0
43,19624,43|19624,0,0,0,0,0,0,0,0,0,0,0,0
43,22473,43|22473,0,0,0,0,0,0,0,0,0,0,0,0
43,22998,43|22998,0,0,0,0,0,0,0,0,0,0,0,0
43,25214,43|25214,0,0,0,0,0,0,0,0,0,0,0,0
43,27098,43|27098,0,9,0,0,0,0,0,0,0,0,9,0
43,27106,43|27106,0,17,1,0,0,0,0,0,0,0,17,1
43,27108,43|27108,0,0,0,0,0,0,0,0,0,0,0,0
43,27109,43|27109,0,9,0,0,0,0,0,0,0,0,9,0
43,27112,43|27112,0,24,0,0,0,0,0,0,0,0,24,0
43,27113,43|27113,0,9,0,0,0,0,0,0,0,0,9,0
43,27114,43|27114,0,21,1,0,0,0,0,0,0,0,21,1
43,27116,43|27116,0,9,0,0,0,0,0,0,0,0,9,0
43,27117,43|27117,0,19,0,0,0,0,0,0,0,0,19,0
43,27118,43|27118,0,10,1,0,0,0,0,0,0,0,10,1
43,27119,43|27119,0,5,0,0,0,0,0,0,0,0,5,0
43,27120,43|27120,0,8,0,0,0,0,0,0,0,0,8,0
43,27122,43|27122,0,9,0,0,0,0,0,0,0,0,9,0
43,27123,43|27123,0,9,0,0,0,0,0,0,0,0,9,0
43,28390,43|28390,0,63,3,0,0,0,0,0,0,0,63,3
43,28439,43|28439,0,23,0,0,0,0,0,0,0,0,23,0
43,28441,43|28441,0,0,1,0,0,0,0,0,0,0,0,1
43,28443,43|28443,0,0,0,0,0,0,0,0,0,0,0,0
43,28444,43|28444,0,7,0,0,0,0,0,0,0,0,7,0
43,28445,43|28445,0,71,4,0,0,0,0,0,0,0,71,4
43,28446,43|28446,0,80,4,0,0,0,0,0,0,0,80,4
43,28450,43|28450,0,8,0,0,0,0,0,0,0,0,8,0
43,28460,43|28460,0,7,0,0,0,0,0,0,0,0,7,0
43,30332,43|30332,0,2,0,0,0,0,0,0,0,0,2,0
43,30902,43|30902,0,0,0,0,0,0,0,0,0,0,0,0
43,30903,43|30903,0,0,0,0,0,0,0,0,0,0,0,0
43,31405,43|31405,0,0,0,0,0,0,0,0,0,0,0,0
43,31406,43|31406,0,0,0,0,0,0,0,0,0,0,0,0
43,31728,43|31728,0,0,0,0,0,0,0,0,0,0,0,0
43,31729,43|31729,0,0,0,0,0,0,0,0,0,0,0,0
43,32019,43|32019,0,0,0,0,0,0,0,0,0,0,0,0
43,32020,43|32020,0,12,0,0,0,0,0,0,0,0,12,0
43,32022,43|32022,0,0,0,0,0,0,0,0,0,0,0,0
43,32023,43|32023,0,0,0,0,0,0,0,0,0,0,0,0
43,32024,43|32024,0,0,0,0,0,0,0,0,0,0,0,0
43,32026,43|32026,0,35,2,0,0,0,0,0,0,0,35,2
43,32064,43|32064,0,0,0,0,0,0,0,0,0,0,0,0
43,32065,43|32065,0,24,0,0,0,0,0,0,0,0,24,0
43,32066,43|32066,0,0,0,0,0,0,0,0,0,0,0,0
43,32067,43|32067,0,0,0,0,0,0,0,0,0,0,0,0
43,32068,43|32068,0,0,0,0,0,0,0,0,0,0,0,0
43,32069,43|32069,0,0,0,0,0,0,0,0,0,0,0,0
43,32070,43|32070,0,0,0,0,0,0,0,0,0,0,0,0
43,32071,43|32071,0,0,0,0,0,0,0,0,0,0,0,0
43,32072,43|32072,0,0,0,0,0,0,0,0,0,0,0,0
43,32083,43|32083,0,0,1,0,0,0,0,0,0,0,0,1
43,32120,43|32120,0,0,0,0,0,0,0,0,0,0,0,0
43,33659,43|33659,0,35,0,0,0,0,0,0,0,0,35,0
43,33660,43|33660,0,9,0,0,0,0,0,0,0,0,9,0
43,33661,43|33661,0,24,1,0,0,0,0,0,0,0,24,1
43,33662,43|33662,0,0,0,0,0,0,0,0,0,0,0,0
43,33663,43|33663,0,9,0,0,0,0,0,0,0,0,9,0
43,33664,43|33664,0,23,0,0,0,0,0,0,0,0,23,0
43,33716,43|33716,0,9,0,0,0,0,0,0,0,0,9,0
43,33779,43|33779,0,0,0,0,0,0,0,0,0,0,0,0
43,33782,43|33782,0,24,1,0,0,0,0,0,0,0,24,1
43,33785,43|33785,0,59,0,0,0,0,0,0,0,0,59,0
43,33787,43|33787,0,40,0,0,0,0,0,0,0,0,40,0
43,33789,43|33789,0,23,0,0,0,0,0,0,0,0,23,0
43,33794,43|33794,0,40,2,0,0,0,0,0,0,0,40,2
1,6379,1|6379,0,0,0,0,0,0,0,0,0,1,0,-1
1,15168,1|15168,0,0,0,0,0,0,0,0,0,1,0,-1
1,19505,1|19505,0,0,0,0,0,0,0,0,0,3,0,-3
1,32485,1|32485,0,0,0,0,0,0,0,0,0,5,0,-5
1,33208,1|33208,0,0,0,0,0,0,0,0,0,3,0,-3
1,33684,1|33684,0,0,0,0,0,0,0,0,0,2,0,-2
2,12483,2|12483,0,0,0,0,0,0,0,0,0,4,0,-4
2,21791,2|21791,0,0,0,0,0,0,0,0,0,5,0,-5
2,33534,2|33534,0,0,0,0,0,0,0,0,0,12,0,-12
4,30873,4|30873,0,0,0,0,0,0,0,0,0,6,0,-6
4,36806,4|36806,0,0,0,0,0,0,0,0,0,4,0,-4
4,38067,4|38067,0,0,0,0,0,0,0,0,0,4,0,-4
4,39547,4|39547,0,0,0,0,0,0,0,0,0,2,0,-2
4,39962,4|39962,0,0,0,0,0,0,0,0,0,6,0,-6
4,39967,4|39967,0,0,0,0,0,0,0,0,0,2,0,-2
4,39972,4|39972,0,0,0,0,0,0,0,0,0,10,0,-10
4,39973,4|39973,0,0,0,0,0,0,0,0,0,4,0,-4
4,39975,4|39975,0,0,0,0,0,0,0,0,0,3,0,-3
4,39976,4|39976,0,0,0,0,0,0,0,0,0,5,0,-5
4,39978,4|39978,0,0,0,0,0,0,0,0,0,12,0,-12
4,39979,4|39979,0,0,0,0,0,0,0,0,0,1,0,-1
4,39980,4|39980,0,0,0,0,0,0,0,0,0,1,0,-1
4,40737,4|40737,0,0,0,0,0,0,0,0,0,3,0,-3
6,16485,6|16485,0,0,0,0,0,0,0,0,0,14,0,-14
6,23512,6|23512,0,0,0,0,0,0,0,0,0,6,0,-6
8,40248,8|40248,0,0,0,0,0,0,0,0,0,14,0,-14
9,28351,9|28351,0,0,0,0,0,0,0,0,0,8,0,-8
12,19751,12|19751,0,0,0,0,0,0,0,0,0,10,0,-10